{"-90": {"optimal_thrust": 3333.527078970565, "impact_speed": 4.338927485451686, "time": 71.07044738143134}, "-89": {"optimal_thrust": 3333.6155507933076, "impact_speed": 4.239419338837686, "time": 71.07408555482519}, "-88": {"optimal_thrust": 3333.639088284135, "impact_speed": 4.172337466160729, "time": 71.07149169705015}, "-87": {"optimal_thrust": 3333.8740588816754, "impact_speed": 3.504388446017707, "time": 71.07405490569603}, "-86": {"optimal_thrust": 3334.0850213766785, "impact_speed": 2.783055371893881, "time": 71.07950233687095}, "-85": {"optimal_thrust": 3334.378940384563, "impact_speed": 1.2289669460793793, "time": 71.08040945377695}, "-84": {"optimal_thrust": 3334.3609773709513, "impact_speed": 1.378931538948802, "time": 71.08476032814362}, "-83": {"optimal_thrust": 3334.0376222173577, "impact_speed": 2.972263628063029, "time": 71.08992217557177}, "-82": {"optimal_thrust": 3333.574101653728, "impact_speed": 4.333505799008325, "time": 71.09586626714477}, "-81": {"optimal_thrust": 3333.6378006445525, "impact_speed": 4.173019100981949, "time": 71.10348427763334}, "-80": {"optimal_thrust": 3333.634575053391, "impact_speed": 4.181031455542641, "time": 71.11329363862784}, "-79": {"optimal_thrust": 3333.617159222082, "impact_speed": 4.223696846292541, "time": 71.12067018666923}, "-78": {"optimal_thrust": 3333.600145791858, "impact_speed": 4.263446222481938, "time": 71.12742910083865}, "-77": {"optimal_thrust": 3333.580610911947, "impact_speed": 4.307974854392131, "time": 71.13730206275125}, "-76": {"optimal_thrust": 3333.5587111376894, "impact_speed": 4.3571000711796755, "time": 71.14605396274695}, "-75": {"optimal_thrust": 3333.5260383092127, "impact_speed": 4.431192799803695, "time": 71.14930180044195}, "-74": {"optimal_thrust": 3333.489491563583, "impact_speed": 4.51295331451295, "time": 71.15154219429098}, "-73": {"optimal_thrust": 3333.4485141714795, "impact_speed": 4.603407277443905, "time": 71.17709401781542}, "-72": {"optimal_thrust": 3333.403086606261, "impact_speed": 4.702200406847224, "time": 71.194965894563}, "-71": {"optimal_thrust": 3333.313412659853, "impact_speed": 4.893727708245474, "time": 71.21102175117412}, "-70": {"optimal_thrust": 3333.310532719429, "impact_speed": 4.895210952956451, "time": 71.22705724923605}, "-69": {"optimal_thrust": 3333.3031074638693, "impact_speed": 4.906872654656224, "time": 71.24346534567394}, "-68": {"optimal_thrust": 3333.291268074323, "impact_speed": 4.928240987621894, "time": 71.26068519645796}, "-67": {"optimal_thrust": 3333.27581703595, "impact_speed": 4.957326147625249, "time": 71.27894847446431}, "-66": {"optimal_thrust": 3333.2563377237707, "impact_speed": 4.994754840107402, "time": 71.29793316280146}, "-65": {"optimal_thrust": 3333.232847366544, "impact_speed": 5.040175982275247, "time": 71.31597250485319}, "-64": {"optimal_thrust": 3333.205886783635, "impact_speed": 5.09209460605131, "time": 71.33476648861384}, "-63": {"optimal_thrust": 3333.1756752054484, "impact_speed": 5.149714975106273, "time": 71.35510739874817}, "-62": {"optimal_thrust": 3333.1421044005797, "impact_speed": 5.212940792260827, "time": 71.37621068840444}, "-61": {"optimal_thrust": 3333.1050991964785, "impact_speed": 5.281600501481671, "time": 71.39802916039072}, "-60": {"optimal_thrust": 3333.0649520744864, "impact_speed": 5.3547597665452376, "time": 71.42055378123793}, "-59": {"optimal_thrust": 3333.022295762604, "impact_speed": 5.430810852493478, "time": 71.4437748674791}, "-58": {"optimal_thrust": 3332.9766329863755, "impact_speed": 5.510508430416567, "time": 71.4676827729895}, "-57": {"optimal_thrust": 3332.9278199376286, "impact_speed": 5.593877981205079, "time": 71.49230665457077}, "-56": {"optimal_thrust": 3332.8772843357483, "impact_speed": 5.677761615605958, "time": 71.51768934955082}, "-55": {"optimal_thrust": 3332.8237586062296, "impact_speed": 5.764530192496506, "time": 71.54380915194588}, "-54": {"optimal_thrust": 3332.7681614871403, "impact_speed": 5.85210742316936, "time": 71.57064914324829}, "-53": {"optimal_thrust": 3332.710129893312, "impact_speed": 5.941058312742776, "time": 71.59820062167351}, "-52": {"optimal_thrust": 3332.649929186866, "impact_speed": 6.030686337163659, "time": 71.62646540546552}, "-51": {"optimal_thrust": 3332.593922804017, "impact_speed": 6.106743463810027, "time": 71.65545661413358}, "-50": {"optimal_thrust": 3332.543170554668, "impact_speed": 6.16370110923716, "time": 71.68518627906428}, "-49": {"optimal_thrust": 3332.4856754131893, "impact_speed": 6.226421947195189, "time": 71.71559231474244}, "-48": {"optimal_thrust": 3332.422278354821, "impact_speed": 6.291985882757905, "time": 71.74637936587281}, "-47": {"optimal_thrust": 3332.3527256404104, "impact_speed": 6.360016416458325, "time": 71.77723740654277}, "-46": {"optimal_thrust": 3332.277066715648, "impact_speed": 6.437486682827439, "time": 71.80836960443777}, "-45": {"optimal_thrust": 3332.1961071371115, "impact_speed": 6.544032121590394, "time": 71.8400785972054}, "-44": {"optimal_thrust": 3332.108951388189, "impact_speed": 6.578425394313716, "time": 71.87245950252746}, "-43": {"optimal_thrust": 3332.0157142904973, "impact_speed": 6.609402484085309, "time": 71.90550751085593}, "-42": {"optimal_thrust": 3331.917673180838, "impact_speed": 6.6400747552094606, "time": 71.93919614854939}, "-41": {"optimal_thrust": 3331.8397750836148, "impact_speed": 6.710346264786153, "time": 71.97349894283039}, "-40": {"optimal_thrust": 3331.7746232734426, "impact_speed": 6.804594439693481, "time": 72.00839248973531}, "-39": {"optimal_thrust": 3331.7080806751346, "impact_speed": 6.899561983084641, "time": 72.04385647856046}, "-38": {"optimal_thrust": 3331.6410525830306, "impact_speed": 6.996492022416484, "time": 72.07987313587654}, "-37": {"optimal_thrust": 3331.572856109235, "impact_speed": 7.0942830647679385, "time": 72.11642551006526}, "-36": {"optimal_thrust": 3331.5038876442522, "impact_speed": 7.193382224062705, "time": 72.15349013573004}, "-35": {"optimal_thrust": 3331.4337850815828, "impact_speed": 7.293218408239511, "time": 72.1910556278922}, "-34": {"optimal_thrust": 3331.3629572692207, "impact_speed": 7.394205176566235, "time": 72.22911294601936}, "-33": {"optimal_thrust": 3331.291122679581, "impact_speed": 7.495902083492433, "time": 72.26765219771254}, "-32": {"optimal_thrust": 3331.219107397397, "impact_speed": 7.599091053752966, "time": 72.30666253088256}, "-31": {"optimal_thrust": 3331.145143451879, "impact_speed": 7.702027579801629, "time": 72.34614459398146}, "-30": {"optimal_thrust": 3331.07154489082, "impact_speed": 7.806322071675081, "time": 72.38606548729113}, "-29": {"optimal_thrust": 3330.9960264896085, "impact_speed": 7.91074600097958, "time": 72.42641249456096}, "-28": {"optimal_thrust": 3330.920496936668, "impact_speed": 8.015457229001619, "time": 72.46717529657589}, "-27": {"optimal_thrust": 3330.8440914395555, "impact_speed": 8.120856751940968, "time": 72.50834306468228}, "-26": {"optimal_thrust": 3330.7669458402333, "impact_speed": 8.22654823505852, "time": 72.54990446168812}, "-25": {"optimal_thrust": 3330.6895419607577, "impact_speed": 8.33274393821338, "time": 72.59184766968761}, "-24": {"optimal_thrust": 3330.610917319076, "impact_speed": 8.438747636272756, "time": 72.63416044605098}, "-23": {"optimal_thrust": 3330.531456455277, "impact_speed": 8.54500029228875, "time": 72.67683024400374}, "-22": {"optimal_thrust": 3330.452012714861, "impact_speed": 8.65112901957073, "time": 72.71984429172818}, "-21": {"optimal_thrust": 3330.37149404911, "impact_speed": 8.757273004241451, "time": 72.76318964134167}, "-20": {"optimal_thrust": 3330.2909487810875, "impact_speed": 8.863431672027613, "time": 72.8068532686642}, "-19": {"optimal_thrust": 3330.2094699722174, "impact_speed": 8.969321974683972, "time": 72.85082206461905}, "-18": {"optimal_thrust": 3330.1275633909313, "impact_speed": 9.075011385941313, "time": 72.8950828896113}, "-17": {"optimal_thrust": 3330.045424036185, "impact_speed": 9.180450857460432,