{"-90": {"optimal_thrust": 3712.8634617358257, "impact_speed": 36.38004721876417, "time": 51.48814885439395}, "-89": {"optimal_thrust": 3697.643641261685, "impact_speed": 40.82353171519938, "time": 51.49075521058091}, "-88": {"optimal_thrust": 3693.893277679705, "impact_speed": 41.727790894185446, "time": 51.473356662601404}, "-87": {"optimal_thrust": 3717.4112594101457, "impact_speed": 35.0424380782726, "time": 51.5124745210069}, "-86": {"optimal_thrust": 3738.4479307600086, "impact_speed": 27.851244867654856, "time": 51.53154582859992}, "-85": {"optimal_thrust": 3767.8829941288764, "impact_speed": 12.298961779220917, "time": 51.55628575663983}, "-84": {"optimal_thrust": 3766.1715419283223, "impact_speed": 13.73165280518335, "time": 51.588030281009964}, "-83": {"optimal_thrust": 3733.863364443503, "impact_speed": 29.686078882834245, "time": 51.62343603709616}, "-82": {"optimal_thrust": 3679.8947283744506, "impact_speed": 45.15865861340714, "time": 51.66178314152773}, "-81": {"optimal_thrust": 3689.0601648420943, "impact_speed": 42.92598237917907, "time": 51.707412263966745}, "-80": {"optimal_thrust": 3689.493796196692, "impact_speed": 42.816651454000926, "time": 51.758807172200555}, "-79": {"optimal_thrust": 3689.678314142025, "impact_speed": 42.75246841911076, "time": 51.815775725817936}, "-78": {"optimal_thrust": 3686.835959316399, "impact_speed": 43.42826182129777, "time": 51.87817127207312}, "-77": {"optimal_thrust": 3683.9325268717803, "impact_speed": 44.09639734313725, "time": 51.94614376680023}, "-76": {"optimal_thrust": 3681.375099162882, "impact_speed": 44.66277914657748, "time": 52.01927419888714}, "-75": {"optimal_thrust": 3679.3962387118117, "impact_speed": 45.07961727719221, "time": 52.09972235968465}, "-74": {"optimal_thrust": 3677.7939632511507, "impact_speed": 45.40201197320716, "time": 52.18207062174492}, "-73": {"optimal_thrust": 3676.2210494874253, "impact_speed": 45.715349410339364, "time": 52.27107461428793}, "-72": {"optimal_thrust": 3674.4189660684665, "impact_speed": 46.08058498399659, "time": 52.36411723071181}, "-71": {"optimal_thrust": 3661.3575367257667, "impact_speed": 48.9337688406165, "time": 52.45834744621422}, "-70": {"optimal_thrust": 3661.051556936661, "impact_speed": 48.95249407515968, "time": 52.54658323869098}, "-69": {"optimal_thrust": 3660.3129718975724, "impact_speed": 49.068239921902844, "time": 52.67272873001561}, "-68": {"optimal_thrust": 3659.1547563476647, "impact_speed": 49.27631168886706, "time": 52.79653190560433}, "-67": {"optimal_thrust": 3657.5920084864215, "impact_speed": 49.57100260508448, "time": 52.922541302843605}, "-66": {"optimal_thrust": 3655.6389915060136, "impact_speed": 49.946392734104926, "time": 53.05248609768446}, "-65": {"optimal_thrust": 3653.311176140198, "impact_speed": 50.396038119667736, "time": 53.18723041500521}, "-64": {"optimal_thrust": 3650.6231474342835, "impact_speed": 50.91354001230964, "time": 53.327218637670846}, "-63": {"optimal_thrust": 3647.588212305827, "impact_speed": 51.49272113425084, "time": 53.47265278045649}, "-62": {"optimal_thrust": 3644.2214688194904, "impact_speed": 52.127050086468984, "time": 53.62360914454674}, "-61": {"optimal_thrust": 3640.5347999861333, "impact_speed": 52.81076857623576, "time": 53.78010692737238}, "-60": {"optimal_thrust": 3636.541265452586, "impact_speed": 53.53800447055195, "time": 53.94222581553783}, "-59": {"optimal_thrust": 3632.2530097436866, "impact_speed": 54.30324938991367, "time": 54.1102195454079}, "-58": {"optimal_thrust": 3627.6834701219314, "impact_speed": 55.100924788506006, "time": 54.28399978867597}, "-57": {"optimal_thrust": 3622.8433215140208, "impact_speed": 55.926231354655464, "time": 54.46357962375967}, "-56": {"optimal_thrust": 3617.7458749178654, "impact_speed": 56.77404366940744, "time": 54.64938483407596}, "-55": {"optimal_thrust": 3612.4020577100737, "impact_speed": 57.639938453189984, "time": 54.83956815034621}, "-54": {"optimal_thrust": 3606.824280875415, "impact_speed": 58.51939697723242, "time": 55.03367520477822}, "-53": {"optimal_thrust": 3601.024506346902, "impact_speed": 59.40818857978792, "time": 55.23470442710297}, "-52": {"optimal_thrust": 3595.0152712153663, "impact_speed": 60.30214303573998, "time": 55.44180841005021}, "-51": {"optimal_thrust": 3589.4247094415, "impact_speed": 61.06031278791064, "time": 55.65483165186974}, "-50": {"optimal_thrust": 3584.3167659845885, "impact_speed": 61.6371104648059, "time": 55.87364291055344}, "-49": {"optimal_thrust": 3578.5828054394333, "impact_speed": 62.25991516913085, "time": 56.09813955440053}, "-48": {"optimal_thrust": 3572.23216452742, "impact_speed": 62.91825586238896, "time": 56.32836040162816}, "-47": {"optimal_thrust": 3565.273730195388, "impact_speed": 63.59939310968575, "time": 56.56430829173685}, "-46": {"optimal_thrust": 3557.7184373349355, "impact_speed": 64.32172571322587, "time": 56.80598497446322}, "-45": {"optimal_thrust": 3549.576014093977, "impact_speed": 65.70948653927888, "time": 57.05339235382061}, "-44": {"optimal_thrust": 3540.857644269209, "impact_speed": 67.15639912581544, "time": 57.306560860959436}, "-43": {"optimal_thrust": 3531.57555282751, "impact_speed": 68.65721199980081, "time": 57.56550019916076}, "-42": {"optimal_thrust": 3521.7414407982387, "impact_speed": 70.2072895982717, "time": 57.83020434104334}, "-41": {"optimal_thrust": 3511.3682231577827, "impact_speed": 71.80188202397865, "time": 58.10066586498743}, "-40": {"optimal_thrust": 3500.469339356634, "impact_speed": 73.43645841492118, "time": 58.37687661763763}, "-39": {"optimal_thrust": 3489.0579541700117, "impact_speed": 75.10685135002028, "time": 58.65882826729829}, "-38": {"optimal_thrust": 3479.2515999394905, "impact_speed": 76.42249409603316, "time": 58.94652742423537}, "-37": {"optimal_thrust": 3474.842466073873, "impact_speed": 76.68782809235304, "time": 59.23999413602719}, "-36": {"optimal_thrust": 3470.338544388458, "impact_speed": 76.90205246271049, "time": 59.53918599332044}, "-35": {"optimal_thrust": 3464.176769811265, "impact_speed": 77.42528472593679, "time": 59.84408977406096}, "-34": {"optimal_thrust": 3456.5218964879177, "impact_speed": 78.27522657557914, "time": 60.15470645196897}, "-33": {"optimal_thrust": 3450.9461675041557, "impact_speed": 78.62723254959705, "time": 60.47105629311969}, "-32": {"optimal_thrust": 3444.856283454861, "impact_speed": 79.07526029552764, "time": 60.7930759316812}, "-31": {"optimal_thrust": 3438.8263868370564, "impact_speed": 79.48679453442224, "time": 61.12060393219249}, "-30": {"optimal_thrust": 3432.854889360989, "impact_speed": 79.86226583725183, "time": 61.453336594674305}, "-29": {"optimal_thrust": 3426.945553867174, "impact_speed": 80.20095341449439, "time": 61.791135742333665}, "-28": {"optimal_thrust": 3421.1073451205666, "impact_speed": 80.50078262591033, "time": 62.13418937484343}, "-27": {"optimal_thrust": 3413.6225339820294, "impact_speed": 81.41320148669273, "time": 62.482678162737116}, "-26": {"optimal_thrust": 3408.0806404819496, "impact_speed": 81.65633698609986, "time": 62.83668418222727}, "-25": {"optimal_thrust": 3402.697362346749, "impact_speed": 81.83437850712764, "time": 63.19616675623834}, "-24": {"optimal_thrust": 3397.4807582026997, "impact_speed": 81.93694824134585, "time": 63.561071421686485}, "-23": {"optimal_thrust": 3392.4310193852216, "impact_speed": 81.95403828818198, "time": 63.93133622194018}, "-22": {"optimal_thrust": 3387.5423291156694, "impact_speed": 81.87662681813622, "time": 64.30689727349495}, "-21": {"optimal_thrust": 3382.8082861910666, "impact_speed": 81.69553741790065, "time": 64.68768969635437}, "-20": {"optimal_thrust": 3378.225058325842, "impact_speed": 81.40078101134122, "time": 65.07364730922268}, "-19": {"optimal_thrust": 3373.793603025268, "impact_speed": 80.98009191822794, "time": 65.46470211739751}, "-18": {"optimal_thrust": 3369.517244805598, "impact_speed": 80.42185919929167, "time": 65.86078378516139}, "-17": {"optimal_thrust": 3365.404810263058,