{"-90": {"optimal_thrust": 3718.7477875318937, "impact_speed": 37.26649481345652, "time": 51.31132656524779}, "-89": {"optimal_thrust": 3705.0328383232263, "impact_speed": 41.23188114258501, "time": 51.31395543158329}, "-88": {"optimal_thrust": 3701.207575799558, "impact_speed": 42.14505844774333, "time": 51.29923001041957}, "-87": {"optimal_thrust": 3725.1980779109463, "impact_speed": 35.3929070501274, "time": 51.33583247968092}, "-86": {"optimal_thrust": 3746.65777334011, "impact_speed": 28.12974223100226, "time": 51.35496566047924}, "-85": {"optimal_thrust": 3776.684309550594, "impact_speed": 12.422066450141324, "time": 51.3798630503297}, "-84": {"optimal_thrust": 3774.9387046810048, "impact_speed": 13.868880364249915, "time": 51.41183643866759}, "-83": {"optimal_thrust": 3741.9812311292267, "impact_speed": 29.982863362040522, "time": 51.44725592241195}, "-82": {"optimal_thrust": 3686.9275464259413, "impact_speed": 45.61026072507044, "time": 51.485878629693964}, "-81": {"optimal_thrust": 3696.277183735226, "impact_speed": 43.355264527804906, "time": 51.53177210800571}, "-80": {"optimal_thrust": 3696.7195117617516, "impact_speed": 43.244845128359685, "time": 51.583451507962266}, "-79": {"optimal_thrust": 3696.908060885834, "impact_speed": 43.17994037476393, "time": 51.64073093252505}, "-78": {"optimal_thrust": 3694.0081465116536, "impact_speed": 43.86259699686862, "time": 51.70346583008491}, "-77": {"optimal_thrust": 3691.0465035527122, "impact_speed": 44.53737742677205, "time": 51.77183202963603}, "-76": {"optimal_thrust": 3688.4377215193053, "impact_speed": 45.10941102765439, "time": 51.8453372819391}, "-75": {"optimal_thrust": 3686.4194042698427, "impact_speed": 45.530343132930255, "time": 51.92558291279958}, "-74": {"optimal_thrust": 3684.784319816759, "impact_speed": 45.8561022099318, "time": 52.00897600405881}, "-73": {"optimal_thrust": 3683.179870137556, "impact_speed": 46.17255422477393, "time": 52.09838881040439}, "-72": {"optimal_thrust": 3681.341776936956, "impact_speed": 46.54139323927802, "time": 52.191558839851936}, "-71": {"optimal_thrust": 3668.017801064386, "impact_speed": 49.423111320693096, "time": 52.285402440905266}, "-70": {"optimal_thrust": 3667.705686326456, "impact_speed": 49.44202051690193, "time": 52.37864932650693}, "-69": {"optimal_thrust": 3666.9521286114455, "impact_speed": 49.558951240173165, "time": 52.5039465127341}, "-68": {"optimal_thrust": 3665.770701835591, "impact_speed": 49.7690888321124, "time": 52.627689034212516}, "-67": {"optimal_thrust": 3664.1762926617607, "impact_speed": 50.06678040430508, "time": 52.754064887627756}, "-66": {"optimal_thrust": 3662.1843165711234, "impact_speed": 50.44586063106165, "time": 52.88457981127696}, "-65": {"optimal_thrust": 3659.809690994031, "impact_speed": 50.90000694738875, "time": 53.020023016497994}, "-64": {"optimal_thrust": 3657.0676200162497, "impact_speed": 51.42268653498887, "time": 53.16079235738089}, "-63": {"optimal_thrust": 3653.9718582330274, "impact_speed": 52.0076224675366, "time": 53.30706376354663}, "-62": {"optimal_thrust": 3650.5371266622656, "impact_speed": 52.64836098334875, "time": 53.45890070326875}, "-61": {"optimal_thrust": 3646.776334396662, "impact_speed": 53.33892078291439, "time": 53.61631726138473}, "-60": {"optimal_thrust": 3642.7025267720232, "impact_speed": 54.073429336933785, "time": 53.7794489770216}, "-59": {"optimal_thrust": 3638.3284461570397, "impact_speed": 54.84625102969194, "time": 53.94849652970728}, "-58": {"optimal_thrust": 3633.666736080266, "impact_speed": 55.65196890766054, "time": 54.12335786858038}, "-57": {"optimal_thrust": 3628.729821504833, "impact_speed": 56.48542298434599, "time": 54.30410306895818}, "-56": {"optimal_thrust": 3623.5293337852295, "impact_speed": 57.34183121091392, "time": 54.49123850139255}, "-55": {"optimal_thrust": 3618.078196926197, "impact_speed": 58.216366592226635, "time": 54.68172828678772}, "-54": {"optimal_thrust": 3612.388499283655, "impact_speed": 59.10458069163697, "time": 54.87739223490379}, "-53": {"optimal_thrust": 3606.4721949001582, "impact_speed": 60.00225072374679, "time": 55.0798239999378}, "-52": {"optimal_thrust": 3600.3423987317215, "impact_speed": 60.90509741622388, "time": 55.28831753203473}, "-51": {"optimal_thrust": 3594.639199482714, "impact_speed": 61.67090429194324, "time": 55.502730323140554}, "-50": {"optimal_thrust": 3589.4286712578873, "impact_speed": 62.253448391102985, "time": 55.7229659058367}, "-49": {"optimal_thrust": 3583.579397900394, "impact_speed": 62.88249239047327, "time": 55.94893878113217}, "-48": {"optimal_thrust": 3577.1010909247525, "impact_speed": 63.547416149451244, "time": 56.180686538314376}, "-47": {"optimal_thrust": 3570.002972147659, "impact_speed": 64.23522522145043, "time": 56.418212923594425}, "-46": {"optimal_thrust": 3562.2955260564327, "impact_speed": 64.96549298501118, "time": 56.661520609635765}, "-45": {"optimal_thrust": 3553.9891103670343, "impact_speed": 66.36683609091706, "time": 56.910617581705985}, "-44": {"optimal_thrust": 3545.095818615711, "impact_speed": 67.82798880011637, "time": 57.165538335593055}, "-43": {"optimal_thrust": 3535.627352244673, "impact_speed": 69.34374416459569, "time": 57.42628491994175}, "-42": {"optimal_thrust": 3525.595608743151, "impact_speed": 70.90932007773714, "time": 57.69285216058656}, "-41": {"optimal_thrust": 3515.0137015382734, "impact_speed": 72.51990604748065, "time": 57.965233725844286}, "-40": {"optimal_thrust": 3503.8956935850247, "impact_speed": 74.17083940792297, "time": 58.243422768127544}, "-39": {"optimal_thrust": 3492.255023912696, "impact_speed": 75.85791893275346, "time": 58.527412484012125}, "-38": {"optimal_thrust": 3482.2513558580163, "impact_speed": 77.186756214775, "time": 58.817211504803694}, "-37": {"optimal_thrust": 3477.753639546094, "impact_speed": 77.4547382232156, "time": 59.11284246604208}, "-36": {"optimal_thrust": 3473.159028857494, "impact_speed": 77.67114316355395, "time": 59.414265015639145}, "-35": {"optimal_thrust": 3466.8736210332195, "impact_speed": 78.19956126396248, "time": 59.721468705820456}, "-34": {"optimal_thrust": 3460.519333603582, "impact_speed": 78.72000321242658, "time": 60.03446691002656}, "-33": {"optimal_thrust": 3453.377338731651, "impact_speed": 79.41346596772617, "time": 60.35324378396685}, "-32": {"optimal_thrust": 3447.1647810261306, "impact_speed": 79.86604393566367, "time": 60.677737506164426}, "-31": {"optimal_thrust": 3441.0138774226552, "impact_speed": 80.281638785024, "time": 61.007712735752385}, "-30": {"optimal_thrust": 3434.9222652183075, "impact_speed": 80.66089088860782, "time": 61.34286946789808}, "-29": {"optimal_thrust": 3428.894163736865, "impact_speed": 81.00296143346735, "time": 61.68320628685264}, "-28": {"optimal_thrust": 3422.9384609074104, "impact_speed": 81.30584655737611, "time": 62.0289638988384}, "-27": {"optimal_thrust": 3415.303222116477, "impact_speed": 82.22737851241547, "time": 62.380276395629544}, "-26": {"optimal_thrust": 3409.6499776232954, "impact_speed": 82.47293376064152, "time": 62.73718938733082}, "-25": {"optimal_thrust": 3404.1584160004795, "impact_speed": 82.65279548751529, "time": 63.09964849467768}, "-24": {"optimal_thrust": 3398.837433870391, "impact_speed": 82.75615750094791, "time": 63.46759624401261}, "-23": {"optimal_thrust": 3393.6856837105233, "impact_speed": 82.77369785779977, "time": 63.84097090911753}, "-22": {"optimal_thrust": 3388.6986876987235, "impact_speed": 82.69556630974076, "time": 64.21970961032802}, "-21": {"optimal_thrust": 3383.869606039921, "impact_speed": 82.51260373485873, "time": 64.60374846748194}, "-20": {"optimal_thrust": 3379.194341311165, "impact_speed": 82.21483355351134, "time": 64.99302213197416}, "-19": {"optimal_thrust": 3374.673856536296, "impact_speed": 81.78988979365698, "time": 65.38746325504592}, "-18": {"optimal_thrust": 3370.3116033228207, "impact_speed": 81.22596088035654, "time": 65.78700170907788}, "-17": {"optimal_thrust": 3366.1167917074686,