{"-90": {"optimal_thrust": 3724.6430556696537, "impact_speed": 38.15402081665377, "time": 51.13532228253629}, "-89": {"optimal_thrust": 3712.496157969953, "impact_speed": 41.6400751869958, "time": 51.13797361814058}, "-88": {"optimal_thrust": 3708.5946526158978, "impact_speed": 42.562326204327896, "time": 51.12564307757153}, "-87": {"optimal_thrust": 3733.0624833301713, "impact_speed": 35.74334402894545, "time": 51.16001418176084}, "-86": {"optimal_thrust": 3754.9487737422614, "impact_speed": 28.408440322579917, "time": 51.179202892508656}, "-85": {"optimal_thrust": 3785.5735701231692, "impact_speed": 12.544851312117398, "time": 51.20425415452332}, "-84": {"optimal_thrust": 3783.7929820906666, "impact_speed": 14.006201544856244, "time": 51.2364540688207}, "-83": {"optimal_thrust": 3750.179742205227, "impact_speed": 30.279694843699236, "time": 51.27188864704041}, "-82": {"optimal_thrust": 3694.030526850277, "impact_speed": 46.06181979277046, "time": 51.31078060727403}, "-81": {"optimal_thrust": 3703.5660259392557, "impact_speed": 43.78454347552681, "time": 51.356934013908074}, "-80": {"optimal_thrust": 3704.0171216986864, "impact_speed": 43.67303934576064, "time": 51.40889371622002}, "-79": {"optimal_thrust": 3704.209505957353, "impact_speed": 43.60747163996531, "time": 51.466483517274504}, "-78": {"optimal_thrust": 3701.2518940258497, "impact_speed": 44.29688453765699, "time": 51.529549191281966}, "-77": {"optimal_thrust": 3698.23141876833, "impact_speed": 44.9783211299864, "time": 51.598305089312106}, "-76": {"optimal_thrust": 3695.5705062485745, "impact_speed": 45.55606916614396, "time": 51.67216318363094}, "-75": {"optimal_thrust": 3693.511956177191, "impact_speed": 45.981184404688356, "time": 51.75243482629359}, "-74": {"optimal_thrust": 3691.8447680831623, "impact_speed": 46.31006867999914, "time": 51.836641458649936}, "-73": {"optimal_thrust": 3690.208269046584, "impact_speed": 46.62968178391908, "time": 51.9264377857236}, "-72": {"optimal_thrust": 3688.333406452041, "impact_speed": 47.00221621950108, "time": 52.01967170889418}, "-71": {"optimal_thrust": 3674.7446392279835, "impact_speed": 49.912389332270344, "time": 52.080268208731695}, "-70": {"optimal_thrust": 3674.4260019104527, "impact_speed": 49.93155207821755, "time": 52.211141080498045}, "-69": {"optimal_thrust": 3673.65748713115, "impact_speed": 50.049632245098536, "time": 52.33570477671042}, "-68": {"optimal_thrust": 3672.4528335751193, "impact_speed": 50.26178984282873, "time": 52.459487405026046}, "-67": {"optimal_thrust": 3670.826445925262, "impact_speed": 50.562482184180745, "time": 52.586258452820196}, "-66": {"optimal_thrust": 3668.7945699881634, "impact_speed": 50.94537076234807, "time": 52.717355928843475}, "-65": {"optimal_thrust": 3666.372993316672, "impact_speed": 51.403949178000346, "time": 52.85349979432621}, "-64": {"optimal_thrust": 3663.576175375456, "impact_speed": 51.93184161684829, "time": 52.995045547652936}, "-63": {"optimal_thrust": 3660.419018317203, "impact_speed": 52.52252503346342, "time": 53.14214591189793}, "-62": {"optimal_thrust": 3656.9160367204363, "impact_speed": 53.169586765808795, "time": 53.294853294073604}, "-61": {"optimal_thrust": 3653.0802204905267, "impact_speed": 53.86702191447404, "time": 53.45317765084619}, "-60": {"optimal_thrust": 3648.925253685331, "impact_speed": 54.60882128570653, "time": 53.617323008915406}, "-59": {"optimal_thrust": 3644.464377520328, "impact_speed": 55.38924430415492, "time": 53.78740782278886}, "-58": {"optimal_thrust": 3639.7098066954836, "impact_speed": 56.202958446225765, "time": 53.96334013078429}, "-57": {"optimal_thrust": 3634.674143155024, "impact_speed": 57.04476566980885, "time": 54.14526096187659}, "-56": {"optimal_thrust": 3629.370684015744, "impact_speed": 57.909549369957986, "time": 54.33360538593091}, "-55": {"optimal_thrust": 3623.811200828237, "impact_speed": 58.79271716513578, "time": 54.52453755800819}, "-54": {"optimal_thrust": 3618.0080345533524, "impact_speed": 59.68977427820002, "time": 54.72172453503869}, "-53": {"optimal_thrust": 3611.97424367169, "impact_speed": 60.59628162395588, "time": 54.92551301999305}, "-52": {"optimal_thrust": 3605.7221560143794, "impact_speed": 61.50813042450674, "time": 55.13537370974829}, "-51": {"optimal_thrust": 3599.905374656472, "impact_speed": 62.28153919864041, "time": 55.351166184597616}, "-50": {"optimal_thrust": 3594.591361754055, "impact_speed": 62.86980554954158, "time": 55.572807840342826}, "-49": {"optimal_thrust": 3588.6260025229435, "impact_speed": 63.50498769946466, "time": 55.80024334954374}, "-48": {"optimal_thrust": 3582.018437747494, "impact_speed": 64.17658646156833, "time": 56.033504250228326}, "-47": {"optimal_thrust": 3574.7790368543315, "impact_speed": 64.8712154321396, "time": 56.27259522007184}, "-46": {"optimal_thrust": 3566.918151703823, "impact_speed": 65.60930298993162, "time": 56.5175198756049}, "-45": {"optimal_thrust": 3558.4465375139253, "impact_speed": 67.02390598444067, "time": 56.7682960012124}, "-44": {"optimal_thrust": 3549.3765252248677, "impact_speed": 68.49943536979721, "time": 57.02495447525787}, "-43": {"optimal_thrust": 3539.71919251901, "impact_speed": 70.03036007770137, "time": 57.28749365075692}, "-42": {"optimal_thrust": 3529.4880289196885, "impact_speed": 71.61137584405884, "time": 57.55590930498116}, "-41": {"optimal_thrust": 3518.6956346508878, "impact_speed": 73.23788924208048, "time": 57.83019627160162}, "-40": {"optimal_thrust": 3507.3561406488466, "impact_speed": 74.90522029017022, "time": 58.11034908594287}, "-39": {"optimal_thrust": 3495.4841323598685, "impact_speed": 76.60894356664652, "time": 58.396362571874505}, "-38": {"optimal_thrust": 3485.28142933923, "impact_speed": 77.95093213491315, "time": 58.688247498525975}, "-37": {"optimal_thrust": 3480.6937868547534, "impact_speed": 78.22164667742432, "time": 58.98602924074066}, "-36": {"optimal_thrust": 3476.008034676505, "impact_speed": 78.4401340873796, "time": 59.289669682482675}, "-35": {"optimal_thrust": 3469.59727189687, "impact_speed": 78.97384555607326, "time": 59.599161119330695}, "-34": {"optimal_thrust": 3461.6332885034603, "impact_speed": 79.84075291700161, "time": 59.914507259102045}, "-33": {"optimal_thrust": 3455.8326835064536, "impact_speed": 80.19970409384307, "time": 60.235713588996205}, "-32": {"optimal_thrust": 3449.4964314891513, "impact_speed": 80.65677790220084, "time": 60.56264371338282}, "-31": {"optimal_thrust": 3443.222859938789, "impact_speed": 81.07656347451338, "time": 60.895012999791085}, "-30": {"optimal_thrust": 3437.0103023838847, "impact_speed": 81.4594870213615, "time": 61.23258215149386}, "-29": {"optimal_thrust": 3430.8624704541503, "impact_speed": 81.80486107595165, "time": 61.575482650607796}, "-28": {"optimal_thrust": 3424.787934506912, "impact_speed": 82.11085597741, "time": 61.92395676180168}, "-27": {"optimal_thrust": 3417.001049085707, "impact_speed": 83.04140666080754, "time": 62.27808796265395}, "-26": {"optimal_thrust": 3411.2351100408755, "impact_speed": 83.28945907438266, "time": 62.63789562219006}, "-25": {"optimal_thrust": 3405.6344383994237, "impact_speed": 83.47102047034377, "time": 63.00331709956165}, "-24": {"optimal_thrust": 3400.206967027641, "impact_speed": 83.57569414042605, "time": 63.374293766883966}, "-23": {"optimal_thrust": 3394.9530095158557, "impact_speed": 83.59325118526517, "time": 63.75076467711181}, "-22": {"optimal_thrust": 3389.867073415758, "impact_speed": 83.51413501517146, "time": 64.13266803572613}, "-21": {"optimal_thrust": 3384.9418602825367, "impact_speed": 83.32934451902891, "time": 64.51994094844598}, "-20": {"optimal_thrust": 3380.173731031476, "impact_speed": 83.02838177879052, "time": 64.91251887169068}, "-19": {"optimal_thrust": 3375.562806826297, "impact_speed": 82.59977493531325, "time": 65.31033504497948}, "-18": {"optimal_thrust": 3371.113828150523, "impact_speed": 82.03013426361278, "time": 65.71331851018833}, "-17": {"optimal_thrust": 3366.835295736109,