{"-90": {"optimal_thrust": 3730.5479758215097, "impact_speed": 39.042893020155496, "time": 50.96013304933506}, "-89": {"optimal_thrust": 3720.0326446538475, "impact_speed": 42.0483623852405, "time": 50.962806804898975}, "-88": {"optimal_thrust": 3716.054454230932, "impact_speed": 42.97960745010072, "time": 50.95262005088592}, "-87": {"optimal_thrust": 3741.004528846928, "impact_speed": 36.09373428729268, "time": 50.98501558628683}, "-86": {"optimal_thrust": 3763.322151218447, "impact_speed": 28.68687818987749, "time": 51.00425449719736}, "-85": {"optimal_thrust": 3794.5497522050605, "impact_speed": 12.668199083735932, "time": 51.02945602984437}, "-84": {"optimal_thrust": 3792.734498220382, "impact_speed": 14.143519280885744, "time": 51.061880112391265}, "-83": {"optimal_thrust": 3758.4592340754607, "impact_speed": 30.576453784008173, "time": 51.09733113276463}, "-82": {"optimal_thrust": 3701.2031563897017, "impact_speed": 46.51345550087409, "time": 51.13648610854028}, "-81": {"optimal_thrust": 3710.9268163366733, "impact_speed": 44.2137890246748, "time": 51.182895120461794}, "-80": {"optimal_thrust": 3711.3866088683876, "impact_speed": 44.101238252916694, "time": 51.235130981703186}, "-79": {"optimal_thrust": 3711.5830243029495, "impact_speed": 44.034969316050294, "time": 51.293028226065374}, "-78": {"optimal_thrust": 3708.5670225057083, "impact_speed": 44.73116869164461, "time": 51.35641910880572}, "-77": {"optimal_thrust": 3705.486938745939, "impact_speed": 45.41930792294467, "time": 51.42545352545623}, "-76": {"optimal_thrust": 3702.7738416050265, "impact_speed": 46.00266290509008, "time": 51.49976350788388}, "-75": {"optimal_thrust": 3700.674545211393, "impact_speed": 46.43198862960847, "time": 51.580165336904265}, "-74": {"optimal_thrust": 3698.974477267697, "impact_speed": 46.76410394123057, "time": 51.66506589147993}, "-73": {"optimal_thrust": 3697.306070612939, "impact_speed": 47.086774031442985, "time": 51.75521352163048}, "-72": {"optimal_thrust": 3695.394242758603, "impact_speed": 47.46296634184603, "time": 51.848448818827116}, "-71": {"optimal_thrust": 3681.537236584618, "impact_speed": 50.40177653554793, "time": 51.91464754026988}, "-70": {"optimal_thrust": 3681.212393888777, "impact_speed": 50.4211118234867, "time": 52.04408707176292}, "-69": {"optimal_thrust": 3680.4290316684965, "impact_speed": 50.540287160406294, "time": 52.168021415382945}, "-68": {"optimal_thrust": 3679.2003365350056, "impact_speed": 50.75458925964972, "time": 52.29193435419549}, "-67": {"optimal_thrust": 3677.5423582655676, "impact_speed": 51.05813336187669, "time": 52.41912541059584}, "-66": {"optimal_thrust": 3675.4701790986105, "impact_speed": 51.444832117139136, "time": 52.55081534830734}, "-65": {"optimal_thrust": 3673.0007658973773, "impact_speed": 51.90793188418909, "time": 52.68766013492876}, "-64": {"optimal_thrust": 3670.1486877349626, "impact_speed": 52.441031132657905, "time": 52.82997679852568}, "-63": {"optimal_thrust": 3666.929747871184, "impact_speed": 53.03741738800423, "time": 52.977897468938586}, "-62": {"optimal_thrust": 3663.3574342734973, "impact_speed": 53.69088645384482, "time": 53.13146506589717}, "-61": {"optimal_thrust": 3659.4462768127614, "impact_speed": 54.395110320087525, "time": 53.290693787261965}, "-60": {"optimal_thrust": 3655.209320483598, "impact_speed": 55.1442066243519, "time": 53.455844630614735}, "-59": {"optimal_thrust": 3650.660375062574, "impact_speed": 55.93231533693565, "time": 53.62695107482114}, "-58": {"optimal_thrust": 3645.8123600722747, "impact_speed": 56.75395910933865, "time": 53.80394655497301}, "-57": {"optimal_thrust": 3640.6776862598704, "impact_speed": 57.60397727081349, "time": 53.98705954917793}, "-56": {"optimal_thrust": 3635.2695247986835, "impact_speed": 58.47727957547614, "time": 54.17632822757948}, "-55": {"optimal_thrust": 3629.600421679639, "impact_speed": 59.369120966453835, "time": 54.36801592759137}, "-54": {"optimal_thrust": 3623.682773569871, "impact_speed": 60.27500002130063, "time": 54.56665997489224}, "-53": {"optimal_thrust": 3617.5302089381507, "impact_speed": 61.19037167867495, "time": 54.771770847765325}, "-52": {"optimal_thrust": 3611.1549424846257, "impact_speed": 62.11115784799871, "time": 54.98297484097251}, "-51": {"optimal_thrust": 3605.2237359484407, "impact_speed": 62.89210904323472, "time": 55.20013654377597}, "-50": {"optimal_thrust": 3599.805021250141, "impact_speed": 63.4861380980309, "time": 55.42316751624723}, "-49": {"optimal_thrust": 3593.721661993107, "impact_speed": 64.12766756310127, "time": 55.6520521149109}, "-48": {"optimal_thrust": 3586.9838129016107, "impact_speed": 64.80590964897195, "time": 55.88681245689958}, "-47": {"optimal_thrust": 3579.6020399699005, "impact_speed": 65.50728266089702, "time": 56.12745416478664}, "-46": {"optimal_thrust": 3571.5863833748826, "impact_speed": 66.25247326350544, "time": 56.37398198628728}, "-45": {"optimal_thrust": 3562.948216101716, "impact_speed": 67.68075632158195, "time": 56.62642648881157}, "-44": {"optimal_thrust": 3553.6989336281863, "impact_speed": 69.17106810970087, "time": 56.884808192828444}, "-43": {"optimal_thrust": 3543.8517080719976, "impact_speed": 70.7168672432575, "time": 57.14912537589095}, "-42": {"optimal_thrust": 3533.4188226647752, "impact_speed": 72.3134255691931, "time": 57.41937483222743}, "-41": {"optimal_thrust": 3522.413894653205, "impact_speed": 73.95586126946355, "time": 57.695552647845005}, "-40": {"optimal_thrust": 3510.850868360852, "impact_speed": 75.63956304816759, "time": 57.97765482022076}, "-39": {"optimal_thrust": 3498.744773970064, "impact_speed": 77.36002121620616, "time": 58.265677892244085}, "-38": {"optimal_thrust": 3488.3407938676205, "impact_speed": 78.71521031784235, "time": 58.55963490214255}, "-37": {"optimal_thrust": 3483.6634212576078, "impact_speed": 78.9884534099853, "time": 58.85955413437135}, "-36": {"optimal_thrust": 3478.1034248948067, "impact_speed": 79.37038679858296, "time": 59.165394385666076}, "-35": {"optimal_thrust": 3472.3480396129544, "impact_speed": 79.74806508676863, "time": 59.47716686901044}, "-34": {"optimal_thrust": 3464.2271683844006, "impact_speed": 80.62346279591564, "time": 59.79485781559062}, "-33": {"optimal_thrust": 3458.3116945571496, "impact_speed": 80.986073128251, "time": 60.11846036224982}, "-32": {"optimal_thrust": 3451.8509177369306, "impact_speed": 81.4475484706946, "time": 60.447781875632955}, "-31": {"optimal_thrust": 3445.4538421087177, "impact_speed": 81.87141915571034, "time": 60.78250054783793}, "-30": {"optimal_thrust": 3439.1188049036123, "impact_speed": 82.25811710115039, "time": 61.12248962567568}, "-29": {"optimal_thrust": 3432.8496434629524, "impact_speed": 82.60694523719886, "time": 61.46797712212546}, "-28": {"optimal_thrust": 3426.655377128327, "impact_speed": 82.91596329702242, "time": 61.81917183813504}, "-27": {"optimal_thrust": 3418.715188713375, "impact_speed": 83.85558250724279, "time": 62.176112697599585}, "-26": {"optimal_thrust": 3412.8355952606535, "impact_speed": 84.10608819150242, "time": 62.538801522287265}, "-25": {"optimal_thrust": 3407.1245324823403, "impact_speed": 84.28945340395694, "time": 62.90717103848801}, "-24": {"optimal_thrust": 3401.5905052927405, "impact_speed": 84.39497165400869, "time": 63.28116260787519}, "-23": {"optimal_thrust": 3396.2331297379937, "impact_speed": 84.41262332482172, "time": 63.660716323644344}, "-22": {"optimal_thrust": 3391.0467137023634, "impact_speed": 84.33288565191694, "time": 64.04577151380977}, "-21": {"optimal_thrust": 3386.024221343863, "impact_speed": 84.14648022288581, "time": 64.43626624794469}, "-20": {"optimal_thrust": 3381.162201014829, "impact_speed": 83.84254873356133, "time": 64.83213675154961}, "-19": {"optimal_thrust": 3376.4606499422907, "impact_speed": 83.40947146527664, "time": 65.23331666525003}, "-18": {"optimal_thrust": 3371.9239192887057, "impact_speed": 82.83437726442219, "time": 65.63973296633304}, "-17": {"optimal_thrust": 3367.561218889069,