{"-90": {"optimal_thrust": 3736.4625477247087, "impact_speed": 39.93301440792101, "time": 50.785746114302356}, "-89": {"optimal_thrust": 3727.642811632673, "impact_speed": 42.45661024372861, "time": 50.78845202298099}, "-88": {"optimal_thrust": 3723.586980976603, "impact_speed": 43.39690171487281, "time": 50.780182370172334}, "-87": {"optimal_thrust": 3749.024089790404, "impact_speed": 36.444115530846126, "time": 50.81083271526945}, "-86": {"optimal_thrust": 3771.7766860223373, "impact_speed": 28.965514251618323, "time": 50.83011714078198}, "-85": {"optimal_thrust": 3803.6140034755003, "impact_speed": 12.791123708850327, "time": 50.85546564592666}, "-84": {"optimal_thrust": 3801.7632530701535, "impact_speed": 14.280833671701512, "time": 50.88811147878862}, "-83": {"optimal_thrust": 3766.819053125229, "impact_speed": 30.873369675405065, "time": 50.923580267754865}, "-82": {"optimal_thrust": 3708.446019429705, "impact_speed": 46.965032092290684, "time": 50.962992171495806}, "-81": {"optimal_thrust": 3718.3593763270287, "impact_speed": 44.64304504261202, "time": 51.00965255522926}, "-80": {"optimal_thrust": 3718.8285036677185, "impact_speed": 44.529314136962554, "time": 51.06216048115532}, "-79": {"optimal_thrust": 3719.0284370232735, "impact_speed": 44.46247745447418, "time": 51.120360376939665}, "-78": {"optimal_thrust": 3715.953657084661, "impact_speed": 45.16541994058475, "time": 51.18407405194141}, "-77": {"optimal_thrust": 3712.8130631626896, "impact_speed": 45.86033663772426, "time": 51.2533521128473}, "-76": {"optimal_thrust": 3710.0473932941395, "impact_speed": 46.44927075685121, "time": 51.328374458498274}, "-75": {"optimal_thrust": 3707.907296618439, "impact_speed": 46.88272845686451, "time": 51.40875182974516}, "-74": {"optimal_thrust": 3706.173906448817, "impact_speed": 47.21810260054948, "time": 51.49424700343613}, "-73": {"optimal_thrust": 3704.4725658476686, "impact_speed": 47.54399070734502, "time": 51.5847079165337}, "-72": {"optimal_thrust": 3702.523634679752, "impact_speed": 47.923790517159226, "time": 51.67788404823484}, "-71": {"optimal_thrust": 3688.3965329828993, "impact_speed": 50.89107349932963, "time": 51.749358038750586}, "-70": {"optimal_thrust": 3688.065167707646, "impact_speed": 50.91063498428178, "time": 51.87751269958797}, "-69": {"optimal_thrust": 3687.2663355675063, "impact_speed": 51.03100615200424, "time": 52.000933758666335}, "-68": {"optimal_thrust": 3686.0139706889877, "impact_speed": 51.24732510849096, "time": 52.125036063208206}, "-67": {"optimal_thrust": 3684.323112782022, "impact_speed": 51.5539269251985, "time": 52.25266842748784}, "-66": {"optimal_thrust": 3682.211034165854, "impact_speed": 51.9442689354805, "time": 52.384958507648896}, "-65": {"optimal_thrust": 3679.6934512926455, "impact_speed": 52.4118622921969, "time": 52.522503170246196}, "-64": {"optimal_thrust": 3676.7857957414176, "impact_speed": 52.95012271679988, "time": 52.66558457200598}, "-63": {"optimal_thrust": 3673.503603956961, "impact_speed": 53.55239030166511, "time": 52.81431661596044}, "-62": {"optimal_thrust": 3669.8620289128567, "impact_speed": 54.212114056402726, "time": 52.96873415348262}, "-61": {"optimal_thrust": 3665.874115939606, "impact_speed": 54.92326431279271, "time": 53.128870532288005}, "-60": {"optimal_thrust": 3661.5549082465427, "impact_speed": 55.67954938065677, "time": 53.29501069788541}, "-59": {"optimal_thrust": 3656.917254763106, "impact_speed": 56.475300021402404, "time": 53.46712424609549}, "-58": {"optimal_thrust": 3651.974134740862, "impact_speed": 57.30502215511541, "time": 53.64517774988381}, "-57": {"optimal_thrust": 3646.739494249197, "impact_speed": 58.163249541594205, "time": 53.829504212238085}, "-56": {"optimal_thrust": 3641.225673904585, "impact_speed": 59.04505723597935, "time": 54.019340235719696}, "-55": {"optimal_thrust": 3635.446176433536, "impact_speed": 59.94551417006682, "time": 54.21215212918611}, "-54": {"optimal_thrust": 3629.4132162790297, "impact_speed": 60.86015818887938, "time": 54.412189275909036}, "-53": {"optimal_thrust": 3623.1405340948545, "impact_speed": 61.784430619247125, "time": 54.61859627552086}, "-52": {"optimal_thrust": 3616.640745377201, "impact_speed": 62.71418244074783, "time": 54.83112133310943}, "-51": {"optimal_thrust": 3610.5937698642106, "impact_speed": 63.50272452323654, "time": 55.04963754441529}, "-50": {"optimal_thrust": 3605.0694659690967, "impact_speed": 64.10248961237363, "time": 55.27404372754221}, "-49": {"optimal_thrust": 3598.8673333239917, "impact_speed": 64.7502651981074, "time": 55.504363939050165}, "-48": {"optimal_thrust": 3591.998438949631, "impact_speed": 65.43493927100401, "time": 55.7406100832021}, "-47": {"optimal_thrust": 3584.472379382389, "impact_speed": 66.14316404921725, "time": 55.98278873896242}, "-46": {"optimal_thrust": 3576.300209823299, "impact_speed": 66.89513188825447, "time": 56.23090844453844}, "-45": {"optimal_thrust": 3567.4933263235366, "impact_speed": 68.33792477943808, "time": 56.4850079155241}, "-44": {"optimal_thrust": 3558.0638742941615, "impact_speed": 69.84255966522856, "time": 56.74509841867973}, "-43": {"optimal_thrust": 3548.0241371834336, "impact_speed": 71.40349479664177, "time": 57.01117908219256}, "-42": {"optimal_thrust": 3537.3878592667284, "impact_speed": 73.01550206610953, "time": 57.28324781306941}, "-41": {"optimal_thrust": 3526.168164334481, "impact_speed": 74.67389242189672, "time": 57.56130201487411}, "-40": {"optimal_thrust": 3514.379363307781, "impact_speed": 76.37397170661636, "time": 57.84533923236191}, "-39": {"optimal_thrust": 3502.036948888372, "impact_speed": 78.11115032507321, "time": 58.13535782799228}, "-38": {"optimal_thrust": 3491.4304759587, "impact_speed": 79.47940365092411, "time": 58.43137324587053}, "-37": {"optimal_thrust": 3486.661388030263, "impact_speed": 79.75538438080318, "time": 58.73341682735209}, "-36": {"optimal_thrust": 3481.7902196000523, "impact_speed": 79.97812399187342, "time": 59.041455309173955}, "-35": {"optimal_thrust": 3475.1256069707338, "impact_speed": 80.52229331871209, "time": 59.35548564920083}, "-34": {"optimal_thrust": 3468.3882120831713, "impact_speed": 81.05819673323268, "time": 59.67551720469828}, "-33": {"optimal_thrust": 3460.8157157203173, "impact_speed": 81.77223782730779, "time": 60.00147677557025}, "-32": {"optimal_thrust": 3454.228233851048, "impact_speed": 82.23835615291091, "time": 60.333139947719914}, "-31": {"optimal_thrust": 3447.7066334199185, "impact_speed": 82.66626248618387, "time": 60.67017894921612}, "-30": {"optimal_thrust": 3441.24796347263, "impact_speed": 83.05672037022424, "time": 61.01260714948139}, "-29": {"optimal_thrust": 3434.8565183046944, "impact_speed": 83.40891991912875, "time": 61.36069797417401}, "-28": {"optimal_thrust": 3428.541690930425, "impact_speed": 83.72081908523238, "time": 61.71461083001198}, "-27": {"optimal_thrust": 3420.4462754972424, "impact_speed": 84.66967951069303, "time": 62.07434978244945}, "-26": {"optimal_thrust": 3414.4519424292616, "impact_speed": 84.92262075603801, "time": 62.4399056585474}, "-25": {"optimal_thrust": 3408.62939935144, "impact_speed": 85.10778304174762, "time": 62.81120889504252}, "-24": {"optimal_thrust": 3402.9875390899, "impact_speed": 85.21425124149765, "time": 63.188201507652416}, "-23": {"optimal_thrust": 3397.525464660099, "impact_speed": 85.23215655213117, "time": 63.5708247685805}, "-22": {"optimal_thrust": 3392.2377382204413, "impact_speed": 85.1517228976294, "time": 63.95901912640233}, "-21": {"optimal_thrust": 3387.117519740568, "impact_speed": 84.96329281390146, "time": 64.35272358147914}, "-20": {"optimal_thrust": 3382.160457793026, "impact_speed": 84.65656099684432, "time": 64.75187507875343}, "-19": {"optimal_thrust": 3377.3671898372577, "impact_speed": 84.2192555321167, "time": 65.15640687194708}, "-18": {"optimal_thrust": 3372.7418767373683, "impact_speed": 83.6386878725233, "time": 65.56624482282417}, "-17": {"optimal_thrust": 3368.294111823291,