{"-90": {"optimal_thrust": 3742.386276704326, "impact_speed": 40.82442755081879, "time": 50.61216821494144}, "-89": {"optimal_thrust": 3735.3266589064287, "impact_speed": 42.86481988647963, "time": 50.614906290508515}, "-88": {"optimal_thrust": 3731.192410890016, "impact_speed": 43.814165556154904, "time": 50.60834901648964}, "-87": {"optimal_thrust": 3757.120973147176, "impact_speed": 36.79454377014529, "time": 50.63746167588845}, "-86": {"optimal_thrust": 3780.313156582962, "impact_speed": 29.244057818634793, "time": 50.656787286097604}, "-85": {"optimal_thrust": 3812.7660067237507, "impact_speed": 12.913902774182295, "time": 50.68227996295945}, "-84": {"optimal_thrust": 3810.8792466399777, "impact_speed": 14.41814481288062, "time": 50.71514504753907}, "-83": {"optimal_thrust": 3775.260029451035, "impact_speed": 31.170151984110625, "time": 50.75063292998493}, "-82": {"optimal_thrust": 3715.758973823288, "impact_speed": 47.41658343073067, "time": 50.79029582817759}, "-81": {"optimal_thrust": 3725.8634959139526, "impact_speed": 45.072361195737905, "time": 50.837203436358216}, "-80": {"optimal_thrust": 3726.341779912296, "impact_speed": 44.9575149926693, "time": 50.88997937330057}, "-79": {"optimal_thrust": 3726.54567305343, "impact_speed": 44.890012707196355, "time": 50.9484750680649}, "-78": {"optimal_thrust": 3723.411673065399, "impact_speed": 45.599668456244274, "time": 51.01251119613138}, "-77": {"optimal_thrust": 3720.2106400175903, "impact_speed": 46.30121065769281, "time": 51.082130918522616}, "-76": {"optimal_thrust": 3717.3910536130898, "impact_speed": 46.89591677960106, "time": 51.15810380203323}, "-75": {"optimal_thrust": 3715.209697140574, "impact_speed": 47.333521080239734, "time": 51.23819280071914}, "-74": {"optimal_thrust": 3713.4426675342884, "impact_speed": 47.67215229005512, "time": 51.32418144553144}, "-73": {"optimal_thrust": 3711.7088352830397, "impact_speed": 48.001088661552906, "time": 51.41491298889078}, "-72": {"optimal_thrust": 3709.722108492021, "impact_speed": 48.38457071047595, "time": 51.50797212296096}, "-71": {"optimal_thrust": 3695.3219061899417, "impact_speed": 51.38041151367729, "time": 51.58443496458848}, "-70": {"optimal_thrust": 3694.984460655143, "impact_speed": 51.40009413374441, "time": 51.71144052480215}, "-69": {"optimal_thrust": 3694.1698959964388, "impact_speed": 51.52168419101538, "time": 51.83446853063205}, "-68": {"optimal_thrust": 3692.893418826328, "impact_speed": 51.74006499564559, "time": 51.95879768874421}, "-67": {"optimal_thrust": 3691.17006916193, "impact_speed": 52.04957749069736, "time": 52.08688953235571}, "-66": {"optimal_thrust": 3689.0168021103013, "impact_speed": 52.44375056261173, "time": 52.219785449084064}, "-65": {"optimal_thrust": 3686.4505523014873, "impact_speed": 52.91584383330466, "time": 52.35802780806139}, "-64": {"optimal_thrust": 3683.4867352599, "impact_speed": 53.459274856095305, "time": 52.501867213011586}, "-63": {"optimal_thrust": 3680.1410291243924, "impact_speed": 54.06735193702047, "time": 52.651401491114655}, "-62": {"optimal_thrust": 3676.4288491565426, "impact_speed": 54.73346671096143, "time": 52.80665866496803}, "-61": {"optimal_thrust": 3672.364251128815, "impact_speed": 55.451379739557744, "time": 52.967704845659675}, "-60": {"optimal_thrust": 3667.9616398474277, "impact_speed": 56.21492536866293, "time": 53.13481822815711}, "-59": {"optimal_thrust": 3663.234256332152, "impact_speed": 57.01835020489822, "time": 53.30792559339789}, "-58": {"optimal_thrust": 3658.196031277962, "impact_speed": 57.855969840283606, "time": 53.48703505503375}, "-57": {"optimal_thrust": 3652.8600803807667, "impact_speed": 58.72248085046674, "time": 53.67259364272918}, "-56": {"optimal_thrust": 3647.2397706833635, "impact_speed": 59.612756741034154, "time": 53.86275548719463}, "-55": {"optimal_thrust": 3641.347965920061, "impact_speed": 60.52199424611116, "time": 54.05692903010626}, "-54": {"optimal_thrust": 3635.198849168083, "impact_speed": 61.4453512308418, "time": 54.258302925423266}, "-53": {"optimal_thrust": 3628.8047194243645, "impact_speed": 62.3785581960132, "time": 54.4659874148371}, "-52": {"optimal_thrust": 3622.1795644480026, "impact_speed": 63.31720433275585, "time": 54.67981302591234}, "-51": {"optimal_thrust": 3616.015615676066, "impact_speed": 64.11335510096532, "time": 54.89966027193518}, "-50": {"optimal_thrust": 3610.3846961451745, "impact_speed": 64.71885949678101, "time": 55.1254352636081}, "-49": {"optimal_thrust": 3604.0629593963517, "impact_speed": 65.37279841063204, "time": 55.35717767252355}, "-48": {"optimal_thrust": 3597.060776118288, "impact_speed": 66.06423513714323, "time": 55.59489603258995}, "-47": {"optimal_thrust": 3589.3892130203044, "impact_speed": 66.77941122080263, "time": 55.83859791205645}, "-46": {"optimal_thrust": 3581.059198275911, "impact_speed": 67.54140255519968, "time": 56.08829894498717}, "-45": {"optimal_thrust": 3572.0826297450008, "impact_speed": 68.99491334608526, "time": 56.34403916377155}, "-44": {"optimal_thrust": 3562.470833965036, "impact_speed": 70.51411117325856, "time": 56.60582408227994}, "-43": {"optimal_thrust": 3552.237368934737, "impact_speed": 72.08997802354823, "time": 56.873653778649306}, "-42": {"optimal_thrust": 3541.39514827351, "impact_speed": 73.71760220841547, "time": 57.14752733278494}, "-41": {"optimal_thrust": 3529.9587609054593, "impact_speed": 75.39191170655285, "time": 57.42744355187303}, "-40": {"optimal_thrust": 3517.9424646589, "impact_speed": 77.10827775496656, "time": 57.71340160817225}, "-39": {"optimal_thrust": 3505.3615475472316, "impact_speed": 78.86216577775953, "time": 58.00540178422434}, "-38": {"optimal_thrust": 3494.5499623547116, "impact_speed": 80.24360576279155, "time": 58.303462066424565}, "-37": {"optimal_thrust": 3489.6887741038813, "impact_speed": 80.52222810751923, "time": 58.60761702762348}, "-36": {"optimal_thrust": 3484.7233310667257, "impact_speed": 80.7471370717241, "time": 58.917835911352256}, "-35": {"optimal_thrust": 3477.9298456318165, "impact_speed": 81.29655869380053, "time": 59.23411691198212}, "-34": {"optimal_thrust": 3469.4902693771064, "impact_speed": 82.18901572346573, "time": 59.556449678064126}, "-33": {"optimal_thrust": 3463.3433969523794, "impact_speed": 82.55853385631066, "time": 59.88475363462579}, "-32": {"optimal_thrust": 3456.6292162184195, "impact_speed": 83.0289804106214, "time": 60.218709138454756}, "-31": {"optimal_thrust": 3449.980849467817, "impact_speed": 83.4612030717114, "time": 60.55805783734708}, "-30": {"optimal_thrust": 3443.3973373814865, "impact_speed": 83.85543443050894, "time": 60.902947639920114}, "-29": {"optimal_thrust": 3436.8827055959177, "impact_speed": 84.21092149847982, "time": 61.25365019758379}, "-28": {"optimal_thrust": 3430.4455273896456, "impact_speed": 84.52594369569975, "time": 61.61027406847602}, "-27": {"optimal_thrust": 3422.1940545874986, "impact_speed": 85.4837883539256, "time": 61.97279806796096}, "-26": {"optimal_thrust": 3416.0839554277604, "impact_speed": 85.73913482403309, "time": 62.34120662332568}, "-25": {"optimal_thrust": 3410.1489138478178, "impact_speed": 85.92606630793614, "time": 62.71542936402513}, "-24": {"optimal_thrust": 3404.3978769554533, "impact_speed": 86.033627273626, "time": 63.095409335473306}, "-23": {"optimal_thrust": 3398.830398028301, "impact_speed": 86.05162527551497, "time": 63.48108905173783}, "-22": {"optimal_thrust": 3393.440213425434, "impact_speed": 85.97059854539744, "time": 63.872410049754016}, "-21": {"optimal_thrust": 3388.221305554963, "impact_speed": 85.78017068488926, "time": 64.26931223301129}, "-20": {"optimal_thrust": 3383.168178348086, "impact_speed": 85.4707651353104, "time": 64.67173315613589}, "-19": {"optimal_thrust": 3378.2824927418155, "impact_speed": 85.0290340523095, "time": 65.07960445775082}, "-18": {"optimal_thrust": 3373.5677666571974, "impact_speed": 84.44294403130364, "time": 65.49285413623203}, "-17": {"optimal_thrust": 3369.034170553182,