{"-90": {"optimal_thrust": 3748.318755247639, "impact_speed": 41.717151631068724, "time": 50.439399727236406}, "-89": {"optimal_thrust": 3743.0836732173525, "impact_speed": 43.273119752260286, "time": 50.44216661316187}, "-88": {"optimal_thrust": 3738.87005267631, "impact_speed": 44.231565494336294, "time": 50.43713676406397}, "-87": {"optimal_thrust": 3765.2952476121027, "impact_speed": 37.14499801944683, "time": 50.46489867575261}, "-86": {"optimal_thrust": 3788.93156328017, "impact_speed": 29.522511371213348, "time": 50.48426127330209}, "-85": {"optimal_thrust": 3822.0051254571254, "impact_speed": 13.037068104230352, "time": 50.5098959373098}, "-84": {"optimal_thrust": 3820.0824789298586, "impact_speed": 14.555452796389945, "time": 50.542977669923395}, "-83": {"optimal_thrust": 3783.7815978591934, "impact_speed": 31.46699741794509, "time": 50.578485980557886}, "-82": {"optimal_thrust": 3723.1417020343074, "impact_speed": 47.86818142651249, "time": 50.61839410706115}, "-81": {"optimal_thrust": 3733.439898794671, "impact_speed": 45.50156521359532, "time": 50.66554487768877}, "-80": {"optimal_thrust": 3733.926932727384, "impact_speed": 45.38572043643204, "time": 50.71858481466566}, "-79": {"optimal_thrust": 3734.134732393419, "impact_speed": 45.31757430681136, "time": 50.77737034650076}, "-78": {"optimal_thrust": 3730.9407352350754, "impact_speed": 46.03399215561277, "time": 50.84172764318213}, "-77": {"optimal_thrust": 3727.6784326878924, "impact_speed": 46.74221664869137, "time": 50.9116866998781}, "-76": {"optimal_thrust": 3724.805247041822, "impact_speed": 47.342504394988275, "time": 50.98945337258469}, "-75": {"optimal_thrust": 3722.5818181151985, "impact_speed": 47.78434912380682, "time": 51.06848340273592}, "-74": {"optimal_thrust": 3720.7809529985207, "impact_speed": 48.12620902808376, "time": 51.15486499003399}, "-73": {"optimal_thrust": 3719.013852081545, "impact_speed": 48.45829679490842, "time": 51.24582102138509}, "-72": {"optimal_thrust": 3716.9890127012727, "impact_speed": 48.845450312743026, "time": 51.33870849049551}, "-71": {"optimal_thrust": 3702.3135358087293, "impact_speed": 51.869752615546695, "time": 51.419909997252006}, "-70": {"optimal_thrust": 3701.9694425706493, "impact_speed": 51.889661625948364, "time": 51.54589056596832}, "-69": {"optimal_thrust": 3701.1395876204488, "impact_speed": 52.01234820703962, "time": 51.66863457257204}, "-68": {"optimal_thrust": 3699.8384849000086, "impact_speed": 52.23284908373123, "time": 51.79322349204631}, "-67": {"optimal_thrust": 3698.082397241456, "impact_speed": 52.54525924352355, "time": 51.92179017331532}, "-66": {"optimal_thrust": 3695.8878707813205, "impact_speed": 52.94319655272887, "time": 52.055295878252565}, "-65": {"optimal_thrust": 3693.27217801148, "impact_speed": 53.41985290597895, "time": 52.19423277392967}, "-64": {"optimal_thrust": 3690.2517026356013, "impact_speed": 53.968446209737664, "time": 52.338822980959385}, "-63": {"optimal_thrust": 3686.84248190063, "impact_speed": 54.5822107202716, "time": 52.4891501939328}, "-62": {"optimal_thrust": 3683.059309189787, "impact_speed": 55.25465958270776, "time": 52.64523670767292}, "-61": {"optimal_thrust": 3678.916682380389, "impact_speed": 55.979457691848886, "time": 52.8071936276235}, "-60": {"optimal_thrust": 3674.4295198314458, "impact_speed": 56.75033275733305, "time": 52.975264424087186}, "-59": {"optimal_thrust": 3669.6116969804525, "impact_speed": 57.561402296672306, "time": 53.14935368929721}, "-58": {"optimal_thrust": 3664.4770231680486, "impact_speed": 58.40700410533494, "time": 53.329520630700905}, "-57": {"optimal_thrust": 3659.0390570489267, "impact_speed": 59.2817470868874, "time": 53.51630555288981}, "-56": {"optimal_thrust": 3653.311176140198, "impact_speed": 60.18050331658154, "time": 53.70672870931471}, "-55": {"optimal_thrust": 3647.306802566845, "impact_speed": 61.09836351818844, "time": 53.902331208274596}, "-54": {"optimal_thrust": 3641.039812233002, "impact_speed": 62.0305510147571, "time": 54.10499123019796}, "-53": {"optimal_thrust": 3634.5233906598537, "impact_speed": 62.97262984268648, "time": 54.3139460608941}, "-52": {"optimal_thrust": 3627.7715393104804, "impact_speed": 63.92019577575711, "time": 54.529049032295035}, "-51": {"optimal_thrust": 3621.4895908360054, "impact_speed": 64.72393434354277, "time": 54.750205962052455}, "-50": {"optimal_thrust": 3615.7503815949085, "impact_speed": 65.3353227931781, "time": 54.97734090633122}, "-49": {"optimal_thrust": 3609.3080271836156, "impact_speed": 65.99540654015003, "time": 55.21049215825987}, "-48": {"optimal_thrust": 3602.172168133831, "impact_speed": 66.69331303413378, "time": 55.4496692216475}, "-47": {"optimal_thrust": 3594.3537577795623, "impact_speed": 67.41523184418175, "time": 55.69488066204529}, "-46": {"optimal_thrust": 3585.864294482627, "impact_speed": 68.18243342829956, "time": 55.946152332897434}, "-45": {"optimal_thrust": 3576.715365071466, "impact_speed": 69.65221128174517, "time": 56.203519109441324}, "-44": {"optimal_thrust": 3566.9198816693715, "impact_speed": 71.18569467977248, "time": 56.46698412499672}, "-43": {"optimal_thrust": 3556.490572669939, "impact_speed": 72.77656281197784, "time": 56.736548474376704}, "-42": {"optimal_thrust": 3545.4408110271556, "impact_speed": 74.41969559950368, "time": 57.01221249008692}, "-41": {"optimal_thrust": 3533.7852986182997, "impact_speed": 76.11000294122383, "time": 57.29397644686409}, "-40": {"optimal_thrust": 3521.5393332449426, "impact_speed": 77.8426491530516, "time": 57.58184123624394}, "-39": {"optimal_thrust": 3508.717739330214, "impact_speed": 79.61322200294131, "time": 57.87580916903844}, "-38": {"optimal_thrust": 3497.6992530556563, "impact_speed": 81.00781640502477, "time": 58.17590091839615}, "-37": {"optimal_thrust": 3492.7447488752578, "impact_speed": 81.28914445675694, "time": 58.482154434836055}, "-36": {"optimal_thrust": 3487.6841404968936, "impact_speed": 81.51622746928528, "time": 58.79454138769401}, "-35": {"optimal_thrust": 3480.7609445643607, "impact_speed": 82.07081831506376, "time": 59.1130597539382}, "-34": {"optimal_thrust": 3472.160003746628, "impact_speed": 82.97174002753401, "time": 59.43768396844295}, "-33": {"optimal_thrust": 3465.8951293115247, "impact_speed": 83.3448628605102, "time": 59.76828065089498}, "-32": {"optimal_thrust": 3459.052649837999, "impact_speed": 83.81974225881137, "time": 60.10448600724613}, "-31": {"optimal_thrust": 3452.2775167679238, "impact_speed": 84.2559491626175, "time": 60.446149807515}, "-30": {"optimal_thrust": 3445.5677516520686, "impact_speed": 84.6540024027479, "time": 60.79352073806501}, "-29": {"optimal_thrust": 3438.928081581958, "impact_speed": 85.0129911637521, "time": 61.146836429692755}, "-28": {"optimal_thrust": 3432.3682971803623, "impact_speed": 85.33079776350857, "time": 61.506161115916015}, "-27": {"optimal_thrust": 3423.958525906372, "impact_speed": 86.29790872878537, "time": 61.87145628007938}, "-26": {"optimal_thrust": 3417.7314506035764, "impact_speed": 86.55570076621785, "time": 62.242703084396396}, "-25": {"optimal_thrust": 3411.6826878726224, "impact_speed": 86.74447029895187, "time": 62.619831255894226}, "-24": {"optimal_thrust": 3405.821643797256, "impact_speed": 86.85303599905758, "time": 63.00278507610581}, "-23": {"optimal_thrust": 3400.1472918619666, "impact_speed": 86.87139525572537, "time": 63.39150830203407}, "-22": {"optimal_thrust": 3394.6544532087723, "impact_speed": 86.7892975624016, "time": 63.78594354395362}, "-21": {"optimal_thrust": 3389.3352615271947, "impact_speed": 86.59737684107328, "time": 64.1860315528284}, "-20": {"optimal_thrust": 3384.186069167402, "impact_speed": 86.2844144657204, "time": 64.5917100539493}, "-19": {"optimal_thrust": 3379.206238800394, "impact_speed": 85.83924050127067, "time": 65.00290903877409}, "-18": {"optimal_thrust": 3374.401586613152, "impact_speed": 85.24715166353579, "time": 65.41956099458933}, "-17": {"optimal_thrust": 3369.7811351605055,