{"-90": {"optimal_thrust": 3754.259171732579, "impact_speed": 42.611307235498096, "time": 50.267438822805}, "-89": {"optimal_thrust": 3750.9143678232067, "impact_speed": 43.68138114450713, "time": 50.27022999210176}, "-88": {"optimal_thrust": 3746.6213747564416, "impact_speed": 44.64874911543233, "time": 50.266560424588214}, "-87": {"optimal_thrust": 3773.5467923851943, "impact_speed": 37.49551179084577, "time": 50.29314002816948}, "-86": {"optimal_thrust": 3797.6310547279036, "impact_speed": 29.801183345255556, "time": 50.31253323673706}, "-85": {"optimal_thrust": 3831.332046591154, "impact_speed": 13.160044682685331, "time": 50.338310529283035}, "-84": {"optimal_thrust": 3829.3729499397928, "impact_speed": 14.692757710758256, "time": 50.37160617128708}, "-83": {"optimal_thrust": 3792.384199613914, "impact_speed": 31.76375499020848, "time": 50.407136280724636}, "-82": {"optimal_thrust": 3730.594467807356, "impact_speed": 48.319766189282674, "time": 50.447284036413606}, "-81": {"optimal_thrust": 3741.087860824598, "impact_speed": 45.93082931903659, "time": 50.49467397740071}, "-80": {"optimal_thrust": 3741.584493503231, "impact_speed": 45.81380610669169, "time": 50.547973952480596}, "-79": {"optimal_thrust": 3741.795811090259, "impact_speed": 45.74511562626862, "time": 50.60704515486092}, "-78": {"optimal_thrust": 3738.5412503806556, "impact_speed": 46.468295353725146, "time": 50.671720493656416}, "-77": {"optimal_thrust": 3735.2170934547457, "impact_speed": 47.183203403894645, "time": 50.74201691785748}, "-76": {"optimal_thrust": 3732.2891608460527, "impact_speed": 47.78921637790983, "time": 50.82190324188707}, "-75": {"optimal_thrust": 3730.0236415771287, "impact_speed": 48.23521555657448, "time": 50.89954988210909}, "-74": {"optimal_thrust": 3728.1891370504977, "impact_speed": 48.58019068876279, "time": 50.98629268989106}, "-73": {"optimal_thrust": 3726.388660565134, "impact_speed": 48.91538478084004, "time": 51.077424716146496}, "-72": {"optimal_thrust": 3724.3252488159033, "impact_speed": 49.30623167960837, "time": 51.170083033886364}, "-71": {"optimal_thrust": 3709.3714215281543, "impact_speed": 52.3590967815235, "time": 51.25581157219555}, "-70": {"optimal_thrust": 3709.0206808001863, "impact_speed": 52.3792189608688, "time": 51.38088057932916}, "-69": {"optimal_thrust": 3708.1755353628337, "impact_speed": 52.50297314730465, "time": 51.503439400434125}, "-68": {"optimal_thrust": 3706.849436061099, "impact_speed": 52.72562176152429, "time": 51.62831694678289}, "-67": {"optimal_thrust": 3705.0599551760615, "impact_speed": 53.04100010799817, "time": 51.75737130369833}, "-66": {"optimal_thrust": 3702.8238519238234, "impact_speed": 53.44268642470334, "time": 51.89148920338861}, "-65": {"optimal_thrust": 3700.1589792015443, "impact_speed": 53.923757808383584, "time": 52.031116639370794}, "-64": {"optimal_thrust": 3697.081194599694, "impact_speed": 54.47753692418076, "time": 52.17645006181604}, "-63": {"optimal_thrust": 3693.607061207726, "impact_speed": 55.09714843166135, "time": 52.32756078557731}, "-62": {"optimal_thrust": 3689.7519944358633, "impact_speed": 55.77597589530959, "time": 52.484466362778555}, "-61": {"optimal_thrust": 3685.531284435162, "impact_speed": 56.50752371472509, "time": 52.64733377935016}, "-60": {"optimal_thrust": 3680.959057293091, "impact_speed": 57.28567184727557, "time": 52.81634668374977}, "-59": {"optimal_thrust": 3676.0497021078113, "impact_speed": 58.10443206550882, "time": 52.99140742510427}, "-58": {"optimal_thrust": 3670.817749146288, "impact_speed": 58.95800005497436, "time": 53.172637549683586}, "-57": {"optimal_thrust": 3665.276686114701, "impact_speed": 59.8409972567716, "time": 53.360573320976094}, "-56": {"optimal_thrust": 3659.4401418401276, "impact_speed": 60.748247666268014, "time": 53.551341298092815}, "-55": {"optimal_thrust": 3653.322172850982, "impact_speed": 61.674723185718385, "time": 53.74834624885632}, "-54": {"optimal_thrust": 3646.9363527290375, "impact_speed": 62.615709856438976, "time": 53.95225206064813}, "-53": {"optimal_thrust": 3640.296365546671, "impact_speed": 63.56668250968156, "time": 54.162459430695456}, "-52": {"optimal_thrust": 3633.416086940837, "impact_speed": 64.52327273319526, "time": 54.37882769892121}, "-51": {"optimal_thrust": 3627.015364666426, "impact_speed": 65.33453180320492, "time": 54.601277650954415}, "-50": {"optimal_thrust": 3621.1673657595215, "impact_speed": 65.95168566634995, "time": 54.829759439156874}, "-49": {"optimal_thrust": 3614.6027198079805, "impact_speed": 66.6180388591448, "time": 55.06430623855483}, "-48": {"optimal_thrust": 3607.3314673170275, "impact_speed": 67.32258240194787, "time": 55.30492854741259}, "-47": {"optimal_thrust": 3599.3648659809164, "impact_speed": 68.05136844425954, "time": 55.55163631164722}, "-46": {"optimal_thrust": 3590.7148008064996, "impact_speed": 68.82463237272523, "time": 55.80446744073347}, "-45": {"optimal_thrust": 3581.392351296889, "impact_speed": 70.30929393373874, "time": 56.06344664247825}, "-44": {"optimal_thrust": 3571.4110063685025, "impact_speed": 71.85731344599859, "time": 56.32857749604255}, "-43": {"optimal_thrust": 3560.784007236819, "impact_speed": 73.46317166797424, "time": 56.59986219615078}, "-42": {"optimal_thrust": 3549.525229538793, "impact_speed": 75.12168971554108, "time": 56.877302397093985}, "-41": {"optimal_thrust": 3537.6487449583983, "impact_speed": 76.82795668660943, "time": 57.16089990883241}, "-40": {"optimal_thrust": 3525.1704821636126, "impact_speed": 78.57698409070194, "time": 57.45065742654355}, "-39": {"optimal_thrust": 3512.1055326861538, "impact_speed": 80.36431633388541, "time": 57.74657940893432}, "-38": {"optimal_thrust": 3500.877902852779, "impact_speed": 81.77211297209517, "time": 58.04868936473196}, "-37": {"optimal_thrust": 3495.8299545039595, "impact_speed": 82.05601084190545, "time": 58.35702875428435}, "-36": {"optimal_thrust": 3490.6734708461527, "impact_speed": 82.28522284679546, "time": 58.671571395306465}, "-35": {"optimal_thrust": 3483.6187148002086, "impact_speed": 82.84511379829142, "time": 58.99231277064003}, "-34": {"optimal_thrust": 3474.8550656475973, "impact_speed": 83.75445966025114, "time": 59.319203537923286}, "-33": {"optimal_thrust": 3468.471548104394, "impact_speed": 84.13107160582862, "time": 59.652047832884655}, "-32": {"optimal_thrust": 3461.49872333842, "impact_speed": 84.61058926637385, "time": 59.99047308623133}, "-31": {"optimal_thrust": 3454.5951629094875, "impact_speed": 85.05091686994835, "time": 60.334467438646534}, "-30": {"optimal_thrust": 3447.7583757193042, "impact_speed": 85.45268144333511, "time": 60.68433293199779}, "-29": {"optimal_thrust": 3440.9932831544525, "impact_speed": 85.81491313318602, "time": 61.040257745459535}, "-28": {"optimal_thrust": 3434.308589514687, "impact_speed": 86.13591570641196, "time": 61.40227108462038}, "-27": {"optimal_thrust": 3425.73962719663, "impact_speed": 87.11206151109037, "time": 61.77032312786723}, "-26": {"optimal_thrust": 3419.394549193743, "impact_speed": 87.37227145013922, "time": 62.144393807148}, "-25": {"optimal_thrust": 3413.2310468391547, "impact_speed": 87.56285392200753, "time": 62.52441349729203}, "-24": {"optimal_thrust": 3407.2590357256845, "impact_speed": 87.67238158954419, "time": 62.910327814571446}, "-23": {"optimal_thrust": 3401.4773639741366, "impact_speed": 87.69076984563546, "time": 63.30208174785888}, "-22": {"optimal_thrust": 3395.8802101706588, "impact_speed": 87.60799195063024, "time": 63.699618934903505}, "-21": {"optimal_thrust": 3390.460154851176, "impact_speed": 87.41426761394581, "time": 64.10288093851597}, "-20": {"optimal_thrust": 3385.2132997371864, "impact_speed": 87.09838778754205, "time": 64.51180458797444}, "-19": {"optimal_thrust": 3380.1390650793005, "impact_speed": 86.64900789823854, "time": 64.92632060764173}, "-18": {"optimal_thrust": 3375.243339040273, "impact_speed": 86.05130779069246, "time": 65.34636546352127}, "-17": {"optimal_thrust": 3370.5351356098163,