{"-90": {"optimal_thrust": 3760.207967785756, "impact_speed": 43.50670188014027, "time": 50.096282938401124}, "-89": {"optimal_thrust": 3758.8187427239914, "impact_speed": 44.08960513199261, "time": 50.09909341686137}, "-88": {"optimal_thrust": 3754.445033404161, "impact_speed": 45.066038470625834, "time": 50.09663302791865}, "-87": {"optimal_thrust": 3781.8764177019616, "impact_speed": 37.84585589177855, "time": 50.12218216039254}, "-86": {"optimal_thrust": 3806.4126783592383, "impact_speed": 30.079694804522514, "time": 50.14160144330183}, "-85": {"optimal_thrust": 3840.7465964680628, "impact_speed": 13.282979062986703, "time": 50.167520692256005}, "-84": {"optimal_thrust": 3838.750659669783, "impact_speed": 14.8300596412314, "time": 50.20102735402048}, "-83": {"optimal_thrust": 3801.0670767482284, "impact_speed": 32.06068108090062, "time": 50.236580684548045}, "-82": {"optimal_thrust": 3738.116954263317, "impact_speed": 48.771407819191175, "time": 50.27696263833767}, "-81": {"optimal_thrust": 3748.8075933421837, "impact_speed": 46.36010295492714, "time": 50.32458783010772}, "-80": {"optimal_thrust": 3749.3134360650492, "impact_speed": 46.242013017070434, "time": 50.37814391738479}, "-79": {"optimal_thrust": 3749.529102044763, "impact_speed": 46.172592495092125, "time": 50.437496660577416}, "-78": {"optimal_thrust": 3746.213324524113, "impact_speed": 46.90255445670742, "time": 50.50248684235933}, "-77": {"optimal_thrust": 3742.826818700621, "impact_speed": 47.62412745899106, "time": 50.57310964035302}, "-76": {"optimal_thrust": 3739.8441390850653, "impact_speed": 48.23575249160674, "time": 50.65192004353187}, "-75": {"optimal_thrust": 3737.536087519251, "impact_speed": 48.68591828894741, "time": 50.73136237514732}, "-74": {"optimal_thrust": 3735.666845481236, "impact_speed": 49.03418052722686, "time": 50.81845903211292}, "-73": {"optimal_thrust": 3733.832340954605, "impact_speed": 49.37255424143915, "time": 50.90971727640664}, "-72": {"optimal_thrust": 3731.730232105055, "impact_speed": 49.76704275663168, "time": 51.00203725853031}, "-71": {"optimal_thrust": 3716.495509478449, "impact_speed": 52.84845476017686, "time": 51.092165193134456}, "-70": {"optimal_thrust": 3716.138563482564, "impact_speed": 52.86868816076158, "time": 51.21642628925658}, "-69": {"optimal_thrust": 3715.27717206092, "impact_speed": 52.99367455415935, "time": 51.33888937994699}, "-68": {"optimal_thrust": 3713.926130206459, "impact_speed": 53.21841199971145, "time": 51.46408082687025}, "-67": {"optimal_thrust": 3712.1033270950024, "impact_speed": 53.536680944521066, "time": 51.5936334442908}, "-66": {"optimal_thrust": 3709.8250798345634, "impact_speed": 53.94215197828147, "time": 51.72836458393675}, "-65": {"optimal_thrust": 3707.1102506487173, "impact_speed": 54.42770200391895, "time": 51.868677836317175}, "-64": {"optimal_thrust": 3703.9745894353996, "impact_speed": 54.98667239250454, "time": 52.01474657369849}, "-63": {"optimal_thrust": 3700.435155265332, "impact_speed": 55.61208651677075, "time": 52.16663130898382}, "-62": {"optimal_thrust": 3696.5077518676276, "impact_speed": 56.29724686837345, "time": 52.324346189561986}, "-61": {"optimal_thrust": 3692.207723765857, "impact_speed": 57.0356427568516, "time": 52.488122246195424}, "-60": {"optimal_thrust": 3687.5496016977977, "impact_speed": 57.821069639996395, "time": 52.65806259509541}, "-59": {"optimal_thrust": 3682.5482168652566, "impact_speed": 58.64745060871758, "time": 52.83408602952361}, "-58": {"optimal_thrust": 3677.2179581629425, "impact_speed": 59.50900644282977, "time": 53.016389684528455}, "-57": {"optimal_thrust": 3671.572580064091, "impact_speed": 60.40030513537404, "time": 53.20528089070145}, "-56": {"optimal_thrust": 3665.6264714634144, "impact_speed": 61.316026945855235, "time": 53.396612724004534}, "-55": {"optimal_thrust": 3659.3937040448827, "impact_speed": 62.25114405449814, "time": 53.59496440168541}, "-54": {"optimal_thrust": 3652.8877104913663, "impact_speed": 63.20097356084619, "time": 53.80008439214949}, "-53": {"optimal_thrust": 3646.1232569276176, "impact_speed": 64.16079118966924, "time": 54.01152330087001}, "-52": {"optimal_thrust": 3639.1140378075665, "impact_speed": 65.12627038375135, "time": 54.22914671643916}, "-51": {"optimal_thrust": 3632.592754587176, "impact_speed": 65.9451842335237, "time": 54.45287404805668}, "-50": {"optimal_thrust": 3626.635261755025, "impact_speed": 66.5680378040012, "time": 54.68268963298812}, "-49": {"optimal_thrust": 3619.947367405004, "impact_speed": 67.24060784194924, "time": 54.918618751781814}, "-48": {"optimal_thrust": 3612.539308089355, "impact_speed": 67.95181702858602, "time": 55.16067291328375}, "-47": {"optimal_thrust": 3604.423298508044, "impact_speed": 68.68733239276531, "time": 55.40886601764281}, "-46": {"optimal_thrust": 3595.6105962996407, "impact_speed": 69.46928494021181, "time": 55.66324310388289}, "-45": {"optimal_thrust": 3586.1132826850685, "impact_speed": 70.96635811419071, "time": 55.92382065076822}, "-44": {"optimal_thrust": 3575.94473235885, "impact_speed": 72.52877074132063, "time": 56.190603156264004}, "-43": {"optimal_thrust": 3565.118117082349, "impact_speed": 74.14967693975714, "time": 56.46359398193008}, "-42": {"optimal_thrust": 3553.6477045865568, "impact_speed": 75.8237554425108, "time": 56.742796169767395}, "-41": {"optimal_thrust": 3541.548073582141, "impact_speed": 77.54599476526198, "time": 57.028213144754496}, "-40": {"optimal_thrust": 3528.835211291062, "impact_speed": 79.31141873804607, "time": 57.319849492074155}, "-39": {"optimal_thrust": 3515.5253641577224, "impact_speed": 81.11536971191177, "time": 57.61771194414259}, "-38": {"optimal_thrust": 3504.0872473723443, "impact_speed": 82.53626233284305, "time": 57.92182698806279}, "-37": {"optimal_thrust": 3498.9441940678635, "impact_speed": 82.82286527605002, "time": 58.232239669068726}, "-36": {"optimal_thrust": 3493.690688265022, "impact_speed": 83.05425569675991, "time": 58.54892543448328}, "-35": {"optimal_thrust": 3486.50360188849, "impact_speed": 83.61934731108154, "time": 58.87187390253577}, "-34": {"optimal_thrust": 3479.238041513274, "impact_speed": 84.17585070636001, "time": 59.20101302118779}, "-33": {"optimal_thrust": 3471.0719505695647, "impact_speed": 84.91733035417352, "time": 59.53604728151498}, "-32": {"optimal_thrust": 3463.968524389019, "impact_speed": 85.40124157722816, "time": 59.87667772796782}, "-31": {"optimal_thrust": 3456.9351929754516, "impact_speed": 85.84571178552618, "time": 60.223021473805}, "-30": {"optimal_thrust": 3449.9698497409936, "impact_speed": 86.25127522715606, "time": 60.57538819393505}, "-29": {"optimal_thrust": 3443.07735633296, "impact_speed": 86.61700889711203, "time": 60.9339142237262}, "-28": {"optimal_thrust": 3436.2676861660475, "impact_speed": 86.94081597011171, "time": 61.29860290020592}, "-27": {"optimal_thrust": 3427.5373585375264, "impact_speed": 87.92624577339531, "time": 61.66939736285941}, "-26": {"optimal_thrust": 3421.073125560335, "impact_speed": 88.18889364165322, "time": 62.04627765484408}, "-25": {"optimal_thrust": 3414.794307958154, "impact_speed": 88.38108475107798, "time": 62.42917511517713}, "-24": {"optimal_thrust": 3408.7097315957926, "impact_speed": 88.49181978374352, "time": 62.81803671902341}, "-23": {"optimal_thrust": 3402.8197136839876, "impact_speed": 88.51026429647621, "time": 63.21280867353554}, "-22": {"optimal_thrust": 3397.1172848907345, "impact_speed": 88.42681525048518, "time": 63.61343560897136}, "-21": {"optimal_thrust": 3391.5954723192, "impact_speed": 88.23127224791249, "time": 64.01985971122336}, "-20": {"optimal_thrust": 3386.249994174396, "impact_speed": 87.91254829787304, "time": 64.43201613773284}, "-19": {"optimal_thrust": 3381.0806544093016, "impact_speed": 87.45877015647946, "time": 64.84983920590608}, "-18": {"optimal_thrust": 3376.092827928995, "impact_speed": 86.85575982883684, "time": 65.27326756877042}, "-17": {"optimal_thrust": 3371.296555238849,