{"-90": {"optimal_thrust": 3766.1636756177254, "impact_speed": 44.40361693908835, "time": 49.92592851757545}, "-89": {"optimal_thrust": 3766.7962846619444, "impact_speed": 44.497916595939934, "time": 49.928753865847675}, "-88": {"optimal_thrust": 3762.3410286194703, "impact_speed": 45.48343064973355, "time": 49.92736602518259}, "-87": {"optimal_thrust": 3790.283117279875, "impact_speed": 38.19631499475104, "time": 49.95202160000665}, "-86": {"optimal_thrust": 3815.2761658056293, "impact_speed": 30.358144825234678, "time": 49.97146344695581}, "-85": {"optimal_thrust": 3850.248702275764, "impact_speed": 13.405931111962458, "time": 49.99752337724078}, "-84": {"optimal_thrust": 3848.215608119827, "impact_speed": 14.967358669929943, "time": 50.03123800119018}, "-83": {"optimal_thrust": 3809.831038273072, "impact_speed": 32.357502497992925, "time": 50.06681605447159}, "-82": {"optimal_thrust": 3745.7096560034934, "impact_speed": 49.222996907459205, "time": 50.107426935302854}, "-81": {"optimal_thrust": 3756.599201763835, "impact_speed": 46.789361697137906, "time": 50.15528352205062}, "-80": {"optimal_thrust": 3757.1143263655285, "impact_speed": 46.67020794512515, "time": 50.20909183916984}, "-79": {"optimal_thrust": 3757.3339516711917, "impact_speed": 46.60015686362479, "time": 50.26872201873778}, "-78": {"optimal_thrust": 3753.956780293765, "impact_speed": 47.33681073193702, "time": 50.33402377902245}, "-77": {"optimal_thrust": 3750.5071480533315, "impact_speed": 48.06509273784623, "time": 50.404966268849705}, "-76": {"optimal_thrust": 3747.4688192992994, "impact_speed": 48.68241566155798, "time": 50.48320584312843}, "-75": {"optimal_thrust": 3745.1177939189706, "impact_speed": 49.13675670519752, "time": 50.56392154041972}, "-74": {"optimal_thrust": 3743.2138858163257, "impact_speed": 49.48821968506442, "time": 50.65135809500475}, "-73": {"optimal_thrust": 3741.3451041639623, "impact_speed": 49.829757882867746, "time": 50.742692490980374}, "-72": {"optimal_thrust": 3739.204105404063, "impact_speed": 50.22785241934984, "time": 50.83455937064056}, "-71": {"optimal_thrust": 3723.6860458335773, "impact_speed": 53.3377771178123, "time": 50.92899371682338}, "-70": {"optimal_thrust": 3723.322260149275, "impact_speed": 53.35823756143237, "time": 51.05254159580225}, "-69": {"optimal_thrust": 3722.445011288473, "impact_speed": 53.484347631535876, "time": 51.1749898834843}, "-68": {"optimal_thrust": 3721.0689555468966, "impact_speed": 53.711141754119716, "time": 51.30051729211668}, "-67": {"optimal_thrust": 3719.2119997405134, "impact_speed": 54.03240569988238, "time": 51.43057672861834}, "-66": {"optimal_thrust": 3716.8917334745515, "impact_speed": 54.44155835427711, "time": 51.56592096123716}, "-65": {"optimal_thrust": 3714.125992352998, "impact_speed": 54.93168441113863, "time": 51.706914688609594}, "-64": {"optimal_thrust": 3710.931995194654, "impact_speed": 55.495830175752054, "time": 51.85371058742354}, "-63": {"optimal_thrust": 3707.3268182048587, "impact_speed": 56.1270144154518, "time": 52.00635978498852}, "-62": {"optimal_thrust": 3703.3262477699873, "impact_speed": 56.818538302023214, "time": 52.16488256866939}, "-61": {"optimal_thrust": 3698.9464048865825, "impact_speed": 57.563735707784815, "time": 52.32955605436101}, "-60": {"optimal_thrust": 3694.2014863693935, "impact_speed": 58.356461006412715, "time": 52.5004099471657}, "-59": {"optimal_thrust": 3689.10717070106, "impact_speed": 59.19047158843001, "time": 52.67738909903991}, "-58": {"optimal_thrust": 3683.6774585787252, "impact_speed": 60.0600590513384, "time": 52.86078109842616}, "-57": {"optimal_thrust": 3677.9272521548537, "impact_speed": 60.95957290204045, "time": 53.05033419177929}, "-56": {"optimal_thrust": 3671.8706231134192, "impact_speed": 61.88375443107864, "time": 53.24253652744526}, "-55": {"optimal_thrust": 3665.5217136294564, "impact_speed": 62.82756490781336, "time": 53.44217796464571}, "-54": {"optimal_thrust": 3658.8947715172576, "impact_speed": 63.78617217384067, "time": 53.6484869157271}, "-53": {"optimal_thrust": 3652.0043820134306, "impact_speed": 64.75489388871061, "time": 53.86113745797765}, "-52": {"optimal_thrust": 3644.8646316268446, "impact_speed": 65.72933826293935, "time": 54.080003315576995}, "-51": {"optimal_thrust": 3638.2224000650663, "impact_speed": 66.55576082118804, "time": 54.30499386183672}, "-50": {"optimal_thrust": 3632.1539435305417, "impact_speed": 67.18440755406158, "time": 54.53613025517564}, "-49": {"optimal_thrust": 3625.3415831066704, "impact_speed": 67.86321607730473, "time": 54.77342852736565}, "-48": {"optimal_thrust": 3617.7958864978305, "impact_speed": 68.58095024563139, "time": 55.01690121557945}, "-47": {"optimal_thrust": 3609.528998407851, "impact_speed": 69.32316400881703, "time": 55.26656896986335}, "-46": {"optimal_thrust": 3600.5519858574653, "impact_speed": 70.11338851818925, "time": 55.5224781611074}, "-45": {"optimal_thrust": 3590.877894015136, "impact_speed": 71.62356832589397, "time": 55.7846400279245}, "-44": {"optimal_thrust": 3580.5199640963415, "impact_speed": 73.20047629110907, "time": 56.05306006452144}, "-43": {"optimal_thrust": 3569.4922677850536, "impact_speed": 74.83626107691151, "time": 56.327742872232385}, "-42": {"optimal_thrust": 3557.808236353885, "impact_speed": 76.52589076611842, "time": 56.60869293832203}, "-41": {"optimal_thrust": 3545.4837878375924, "impact_speed": 78.26400892179194, "time": 56.89591538120953}, "-40": {"optimal_thrust": 3532.5346654903565, "impact_speed": 80.04573136541443, "time": 57.18941676741686}, "-39": {"optimal_thrust": 3518.977046297481, "impact_speed": 81.86641644942146, "time": 57.489206219761954}, "-38": {"optimal_thrust": 3507.3259509880877, "impact_speed": 83.30049716626165, "time": 57.79531335673253}, "-37": {"optimal_thrust": 3502.087347462255, "impact_speed": 83.5897302212807, "time": 58.10778683083074}, "-36": {"optimal_thrust": 3496.7361092140613, "impact_speed": 83.82326075124604, "time": 58.426602801867666}, "-35": {"optimal_thrust": 3489.415288618467, "impact_speed": 84.39358886950289, "time": 58.75174026116135}, "-34": {"optimal_thrust": 3480.320719785338, "impact_speed": 85.31998502585952, "time": 59.08306960013976}, "-33": {"optimal_thrust": 3473.6964652239317, "impact_speed": 85.7036074839587, "time": 59.42027481400995}, "-32": {"optimal_thrust": 3466.4607091536477, "impact_speed": 86.19204424991915, "time": 59.763109892524845}, "-31": {"optimal_thrust": 3459.2967763931974, "impact_speed": 86.64056606294973, "time": 60.11182007827094}, "-30": {"optimal_thrust": 3452.201662279342, "impact_speed": 87.04993906813856, "time": 60.46668864925441}, "-29": {"optimal_thrust": 3445.181058927818, "impact_speed": 87.4190238627908, "time": 60.82780537134463}, "-28": {"optimal_thrust": 3438.244689633112, "impact_speed": 87.74583355346225, "time": 61.19515539575717}, "-27": {"optimal_thrust": 3429.3522283502825, "impact_speed": 88.74029070607905, "time": 61.568677810527646}, "-26": {"optimal_thrust": 3422.767501388294, "impact_speed": 89.00544694747964, "time": 61.948353590655266}, "-25": {"optimal_thrust": 3416.371640761126, "impact_speed": 89.19951197691724, "time": 62.334115217058695}, "-24": {"optimal_thrust": 3410.174240419893, "impact_speed": 89.31110620794769, "time": 62.72591104028905}, "-23": {"optimal_thrust": 3404.174215236093, "impact_speed": 89.32994507616596, "time": 63.12368843304962}, "-22": {"optimal_thrust": 3398.365743842452, "impact_speed": 89.2457198475409, "time": 63.52739300242457}, "-21": {"optimal_thrust": 3392.7414067410605, "impact_speed": 89.04823108738638, "time": 63.93696692463962}, "-20": {"optimal_thrust": 3387.296345572817, "impact_speed": 88.72669380439655, "time": 64.35234457707756}, "-19": {"optimal_thrust": 3382.031070307271, "impact_speed": 88.26844373886838, "time": 64.77346486803583}, "-18": {"optimal_thrust": 3376.950312989795, "impact_speed": 87.66004541192602, "time": 65.20026729437394}, "-17": {"optimal_thrust": 3372.064627383524,