{"-90": {"optimal_thrust": 3334.3206705673506, "impact_speed": 4.7787252296338005, "time": 70.81036814915232}, "-89": {"optimal_thrust": 3334.448497999488, "impact_speed": 4.4906095879067305, "time": 70.81393016411528}, "-88": {"optimal_thrust": 3334.4036285196885, "impact_speed": 4.58881028765081, "time": 70.81262917605771}, "-87": {"optimal_thrust": 3334.6878550744655, "impact_speed": 3.8541569914563465, "time": 70.81457435082186}, "-86": {"optimal_thrust": 3334.9427516172495, "impact_speed": 3.0617937191833544, "time": 70.818080569104}, "-85": {"optimal_thrust": 3335.2985677131796, "impact_speed": 1.3514603958265834, "time": 70.82125391592292}, "-84": {"optimal_thrust": 3335.277051420186, "impact_speed": 1.5149178273788935, "time": 70.82604582435455}, "-83": {"optimal_thrust": 3334.8853324367965, "impact_speed": 3.2701157781041887, "time": 70.8316987632605}, "-82": {"optimal_thrust": 3334.233738004406, "impact_speed": 4.967427183823775, "time": 70.83875078669195}, "-81": {"optimal_thrust": 3334.3444488009577, "impact_speed": 4.722268707902605, "time": 70.84857622624554}, "-80": {"optimal_thrust": 3334.349571040278, "impact_speed": 4.710524458670677, "time": 70.85585542426482}, "-79": {"optimal_thrust": 3334.3518471542475, "impact_speed": 4.703364673844828, "time": 70.86283944404585}, "-78": {"optimal_thrust": 3334.3176625119813, "impact_speed": 4.777224910397101, "time": 70.87253240646208}, "-77": {"optimal_thrust": 3334.282380473442, "impact_speed": 4.8510475522228935, "time": 70.88059427168137}, "-76": {"optimal_thrust": 3334.251112580483, "impact_speed": 4.914042306741836, "time": 70.85662861965429}, "-75": {"optimal_thrust": 3334.227671125484, "impact_speed": 4.958803682016532, "time": 70.8956672818666}, "-74": {"optimal_thrust": 3334.2081662617984, "impact_speed": 4.994516679735378, "time": 70.91672385466111}, "-73": {"optimal_thrust": 3334.1888292799376, "impact_speed": 5.029627330661661, "time": 70.9333359947398}, "-72": {"optimal_thrust": 3334.1672926632787, "impact_speed": 5.069232950014559, "time": 70.9494038385918}, "-71": {"optimal_thrust": 3334.0093698240025, "impact_speed": 5.3828233437486, "time": 70.96579604332818}, "-70": {"optimal_thrust": 3334.0054895027843, "impact_speed": 5.385237132674352, "time": 70.9830058388224}, "-69": {"optimal_thrust": 3333.9964194708905, "impact_speed": 5.398234633044536, "time": 71.00138859376459}, "-68": {"optimal_thrust": 3333.982825111716, "impact_speed": 5.4202914203203445, "time": 71.02068762042717}, "-67": {"optimal_thrust": 3333.9638017092684, "impact_speed": 5.452933931296629, "time": 71.03820792239125}, "-66": {"optimal_thrust": 3333.9402068057466, "impact_speed": 5.494154963905511, "time": 71.05771286638497}, "-65": {"optimal_thrust": 3333.9118243118596, "impact_speed": 5.544038656783364, "time": 71.07847685775155}, "-64": {"optimal_thrust": 3333.8792812415913, "impact_speed": 5.600996002842581, "time": 71.10003769701355}, "-63": {"optimal_thrust": 3333.8427781799305, "impact_speed": 5.664278288431366, "time": 71.12239388960533}, "-62": {"optimal_thrust": 3333.801955680497, "impact_speed": 5.73421657793553, "time": 71.14553458333027}, "-61": {"optimal_thrust": 3333.7570957046096, "impact_speed": 5.809901565907152, "time": 71.169448849759}, "-60": {"optimal_thrust": 3333.709099416402, "impact_speed": 5.889277494652694, "time": 71.19418004335881}, "-59": {"optimal_thrust": 3333.657272153341, "impact_speed": 5.973339777739425, "time": 71.2197770677983}, "-58": {"optimal_thrust": 3333.6018507374397, "impact_speed": 6.061326251476759, "time": 71.24621360248327}, "-57": {"optimal_thrust": 3333.543207839098, "impact_speed": 6.152251965315122, "time": 71.2734733353316}, "-56": {"optimal_thrust": 3333.4812862408994, "impact_speed": 6.245960145396452, "time": 71.30155537211463}, "-55": {"optimal_thrust": 3333.417045994616, "impact_speed": 6.340429309725876, "time": 71.33047808250906}, "-54": {"optimal_thrust": 3333.34954686707, "impact_speed": 6.437184570167389, "time": 71.36026689813559}, "-53": {"optimal_thrust": 3333.2791333492555, "impact_speed": 6.535397889759782, "time": 71.39083811745465}, "-52": {"optimal_thrust": 3333.2063477519605, "impact_speed": 6.633882758649276, "time": 71.42172948280088}, "-51": {"optimal_thrust": 3333.1390785306917, "impact_speed": 6.716552951807198, "time": 71.45264298846854}, "-50": {"optimal_thrust": 3333.076811257318, "impact_speed": 6.781008199177821, "time": 71.48402949759466}, "-49": {"optimal_thrust": 3333.007499088963, "impact_speed": 6.8494977306103255, "time": 71.5161892975989}, "-48": {"optimal_thrust": 3332.9308460551993, "impact_speed": 6.921562276185987, "time": 71.54915605907846}, "-47": {"optimal_thrust": 3332.846724463319, "impact_speed": 6.996470638153603, "time": 71.58289753310677}, "-46": {"optimal_thrust": 3332.7552330821277, "impact_speed": 7.081686995227738, "time": 71.61737802761415}, "-45": {"optimal_thrust": 3332.656534261067, "impact_speed": 7.230060513497836, "time": 71.65256778119304}, "-44": {"optimal_thrust": 3332.5510575096528, "impact_speed": 7.388370807893719, "time": 71.68844241191374}, "-43": {"optimal_thrust": 3332.439571748852, "impact_speed": 7.392064610467436, "time": 71.72498087769533}, "-42": {"optimal_thrust": 3332.320109492432, "impact_speed": 7.365444200436044, "time": 71.76215336666215}, "-41": {"optimal_thrust": 3332.1946769380806, "impact_speed": 7.3374216904893, "time": 71.79994676339172}, "-40": {"optimal_thrust": 3332.086200601404, "impact_speed": 7.354869664276231, "time": 71.83835390930993}, "-39": {"optimal_thrust": 3332.0097573916123, "impact_speed": 7.44375818319434, "time": 71.87736578373872}, "-38": {"optimal_thrust": 3331.9362482934434, "impact_speed": 7.542586595950167, "time": 71.91698487192188}, "-37": {"optimal_thrust": 3331.861787428669, "impact_speed": 7.643330506202956, "time": 71.95717111796019}, "-36": {"optimal_thrust": 3331.785873900432, "impact_speed": 7.74493867833003, "time": 71.99791237313927}, "-35": {"optimal_thrust": 3331.709642411287, "impact_speed": 7.849301279617084, "time": 72.03919971854063}, "-34": {"optimal_thrust": 3331.6318027917628, "impact_speed": 7.95400364252365, "time": 72.0810230496105}, "-33": {"optimal_thrust": 3331.5531843049166, "impact_speed": 8.060340681720898, "time": 72.12337104501573}, "-32": {"optimal_thrust": 3331.47408292916, "impact_speed": 8.168584354145647, "time": 72.16623131538351}, "-31": {"optimal_thrust": 3331.3935912864586, "impact_speed": 8.277166304554303, "time": 72.20959071101298}, "-30": {"optimal_thrust": 3331.312371170844, "impact_speed": 8.386960488934388, "time": 72.25343569684121}, "-29": {"optimal_thrust": 3331.2305350601328, "impact_speed": 8.497940249461472, "time": 72.29774868223191}, "-28": {"optimal_thrust": 3331.1476686625806, "impact_speed": 8.609384567585083, "time": 72.34251694391428}, "-27": {"optimal_thrust": 3331.0637446870137, "impact_speed": 8.721156164778758, "time": 72.38773116537729}, "-26": {"optimal_thrust": 3330.978814034323, "impact_speed": 8.833388898125778, "time": 72.4333783483934}, "-25": {"optimal_thrust": 3330.8938087809715, "impact_speed": 8.94649832360433, "time": 72.47944535393472}, "-24": {"optimal_thrust": 3330.80792031712, "impact_speed": 9.059898248021131, "time": 72.52591887715108}, "-23": {"optimal_thrust": 3330.7208471436343, "impact_speed": 9.17304173272224, "time": 72.5727854744738}, "-22": {"optimal_thrust": 3330.633613505376, "impact_speed": 9.286803547485185, "time": 72.62003157560942}, "-21": {"optimal_thrust": 3330.545434832, "impact_speed": 9.400327554347156, "time": 72.66764345311991}, "-20": {"optimal_thrust": 3330.456665505832, "impact_speed": 9.513826755085033, "time": 72.71560725736288}, "-19": {"optimal_thrust": 3330.3671892631364, "impact_speed": 9.627111115161009, "time": 72.7639090025657}, "-18": {"optimal_thrust": 3330.2772487586462, "impact_speed": 9.740253114817833, "time": 72.8125345791906}, "-17": {"optimal_thrust": 3330.186527594574, "impact_speed": 9.853236095819218,