{"-90": {"optimal_thrust": 3772.1264713710502, "impact_speed": 45.3019289041732, "time": 49.75637091860551}, "-89": {"optimal_thrust": 3774.8479480399574, "impact_speed": 44.90608494202279, "time": 49.759208316101414}, "-88": {"optimal_thrust": 3770.3102629161895, "impact_speed": 45.900714438169565, "time": 49.75876944962398}, "-87": {"optimal_thrust": 3798.7673322833584, "impact_speed": 38.54676432325649, "time": 49.78265498788525}, "-86": {"optimal_thrust": 3824.2206865985822, "impact_speed": 30.636825340227503, "time": 49.80211360026997}, "-85": {"optimal_thrust": 3859.838242850538, "impact_speed": 13.5289971496131, "time": 49.828315532035425}, "-84": {"optimal_thrust": 3857.767795289926, "impact_speed": 15.104654875980907, "time": 49.862234880759914}, "-83": {"optimal_thrust": 3818.67566515095, "impact_speed": 32.654359932574984, "time": 49.897839249201304}, "-82": {"optimal_thrust": 3753.372395637321, "impact_speed": 49.67457321393486, "time": 49.9386739428369}, "-81": {"optimal_thrust": 3764.4627771803075, "impact_speed": 47.2185852633204, "time": 49.986758131878545}, "-80": {"optimal_thrust": 3764.987553234669, "impact_speed": 47.098302792852834, "time": 50.04081483844212}, "-79": {"optimal_thrust": 3765.2110855249803, "impact_speed": 47.0276411478943, "time": 50.100718383121546}, "-78": {"optimal_thrust": 3761.7716180341727, "impact_speed": 47.77106417942807, "time": 50.166328390987296}, "-77": {"optimal_thrust": 3758.2580811711246, "impact_speed": 48.50609819135056, "time": 50.23758371904235}, "-76": {"optimal_thrust": 3755.1640506905583, "impact_speed": 49.129018319369926, "time": 50.31565708342952}, "-75": {"optimal_thrust": 3752.7695909074178, "impact_speed": 49.5875490147496, "time": 50.39714887696004}, "-74": {"optimal_thrust": 3750.830647022903, "impact_speed": 49.94222398028133, "time": 50.48498369491242}, "-73": {"optimal_thrust": 3748.927252093278, "impact_speed": 50.286930873081445, "time": 50.576344764860565}, "-72": {"optimal_thrust": 3746.746797349665, "impact_speed": 50.68867571051142, "time": 50.637363505071825}, "-71": {"optimal_thrust": 3730.942909429819, "impact_speed": 53.82708874994541, "time": 50.76631760613791}, "-70": {"optimal_thrust": 3730.5720880110634, "impact_speed": 53.84780217966024, "time": 50.88923877621157}, "-69": {"optimal_thrust": 3729.678717875659, "impact_speed": 53.97505956157923, "time": 51.01174540349166}, "-68": {"optimal_thrust": 3728.2775948716676, "impact_speed": 54.20387547386729, "time": 51.13762795303463}, "-67": {"optimal_thrust": 3726.3860977657873, "impact_speed": 54.52814855817008, "time": 51.26820095990429}, "-66": {"optimal_thrust": 3724.0231745833466, "impact_speed": 54.94103272637784, "time": 51.404157085723945}, "-65": {"optimal_thrust": 3721.2062043143874, "impact_speed": 55.43570398790335, "time": 51.545825425796025}, "-64": {"optimal_thrust": 3717.9539422724274, "impact_speed": 56.00490651201102, "time": 51.69334013372341}, "-63": {"optimal_thrust": 3714.282049719648, "impact_speed": 56.64193246474874, "time": 51.84674421764926}, "-62": {"optimal_thrust": 3710.2077990502767, "impact_speed": 57.33978889444686, "time": 52.006075946088}, "-61": {"optimal_thrust": 3705.746922885273, "impact_speed": 58.09188030011563, "time": 52.1716323244703}, "-60": {"optimal_thrust": 3700.9147116038685, "impact_speed": 58.891846065859134, "time": 52.34338672072237}, "-59": {"optimal_thrust": 3695.7265636152238, "impact_speed": 59.733494938212004, "time": 52.52131664004503}, "-58": {"optimal_thrust": 3690.196884815111, "impact_speed": 60.6110382967181, "time": 52.70581411085933}, "-57": {"optimal_thrust": 3684.3407023869877, "impact_speed": 61.518801650682015, "time": 52.895761038251415}, "-56": {"optimal_thrust": 3678.1722798572478, "impact_speed": 62.45149032899076, "time": 53.08909959224629}, "-55": {"optimal_thrust": 3671.7062567613275, "impact_speed": 63.403975497429506, "time": 53.289980635388744}, "-54": {"optimal_thrust": 3664.9575355394154, "impact_speed": 64.37130752063528, "time": 53.49745793748422}, "-53": {"optimal_thrust": 3657.9400072297367, "impact_speed": 65.34894045768257, "time": 53.711301391234315}, "-52": {"optimal_thrust": 3650.6686843601765, "impact_speed": 66.33231774939978, "time": 53.9313920481125}, "-51": {"optimal_thrust": 3643.9036619657395, "impact_speed": 67.16639169283994, "time": 54.1576357878667}, "-50": {"optimal_thrust": 3637.7234672234204, "impact_speed": 67.80078205649319, "time": 54.39008006912119}, "-49": {"optimal_thrust": 3630.785366912978, "impact_speed": 68.48586249428634, "time": 54.62873439238993}, "-48": {"optimal_thrust": 3623.101076357299, "impact_speed": 69.21002794611925, "time": 54.8736123443131}, "-47": {"optimal_thrust": 3614.681261749061, "impact_speed": 69.959302819113, "time": 55.12474395629482}, "-46": {"optimal_thrust": 3605.538981795296, "impact_speed": 70.75691232948253, "time": 55.382171451228665}, "-45": {"optimal_thrust": 3595.6868945918645, "impact_speed": 72.28048598650838, "time": 55.645903679187136}, "-44": {"optimal_thrust": 3585.1382413542437, "impact_speed": 73.87185888511677, "time": 55.91594720374572}, "-43": {"optimal_thrust": 3573.906649640844, "impact_speed": 75.52286854709217, "time": 56.19230792138949}, "-42": {"optimal_thrust": 3562.0075235123286, "impact_speed": 77.22792884602134, "time": 56.474991846087114}, "-41": {"optimal_thrust": 3549.4558976344424, "impact_speed": 78.98199774193355, "time": 56.76400585007094}, "-40": {"optimal_thrust": 3536.2678275899893, "impact_speed": 80.7801180927515, "time": 57.05935858126494}, "-39": {"optimal_thrust": 3522.460389726179, "impact_speed": 82.6174899500933, "time": 57.361061687872336}, "-38": {"optimal_thrust": 3510.5944589087635, "impact_speed": 84.06473962492619, "time": 57.669148049443855}, "-37": {"optimal_thrust": 3505.259406673196, "impact_speed": 84.3566068543819, "time": 57.98366984011748}, "-36": {"optimal_thrust": 3499.8095454264244, "impact_speed": 84.59227663615961, "time": 58.30460250300143}, "-35": {"optimal_thrust": 3492.353646865686, "impact_speed": 85.16786559462501, "time": 58.6319080031301}, "-34": {"optimal_thrust": 3483.0917645588875, "impact_speed": 86.10269043831723, "time": 58.96539987265492}, "-33": {"optimal_thrust": 3476.345159752616, "impact_speed": 86.48988670933049, "time": 59.30473070421687}, "-32": {"optimal_thrust": 3468.976047093508, "impact_speed": 86.98280044425411, "time": 59.64977997555866}, "-31": {"optimal_thrust": 3461.6801691556025, "impact_speed": 87.43540863350441, "time": 60.00086893243705}, "-30": {"optimal_thrust": 3454.4544535905434, "impact_speed": 87.84848130041536, "time": 60.35823518120533}, "-29": {"optimal_thrust": 3447.304146510682, "impact_speed": 88.22104007624326, "time": 60.7219303627539}, "-28": {"optimal_thrust": 3440.239795962898, "impact_speed": 88.55089404294147, "time": 61.09192741118696}, "-27": {"optimal_thrust": 3431.183411002938, "impact_speed": 89.55447357408535, "time": 61.4681633671089}, "-26": {"optimal_thrust": 3424.4776098372135, "impact_speed": 89.82195774240071, "time": 61.850620664097946}, "-25": {"optimal_thrust": 3417.963746488731, "impact_speed": 90.0178415879974, "time": 62.23923300149701}, "-24": {"optimal_thrust": 3411.6520530991957, "impact_speed": 90.13048466873391, "time": 62.63395008733394}, "-23": {"optimal_thrust": 3405.5415075636324, "impact_speed": 90.14945587854895, "time": 63.034720441354615}, "-22": {"optimal_thrust": 3399.626100283575, "impact_speed": 90.06436641556725, "time": 63.44149057384039}, "-21": {"optimal_thrust": 3393.897831769192, "impact_speed": 89.86524701602865, "time": 63.85420168775527}, "-20": {"optimal_thrust": 3388.3524202658677, "impact_speed": 89.54075765484501, "time": 64.27278989932255}, "-19": {"optimal_thrust": 3382.9901829843434, "impact_speed": 89.07820049408285, "time": 64.69719759940186}, "-18": {"optimal_thrust": 3377.816111395254, "impact_speed": 88.4636193831548, "time": 65.12736457513581}, "-17": {"optimal_thrust": 3372.840052581033,