{"-90": {"optimal_thrust": 3778.09586169243, "impact_speed": 46.20167958321413, "time": 49.587604559931016}, "-89": {"optimal_thrust": 3782.972726633385, "impact_speed": 45.314352470506854, "time": 49.590453727470944}, "-88": {"optimal_thrust": 3778.352275112206, "impact_speed": 46.31799830307849, "time": 49.59085205152909}, "-87": {"optimal_thrust": 3807.329258759429, "impact_speed": 38.89715057346998, "time": 49.61407906599078}, "-86": {"optimal_thrust": 3833.247657443188, "impact_speed": 30.915239428194557, "time": 49.6335505620333}, "-85": {"optimal_thrust": 3869.5153393561045, "impact_speed": 13.652078164995205, "time": 49.65989410248819}, "-84": {"optimal_thrust": 3867.40722118008, "impact_speed": 15.241948335662945, "time": 49.69401475029402}, "-83": {"optimal_thrust": 3827.6014487920966, "impact_speed": 32.95109222483856, "time": 49.72964713470325}, "-82": {"optimal_thrust": 3761.1052976439937, "impact_speed": 50.126110431453824, "time": 49.770700674112454}, "-81": {"optimal_thrust": 3772.397786854973, "impact_speed": 47.64789450928443, "time": 49.81900872810653}, "-80": {"optimal_thrust": 3772.932214119746, "impact_speed": 47.5265036678563, "time": 49.87331002176161}, "-79": {"optimal_thrust": 3773.1597775854907, "impact_speed": 47.45521132665604, "time": 49.933482892856844}, "-78": {"optimal_thrust": 3769.6575008255786, "impact_speed": 48.20538958747961, "time": 49.99939776107033}, "-77": {"optimal_thrust": 3766.0799548174223, "impact_speed": 48.947069322469346, "time": 50.07093464401812}, "-76": {"optimal_thrust": 3762.9294444546626, "impact_speed": 49.57564563218706, "time": 50.149018109801666}, "-75": {"optimal_thrust": 3760.4911086826173, "impact_speed": 50.03837508354572, "time": 50.23127745831986}, "-74": {"optimal_thrust": 3758.5166684914348, "impact_speed": 50.396291565706896, "time": 50.3193295140776}, "-73": {"optimal_thrust": 3756.579120753388, "impact_speed": 50.744003561560746, "time": 50.41066912257536}, "-72": {"optimal_thrust": 3754.358696961329, "impact_speed": 51.149431207007225, "time": 50.47646364023854}, "-71": {"optimal_thrust": 3738.265587009419, "impact_speed": 54.31649037731867, "time": 50.604155161977225}, "-70": {"optimal_thrust": 3737.8885603256913, "impact_speed": 54.33728091367415, "time": 50.72652884869391}, "-69": {"optimal_thrust": 3736.9785024962325, "impact_speed": 54.46576792800775, "time": 50.84915966361588}, "-68": {"optimal_thrust": 3735.5515349230095, "impact_speed": 54.69671374832055, "time": 50.975413936232755}, "-67": {"optimal_thrust": 3733.6257604690104, "impact_speed": 55.023881767581166, "time": 51.10650565001713}, "-66": {"optimal_thrust": 3731.2195277424494, "impact_speed": 55.44054896972908, "time": 51.243071551362426}, "-65": {"optimal_thrust": 3728.3517170013783, "impact_speed": 55.939598668910705, "time": 51.38540820215844}, "-64": {"optimal_thrust": 3725.0393330917973, "impact_speed": 56.5141151407002, "time": 51.53363320010184}, "-63": {"optimal_thrust": 3721.3008674055677, "impact_speed": 57.156837563287716, "time": 51.68778259763447}, "-62": {"optimal_thrust": 3717.1521059123284, "impact_speed": 57.861056695812486, "time": 51.84792346505583}, "-61": {"optimal_thrust": 3712.6096830756314, "impact_speed": 58.61999873522532, "time": 52.014348294105574}, "-60": {"optimal_thrust": 3707.6893315166717, "impact_speed": 59.42721486314544, "time": 52.186991087986705}, "-59": {"optimal_thrust": 3702.406078397009, "impact_speed": 60.27657954996289, "time": 52.36586911910652}, "-58": {"optimal_thrust": 3696.7756024506243, "impact_speed": 61.162063419003516, "time": 52.55148439578133}, "-57": {"optimal_thrust": 3690.812417502737, "impact_speed": 62.078086934348114, "time": 52.74167913490876}, "-56": {"optimal_thrust": 3684.531425705813, "impact_speed": 63.01923735174553, "time": 52.936289001569186}, "-55": {"optimal_thrust": 3677.9474038406665, "impact_speed": 63.98036313759989, "time": 53.138364933675106}, "-54": {"optimal_thrust": 3671.075434127703, "impact_speed": 64.95648656572305, "time": 53.346995381779614}, "-53": {"optimal_thrust": 3663.929478650402, "impact_speed": 65.94305478967269, "time": 53.56201418172343}, "-52": {"optimal_thrust": 3656.5253800460555, "impact_speed": 66.93536652638586, "time": 53.78330954755044}, "-51": {"optimal_thrust": 3649.6372351297414, "impact_speed": 67.77693741594038, "time": 54.01079852401154}, "-50": {"optimal_thrust": 3643.3439027479453, "impact_speed": 68.41714590385267, "time": 54.24453783337158}, "-49": {"optimal_thrust": 3636.2790360346658, "impact_speed": 69.10846486364564, "time": 54.48453517117048}, "-48": {"optimal_thrust": 3628.454033660696, "impact_speed": 69.83933755575906, "time": 54.730805290028165}, "-47": {"optimal_thrust": 3619.880792767251, "impact_speed": 70.5953083455421, "time": 54.98338977070598}, "-46": {"optimal_thrust": 3610.57151465902, "impact_speed": 71.4004844180744, "time": 55.242321815201166}, "-45": {"optimal_thrust": 3600.5396446377035, "impact_speed": 72.93750745853393, "time": 55.50761050726945}, "-44": {"optimal_thrust": 3589.7977765164483, "impact_speed": 74.5435766446573, "time": 55.7792635436284}, "-43": {"optimal_thrust": 3578.361447347181, "impact_speed": 76.20944737567683, "time": 56.057288191499424}, "-42": {"optimal_thrust": 3566.2451846010745, "impact_speed": 77.92996155390995, "time": 56.341692037276765}, "-41": {"optimal_thrust": 3553.4640171097176, "impact_speed": 79.70004165602525, "time": 56.63248378804478}, "-40": {"optimal_thrust": 3540.0352110138383, "impact_speed": 81.51448048095749, "time": 56.92967427901153}, "-39": {"optimal_thrust": 3525.975711654552, "impact_speed": 83.3685343440358, "time": 57.23327780861867}, "-38": {"optimal_thrust": 3513.8927711343717, "impact_speed": 84.82898950272575, "time": 57.54333063416936}, "-37": {"optimal_thrust": 3508.4604397210046, "impact_speed": 85.12348255035728, "time": 57.859888221073085}, "-36": {"optimal_thrust": 3502.911125006733, "impact_speed": 85.36127752400043, "time": 58.182923167881775}, "-35": {"optimal_thrust": 3495.3188649564886, "impact_speed": 85.94213671106337, "time": 58.5123722837138}, "-34": {"optimal_thrust": 3485.8876237697673, "impact_speed": 86.88550264971191, "time": 58.84798487969421}, "-33": {"optimal_thrust": 3479.0178988250173, "impact_speed": 87.2761992489631, "time": 59.18941927100537}, "-32": {"optimal_thrust": 3471.51422110978, "impact_speed": 87.77359012959776, "time": 59.536697244333226}, "-31": {"optimal_thrust": 3464.0851827017227, "impact_speed": 88.23029050919877, "time": 59.89017164797354}, "-30": {"optimal_thrust": 3456.7273933063348, "impact_speed": 88.64714909369144, "time": 60.25002785433652}, "-29": {"optimal_thrust": 3449.4469306706646, "impact_speed": 89.02295664064945, "time": 60.61628821456918}, "-28": {"optimal_thrust": 3442.2531934985814, "impact_speed": 89.35592847923047, "time": 60.98891782506703}, "-27": {"optimal_thrust": 3433.0315409984623, "impact_speed": 90.36858238282942, "time": 61.36785302226278}, "-26": {"optimal_thrust": 3426.20300459073, "impact_speed": 90.63858927229249, "time": 61.75307800265222}, "-25": {"optimal_thrust": 3419.57037036271, "impact_speed": 90.83618015337883, "time": 62.14452772893781}, "-24": {"optimal_thrust": 3413.143361609031, "impact_speed": 90.94986311684869, "time": 62.542153232369934}, "-23": {"optimal_thrust": 3406.9210812057922, "impact_speed": 90.96907882430186, "time": 62.94590415107037}, "-22": {"optimal_thrust": 3400.89784095634, "impact_speed": 90.88309600089025, "time": 63.35572768972702}, "-21": {"optimal_thrust": 3395.065257373146, "impact_speed": 90.68191195622362, "time": 63.77156364175507}, "-20": {"optimal_thrust": 3389.418535464291, "impact_speed": 90.35442422358047, "time": 64.1933521092138}, "-19": {"optimal_thrust": 3383.9581221727385, "impact_speed": 89.88787033784233, "time": 64.62103737318878}, "-18": {"optimal_thrust": 3378.6893290642956, "impact_speed": 89.26803657720079, "time": 65.05455928429382}, "-17": {"optimal_thrust": 3373.6226435061517,