{"-90": {"optimal_thrust": 3784.070820331959, "impact_speed": 47.10302920298111, "time": 49.41962497488518}, "-89": {"optimal_thrust": 3791.170796198367, "impact_speed": 45.72267524978343, "time": 49.42248705782369}, "-88": {"optimal_thrust": 3786.4670648496754, "impact_speed": 46.735282323577735, "time": 49.42362752469892}, "-87": {"optimal_thrust": 3815.9682601258587, "impact_speed": 39.24764782219702, "time": 49.4462906700179}, "-86": {"optimal_thrust": 3842.3557848376286, "impact_speed": 31.193838244025994, "time": 49.46577255627689}, "-85": {"optimal_thrust": 3879.280065454075, "impact_speed": 13.775115957735311, "time": 49.49225603104094}, "-84": {"optimal_thrust": 3877.1342030010264, "impact_speed": 15.379017290256913, "time": 49.5265743634922}, "-83": {"optimal_thrust": 3836.6078755415824, "impact_speed": 33.247868669200486, "time": 49.56223657552153}, "-82": {"optimal_thrust": 3768.907920790283, "impact_speed": 50.57770323726298, "time": 49.60350413579942}, "-81": {"optimal_thrust": 3780.404743692504, "impact_speed": 48.07717272930435, "time": 49.6520323773185}, "-80": {"optimal_thrust": 3780.948770281035, "impact_speed": 47.95470470683855, "time": 49.70657449462313}, "-79": {"optimal_thrust": 3781.180682136267, "impact_speed": 47.88271878923203, "time": 49.76701268623834}, "-78": {"optimal_thrust": 3777.614961634757, "impact_speed": 48.63966789858064, "time": 49.83322897356679}, "-77": {"optimal_thrust": 3773.9728733869106, "impact_speed": 49.3879844966984, "time": 49.90504780213025}, "-76": {"optimal_thrust": 3770.7648765966655, "impact_speed": 50.022323341132676, "time": 49.9832176980301}, "-75": {"optimal_thrust": 3768.282788830661, "impact_speed": 50.489140964478366, "time": 50.06607080149316}, "-74": {"optimal_thrust": 3766.2724631376705, "impact_speed": 50.85031346289095, "time": 50.154389232174225}, "-73": {"optimal_thrust": 3764.2996839692523, "impact_speed": 51.20119195546775, "time": 50.24566117461866}, "-72": {"optimal_thrust": 3762.03902631404, "impact_speed": 51.61028136340009, "time": 50.315978617204756}, "-71": {"optimal_thrust": 3745.654784673481, "impact_speed": 54.80584265779815, "time": 50.44252274068526}, "-70": {"optimal_thrust": 3745.2711638353967, "impact_speed": 54.82677585540496, "time": 50.56443825180726}, "-69": {"optimal_thrust": 3744.3444712560445, "impact_speed": 54.95645217824297, "time": 50.68723570436785}, "-68": {"optimal_thrust": 3742.8917305778023, "impact_speed": 55.1894681114122, "time": 50.81387594813132}, "-67": {"optimal_thrust": 3740.931290200192, "impact_speed": 55.51954694096678, "time": 50.94549005721773}, "-66": {"optimal_thrust": 3738.4816417699053, "impact_speed": 55.939941963546474, "time": 51.08266281804668}, "-65": {"optimal_thrust": 3735.561186687722, "impact_speed": 56.44363007449499, "time": 51.22566109402466}, "-64": {"optimal_thrust": 3732.1891941682757, "impact_speed": 57.02325644237438, "time": 51.37458775613772}, "-63": {"optimal_thrust": 3728.3828650325613, "impact_speed": 57.67180710893135, "time": 51.529472902327576}, "-62": {"optimal_thrust": 3724.15907958077, "impact_speed": 58.38235795744154, "time": 51.69042223648383}, "-61": {"optimal_thrust": 3719.534668241579, "impact_speed": 59.14809493017311, "time": 51.85770131914689}, "-60": {"optimal_thrust": 3714.525345806353, "impact_speed": 59.96256788977105, "time": 52.03122141112378}, "-59": {"optimal_thrust": 3709.1465455149087, "impact_speed": 60.81957081206608, "time": 52.211047525458994}, "-58": {"optimal_thrust": 3703.4139286960035, "impact_speed": 61.713075084185434, "time": 52.3977709501367}, "-57": {"optimal_thrust": 3697.342910759858, "impact_speed": 62.63733358395207, "time": 52.5881887542425}, "-56": {"optimal_thrust": 3690.9482686801216, "impact_speed": 63.58695730022015, "time": 52.78409377640352}, "-55": {"optimal_thrust": 3684.245084098697, "impact_speed": 64.55674135771852, "time": 52.987324517051384}, "-54": {"optimal_thrust": 3677.2486636013705, "impact_speed": 65.5416721113303, "time": 53.197099794736936}, "-53": {"optimal_thrust": 3669.973379823759, "impact_speed": 66.53712683911378, "time": 53.41327447119805}, "-52": {"optimal_thrust": 3662.4355494135953, "impact_speed": 67.53832604459048, "time": 53.63575639074208}, "-51": {"optimal_thrust": 3655.4224247165266, "impact_speed": 68.38753700489912, "time": 53.86448075497297}, "-50": {"optimal_thrust": 3649.015179857885, "impact_speed": 69.03351459602017, "time": 54.09950230082148}, "-49": {"optimal_thrust": 3641.8227865187514, "impact_speed": 69.73097463009519, "time": 54.340829682719615}, "-48": {"optimal_thrust": 3633.856115672842, "impact_speed": 70.46841717273959, "time": 54.5884806986925}, "-47": {"optimal_thrust": 3625.1276479590647, "impact_speed": 71.2311498042839, "time": 54.84250520171137}, "-46": {"optimal_thrust": 3615.6499714107204, "impact_speed": 72.04068760464362, "time": 55.10292809983291}, "-45": {"optimal_thrust": 3605.435884007109, "impact_speed": 73.59478657180219, "time": 55.36975942287261}, "-44": {"optimal_thrust": 3594.5002184632735, "impact_speed": 75.21502694375118, "time": 55.64300808175089}, "-43": {"optimal_thrust": 3582.856545471544, "impact_speed": 76.8960301324232, "time": 55.92268274982666}, "-42": {"optimal_thrust": 3570.520712352251, "impact_speed": 78.63210665157143, "time": 56.20879266212469}, "-41": {"optimal_thrust": 3557.508849573868, "impact_speed": 80.4179951340713, "time": 56.50134844494876}, "-40": {"optimal_thrust": 3543.8368059195313, "impact_speed": 82.24882101414778, "time": 56.80036320804492}, "-39": {"optimal_thrust": 3529.522567298716, "impact_speed": 84.11962704548822, "time": 57.10585403952037}, "-38": {"optimal_thrust": 3517.220887664913, "impact_speed": 85.59324660090198, "time": 57.41786066353617}, "-37": {"optimal_thrust": 3511.690378396306, "impact_speed": 85.89036956743031, "time": 57.736441388992425}, "-36": {"optimal_thrust": 3506.0406519079684, "impact_speed": 86.13030254521068, "time": 58.06156294950654}, "-35": {"optimal_thrust": 3498.3112678222897, "impact_speed": 86.71633427030967, "time": 58.39312736145459}, "-34": {"optimal_thrust": 3488.7090671583005, "impact_speed": 87.66825382204836, "time": 58.73081936084541}, "-33": {"optimal_thrust": 3481.7151955799645, "impact_speed": 88.06242668128161, "time": 59.07434757901839}, "-32": {"optimal_thrust": 3474.0757376668394, "impact_speed": 88.56428781269251, "time": 59.42386911789903}, "-31": {"optimal_thrust": 3466.5119381952777, "impact_speed": 89.02517835252269, "time": 59.77973028231863}, "-30": {"optimal_thrust": 3459.020988549061, "impact_speed": 89.44579146997155, "time": 60.14206624530927}, "-29": {"optimal_thrust": 3451.6089653728864, "impact_speed": 89.82491931920225, "time": 60.51087787495766}, "-28": {"optimal_thrust": 3444.2850727958303, "impact_speed": 90.1608695776634, "time": 60.88612557437941}, "-27": {"optimal_thrust": 3434.896363115442, "impact_speed": 91.18270214089345, "time": 61.26774583762341}, "-26": {"optimal_thrust": 3427.9441941294394, "impact_speed": 91.45515527797795, "time": 61.65572481329396}, "-25": {"optimal_thrust": 3421.191512311572, "impact_speed": 91.65452746215585, "time": 62.049998722573676}, "-24": {"optimal_thrust": 3414.647844608974, "impact_speed": 91.76939012532287, "time": 62.45051989383826}, "-23": {"optimal_thrust": 3408.313766692466, "impact_speed": 91.7883625206685, "time": 62.85723906275128}, "-22": {"optimal_thrust": 3402.180965860747, "impact_speed": 91.70190638280191, "time": 63.270103512507745}, "-21": {"optimal_thrust": 3396.242723482472, "impact_speed": 91.49899382928827, "time": 63.68905268411094}, "-20": {"optimal_thrust": 3390.4938606995806, "impact_speed": 91.16852883006281, "time": 64.11403118579224}, "-19": {"optimal_thrust": 3384.9343775120747, "impact_speed": 90.69810996077314, "time": 64.54498411919471}, "-18": {"optimal_thrust": 3379.5704792935376, "impact_speed": 90.07240065727323, "time": 64.98185125702648}, "-17": {"optimal_thrust": 3374.412140376132,