{"-90": {"optimal_thrust": 3790.0515949735213, "impact_speed": 48.00584665317399, "time": 49.25246218730141}, "-89": {"optimal_thrust": 3799.4428632690224, "impact_speed": 46.13088735799451, "time": 49.255305260202036}, "-88": {"optimal_thrust": 3794.6545805300807, "impact_speed": 47.15257809441232, "time": 49.25711915762799}, "-87": {"optimal_thrust": 3824.684900371618, "impact_speed": 39.5981017452576, "time": 49.27928673409515}, "-86": {"optimal_thrust": 3851.5458988451114, "impact_speed": 31.472334470507636, "time": 49.29877655769244}, "-85": {"optimal_thrust": 3889.132592253651, "impact_speed": 13.897978601475481, "time": 49.32539825736054}, "-84": {"optimal_thrust": 3886.94810633129, "impact_speed": 15.516307438021222, "time": 49.35991046955171}, "-83": {"optimal_thrust": 3845.6948952749694, "impact_speed": 33.544704143897384, "time": 49.39560444183649}, "-82": {"optimal_thrust": 3776.780245049623, "impact_speed": 51.02935436760174, "time": 49.437081332698185}, "-81": {"optimal_thrust": 3788.483595916158, "impact_speed": 48.50643219443724, "time": 49.485826136828386}, "-80": {"optimal_thrust": 3789.037663009913, "impact_speed": 48.38280821456975, "time": 49.54060535511818}, "-79": {"optimal_thrust": 3789.2734823234737, "impact_speed": 48.31023542800781, "time": 49.601304889821655}, "-78": {"optimal_thrust": 3785.643732496014, "impact_speed": 49.073958732691544, "time": 49.66781910651378}, "-77": {"optimal_thrust": 3781.9364157403365, "impact_speed": 49.828935379107115, "time": 49.73995404161555}, "-76": {"optimal_thrust": 3778.670912434463, "impact_speed": 50.46893080359416, "time": 49.81823787127257}, "-75": {"optimal_thrust": 3776.144190225653, "impact_speed": 50.93994037880402, "time": 49.90160421899706}, "-74": {"optimal_thrust": 3774.0978548238854, "impact_speed": 51.30432740032309, "time": 49.99015662690965}, "-73": {"optimal_thrust": 3772.0896312241316, "impact_speed": 51.65835092207849, "time": 50.081317077279564}, "-72": {"optimal_thrust": 3769.788615534538, "impact_speed": 52.07105376546523, "time": 50.1559319399642}, "-71": {"optimal_thrust": 3753.1106794771567, "impact_speed": 55.295112869730126, "time": 50.281434934398966}, "-70": {"optimal_thrust": 3752.7197055920383, "impact_speed": 55.316323757070855, "time": 50.40298452924964}, "-69": {"optimal_thrust": 3751.77664276089, "impact_speed": 55.44710936392875, "time": 50.525975960026905}, "-68": {"optimal_thrust": 3750.2980046579446, "impact_speed": 55.682174936376924, "time": 50.653014311135266}, "-67": {"optimal_thrust": 3748.3021921581844, "impact_speed": 56.01524100985434, "time": 50.785153213868504}, "-66": {"optimal_thrust": 3745.8082789550217, "impact_speed": 56.43945200047133, "time": 50.9229292171516}, "-65": {"optimal_thrust": 3742.8360287374876, "impact_speed": 56.94752493801535, "time": 51.06658213531131}, "-64": {"optimal_thrust": 3739.403525501862, "impact_speed": 57.5323322044612, "time": 51.216201742266634}, "-63": {"optimal_thrust": 3735.528766459725, "impact_speed": 58.18670330907925, "time": 51.37181310557622}, "-62": {"optimal_thrust": 3731.2292510369352, "impact_speed": 58.903592716265656, "time": 51.53356937539239}, "-61": {"optimal_thrust": 3726.521560864234, "impact_speed": 59.6762282691685, "time": 51.70168887772353}, "-60": {"optimal_thrust": 3721.422383548658, "impact_speed": 60.49797374057524, "time": 51.87607624240514}, "-59": {"optimal_thrust": 3715.9470096924033, "impact_speed": 61.36264560581275, "time": 52.05685338894333}, "-58": {"optimal_thrust": 3710.1118635512476, "impact_speed": 62.26407364952775, "time": 52.244622028624384}, "-57": {"optimal_thrust": 3703.931668900595, "impact_speed": 63.19663545109958, "time": 52.43533589008778}, "-56": {"optimal_thrust": 3697.422600380171, "impact_speed": 64.15468852734355, "time": 52.63250494740926}, "-55": {"optimal_thrust": 3690.598925720965, "impact_speed": 65.13317766048442, "time": 52.836857555747265}, "-54": {"optimal_thrust": 3683.4770827227985, "impact_speed": 66.12688967462505, "time": 53.047761440428786}, "-53": {"optimal_thrust": 3676.0716401022637, "impact_speed": 67.13117071553422, "time": 53.26508046987142}, "-52": {"optimal_thrust": 3668.398346705457, "impact_speed": 68.14135679005149, "time": 53.488733944075996}, "-51": {"optimal_thrust": 3661.2593566026962, "impact_speed": 68.99816447839736, "time": 53.718681165037715}, "-50": {"optimal_thrust": 3654.7372429138113, "impact_speed": 69.6498999485498, "time": 53.95497221968704}, "-49": {"optimal_thrust": 3647.4159090604608, "impact_speed": 70.35357260246573, "time": 54.197616736321685}, "-48": {"optimal_thrust": 3639.30642206338, "impact_speed": 71.0975725032837, "time": 54.44663795278993}, "-47": {"optimal_thrust": 3630.421066592973, "impact_speed": 71.86729012423918, "time": 54.70208903295086}, "-46": {"optimal_thrust": 3620.773260991483, "impact_speed": 72.68719528586841, "time": 54.963989146592446}, "-45": {"optimal_thrust": 3610.3764429507078, "impact_speed": 74.25182120694863, "time": 55.23234934865616}, "-44": {"optimal_thrust": 3599.244305033148, "impact_speed": 75.88666727826453, "time": 55.50717980411003}, "-43": {"optimal_thrust": 3587.39193246615, "impact_speed": 77.58261986628123, "time": 55.788490670531196}, "-42": {"optimal_thrust": 3574.8351275440355, "impact_speed": 79.33412656748342, "time": 56.07629288618171}, "-41": {"optimal_thrust": 3561.5892367277593, "impact_speed": 81.13609572421537, "time": 56.3705990639898}, "-40": {"optimal_thrust": 3547.6721776347563, "impact_speed": 82.98322047209075, "time": 56.67142471706265}, "-39": {"optimal_thrust": 3533.101460541834, "impact_speed": 84.87068072306865, "time": 56.978789843827606}, "-38": {"optimal_thrust": 3520.5793217581427, "impact_speed": 86.35742598042131, "time": 57.292737668900145}, "-37": {"optimal_thrust": 3514.9492312802086, "impact_speed": 86.65726607964044, "time": 57.613328614208136}, "-36": {"optimal_thrust": 3509.1981943025417, "impact_speed": 86.89933771091601, "time": 57.940519435082734}, "-35": {"optimal_thrust": 3501.330274282768, "impact_speed": 87.49058095050174, "time": 58.274166911325935}, "-34": {"optimal_thrust": 3493.376399332317, "impact_speed": 88.07284740025432, "time": 58.6139134330099}, "-33": {"optimal_thrust": 3484.4362267962465, "impact_speed": 88.84875814762484, "time": 58.95952382393385}, "-32": {"optimal_thrust": 3476.6598942532937, "impact_speed": 89.35506723288157, "time": 59.31130103441065}, "-31": {"optimal_thrust": 3468.9603144725475, "impact_speed": 89.82010400343624, "time": 59.66954579041398}, "-30": {"optimal_thrust": 3461.3352454541327, "impact_speed": 90.24440733428787, "time": 60.034349637330614}, "-29": {"optimal_thrust": 3453.789866056031, "impact_speed": 90.62704917172297, "time": 60.405698287889734}, "-28": {"optimal_thrust": 3446.3349260882387, "impact_speed": 90.96589936507202, "time": 60.78354965704411}, "-27": {"optimal_thrust": 3436.7778772708975, "impact_speed": 91.99683258443197, "time": 61.16784094958955}, "-26": {"optimal_thrust": 3429.7011832305016, "impact_speed": 92.27165579486137, "time": 61.55856036301514}, "-25": {"optimal_thrust": 3422.82710999816, "impact_speed": 92.47290826080999, "time": 61.955645358284926}, "-24": {"optimal_thrust": 3416.1663992930976, "impact_speed": 92.588650601163, "time": 62.35904954354274}, "-23": {"optimal_thrust": 3409.718412363281, "impact_speed": 92.60793223930588, "time": 62.768724676897094}, "-22": {"optimal_thrust": 3403.475921650264, "impact_speed": 92.5205098303523, "time": 63.18461733046877}, "-21": {"optimal_thrust": 3397.430676840302, "impact_speed": 92.31613172208418, "time": 63.60666878005943}, "-20": {"optimal_thrust": 3391.578842801666, "impact_speed": 91.98262005060127, "time": 64.03482709443493}, "-19": {"optimal_thrust": 3385.9199062765983, "impact_speed": 91.5076877471613, "time": 64.46903774003133}, "-18": {"optimal_thrust": 3380.4595593808363, "impact_speed": 90.87671760055575, "time": 64.90924164683636}, "-17": {"optimal_thrust": 3375.208673088098,