{"-90": {"optimal_thrust": 3796.0371588354783, "impact_speed": 48.91028777599084, "time": 49.08610008234209}, "-89": {"optimal_thrust": 3807.7882208226492, "impact_speed": 46.53915483269794, "time": 49.08890527425735}, "-88": {"optimal_thrust": 3802.9152632465684, "impact_speed": 47.569787022337216, "time": 49.09133172669605}, "-87": {"optimal_thrust": 3833.4791791088405, "impact_speed": 39.948513586078136, "time": 49.113064278179095}, "-86": {"optimal_thrust": 3860.8175099115983, "impact_speed": 31.750895907501896, "time": 49.132559528108224}, "-85": {"optimal_thrust": 3899.0722353878764, "impact_speed": 14.02119827857302, "time": 49.15931771397014}, "-84": {"optimal_thrust": 3896.8492483816076, "impact_speed": 15.653595017909456, "time": 49.19401982727614}, "-83": {"optimal_thrust": 3854.8626311441803, "impact_speed": 33.841558007665846, "time": 49.229747607990674}, "-82": {"optimal_thrust": 3784.723120917074, "impact_speed": 51.480884977852696, "time": 49.27142926972565}, "-81": {"optimal_thrust": 3796.6342714496445, "impact_speed": 48.935689193803924, "time": 49.32038705757635}, "-80": {"optimal_thrust": 3797.197938235004, "impact_speed": 48.8110261125859, "time": 49.375399687937346}, "-79": {"optimal_thrust": 3797.438229662036, "impact_speed": 48.7377496839146, "time": 49.43635662505787}, "-78": {"optimal_thrust": 3793.744009456365, "impact_speed": 49.50821943094512, "time": 49.50316523786347}, "-77": {"optimal_thrust": 3789.97048928882, "impact_speed": 50.269940682391066, "time": 49.575807944284634}, "-76": {"optimal_thrust": 3786.6472344055214, "impact_speed": 50.915536298652334, "time": 49.65407501394295}, "-75": {"optimal_thrust": 3784.0756819792737, "impact_speed": 51.39069603608712, "time": 49.73787430197098}, "-74": {"optimal_thrust": 3781.992947469193, "impact_speed": 51.75831223273019, "time": 49.82662567180395}, "-73": {"optimal_thrust": 3779.948786292521, "impact_speed": 52.115517226740785, "time": 49.91763344002688}, "-72": {"optimal_thrust": 3777.607095324277, "impact_speed": 52.53182538025738, "time": 49.99634486016923}, "-71": {"optimal_thrust": 3760.6322638968004, "impact_speed": 55.78449513022972, "time": 50.12090473843217}, "-70": {"optimal_thrust": 3760.234643276316, "impact_speed": 55.80583580032264, "time": 50.24217273784789}, "-69": {"optimal_thrust": 3759.2746282490934, "impact_speed": 55.93781452250972, "time": 50.36538232399794}, "-68": {"optimal_thrust": 3757.769703873031, "impact_speed": 56.17496027095253, "time": 50.49282901060835}, "-67": {"optimal_thrust": 3755.738270623951, "impact_speed": 56.51100051068101, "time": 50.62549396036727}, "-66": {"optimal_thrust": 3753.200481394242, "impact_speed": 56.938878190384024, "time": 50.76386899021503}, "-65": {"optimal_thrust": 3750.1752695154, "impact_speed": 57.45147070998648, "time": 50.90816930048962}, "-64": {"optimal_thrust": 3746.6814966240627, "impact_speed": 58.041499997447104, "time": 51.05847307500679}, "-63": {"optimal_thrust": 3742.7378474058955, "impact_speed": 58.70166306040229, "time": 51.21480116596447}, "-62": {"optimal_thrust": 3738.3620357662035, "impact_speed": 59.42487082904234, "time": 51.37736201806696}, "-61": {"optimal_thrust": 3733.5710135055756, "impact_speed": 60.20427800207731, "time": 51.546308576684964}, "-60": {"optimal_thrust": 3728.3806908378174, "impact_speed": 61.033386189939456, "time": 51.72155433499683}, "-59": {"optimal_thrust": 3722.808479775049, "impact_speed": 61.90561916565123, "time": 51.903288753573406}, "-58": {"optimal_thrust": 3716.869407016358, "impact_speed": 62.81505945976087, "time": 52.09195294402976}, "-57": {"optimal_thrust": 3710.579593552821, "impact_speed": 63.755829448046285, "time": 52.28313027357811}, "-56": {"optimal_thrust": 3703.9544373635417, "impact_speed": 64.72242777247419, "time": 52.48151521153528}, "-55": {"optimal_thrust": 3697.009688500599, "impact_speed": 65.70953429398998, "time": 52.68696268357802}, "-54": {"optimal_thrust": 3689.760691214837, "impact_speed": 66.71213846291145, "time": 52.89897699061174}, "-53": {"optimal_thrust": 3682.2237621237655, "impact_speed": 67.72527778764082, "time": 53.11743003438937}, "-52": {"optimal_thrust": 3674.414104421224, "impact_speed": 68.74439527207615, "time": 53.34224082292662}, "-51": {"optimal_thrust": 3667.1480307882516, "impact_speed": 69.60881910241973, "time": 53.5733984327723}, "-50": {"optimal_thrust": 3660.5102178006287, "impact_speed": 70.26627473620779, "time": 53.810946334509666}, "-49": {"optimal_thrust": 3653.0586700130184, "impact_speed": 70.976190074364, "time": 54.054895142416214}, "-48": {"optimal_thrust": 3644.804952832311, "impact_speed": 71.7268015595238, "time": 54.305275791543124}, "-47": {"optimal_thrust": 3635.7618090878295, "impact_speed": 72.50326707656292, "time": 54.56214005759598}, "-46": {"optimal_thrust": 3625.9426007565776, "impact_speed": 73.32929365203283, "time": 54.8255038142394}, "-45": {"optimal_thrust": 3615.3607514360397, "impact_speed": 74.90895484603786, "time": 55.09537920397495}, "-44": {"optimal_thrust": 3604.030854428664, "impact_speed": 76.55820323777729, "time": 55.37177771500245}, "-43": {"optimal_thrust": 3591.967677529267, "impact_speed": 78.26919766379781, "time": 55.65471103373331}, "-42": {"optimal_thrust": 3579.1877843640796, "impact_speed": 80.03617170938827, "time": 55.9441918695107}, "-41": {"optimal_thrust": 3565.7064058810865, "impact_speed": 81.8540925837641, "time": 56.24023490744777}, "-40": {"optimal_thrust": 3551.5421466164867, "impact_speed": 83.71752725294981, "time": 56.542858165301524}, "-39": {"optimal_thrust": 3536.7118875007427, "impact_speed": 85.62178169773665, "time": 56.8520846747979}, "-38": {"optimal_thrust": 3523.96704689855, "impact_speed": 87.12169769449693, "time": 57.167961135785426}, "-37": {"optimal_thrust": 3518.2371175321437, "impact_speed": 87.42415084123652, "time": 57.49054897834238}, "-36": {"optimal_thrust": 3512.383939767257, "impact_speed": 87.66834634882129, "time": 57.81978957585055}, "-35": {"optimal_thrust": 3504.3760803849423, "impact_speed": 88.26483509251241, "time": 58.155484589476785}, "-34": {"optimal_thrust": 3494.4280576824817, "impact_speed": 89.23371608849205, "time": 58.497230708298396}, "-33": {"optimal_thrust": 3487.181747849219, "impact_speed": 89.63502093462093, "time": 58.84495599807402}, "-32": {"optimal_thrust": 3479.2673325604505, "impact_speed": 90.14577114458532, "time": 59.19899669222174}, "-31": {"optimal_thrust": 3471.4309459550072, "impact_speed": 90.61490039015762, "time": 59.55961839022465}, "-30": {"optimal_thrust": 3463.6699680775073, "impact_speed": 91.04305341924524, "time": 59.92687715707028}, "-29": {"optimal_thrust": 3455.990597857109, "impact_speed": 91.4290375973595, "time": 60.30074843505059}, "-28": {"optimal_thrust": 3448.403199454107, "impact_speed": 91.77085915482422, "time": 60.68118914514024}, "-27": {"optimal_thrust": 3438.676021586143, "impact_speed": 92.81099320855665, "time": 61.0681375601368}, "-26": {"optimal_thrust": 3431.473587741785, "impact_speed": 93.08822839401515, "time": 61.46158397220037}, "-25": {"optimal_thrust": 3424.4776098372135, "impact_speed": 93.29114435653568, "time": 61.86146706243139}, "-24": {"optimal_thrust": 3417.698128377651, "impact_speed": 93.40805914103636, "time": 62.26774167705859}, "-23": {"optimal_thrust": 3411.1356566208533, "impact_speed": 93.42744183062014, "time": 62.68036045580284}, "-22": {"optimal_thrust": 3404.7818149985856, "impact_speed": 93.33947796549569, "time": 63.09926882387689}, "-21": {"optimal_thrust": 3398.629634201274, "impact_speed": 93.13292306938568, "time": 63.52441189559408}, "-20": {"optimal_thrust": 3392.6734850070284, "impact_speed": 92.79669508118832, "time": 63.95573976883597}, "-19": {"optimal_thrust": 3386.9140684610015, "impact_speed": 92.31742727125462, "time": 64.39319808546928}, "-18": {"optimal_thrust": 3381.356889239074, "impact_speed": 91.68045364088383, "time": 64.83672743860534}, "-17": {"optimal_thrust": 3376.012625049737,