{"-90": {"optimal_thrust": 3802.0275331515704, "impact_speed": 49.816275700847235, "time": 48.920534529821886}, "-89": {"optimal_thrust": 3816.2072078266206, "impact_speed": 46.94739870265815, "time": 48.923284037908665}, "-88": {"optimal_thrust": 3811.2482825306442, "impact_speed": 47.98709480811049, "time": 48.92626812363649}, "-87": {"optimal_thrust": 3842.3510461234678, "impact_speed": 40.29889768570379, "time": 48.9476204068458}, "-86": {"optimal_thrust": 3870.170716853887, "impact_speed": 32.02948781795621, "time": 48.96711842565058}, "-85": {"optimal_thrust": 3909.0996304999117, "impact_speed": 14.1442799231111, "time": 48.9940113362347}, "-84": {"optimal_thrust": 3906.8376291519808, "impact_speed": 15.790880096897514, "time": 49.02889920422503}, "-83": {"optimal_thrust": 3864.111083149214, "impact_speed": 34.13842978079426, "time": 49.06466295095823}, "-82": {"optimal_thrust": 3792.735718277566, "impact_speed": 51.932469768113805, "time": 49.10654494022378}, "-81": {"optimal_thrust": 3804.8568428506996, "impact_speed": 49.36492802891546, "time": 49.15571218516831}, "-80": {"optimal_thrust": 3805.4302839756897, "impact_speed": 49.239205755301406, "time": 49.21095457879132}, "-79": {"optimal_thrust": 3805.6748003114953, "impact_speed": 49.16528858971554, "time": 49.27216500601616}, "-78": {"optimal_thrust": 3801.9153517721616, "impact_speed": 49.942545114754026, "time": 49.339165909262036}, "-77": {"optimal_thrust": 3798.075627896413, "impact_speed": 50.71088665744853, "time": 49.4127273383434}, "-76": {"optimal_thrust": 3794.6935948717432, "impact_speed": 51.36219123028496, "time": 49.49072629598383}, "-75": {"optimal_thrust": 3792.0769465278568, "impact_speed": 51.84147424347391, "time": 49.574877136928954}, "-74": {"optimal_thrust": 3789.9573204100825, "impact_speed": 52.21235441144015, "time": 49.663790608845474}, "-73": {"optimal_thrust": 3787.877273265262, "impact_speed": 52.572665555056645, "time": 49.75460041390652}, "-72": {"optimal_thrust": 3785.494269984137, "impact_speed": 52.992635585302246, "time": 49.837236576983656}, "-71": {"optimal_thrust": 3768.220564782629, "impact_speed": 56.27379257789093, "time": 49.960943720343316}, "-70": {"optimal_thrust": 3767.81551920753, "impact_speed": 56.29539958504443, "time": 50.082007111211595}, "-69": {"optimal_thrust": 3766.8388169252307, "impact_speed": 56.42849263966905, "time": 50.205456213220266}, "-68": {"optimal_thrust": 3765.3075342831953, "impact_speed": 56.66768836265961, "time": 50.33331974245655}, "-67": {"optimal_thrust": 3763.240215461713, "impact_speed": 57.006693416975835, "time": 50.46651097282958}, "-66": {"optimal_thrust": 3760.6572784566415, "impact_speed": 57.43840536296288, "time": 50.60548028209933}, "-65": {"optimal_thrust": 3757.5789805513764, "impact_speed": 57.95545267239675, "time": 50.75042052937421}, "-64": {"optimal_thrust": 3754.0238137601154, "impact_speed": 58.55062604273072, "time": 50.90139966211523}, "-63": {"optimal_thrust": 3750.010956880854, "impact_speed": 59.216527871687674, "time": 51.058437807831766}, "-62": {"optimal_thrust": 3745.5579470263306, "impact_speed": 59.94609706261594, "time": 51.2217973524449}, "-61": {"optimal_thrust": 3740.6818603458623, "impact_speed": 60.73245842651046, "time": 51.391558135102784}, "-60": {"optimal_thrust": 3735.400780931585, "impact_speed": 61.568712369183075, "time": 51.56765465149665}, "-59": {"optimal_thrust": 3729.7299469172885, "impact_speed": 62.44867511226339, "time": 51.75035589871612}, "-58": {"optimal_thrust": 3723.6860458335773, "impact_speed": 63.36612441120607, "time": 51.939685732389215}, "-57": {"optimal_thrust": 3717.2853948180086, "impact_speed": 64.31514761787292, "time": 52.13156627375197}, "-56": {"optimal_thrust": 3710.5435838738617, "impact_speed": 65.29020956248627, "time": 52.331118549578925}, "-55": {"optimal_thrust": 3703.476613023131, "impact_speed": 66.28594830815109, "time": 52.53763837116422}, "-54": {"optimal_thrust": 3696.1000188399894, "impact_speed": 67.2973229790026, "time": 52.75074567201634}, "-53": {"optimal_thrust": 3688.4302432504146, "impact_speed": 68.31935656760253, "time": 52.97032079541638}, "-52": {"optimal_thrust": 3680.4829481626252, "impact_speed": 69.34741821554417, "time": 53.19627563622936}, "-51": {"optimal_thrust": 3673.0889605309485, "impact_speed": 70.21940180275021, "time": 53.42863123468128}, "-50": {"optimal_thrust": 3666.334421729076, "impact_speed": 70.88257232258721, "time": 53.667423386242206}, "-49": {"optimal_thrust": 3658.751054504823, "impact_speed": 71.59883021104908, "time": 53.91266370536417}, "-48": {"optimal_thrust": 3650.3522212373896, "impact_speed": 72.3559345859142, "time": 54.164392953996135}, "-47": {"optimal_thrust": 3641.1498194160035, "impact_speed": 73.1391181011513, "time": 54.42265706516509}, "-46": {"optimal_thrust": 3631.1574774482406, "impact_speed": 73.97141537598831, "time": 54.68747095487716}, "-45": {"optimal_thrust": 3620.389253121015, "impact_speed": 75.56592486353499, "time": 54.958847919018694}, "-44": {"optimal_thrust": 3608.8596188767237, "impact_speed": 77.22972442311539, "time": 55.23680081728831}, "-43": {"optimal_thrust": 3596.5837806608943, "impact_speed": 78.9557638364352, "time": 55.52134292383705}, "-42": {"optimal_thrust": 3583.5785674318877, "impact_speed": 80.73826747462459, "time": 55.81248877952514}, "-41": {"optimal_thrust": 3569.8600290216405, "impact_speed": 82.57205385032896, "time": 56.110255230875595}, "-40": {"optimal_thrust": 3555.445882224025, "impact_speed": 84.45189436713117, "time": 56.41466290266091}, "-39": {"optimal_thrust": 3540.3543615938584, "impact_speed": 86.37284258335012, "time": 56.72573798516988}, "-38": {"optimal_thrust": 3527.3850896016447, "impact_speed": 87.88589278735797, "time": 57.043530513741864}, "-37": {"optimal_thrust": 3521.5538498312117, "impact_speed": 88.19105687760882, "time": 57.36810132229136}, "-36": {"optimal_thrust": 3514.6235581158608, "impact_speed": 88.61735844004518, "time": 57.69936324246194}, "-35": {"optimal_thrust": 3507.4486861288115, "impact_speed": 89.03909650168183, "time": 58.037074751226704}, "-34": {"optimal_thrust": 3497.3253555177475, "impact_speed": 90.01647991786358, "time": 58.380812111046694}, "-33": {"optimal_thrust": 3489.9514488965183, "impact_speed": 90.42128594873702, "time": 58.730651019791445}, "-32": {"optimal_thrust": 3481.897607098031, "impact_speed": 90.93650825488956, "time": 59.086958383009595}, "-31": {"optimal_thrust": 3473.9230698233605, "impact_speed": 91.4097688370752, "time": 59.44994780947764}, "-30": {"optimal_thrust": 3466.0253460218682, "impact_speed": 91.84167518658707, "time": 59.81964786378508}, "-29": {"optimal_thrust": 3458.2108974108783, "impact_speed": 92.23097057325583, "time": 60.196027333832085}, "-28": {"optimal_thrust": 3450.489379635679, "impact_speed": 92.57592910877152, "time": 60.579043168035625}, "-27": {"optimal_thrust": 3440.59092503786, "impact_speed": 93.62514236355935, "time": 60.96863493184619}, "-26": {"optimal_thrust": 3433.26172487403, "impact_speed": 93.90475999487195, "time": 61.36479501615577}, "-25": {"optimal_thrust": 3426.1420522537105, "impact_speed": 94.1096173443805, "time": 61.76746329137936}, "-24": {"optimal_thrust": 3419.243353472093, "impact_speed": 94.22746706439555, "time": 62.17659583081987}, "-23": {"optimal_thrust": 3412.5651823175044, "impact_speed": 94.24705962601814, "time": 62.59214570430054}, "-22": {"optimal_thrust": 3406.0996058361366, "impact_speed": 94.15819817766685, "time": 63.014057881271405}, "-21": {"optimal_thrust": 3399.83869504966, "impact_speed": 93.95006979916516, "time": 63.442281970912376}, "-20": {"optimal_thrust": 3393.777717618738, "impact_speed": 93.61082174670793, "time": 63.87676911235135}, "-19": {"optimal_thrust": 3387.916673543372, "impact_speed": 93.12756221436138, "time": 64.31746497154609}, "-18": {"optimal_thrust": 3382.2616384396724, "impact_speed": 92.48500065252148, "time": 64.764307664347}, "-17": {"optimal_thrust": 3376.823163248727,