{"-90": {"optimal_thrust": 3808.02186621955, "impact_speed": 50.72392197762074, "time": 48.755759977821576}, "-89": {"optimal_thrust": 3824.6998025243056, "impact_speed": 47.35562451151637, "time": 48.758438481208174}, "-88": {"optimal_thrust": 3819.654151640065, "impact_speed": 48.40438650311154, "time": 48.761930621210325}, "-87": {"optimal_thrust": 3851.2999885525073, "impact_speed": 40.649388856260174, "time": 48.78295230482877}, "-86": {"optimal_thrust": 3879.605860998998, "impact_speed": 32.3079962876667, "time": 48.80245020340561}, "-85": {"optimal_thrust": 3919.215094800495, "impact_speed": 14.26698678939547, "time": 48.82947605482042}, "-84": {"optimal_thrust": 3916.9128096044474, "impact_speed": 15.92845918245986, "time": 48.86454538089411}, "-83": {"optimal_thrust": 3873.4405685008114, "impact_speed": 34.435220054456494, "time": 48.90034735212709}, "-82": {"optimal_thrust": 3800.818088542094, "impact_speed": 52.38409680391038, "time": 48.942425337860115}, "-81": {"optimal_thrust": 3813.1508479161334, "impact_speed": 49.794248715272595, "time": 48.99179855706663}, "-80": {"optimal_thrust": 3813.7348426810827, "impact_speed": 49.667317412972174, "time": 49.04726710452064}, "-79": {"optimal_thrust": 3813.9833176257684, "impact_speed": 49.59282487486343, "time": 49.108727141610274}, "-78": {"optimal_thrust": 3810.158568416594, "impact_speed": 50.37676244627757, "time": 49.175996157708255}, "-77": {"optimal_thrust": 3806.2512460875896, "impact_speed": 51.15189696553384, "time": 49.25111093975918}, "-76": {"optimal_thrust": 3802.8105074489326, "impact_speed": 51.808788729766405, "time": 49.32816416158596}, "-75": {"optimal_thrust": 3800.1478088819035, "impact_speed": 52.2923100169773, "time": 49.41260840479773}, "-74": {"optimal_thrust": 3797.9913938395957, "impact_speed": 52.66636759502884, "time": 49.50164601403361}, "-73": {"optimal_thrust": 3795.8749685198495, "impact_speed": 53.029821184324696, "time": 49.59217160286621}, "-72": {"optimal_thrust": 3793.4503147965243, "impact_speed": 53.45344843549457, "time": 49.67862441590421}, "-71": {"optimal_thrust": 3775.8745356231493, "impact_speed": 56.76320335400928, "time": 49.80156213849974}, "-70": {"optimal_thrust": 3775.462967469827, "impact_speed": 56.784894740729776, "time": 49.92249117105882}, "-69": {"optimal_thrust": 3774.469188854806, "impact_speed": 56.91914816019637, "time": 50.04619861412524}, "-68": {"optimal_thrust": 3772.910789383049, "impact_speed": 57.16049332730546, "time": 50.17448593393825}, "-67": {"optimal_thrust": 3770.807408859952, "impact_speed": 57.50243715324856, "time": 50.30820277416385}, "-66": {"optimal_thrust": 3768.179817489646, "impact_speed": 57.93781687287079, "time": 50.44776117379568}, "-65": {"optimal_thrust": 3765.047603135911, "impact_speed": 58.45938799449965, "time": 50.593333729949016}, "-64": {"optimal_thrust": 3761.4301403350164, "impact_speed": 59.05977349264557, "time": 50.74497939234708}, "-63": {"optimal_thrust": 3757.3470686927053, "impact_speed": 59.73148812743478, "time": 50.90272704771003}, "-62": {"optimal_thrust": 3752.816030087651, "impact_speed": 60.467446292692344, "time": 51.06687261852336}, "-61": {"optimal_thrust": 3747.8554447949314, "impact_speed": 61.26052384124289, "time": 51.23743540285683}, "-60": {"optimal_thrust": 3742.481823361468, "impact_speed": 62.10410320254103, "time": 51.41437637147975}, "-59": {"optimal_thrust": 3736.711924684872, "impact_speed": 62.991719979028645, "time": 51.59805660648242}, "-58": {"optimal_thrust": 3730.5628779741974, "impact_speed": 63.917072271065585, "time": 51.787814398047104}, "-57": {"optimal_thrust": 3724.0499028662625, "impact_speed": 64.8744404906476, "time": 51.9806338672915}, "-56": {"optimal_thrust": 3717.190731786387, "impact_speed": 65.85791108539195, "time": 52.181309916934175}, "-55": {"optimal_thrust": 3709.999999384241, "impact_speed": 66.86236534239345, "time": 52.3888828945805}, "-54": {"optimal_thrust": 3702.495049093517, "impact_speed": 67.88244780944518, "time": 52.603066550417665}, "-53": {"optimal_thrust": 3694.6910832060403, "impact_speed": 68.91340783655987, "time": 52.82374902938527}, "-52": {"optimal_thrust": 3686.604877929662, "impact_speed": 69.95042602243613, "time": 53.05083698709561}, "-51": {"optimal_thrust": 3679.0819497837683, "impact_speed": 70.82995168789006, "time": 53.28437823848993}, "-50": {"optimal_thrust": 3672.2090948209116, "impact_speed": 71.49895361019037, "time": 53.52440210522941}, "-49": {"optimal_thrust": 3664.4932690470055, "impact_speed": 72.22144184328486, "time": 53.77092166911804}, "-48": {"optimal_thrust": 3655.9475883228974, "impact_speed": 72.9851811990805, "time": 54.023988170549586}, "-47": {"optimal_thrust": 3646.584393185581, "impact_speed": 73.77526010110662, "time": 54.28363884301926}, "-46": {"optimal_thrust": 3636.4175738557287, "impact_speed": 74.61631164523278, "time": 54.54988942535201}, "-45": {"optimal_thrust": 3625.4613135841573, "impact_speed": 76.22310415789948, "time": 54.82275442197147}, "-44": {"optimal_thrust": 3613.7304023303063, "impact_speed": 77.90129936694552, "time": 55.10224811861196}, "-43": {"optimal_thrust": 3601.240172323418, "impact_speed": 79.64233718197015, "time": 55.388385428808995}, "-42": {"optimal_thrust": 3588.0079090793215, "impact_speed": 81.44031576750473, "time": 55.6811827901733}, "-41": {"optimal_thrust": 3574.0495927068414, "impact_speed": 83.29008198331401, "time": 55.980659290801434}, "-40": {"optimal_thrust": 3559.3833260687, "impact_speed": 85.18633074863486, "time": 56.286838283554786}, "-39": {"optimal_thrust": 3544.0288729646068, "impact_speed": 87.1238660563164, "time": 56.59974921321296}, "-38": {"optimal_thrust": 3530.8329366096727, "impact_speed": 88.65009579619063, "time": 56.919445177095234}, "-37": {"optimal_thrust": 3524.899941582761, "impact_speed": 88.95789473650797, "time": 57.24598420091266}, "-36": {"optimal_thrust": 3518.839409004291, "impact_speed": 89.2064071213941, "time": 57.57925540785441}, "-35": {"optimal_thrust": 3510.5479636597893, "impact_speed": 89.81339086169659, "time": 57.91893319372706}, "-34": {"optimal_thrust": 3500.2479132214416, "impact_speed": 90.79925275895164, "time": 58.26465068641626}, "-33": {"optimal_thrust": 3492.7455793437516, "impact_speed": 91.2074979782254, "time": 58.616614383278815}, "-32": {"optimal_thrust": 3484.5505823704316, "impact_speed": 91.72730988980429, "time": 58.97518735439468}, "-31": {"optimal_thrust": 3476.4367468635155, "impact_speed": 92.20469184262166, "time": 59.34053348426617}, "-30": {"optimal_thrust": 3468.4013857315495, "impact_speed": 92.64027145405382, "time": 59.71266079721434}, "-29": {"optimal_thrust": 3460.4501302958624, "impact_speed": 93.03304604921003, "time": 60.09153405103942}, "-28": {"optimal_thrust": 3452.5939798907107, "impact_speed": 93.3809295795024, "time": 60.47711092254391}, "-27": {"optimal_thrust": 3442.5227759732243, "impact_speed": 94.43922118873333, "time": 60.86933238038882}, "-26": {"optimal_thrust": 3435.0651484423183, "impact_speed": 94.72140672252884, "time": 61.2681929080334}, "-25": {"optimal_thrust": 3427.8214589887148, "impact_speed": 94.92792226918759, "time": 61.67363355253103}, "-24": {"optimal_thrust": 3420.802199363441, "impact_speed": 95.04681868191832, "time": 62.085611559713215}, "-23": {"optimal_thrust": 3414.007369254158, "impact_speed": 95.06658484217395, "time": 62.50407976467949}, "-22": {"optimal_thrust": 3407.4287809051602, "impact_speed": 94.9769965612055, "time": 62.92898442322476}, "-21": {"optimal_thrust": 3401.058693404176, "impact_speed": 94.7669265331929, "time": 63.360278941069936}, "-20": {"optimal_thrust": 3394.8920571797407, "impact_speed": 94.42450347445444, "time": 63.79791500298513}, "-19": {"optimal_thrust": 3388.928425362619, "impact_speed": 93.93721108502056, "time": 64.24183927323159}, "-18": {"optimal_thrust": 3383.1743174184953, "impact_speed": 93.28949869500974, "time": 64.69198243041457}, "-17": {"optimal_thrust": 3377.641186918494,