{"-90": {"optimal_thrust": 3814.0197172085755, "impact_speed": 51.63324674566309, "time": 48.59177011841314}, "-89": {"optimal_thrust": 3833.265687327069, "impact_speed": 47.76390411794548, "time": 48.59436552702027}, "-88": {"optimal_thrust": 3828.132747430785, "impact_speed": 48.82168925524117, "time": 48.598320937869}, "-87": {"optimal_thrust": 3860.326495960935, "impact_speed": 40.99985744322616, "time": 48.61905724215608}, "-86": {"optimal_thrust": 3889.1224295090074, "impact_speed": 32.5865919733536, "time": 48.638551804823706}, "-85": {"optimal_thrust": 3929.4174806103956, "impact_speed": 14.390190533240316, "time": 48.66570879072032}, "-84": {"optimal_thrust": 3927.0755935951343, "impact_speed": 16.065786603555377, "time": 48.70095516237772}, "-83": {"optimal_thrust": 3882.8506476557877, "impact_speed": 34.73206685064599, "time": 48.736797692213386}, "-82": {"optimal_thrust": 3808.9705485617533, "impact_speed": 52.83570063917929, "time": 48.77906745380612}, "-81": {"optimal_thrust": 3821.5173127923968, "impact_speed": 50.223430039598135, "time": 48.82864321202232}, "-80": {"optimal_thrust": 3822.1107842522065, "impact_speed": 50.095540309506006, "time": 48.884334331580995}, "-79": {"optimal_thrust": 3822.363730819743, "impact_speed": 50.02036947772259, "time": 48.946040133933494}, "-78": {"optimal_thrust": 3818.472727129147, "impact_speed": 50.811070330747825, "time": 49.01357516751841}, "-77": {"optimal_thrust": 3814.498053167123, "impact_speed": 51.59282326471825, "time": 49.09104991603286}, "-76": {"optimal_thrust": 3810.997633391215, "impact_speed": 52.25539931456704, "time": 49.166332491140025}, "-75": {"optimal_thrust": 3808.288884680031, "impact_speed": 52.74307770786761, "time": 49.2510634751851}, "-74": {"optimal_thrust": 3806.0951887209394, "impact_speed": 53.12034832959328, "time": 49.3401868331283}, "-73": {"optimal_thrust": 3803.941923373927, "impact_speed": 53.48697371536169, "time": 49.430340069534374}, "-72": {"optimal_thrust": 3801.4752505260494, "impact_speed": 53.9142597584307, "time": 49.52052398971693}, "-71": {"optimal_thrust": 3783.595612382974, "impact_speed": 57.25245798207754, "time": 49.64276908831367}, "-70": {"optimal_thrust": 3783.1761056767905, "impact_speed": 57.274487255774226, "time": 49.76362779992192}, "-69": {"optimal_thrust": 3782.165250714559, "impact_speed": 57.40987356094892, "time": 49.88761012824805}, "-68": {"optimal_thrust": 3780.5800516011072, "impact_speed": 57.65326478645239, "time": 50.01632678715794}, "-67": {"optimal_thrust": 3778.4403443020606, "impact_speed": 57.99813878771693, "time": 50.150567764882425}, "-66": {"optimal_thrust": 3775.7672158926475, "impact_speed": 58.437278924687206, "time": 50.29070967281358}, "-65": {"optimal_thrust": 3772.580643866031, "impact_speed": 58.96336865545941, "time": 50.436906777284875}, "-64": {"optimal_thrust": 3768.900884948192, "impact_speed": 59.56886708666342, "time": 50.58921014652593}, "-63": {"optimal_thrust": 3764.7468726340844, "impact_speed": 60.24641613655296, "time": 50.747666461643036}, "-62": {"optimal_thrust": 3760.1378054129113, "impact_speed": 60.98864136457447, "time": 50.91258513687925}, "-61": {"optimal_thrust": 3755.0907594270448, "impact_speed": 61.7886573592323, "time": 51.08393833207537}, "-60": {"optimal_thrust": 3749.624331385222, "impact_speed": 62.639465920307586, "time": 51.2617189261112}, "-59": {"optimal_thrust": 3743.7543944838644, "impact_speed": 63.534757328754196, "time": 51.4463903621983}, "-58": {"optimal_thrust": 3737.4988586023856, "impact_speed": 64.46808925083396, "time": 51.63640986510158}, "-57": {"optimal_thrust": 3730.8736489858566, "impact_speed": 65.4336159133105, "time": 51.83032289573652}, "-56": {"optimal_thrust": 3723.8951892258624, "impact_speed": 66.42565507079, "time": 52.03208477945717}, "-55": {"optimal_thrust": 3716.580060746004, "impact_speed": 67.4387480814283, "time": 52.240694328550205}, "-54": {"optimal_thrust": 3708.9448263104796, "impact_speed": 68.46768236789359, "time": 52.45593847424189}, "-53": {"optimal_thrust": 3701.005910486646, "impact_speed": 69.50749825817418, "time": 52.67771209365995}, "-52": {"optimal_thrust": 3692.7797685706805, "impact_speed": 70.55344167832403, "time": 52.905923472962954}, "-51": {"optimal_thrust": 3685.1262388600635, "impact_speed": 71.44061270513183, "time": 53.140638104149694}, "-50": {"optimal_thrust": 3678.134609241276, "impact_speed": 72.11533929070579, "time": 53.38188122364762}, "-49": {"optimal_thrust": 3670.2854945616887, "impact_speed": 72.84398176572182, "time": 53.62966929979255}, "-48": {"optimal_thrust": 3661.5916227792136, "impact_speed": 73.61435570790908, "time": 53.88406017730829}, "-47": {"optimal_thrust": 3652.0662351095257, "impact_speed": 74.41127531729373, "time": 54.145084188458966}, "-46": {"optimal_thrust": 3641.7236503094678, "impact_speed": 75.2574997803456, "time": 54.41275809215636}, "-45": {"optimal_thrust": 3630.5775672469426, "impact_speed": 76.8801218389067, "time": 54.687097652476425}, "-44": {"optimal_thrust": 3618.6432047894123, "impact_speed": 78.57292668958569, "time": 54.968118631657525}, "-43": {"optimal_thrust": 3605.936991522401, "impact_speed": 80.32888085661976, "time": 55.25583764115143}, "-42": {"optimal_thrust": 3592.4753772361655, "impact_speed": 82.14241370641989, "time": 55.55027307251203}, "-41": {"optimal_thrust": 3578.275552353376, "impact_speed": 84.00808597434866, "time": 55.851446350867754}, "-40": {"optimal_thrust": 3563.3554358655506, "impact_speed": 85.92066395870899, "time": 56.15938366669959}, "-39": {"optimal_thrust": 3547.7349182118055, "impact_speed": 87.87493610348895, "time": 56.474117778330694}, "-38": {"optimal_thrust": 3534.3105879226337, "impact_speed": 89.41430651804986, "time": 56.795704419715946}, "-37": {"optimal_thrust": 3528.2745531494024, "impact_speed": 89.72481031632837, "time": 57.12419582017726}, "-36": {"optimal_thrust": 3522.109260651216, "impact_speed": 89.9754343306898, "time": 57.45944209409614}, "-35": {"optimal_thrust": 3513.6744859441615, "impact_speed": 90.58760237752053, "time": 57.801057717244234}, "-34": {"optimal_thrust": 3503.195994923965, "impact_speed": 91.58198018937533, "time": 58.14875267962932}, "-33": {"optimal_thrust": 3495.563504769443, "impact_speed": 91.99379748009585, "time": 58.50285013382985}, "-32": {"optimal_thrust": 3487.2269675643734, "impact_speed": 92.51800738095531, "time": 58.86368411410139}, "-31": {"optimal_thrust": 3478.9722941743603, "impact_speed": 92.99958712665186, "time": 59.23137467846891}, "-30": {"optimal_thrust": 3470.7980197094334, "impact_speed": 93.43886168274979, "time": 59.60591500907272}, "-29": {"optimal_thrust": 3462.709126980556, "impact_speed": 93.8350053278802, "time": 59.98726771792875}, "-28": {"optimal_thrust": 3454.716683008463, "impact_speed": 94.18597068162107, "time": 60.375391654029265}, "-27": {"optimal_thrust": 3444.470934467413, "impact_speed": 95.25343076164975, "time": 60.770229261977214}, "-26": {"optimal_thrust": 3436.8844336327293, "impact_speed": 95.53796743673078, "time": 61.17177710709804}, "-25": {"optimal_thrust": 3429.515321558919, "impact_speed": 95.74626022552087, "time": 61.57997737286895}, "-24": {"optimal_thrust": 3422.3746705191697, "impact_speed": 95.86611345925832, "time": 61.99478840696928}, "-23": {"optimal_thrust": 3415.4619001559035, "impact_speed": 95.88618382903536, "time": 62.41616227014662}, "-22": {"optimal_thrust": 3408.7697240992115, "impact_speed": 95.79563404850794, "time": 62.84404837897057}, "-21": {"optimal_thrust": 3402.2892455216725, "impact_speed": 95.58379091966195, "time": 63.27840270975784}, "-20": {"optimal_thrust": 3396.0156067774733, "impact_speed": 95.23860425477375, "time": 63.719177277663775}, "-19": {"optimal_thrust": 3389.9490036344737, "impact_speed": 94.74677941297911, "time": 64.16631818611616}, "-18": {"optimal_thrust": 3384.095442255191, "impact_speed": 94.0931081406263, "time": 64.61975184142852}, "-17": {"optimal_thrust": 3378.466180221379,