{"-90": {"optimal_thrust": 3820.0201828674935, "impact_speed": 52.544361936900444, "time": 48.428563539524866}, "-89": {"optimal_thrust": 3841.9051292287086, "impact_speed": 48.17217664125929, "time": 48.43106209526026}, "-88": {"optimal_thrust": 3836.6841202707137, "impact_speed": 49.238991940871394, "time": 48.43544030396401}, "-87": {"optimal_thrust": 3869.4306655570526, "impact_speed": 41.35027903531912, "time": 48.45593256769142}, "-86": {"optimal_thrust": 3898.7211063129134, "impact_speed": 32.86504982515927, "time": 48.47542017320314}, "-85": {"optimal_thrust": 3939.707814119727, "impact_speed": 14.513114260251735, "time": 48.502706471627114}, "-84": {"optimal_thrust": 3937.3256905256717, "impact_speed": 16.20306164803135, "time": 48.53812537120109}, "-83": {"optimal_thrust": 3892.3414915644616, "impact_speed": 35.02891631262466, "time": 48.574010857191496}, "-82": {"optimal_thrust": 3817.1931201457855, "impact_speed": 53.28727747116141, "time": 48.61646827431374}, "-81": {"optimal_thrust": 3829.9550372844787, "impact_speed": 50.65272965252851, "time": 48.66624317358467}, "-80": {"optimal_thrust": 3830.5591128106284, "impact_speed": 50.52365874828962, "time": 48.72215332901283}, "-79": {"optimal_thrust": 3830.8164805813053, "impact_speed": 50.447828651675934, "time": 48.784101081539205}, "-78": {"optimal_thrust": 3826.8584424684273, "impact_speed": 51.2453382720983, "time": 48.85189956915847}, "-77": {"optimal_thrust": 3822.8157298650867, "impact_speed": 52.033733159885756, "time": 48.928705348248414}, "-76": {"optimal_thrust": 3819.2547981867096, "impact_speed": 52.70205792047131, "time": 49.00522865821217}, "-75": {"optimal_thrust": 3816.4996820811393, "impact_speed": 53.193877409393, "time": 49.090237484521374}, "-74": {"optimal_thrust": 3814.2683155066347, "impact_speed": 53.574374776196734, "time": 49.17940840588529}, "-73": {"optimal_thrust": 3812.078137468536, "impact_speed": 53.94412329776199, "time": 49.269107577617994}, "-72": {"optimal_thrust": 3809.5688814827795, "impact_speed": 54.37510794748617, "time": 49.3629493480966}, "-71": {"optimal_thrust": 3791.382041430656, "impact_speed": 57.74188321504736, "time": 49.48457258763047}, "-70": {"optimal_thrust": 3790.955960687159, "impact_speed": 57.76398515694111, "time": 49.60541932949983}, "-69": {"optimal_thrust": 3789.927957026164, "impact_speed": 57.90049076155256, "time": 49.729691022054645}, "-68": {"optimal_thrust": 3788.315200114908, "impact_speed": 58.14602589001433, "time": 49.85884129644464}, "-67": {"optimal_thrust": 3786.138704237659, "impact_speed": 58.493857852849814, "time": 49.99360423042225}, "-66": {"optimal_thrust": 3783.4194017634954, "impact_speed": 58.93680341921324, "time": 50.1343237362511}, "-65": {"optimal_thrust": 3780.178523953009, "impact_speed": 59.467316658954665, "time": 50.28113752701519}, "-64": {"optimal_thrust": 3776.4353213481527, "impact_speed": 60.07803986249691, "time": 50.434089790076534}, "-63": {"optimal_thrust": 3772.210192170112, "impact_speed": 60.76134450016172, "time": 50.59325332102751}, "-62": {"optimal_thrust": 3767.5217525393646, "impact_speed": 61.5099578764366, "time": 50.75893228624081}, "-61": {"optimal_thrust": 3762.3884225293687, "impact_speed": 62.31674761413303, "time": 50.93106499357225}, "-60": {"optimal_thrust": 3756.8275956980738, "impact_speed": 63.174926083828844, "time": 51.109682009435055}, "-59": {"optimal_thrust": 3750.8573749082, "impact_speed": 64.07778410168646, "time": 51.29535065929183}, "-58": {"optimal_thrust": 3744.494394911619, "impact_speed": 65.01910279805293, "time": 51.485557591363055}, "-57": {"optimal_thrust": 3737.755271420011, "impact_speed": 65.99291271844997, "time": 51.68062435459262}, "-56": {"optimal_thrust": 3730.6570810804587, "impact_speed": 66.99341884164032, "time": 51.88343741546656}, "-55": {"optimal_thrust": 3723.2166013541937, "impact_speed": 68.01513130422164, "time": 52.09307056431781}, "-54": {"optimal_thrust": 3715.4503057747797, "impact_speed": 69.0528574704854, "time": 52.309360064316664}, "-53": {"optimal_thrust": 3707.3750425839667, "impact_speed": 70.10157094601101, "time": 52.53220772195084}, "-52": {"optimal_thrust": 3699.007357223602, "impact_speed": 71.15651204402535, "time": 52.761533685666414}, "-51": {"optimal_thrust": 3691.222712802079, "impact_speed": 72.05121672233903, "time": 52.99740949600743}, "-50": {"optimal_thrust": 3684.1109647264993, "impact_speed": 72.73172930661828, "time": 53.23985946711134}, "-49": {"optimal_thrust": 3676.126900322642, "impact_speed": 73.46665183144566, "time": 53.48890540358619}, "-48": {"optimal_thrust": 3667.284007144455, "impact_speed": 74.24356111301366, "time": 53.74460770477449}, "-47": {"optimal_thrust": 3657.5954007338933, "impact_speed": 75.04713492347649, "time": 54.00699189694771}, "-46": {"optimal_thrust": 3647.074890708174, "impact_speed": 75.90192994051938, "time": 54.27607581581629}, "-45": {"optimal_thrust": 3635.7376968986337, "impact_speed": 77.53716322442915, "time": 54.55187654810669}, "-44": {"optimal_thrust": 3623.5986656895807, "impact_speed": 79.24438654881925, "time": 54.83441137614817}, "-43": {"optimal_thrust": 3610.6740424198197, "impact_speed": 81.01544682530965, "time": 55.12369865397023}, "-42": {"optimal_thrust": 3596.9814037087135, "impact_speed": 82.84446499886526, "time": 55.41975880449405}, "-41": {"optimal_thrust": 3582.537394891524, "impact_speed": 84.72616618261695, "time": 55.72261566892999}, "-40": {"optimal_thrust": 3567.361767391936, "impact_speed": 86.65497510875001, "time": 56.03229839833473}, "-39": {"optimal_thrust": 3551.4724287009253, "impact_speed": 88.6260627648978, "time": 56.348843081590644}, "-38": {"optimal_thrust": 3537.8179160904187, "impact_speed": 90.1785449093378, "time": 56.67230742986419}, "-37": {"optimal_thrust": 3531.678524168525, "impact_speed": 90.49165871245287, "time": 57.00273401750504}, "-36": {"optimal_thrust": 3524.3818157621263, "impact_speed": 90.92910024803633, "time": 57.33991823117775}, "-35": {"optimal_thrust": 3516.8277395850505, "impact_speed": 91.36183528158027, "time": 57.68344831579254}, "-34": {"optimal_thrust": 3506.169079164429, "impact_speed": 92.36476944449079, "time": 58.03312421294543}, "-33": {"optimal_thrust": 3498.4058595950687, "impact_speed": 92.7800443107481, "time": 58.389361055174625}, "-32": {"optimal_thrust": 3489.9259929810723, "impact_speed": 93.30878310450464, "time": 58.75244864801198}, "-31": {"optimal_thrust": 3481.5298471661376, "impact_speed": 93.79442114889261, "time": 59.12247056197671}, "-30": {"optimal_thrust": 3473.2151195471984, "impact_speed": 94.2374815032394, "time": 59.49940958029228}, "-29": {"optimal_thrust": 3464.987245676841, "impact_speed": 94.63704679129172, "time": 59.88322750762379}, "-28": {"optimal_thrust": 3456.857610152658, "impact_speed": 94.99101035325509, "time": 60.27388466038275}, "-27": {"optimal_thrust": 3446.4362364922663, "impact_speed": 96.0675096409271, "time": 60.67132498506877}, "-26": {"optimal_thrust": 3438.7194514443336, "impact_speed": 96.35448839670948, "time": 61.07554710114087}, "-25": {"optimal_thrust": 3431.2237690708503, "impact_speed": 96.56458083244681, "time": 61.48649431125023}, "-24": {"optimal_thrust": 3423.960253751487, "impact_speed": 96.68557805114362, "time": 61.90412583246681}, "-23": {"optimal_thrust": 3416.9292257758743, "impact_speed": 96.70562372541976, "time": 62.328393051750275}, "-22": {"optimal_thrust": 3410.1216676512345, "impact_speed": 96.61458482771754, "time": 62.75924965840053}, "-21": {"optimal_thrust": 3403.5302219602318, "impact_speed": 96.40075983327925, "time": 63.1966531603837}, "-20": {"optimal_thrust": 3397.1488796696913, "impact_speed": 96.05262967196462, "time": 63.64055575724242}, "-19": {"optimal_thrust": 3390.977895055768, "impact_speed": 95.55689391197247, "time": 64.09090117010076}, "-18": {"optimal_thrust": 3385.0239201446107, "impact_speed": 94.89761717493704, "time": 64.5476159768143}, "-17": {"optimal_thrust": 3379.2982093663554,