{"-90": {"optimal_thrust": 3826.023285497223, "impact_speed": 53.45718896610769, "time": 48.26616055204396}, "-89": {"optimal_thrust": 3850.6182514241864, "impact_speed": 48.58041503067619, "time": 48.26852510747329}, "-88": {"optimal_thrust": 3845.3082697793375, "impact_speed": 49.65629464291497, "time": 48.27328951434436}, "-87": {"optimal_thrust": 3878.612473246424, "impact_speed": 41.70066095824584, "time": 48.29357571154277}, "-86": {"optimal_thrust": 3908.40089027098, "impact_speed": 33.14369676031925, "time": 48.31305223920572}, "-85": {"optimal_thrust": 3950.085433280331, "impact_speed": 14.63625394992802, "time": 48.34046601476715}, "-84": {"optimal_thrust": 3947.6634180629017, "impact_speed": 16.34007655059132, "time": 48.37605285749646}, "-83": {"optimal_thrust": 3901.913320484569, "impact_speed": 35.325701401356056, "time": 48.41198373548781}, "-82": {"optimal_thrust": 3825.4853914104983, "impact_speed": 53.738910241446305, "time": 48.45462478028521}, "-81": {"optimal_thrust": 3838.4648313204225, "impact_speed": 51.08197453349009, "time": 48.50459546943562}, "-80": {"optimal_thrust": 3839.079020281799, "impact_speed": 50.951845230718874, "time": 48.56072136456438}, "-79": {"optimal_thrust": 3839.340736441963, "impact_speed": 50.87537933453347, "time": 48.62290707181835}, "-78": {"optimal_thrust": 3835.3155406194774, "impact_speed": 51.679603229555894, "time": 48.69096965469359}, "-77": {"optimal_thrust": 3831.2036193346926, "impact_speed": 52.474760625093715, "time": 48.76691164713422}, "-76": {"optimal_thrust": 3827.5821253550494, "impact_speed": 53.14873858355733, "time": 48.84485195999574}, "-75": {"optimal_thrust": 3824.780128597336, "impact_speed": 53.64472268943627, "time": 48.930125424736985}, "-74": {"optimal_thrust": 3822.510578149663, "impact_speed": 54.02848437613566, "time": 49.01930647625553}, "-73": {"optimal_thrust": 3820.283632751198, "impact_speed": 54.40126571180338, "time": 49.07868983579387}, "-72": {"optimal_thrust": 3817.7318951356233, "impact_speed": 54.835858464019026, "time": 49.20591311980553}, "-71": {"optimal_thrust": 3799.235504383309, "impact_speed": 58.23116782531151, "time": 49.32697970879275}, "-70": {"optimal_thrust": 3798.8019982355345, "impact_speed": 58.25348859501442, "time": 49.447867586039926}, "-69": {"optimal_thrust": 3797.7560365157865, "impact_speed": 58.39123532566002, "time": 49.57244124594402}, "-68": {"optimal_thrust": 3796.116090415387, "impact_speed": 58.63880334444098, "time": 49.70202827557394}, "-67": {"optimal_thrust": 3793.902754275514, "impact_speed": 58.989545420683555, "time": 49.83731036234923}, "-66": {"optimal_thrust": 3791.1370844069634, "impact_speed": 59.436259799669195, "time": 49.97860127836484}, "-65": {"optimal_thrust": 3787.8409463760986, "impact_speed": 59.97128655985837, "time": 50.12602381110192}, "-64": {"optimal_thrust": 3784.0341039826276, "impact_speed": 60.58717217046457, "time": 50.27961618670757}, "-63": {"optimal_thrust": 3779.737151494754, "impact_speed": 61.27625103877956, "time": 50.43948488305046}, "-62": {"optimal_thrust": 3774.9688983111027, "impact_speed": 62.031210830330515, "time": 50.605911533493604}, "-61": {"optimal_thrust": 3769.748257466626, "impact_speed": 62.84482675438348, "time": 50.77881356179664}, "-60": {"optimal_thrust": 3764.0928388625516, "impact_speed": 63.710267858418675, "time": 50.95826561735759}, "-59": {"optimal_thrust": 3758.0208662739415, "impact_speed": 64.62080050965245, "time": 51.14491864488839}, "-58": {"optimal_thrust": 3751.5495925529012, "impact_speed": 65.57009478496094, "time": 51.33531263508517}, "-57": {"optimal_thrust": 3744.695600331007, "impact_speed": 66.55218527599183, "time": 51.53153060544805}, "-56": {"optimal_thrust": 3737.4764789085016, "impact_speed": 67.56118962833101, "time": 51.73536362992175}, "-55": {"optimal_thrust": 3729.909674661469, "impact_speed": 68.59150581766733, "time": 51.946010885228134}, "-54": {"optimal_thrust": 3722.0111165945887, "impact_speed": 69.63803867627323, "time": 52.16332969784167}, "-53": {"optimal_thrust": 3713.798144998738, "impact_speed": 70.69568473733231, "time": 52.3872355605904}, "-52": {"optimal_thrust": 3705.288349113688, "impact_speed": 71.75951054437715, "time": 52.61766621747702}, "-51": {"optimal_thrust": 3697.3713713385414, "impact_speed": 72.66176522674661, "time": 52.85469106895252}, "-50": {"optimal_thrust": 3690.1381775299233, "impact_speed": 73.34812023539054, "time": 53.098335556913945}, "-49": {"optimal_thrust": 3682.0185791714352, "impact_speed": 74.08918782652667, "time": 53.34862866423893}, "-48": {"optimal_thrust": 3673.0248780869306, "impact_speed": 74.8727534491638, "time": 53.605629485948796}, "-47": {"optimal_thrust": 3663.171129800357, "impact_speed": 75.68327800398792, "time": 53.869360761325915}, "-46": {"optimal_thrust": 3652.471723644887, "impact_speed": 76.5458961828805, "time": 54.13984146700098}, "-45": {"optimal_thrust": 3640.941576618692, "impact_speed": 78.19429906469601, "time": 54.41709005068577}, "-44": {"optimal_thrust": 3628.596089286741, "impact_speed": 79.9159189208014, "time": 54.70112536665443}, "-43": {"optimal_thrust": 3615.451508077087, "impact_speed": 81.70198705833003, "time": 54.99196756461689}, "-42": {"optimal_thrust": 3601.5255569568685, "impact_speed": 83.54656499439106, "time": 55.28963915977407}, "-41": {"optimal_thrust": 3586.8361351031967, "impact_speed": 85.4441250619458, "time": 55.59416651142087}, "-40": {"optimal_thrust": 3571.4017963317724, "impact_speed": 87.38935661701373, "time": 55.905581818747756}, "-39": {"optimal_thrust": 3555.242430947477, "impact_speed": 89.37707815251133, "time": 56.223924503663895}, "-38": {"optimal_thrust": 3541.3551760657115, "impact_speed": 90.94277029802798, "time": 56.54925327036261}, "-37": {"optimal_thrust": 3535.110955766331, "impact_speed": 91.25859334495279, "time": 56.881596221215325}, "-36": {"optimal_thrust": 3528.733070417026, "impact_speed": 91.51350638372246, "time": 57.22069927335625}, "-35": {"optimal_thrust": 3520.007665059422, "impact_speed": 92.13610077590567, "time": 57.56610698859154}, "-34": {"optimal_thrust": 3509.1675595286606, "impact_speed": 93.14753957126972, "time": 57.9177707104782}, "-33": {"optimal_thrust": 3501.2720093991525, "impact_speed": 93.56637655872257, "time": 58.27614889387032}, "-32": {"optimal_thrust": 3492.647854787647, "impact_speed": 94.09958966679993, "time": 58.64148060975437}, "-31": {"optimal_thrust": 3484.10920990563, "impact_speed": 94.58924458887338, "time": 59.013820261960426}, "-30": {"optimal_thrust": 3475.652942097647, "impact_speed": 95.03605980172273, "time": 59.39314363282058}, "-29": {"optimal_thrust": 3467.2848719758035, "impact_speed": 95.43905193971847, "time": 59.779412650110594}, "-28": {"optimal_thrust": 3459.017024798415, "impact_speed": 95.79596016282315, "time": 60.17258928468081}, "-27": {"optimal_thrust": 3448.418101606573, "impact_speed": 96.88163883386267, "time": 60.57261898416537}, "-26": {"optimal_thrust": 3440.5698175119014, "impact_speed": 97.17110081646226, "time": 60.97950240593365}, "-25": {"optimal_thrust": 3432.946476471889, "impact_speed": 97.3830082095764, "time": 61.393183944792575}, "-24": {"optimal_thrust": 3425.5599708985396, "impact_speed": 97.5047635155868, "time": 61.813623233621996}, "-23": {"optimal_thrust": 3418.4087660958116, "impact_speed": 97.52520327194232, "time": 62.240771988752634}, "-22": {"optimal_thrust": 3411.485441969566, "impact_speed": 97.43333682250369, "time": 62.67458816997503}, "-21": {"optimal_thrust": 3404.7818149985856, "impact_speed": 97.21768766354135, "time": 63.11503015656337}, "-20": {"optimal_thrust": 3398.2916798093765, "impact_speed": 96.86676485323412, "time": 63.56205084122232}, "-19": {"optimal_thrust": 3392.01593330475, "impact_speed": 96.36653481504243, "time": 64.01558828859301}, "-18": {"optimal_thrust": 3385.9606478997507, "impact_speed": 95.70156631094011, "time": 64.47557491321463}, "-17": {"optimal_thrust": 3380.1372743534225,