{"-90": {"optimal_thrust": 3335.1010338809174, "impact_speed": 5.294429332142441, "time": 70.55138872716364}, "-89": {"optimal_thrust": 3335.2945981726893, "impact_speed": 4.89770689809133, "time": 70.55172638747554}, "-88": {"optimal_thrust": 3335.2405247925903, "impact_speed": 5.00631214068383, "time": 70.55525851737578}, "-87": {"optimal_thrust": 3335.5789138368086, "impact_speed": 4.204590148671398, "time": 70.55679338502736}, "-86": {"optimal_thrust": 3335.8823114107904, "impact_speed": 3.3400456551981423, "time": 70.55900905824227}, "-85": {"optimal_thrust": 3336.305818840437, "impact_speed": 1.4736902519315607, "time": 70.56310364437175}, "-84": {"optimal_thrust": 3336.280284826272, "impact_speed": 1.6516124613145489, "time": 70.56831321497484}, "-83": {"optimal_thrust": 3335.814392426363, "impact_speed": 3.5660648614156387, "time": 70.57457653051074}, "-82": {"optimal_thrust": 3335.038278890946, "impact_speed": 5.419445618907053, "time": 70.58353460683887}, "-81": {"optimal_thrust": 3335.1701473294884, "impact_speed": 5.151785708869726, "time": 70.59265414907068}, "-80": {"optimal_thrust": 3335.17625084238, "impact_speed": 5.138958371061572, "time": 70.5984319457062}, "-79": {"optimal_thrust": 3335.179306180366, "impact_speed": 5.130424845119522, "time": 70.60805629314521}, "-78": {"optimal_thrust": 3335.137942898172, "impact_speed": 5.2124049164568875, "time": 70.61568270867494}, "-77": {"optimal_thrust": 3335.095996309265, "impact_speed": 5.29283918026527, "time": 70.59917143667982}, "-76": {"optimal_thrust": 3335.0594049974648, "impact_speed": 5.360317440754748, "time": 70.63435416269807}, "-75": {"optimal_thrust": 3335.0311819775425, "impact_speed": 5.40979335296161, "time": 70.65387299620367}, "-74": {"optimal_thrust": 3335.0076889742813, "impact_speed": 5.449299300530488, "time": 70.67021507419186}, "-73": {"optimal_thrust": 3334.9849652723674, "impact_speed": 5.487036792981555, "time": 70.6864731041317}, "-72": {"optimal_thrust": 3334.95940928783, "impact_speed": 5.530098428633224, "time": 70.70322750556409}, "-71": {"optimal_thrust": 3334.7713338492963, "impact_speed": 5.87243831042969, "time": 70.7214016624525}, "-70": {"optimal_thrust": 3334.7670455908374, "impact_speed": 5.874473914721521, "time": 70.74051984053777}, "-69": {"optimal_thrust": 3334.7563437764557, "impact_speed": 5.888485021815671, "time": 70.75828400878943}, "-68": {"optimal_thrust": 3334.7394838960304, "impact_speed": 5.913783909567096, "time": 70.77763398503662}, "-67": {"optimal_thrust": 3334.7169672442583, "impact_speed": 5.949169783057465, "time": 70.7984525541114}, "-66": {"optimal_thrust": 3334.6889914298113, "impact_speed": 5.993948463504627, "time": 70.82015127498954}, "-65": {"optimal_thrust": 3334.655526264894, "impact_speed": 6.047805003378937, "time": 70.84272692535927}, "-64": {"optimal_thrust": 3334.6166867551383, "impact_speed": 6.110138845795171, "time": 70.86616703009018}, "-63": {"optimal_thrust": 3334.572650724644, "impact_speed": 6.180226424448383, "time": 70.89047199792473}, "-62": {"optimal_thrust": 3334.5247297331475, "impact_speed": 6.255353590394782, "time": 70.91573844452991}, "-61": {"optimal_thrust": 3334.4711120669153, "impact_speed": 6.338322248818775, "time": 70.94196039019421}, "-60": {"optimal_thrust": 3334.4139945724514, "impact_speed": 6.424908840297943, "time": 70.96911395635162}, "-59": {"optimal_thrust": 3334.352313873992, "impact_speed": 6.5166149485599885, "time": 70.99719696831926}, "-58": {"optimal_thrust": 3334.2862195409443, "impact_speed": 6.612835210480406, "time": 71.02623650456674}, "-57": {"optimal_thrust": 3334.2169321899364, "impact_speed": 6.7111693040395775, "time": 71.05626724966913}, "-56": {"optimal_thrust": 3334.143501406146, "impact_speed": 6.812953217067118, "time": 71.08709879202556}, "-55": {"optimal_thrust": 3334.0662690858285, "impact_speed": 6.917339474999874, "time": 71.11802277902477}, "-54": {"optimal_thrust": 3333.986186685034, "impact_speed": 7.022470300701355, "time": 71.1490991365142}, "-53": {"optimal_thrust": 3333.902670387021, "impact_speed": 7.129125673790403, "time": 71.18095513624829}, "-52": {"optimal_thrust": 3333.8162204956634, "impact_speed": 7.236256046604826, "time": 71.21374897053916}, "-51": {"optimal_thrust": 3333.7353656728055, "impact_speed": 7.327878229999483, "time": 71.24745087412924}, "-50": {"optimal_thrust": 3333.6621859025845, "impact_speed": 7.396400933087422, "time": 71.28201402372183}, "-49": {"optimal_thrust": 3333.5792104716384, "impact_speed": 7.47208993699988, "time": 71.3174002244534}, "-48": {"optimal_thrust": 3333.488122801256, "impact_speed": 7.55025218967448, "time": 71.35357991301416}, "-47": {"optimal_thrust": 3333.3874631474728, "impact_speed": 7.6345710821788595, "time": 71.39052303730601}, "-46": {"optimal_thrust": 3333.279097018732, "impact_speed": 7.721321439705717, "time": 71.42819901311577}, "-45": {"optimal_thrust": 3333.1613031760044, "impact_speed": 7.888371841314953, "time": 71.46660218919092}, "-44": {"optimal_thrust": 3333.0359784919774, "impact_speed": 8.060010253563629, "time": 71.5057254176657}, "-43": {"optimal_thrust": 3332.9019211767295, "impact_speed": 8.240829629548953, "time": 71.5455734387624}, "-42": {"optimal_thrust": 3332.761241009964, "impact_speed": 8.228028818595833, "time": 71.58609568624033}, "-41": {"optimal_thrust": 3332.61167825251, "impact_speed": 8.123436512131844, "time": 71.62728533189129}, "-40": {"optimal_thrust": 3332.454805140875, "impact_speed": 8.014527827008722, "time": 71.66913467507788}, "-39": {"optimal_thrust": 3332.3374510250637, "impact_speed": 8.015492868875384, "time": 71.71163404685736}, "-38": {"optimal_thrust": 3332.2282277268396, "impact_speed": 8.045214400283065, "time": 71.75477063633521}, "-37": {"optimal_thrust": 3332.147694939037, "impact_speed": 8.150164443625068, "time": 71.79853057632216}, "-36": {"optimal_thrust": 3332.065498289529, "impact_speed": 8.25616653611613, "time": 71.84289251105204}, "-35": {"optimal_thrust": 3331.982899682822, "impact_speed": 8.365919130800679, "time": 71.88784519327344}, "-34": {"optimal_thrust": 3331.8987318707314, "impact_speed": 8.476589434357699, "time": 71.93337993395691}, "-33": {"optimal_thrust": 3331.813360675392, "impact_speed": 8.588829349771904, "time": 71.9794839116705}, "-32": {"optimal_thrust": 3331.727204188384, "impact_speed": 8.703304843860366, "time": 72.02614411931174}, "-31": {"optimal_thrust": 3331.639851572868, "impact_speed": 8.8189545904225, "time": 72.07334735743102}, "-30": {"optimal_thrust": 3331.5518088157723, "impact_speed": 8.936559224215719, "time": 72.12108025538623}, "-29": {"optimal_thrust": 3331.4629709386772, "impact_speed": 9.055657283866832, "time": 72.16932925796262}, "-28": {"optimal_thrust": 3331.3728554306745, "impact_speed": 9.175161712105771, "time": 72.21808063066034}, "-27": {"optimal_thrust": 3331.2818845292595, "impact_speed": 9.29564864659035, "time": 72.26732047624894}, "-26": {"optimal_thrust": 3331.1897415398653, "impact_speed": 9.416398181069072, "time": 72.3170347203325}, "-25": {"optimal_thrust": 3331.097325650289, "impact_speed": 9.538663578695068, "time": 72.3672091352717}, "-24": {"optimal_thrust": 3331.0036275439215, "impact_speed": 9.660653847813405, "time": 72.41782931007612}, "-23": {"optimal_thrust": 3330.909251045312, "impact_speed": 9.783132088735817, "time": 72.46888069124688}, "-22": {"optimal_thrust": 3330.814181809397, "impact_speed": 9.905884076908807, "time": 72.52034856235112}, "-21": {"optimal_thrust": 3330.71827586804, "impact_speed": 10.028551801839185, "time": 72.5722180526697}, "-20": {"optimal_thrust": 3330.6218980817584, "impact_speed": 10.151433815632107, "time": 72.62447414757222}, "-19": {"optimal_thrust": 3330.5244716036245, "impact_speed": 10.273695463896253, "time": 72.67710167652257}, "-18": {"optimal_thrust": 3330.4265616076354, "impact_speed": 10.395865541241541, "time": 72.73008533911083}, "-17": {"optimal_thrust": 3330.3278786937053, "impact_speed": 10.51760625059334,