{"-90": {"optimal_thrust": 3833.716783079809, "impact_speed": 54.0167085810788, "time": 48.104580810283245}, "-89": {"optimal_thrust": 3859.4050539135014, "impact_speed": 48.988620139537375, "time": 48.10675208014447}, "-88": {"optimal_thrust": 3854.005146096099, "impact_speed": 50.073607915327145, "time": 48.11186897475608}, "-87": {"optimal_thrust": 3887.871405362729, "impact_speed": 42.051134031416964, "time": 48.131984185837176}, "-86": {"optimal_thrust": 3918.162612282434, "impact_speed": 33.42226184665529, "time": 48.15144493668153}, "-85": {"optimal_thrust": 3960.550757796678, "impact_speed": 14.75929683654869, "time": 48.17898433932625}, "-84": {"optimal_thrust": 3958.08799258817, "impact_speed": 16.477349285758546, "time": 48.21473449309255}, "-83": {"optimal_thrust": 3911.5659135928845, "impact_speed": 35.62249031029261, "time": 48.25071321562106}, "-82": {"optimal_thrust": 3833.847897788769, "impact_speed": 54.190491506819974, "time": 48.293533953505616}, "-81": {"optimal_thrust": 3847.0463987326934, "impact_speed": 51.51122771085751, "time": 48.34369711768252}, "-80": {"optimal_thrust": 3847.670628208552, "impact_speed": 51.380072718656876, "time": 48.400036550146446}, "-79": {"optimal_thrust": 3847.937206019913, "impact_speed": 51.302871551096025, "time": 48.46245519384893}, "-78": {"optimal_thrust": 3843.843631611866, "impact_speed": 52.11394526786294, "time": 48.53076890330787}, "-77": {"optimal_thrust": 3839.662891680487, "impact_speed": 52.915666779642315, "time": 48.606388985378665}, "-76": {"optimal_thrust": 3835.9801281539894, "impact_speed": 53.595338753113275, "time": 48.685044809708394}, "-75": {"optimal_thrust": 3833.131054697116, "impact_speed": 54.09544909288022, "time": 48.770722220837364}, "-74": {"optimal_thrust": 3830.8230761084137, "impact_speed": 54.48246041533777, "time": 48.85987718877853}, "-73": {"optimal_thrust": 3828.5583872743928, "impact_speed": 54.85840539496472, "time": 48.923333354705775}, "-72": {"optimal_thrust": 3825.963286804934, "impact_speed": 55.296707381695654, "time": 49.049426626061276}, "-71": {"optimal_thrust": 3807.1547813193197, "impact_speed": 58.72053613148724, "time": 49.169996640051814}, "-70": {"optimal_thrust": 3806.714239329559, "impact_speed": 58.74299361941755, "time": 49.290973953711635}, "-69": {"optimal_thrust": 3805.6506881219416, "impact_speed": 58.88188631150526, "time": 49.41586048871799}, "-68": {"optimal_thrust": 3803.9831119109435, "impact_speed": 59.13152607249422, "time": 49.54588638155443}, "-67": {"optimal_thrust": 3801.7321050389705, "impact_speed": 59.48527276941422, "time": 49.68168426512946}, "-66": {"optimal_thrust": 3798.9198717290155, "impact_speed": 59.9357204745564, "time": 49.82354016831264}, "-65": {"optimal_thrust": 3795.5681562670343, "impact_speed": 60.47523383554967, "time": 49.971563447021175}, "-64": {"optimal_thrust": 3791.6968436164548, "impact_speed": 61.09633441396317, "time": 50.125787187743505}, "-63": {"optimal_thrust": 3787.327554560993, "impact_speed": 61.79117100385138, "time": 50.28635840627428}, "-62": {"optimal_thrust": 3782.4787091741086, "impact_speed": 62.55249556260225, "time": 50.45352041343045}, "-61": {"optimal_thrust": 3777.169947355566, "impact_speed": 63.37295031134622, "time": 50.627182316540264}, "-60": {"optimal_thrust": 3771.419351573883, "impact_speed": 64.24561696944862, "time": 50.80747003959697}, "-59": {"optimal_thrust": 3765.244849038967, "impact_speed": 65.16381017147283, "time": 50.99505566449109}, "-58": {"optimal_thrust": 3758.66395720871, "impact_speed": 66.12115026091033, "time": 51.1856976265984}, "-57": {"optimal_thrust": 3751.6947789458336, "impact_speed": 67.11140979954892, "time": 51.38303520441927}, "-56": {"optimal_thrust": 3744.353681292774, "impact_speed": 68.12891648088461, "time": 51.587861580109426}, "-55": {"optimal_thrust": 3736.6589631592706, "impact_speed": 69.16792591945297, "time": 51.7995088956779}, "-54": {"optimal_thrust": 3728.6269915877597, "impact_speed": 70.22327159559275, "time": 52.01784554169702}, "-53": {"optimal_thrust": 3720.275552230224, "impact_speed": 71.28978070094463, "time": 52.242796162098045}, "-52": {"optimal_thrust": 3711.622427030197, "impact_speed": 72.36249481990237, "time": 52.47431965048051}, "-51": {"optimal_thrust": 3703.5713297889033, "impact_speed": 73.27242209132511, "time": 52.71248146864916}, "-50": {"optimal_thrust": 3696.2162313982067, "impact_speed": 73.96451533976673, "time": 52.95730820981466}, "-49": {"optimal_thrust": 3687.9595089141317, "impact_speed": 74.71183513345589, "time": 53.20883775093525}, "-48": {"optimal_thrust": 3678.814098938333, "impact_speed": 75.5019758684477, "time": 53.467124252570045}, "-47": {"optimal_thrust": 3668.7945699881634, "impact_speed": 76.31904601448512, "time": 53.732189587188714}, "-46": {"optimal_thrust": 3657.9145513139138, "impact_speed": 77.18606531397023, "time": 54.00405391883454}, "-45": {"optimal_thrust": 3646.1893881217134, "impact_speed": 78.85142490547798, "time": 54.282737106492704}, "-44": {"optimal_thrust": 3633.6352708383456, "impact_speed": 80.58759079739694, "time": 54.568259622890544}, "-43": {"optimal_thrust": 3620.26920543279, "impact_speed": 82.3885492714287, "time": 54.86064346964875}, "-42": {"optimal_thrust": 3606.1083378620756, "impact_speed": 84.24860408062747, "time": 55.1599133178613}, "-41": {"optimal_thrust": 3591.170758206483, "impact_speed": 86.16215964006761, "time": 55.46609813074425}, "-40": {"optimal_thrust": 3575.4760470011443, "impact_speed": 88.12371562804606, "time": 55.77923326723746}, "-39": {"optimal_thrust": 3559.0440944829666, "impact_speed": 90.1281185954309, "time": 56.09936137949805}, "-38": {"optimal_thrust": 3544.922240346378, "impact_speed": 91.70700283387008, "time": 56.426540849557085}, "-37": {"optimal_thrust": 3538.5728744583316, "impact_speed": 92.02544023022193, "time": 56.760779489259306}, "-36": {"optimal_thrust": 3532.08747338126, "impact_speed": 92.28246891406644, "time": 57.10176140646625}, "-35": {"optimal_thrust": 3523.2143901754894, "impact_speed": 92.91037304535242, "time": 57.4490372276514}, "-34": {"optimal_thrust": 3514.2447989250913, "impact_speed": 93.52866013249928, "time": 57.80271018875674}, "-33": {"optimal_thrust": 3504.1625886031698, "impact_speed": 94.35265646767671, "time": 58.16321461785741}, "-32": {"optimal_thrust": 3495.39293042871, "impact_speed": 94.89033963117724, "time": 58.53077943801316}, "-31": {"optimal_thrust": 3486.7100578282757, "impact_speed": 95.38413842705994, "time": 58.90542289705303}, "-30": {"optimal_thrust": 3478.1109739945487, "impact_speed": 95.83473708730634, "time": 59.28711632491582}, "-29": {"optimal_thrust": 3469.602133544113, "impact_speed": 96.24098345323843, "time": 59.67582241915765}, "-28": {"optimal_thrust": 3461.194474911087, "impact_speed": 96.60097287331747, "time": 60.07150490421132}, "-27": {"optimal_thrust": 3450.416597110873, "impact_speed": 97.69579664920283, "time": 60.474110730882614}, "-26": {"optimal_thrust": 3442.435983327471, "impact_speed": 97.98765073180728, "time": 60.883642569858544}, "-25": {"optimal_thrust": 3434.6842150567727, "impact_speed": 98.20124865667778, "time": 61.30004587085741}, "-24": {"optimal_thrust": 3427.1726710309385, "impact_speed": 98.3241734960701, "time": 61.72328012504275}, "-23": {"optimal_thrust": 3419.9009051743724, "impact_speed": 98.34472544767264, "time": 62.153298976711156}, "-22": {"optimal_thrust": 3412.8610511764764, "impact_speed": 98.2518925179877, "time": 62.59006379982628}, "-21": {"optimal_thrust": 3406.0438990003872, "impact_speed": 98.03466808105172, "time": 63.03353353769314}, "-20": {"optimal_thrust": 3399.444586998787, "impact_speed": 97.68046968313065, "time": 63.48366092405505}, "-19": {"optimal_thrust": 3393.06273151109, "impact_speed": 97.17617689521349, "time": 63.94037959241995}, "-18": {"optimal_thrust": 3386.904988112646, "impact_speed": 96.5059822675253, "time": 64.40362868859891}, "-17": {"optimal_thrust": 3380.983308911903,