{"-90": {"optimal_thrust": 3845.8514658993754, "impact_speed": 53.7529845215108, "time": 47.943853772812126}, "-89": {"optimal_thrust": 3868.2650234388993, "impact_speed": 49.39690436157101, "time": 47.945739975169815}, "-88": {"optimal_thrust": 3862.7748722382044, "impact_speed": 50.49090567121857, "time": 47.95117874327362}, "-87": {"optimal_thrust": 3897.207926556312, "impact_speed": 42.4015795264411, "time": 47.97115559434675}, "-86": {"optimal_thrust": 3928.006245679298, "impact_speed": 33.70075558712187, "time": 47.99059519109692}, "-85": {"optimal_thrust": 3971.103759580312, "impact_speed": 14.882265721316461, "time": 48.018258359816464}, "-84": {"optimal_thrust": 3968.599730848349, "impact_speed": 16.614668428547223, "time": 48.054167181888786}, "-83": {"optimal_thrust": 3921.2991750721794, "impact_speed": 35.919311597599915, "time": 48.09019618852723}, "-82": {"optimal_thrust": 3842.280370492867, "impact_speed": 54.64207533885616, "time": 48.13319276905901}, "-81": {"optimal_thrust": 3855.6995219240584, "impact_speed": 51.94053390679765, "time": 48.18354513245612}, "-80": {"optimal_thrust": 3856.3346956856517, "impact_speed": 51.80818326129588, "time": 48.240095415557434}, "-79": {"optimal_thrust": 3856.6052313505315, "impact_speed": 51.730442940295724, "time": 48.302742525735525}, "-78": {"optimal_thrust": 3852.4432287033496, "impact_speed": 52.548258067324674, "time": 48.37128041271625}, "-77": {"optimal_thrust": 3848.192326399125, "impact_speed": 53.3566987012301, "time": 48.44680355775114}, "-76": {"optimal_thrust": 3844.448610536513, "impact_speed": 54.04189906307157, "time": 48.52626941642829}, "-75": {"optimal_thrust": 3841.5513858032514, "impact_speed": 54.54626914147229, "time": 48.61202278688969}, "-74": {"optimal_thrust": 3839.2047600857604, "impact_speed": 54.93650935509216, "time": 48.70111704986931}, "-73": {"optimal_thrust": 3836.902400669917, "impact_speed": 55.315542485800364, "time": 48.768447893587265}, "-72": {"optimal_thrust": 3834.263814331578, "impact_speed": 55.757507409278006, "time": 48.893500010755595}, "-71": {"optimal_thrust": 3815.1407027071823, "impact_speed": 59.20983698780319, "time": 49.013633080135676}, "-70": {"optimal_thrust": 3814.6926116176796, "impact_speed": 59.23251321165192, "time": 49.13473941810919}, "-69": {"optimal_thrust": 3813.611153712431, "impact_speed": 59.37258259726066, "time": 49.25994818589332}, "-68": {"optimal_thrust": 3811.9155575176555, "impact_speed": 59.624322689657475, "time": 49.39041412580437}, "-67": {"optimal_thrust": 3809.6272697857853, "impact_speed": 59.98094676309659, "time": 49.52672397448287}, "-66": {"optimal_thrust": 3806.767715152012, "impact_speed": 60.435194024916235, "time": 49.669138242834414}, "-65": {"optimal_thrust": 3803.359836415078, "impact_speed": 60.97921548242796, "time": 49.81775423506604}, "-64": {"optimal_thrust": 3799.424053507391, "impact_speed": 61.60543510496197, "time": 49.97260064240978}, "-63": {"optimal_thrust": 3794.981084158091, "impact_speed": 62.306159753641744, "time": 50.13387116583561}, "-62": {"optimal_thrust": 3790.0515949735213, "impact_speed": 63.073739869186355, "time": 50.301756539569226}, "-61": {"optimal_thrust": 3784.6538612708014, "impact_speed": 63.90105336177011, "time": 50.47616964694635}, "-60": {"optimal_thrust": 3778.806816621329, "impact_speed": 64.7810276840529, "time": 50.65729584851198}, "-59": {"optimal_thrust": 3772.528901565878, "impact_speed": 65.70688514248096, "time": 50.84570291286923}, "-58": {"optimal_thrust": 3765.838002453378, "impact_speed": 66.672180574877, "time": 51.03671607410546}, "-57": {"optimal_thrust": 3758.752098271151, "impact_speed": 67.67070722842065, "time": 51.2351326732742}, "-56": {"optimal_thrust": 3751.2883896504927, "impact_speed": 68.6966508434662, "time": 51.4409296341222}, "-55": {"optimal_thrust": 3743.4647310027726, "impact_speed": 69.7443458586228, "time": 51.65356133998307}, "-54": {"optimal_thrust": 3735.298640059064, "impact_speed": 70.80843446072883, "time": 51.872905602508176}, "-53": {"optimal_thrust": 3726.8073892135944, "impact_speed": 71.88383783072626, "time": 52.09888803967382}, "-52": {"optimal_thrust": 3718.0092024928063, "impact_speed": 72.96553304880386, "time": 52.33149256186572}, "-51": {"optimal_thrust": 3709.823347749388, "impact_speed": 73.88304627086826, "time": 52.570779345234044}, "-50": {"optimal_thrust": 3702.3456393186493, "impact_speed": 74.58081167361307, "time": 52.816776342888026}, "-49": {"optimal_thrust": 3693.9503239722085, "impact_speed": 75.33444201812735, "time": 53.069531339921625}, "-48": {"optimal_thrust": 3684.651986651794, "impact_speed": 76.13112912872424, "time": 53.32909073940599}, "-47": {"optimal_thrust": 3674.4645029943595, "impact_speed": 76.95513411785971, "time": 53.595477168671415}, "-46": {"optimal_thrust": 3663.4021407308965, "impact_speed": 77.83281946399164, "time": 53.86871203753914}, "-45": {"optimal_thrust": 3651.4809496931025, "impact_speed": 79.50864222319066, "time": 54.14881666196036}, "-44": {"optimal_thrust": 3638.7172458531822, "impact_speed": 81.25905362504596, "time": 54.435813173459294}, "-43": {"optimal_thrust": 3625.1272608564045, "impact_speed": 83.07510069345047, "time": 54.72972546827802}, "-42": {"optimal_thrust": 3610.729232962658, "impact_speed": 84.9506939666914, "time": 55.03058045179903}, "-41": {"optimal_thrust": 3595.541777652025, "impact_speed": 86.88017069558978, "time": 55.33840978603593}, "-40": {"optimal_thrust": 3579.584519581343, "impact_speed": 88.85805266835452, "time": 55.65325207030147}, "-39": {"optimal_thrust": 3562.877223260377, "impact_speed": 90.8792147384327, "time": 55.975153006266794}, "-38": {"optimal_thrust": 3548.5191089324203, "impact_speed": 92.47124233965326, "time": 56.30416890080274}, "-37": {"optimal_thrust": 3542.0635709397534, "impact_speed": 92.79231929251405, "time": 56.640280547269434}, "-36": {"optimal_thrust": 3535.4696339410357, "impact_speed": 93.0514891086881, "time": 56.983108585982336}, "-35": {"optimal_thrust": 3526.448232143989, "impact_speed": 93.68459038580332, "time": 57.33224336777241}, "-34": {"optimal_thrust": 3515.2407517496295, "impact_speed": 94.71301578259794, "time": 57.68790529137284}, "-33": {"optimal_thrust": 3507.077348137337, "impact_speed": 95.13893813911037, "time": 58.05055861090897}, "-32": {"optimal_thrust": 3498.161287790821, "impact_speed": 95.68101894194771, "time": 58.42034443819269}, "-31": {"optimal_thrust": 3489.332911545655, "impact_speed": 96.17897251755086, "time": 58.79727760385193}, "-30": {"optimal_thrust": 3480.5899850452442, "impact_speed": 96.63330349347194, "time": 59.18132686589081}, "-29": {"optimal_thrust": 3471.93813239662, "impact_speed": 97.04310982057062, "time": 59.57245612285153}, "-28": {"optimal_thrust": 3463.390277604522, "impact_speed": 97.40594220617427, "time": 59.97063093688936}, "-27": {"optimal_thrust": 3452.4317844809966, "impact_speed": 98.5099638661832, "time": 60.375799725402786}, "-26": {"optimal_thrust": 3444.3179489740805, "impact_speed": 98.80413966419009, "time": 60.787967161122296}, "-25": {"optimal_thrust": 3436.4359582326647, "impact_speed": 99.01969096936674, "time": 61.207079661080996}, "-24": {"optimal_thrust": 3428.7990587049194, "impact_speed": 99.14350089622297, "time": 61.6330962405704}, "-23": {"optimal_thrust": 3421.405388174315, "impact_speed": 99.16431902792566, "time": 62.0659739012653}, "-22": {"optimal_thrust": 3414.2476606811897, "impact_speed": 99.0707551288342, "time": 62.50567641117734}, "-21": {"optimal_thrust": 3407.316470141658, "impact_speed": 98.85170257721305, "time": 62.952163123886955}, "-20": {"optimal_thrust": 3400.6067671829423, "impact_speed": 98.4945214688423, "time": 63.40538499759949}, "-19": {"optimal_thrust": 3394.117975719983, "impact_speed": 97.98619272785143, "time": 63.865275123697735}, "-18": {"optimal_thrust": 3387.85744851688, "impact_speed": 97.3100534423269, "time": 64.33177732044362}, "-17": {"optimal_thrust": 3381.836829064571,