{"-90": {"optimal_thrust": 3857.8062963738325, "impact_speed": 53.539100772050745, "time": 47.78399034009725}, "-89": {"optimal_thrust": 3877.1986732581345, "impact_speed": 49.805155097275914, "time": 47.785485671594095}, "-88": {"optimal_thrust": 3871.617765416392, "impact_speed": 50.90812224643998, "time": 47.79121856592274}, "-87": {"optimal_thrust": 3906.621963175465, "impact_speed": 42.752016431554416, "time": 47.811087629413265}, "-86": {"optimal_thrust": 3937.9314999188123, "impact_speed": 33.97927129446862, "time": 47.830499922510185}, "-85": {"optimal_thrust": 3981.744438161653, "impact_speed": 15.005162761841099, "time": 47.858284988332514}, "-84": {"optimal_thrust": 3979.1987826591053, "impact_speed": 16.75193665445347, "time": 47.89434785403548}, "-83": {"optimal_thrust": 3931.113004117587, "impact_speed": 36.216194364415834, "time": 47.930429546810444}, "-82": {"optimal_thrust": 3850.7830788087426, "impact_speed": 55.093609215511265, "time": 47.973598201389876}, "-81": {"optimal_thrust": 3864.4248588195023, "impact_speed": 52.36975708758549, "time": 48.02413652759004}, "-80": {"optimal_thrust": 3865.0701958120612, "impact_speed": 52.23639029422143, "time": 48.080894942393044}, "-79": {"optimal_thrust": 3865.345470398442, "impact_speed": 52.15795648222727, "time": 48.143766188168165}, "-78": {"optimal_thrust": 3861.114722496841, "impact_speed": 52.98246354058861, "time": 48.21252841085558}, "-77": {"optimal_thrust": 3856.7932672168577, "impact_speed": 53.79758678830708, "time": 48.28804400001556}, "-76": {"optimal_thrust": 3852.9868153057446, "impact_speed": 54.488568504032514, "time": 48.36806865008266}, "-75": {"optimal_thrust": 3850.04180630616, "impact_speed": 54.997048150098436, "time": 48.45402210341587}, "-74": {"optimal_thrust": 3847.656166121074, "impact_speed": 55.39052647317533, "time": 48.54302290822129}, "-73": {"optimal_thrust": 3845.3153056213237, "impact_speed": 55.77274714674137, "time": 48.61404863640101}, "-72": {"optimal_thrust": 3842.6333565518353, "impact_speed": 56.218282718039525, "time": 48.738142332493574}, "-71": {"optimal_thrust": 3823.19275528914, "impact_speed": 59.699163428436954, "time": 48.8579079821266}, "-70": {"optimal_thrust": 3822.736797889158, "impact_speed": 59.72210363273217, "time": 48.97916460647428}, "-69": {"optimal_thrust": 3821.6377504979973, "impact_speed": 59.863266399972034, "time": 49.10470355975798}, "-68": {"optimal_thrust": 3819.9140835972953, "impact_speed": 60.117074217433505, "time": 49.235609902194156}, "-67": {"optimal_thrust": 3817.587611957749, "impact_speed": 60.47668206382035, "time": 49.37242745739454}, "-66": {"optimal_thrust": 3814.6807868319, "impact_speed": 60.934649598508805, "time": 49.51539331053943}, "-65": {"optimal_thrust": 3811.216304030968, "impact_speed": 61.48317468245125, "time": 49.664593966174664}, "-64": {"optimal_thrust": 3807.215292990397, "impact_speed": 62.1145530295654, "time": 49.8200546664004}, "-63": {"optimal_thrust": 3802.698766801559, "impact_speed": 62.82103685365719, "time": 49.98202047090551}, "-62": {"optimal_thrust": 3797.68721786817, "impact_speed": 63.59500313101807, "time": 50.15061759337384}, "-61": {"optimal_thrust": 3792.1996816685805, "impact_speed": 64.429190870892, "time": 50.3257740466469}, "-60": {"optimal_thrust": 3786.2557472626468, "impact_speed": 65.31641110936465, "time": 50.50774379962721}, "-59": {"optimal_thrust": 3779.873834459612, "impact_speed": 66.2498867434488, "time": 50.69680155926347}, "-58": {"optimal_thrust": 3773.07202560768, "impact_speed": 67.22313634792006, "time": 50.88836311475837}, "-57": {"optimal_thrust": 3765.8682480370726, "impact_speed": 68.2299602299542, "time": 51.087818300472236}, "-56": {"optimal_thrust": 3758.2808496340713, "impact_speed": 69.26435144263945, "time": 51.29456609286792}, "-55": {"optimal_thrust": 3750.326978494813, "impact_speed": 70.3207655884989, "time": 51.50816701346203}, "-54": {"optimal_thrust": 3742.025548750747, "impact_speed": 71.39361546385112, "time": 51.72850777309103}, "-53": {"optimal_thrust": 3733.393459901832, "impact_speed": 72.47789046195145, "time": 51.95550970017749}, "-52": {"optimal_thrust": 3724.448814426954, "impact_speed": 73.56859984792058, "time": 52.18918352716877}, "-51": {"optimal_thrust": 3716.127621267015, "impact_speed": 74.49360315260886, "time": 52.42958334142317}, "-50": {"optimal_thrust": 3708.5253207115466, "impact_speed": 75.19722652279975, "time": 52.676739905444116}, "-49": {"optimal_thrust": 3699.9910953479916, "impact_speed": 75.95699293877776, "time": 52.93070810278065}, "-48": {"optimal_thrust": 3690.5383614577077, "impact_speed": 76.76027033692093, "time": 53.19152767912785}, "-47": {"optimal_thrust": 3680.181775111549, "impact_speed": 77.59106188363629, "time": 53.45922231326387}, "-46": {"optimal_thrust": 3668.9357252044406, "impact_speed": 78.47580738006663, "time": 53.73381470539749}, "-45": {"optimal_thrust": 3656.8169005111527, "impact_speed": 80.1655956179933, "time": 54.015327670046645}, "-44": {"optimal_thrust": 3643.8409785222216, "impact_speed": 81.93065490923658, "time": 54.30378503615348}, "-43": {"optimal_thrust": 3630.0256743479317, "impact_speed": 83.7616415895283, "time": 54.59921265926185}, "-42": {"optimal_thrust": 3615.3883815462286, "impact_speed": 85.65280375435115, "time": 54.901639737538446}, "-41": {"optimal_thrust": 3599.949181127562, "impact_speed": 87.59816112201564, "time": 55.21110072976721}, "-40": {"optimal_thrust": 3583.726689212408, "impact_speed": 89.59245797444706, "time": 55.527637539466}, "-39": {"optimal_thrust": 3566.7423305374637, "impact_speed": 91.63028402783573, "time": 55.851298635313825}, "-38": {"optimal_thrust": 3552.1462262721666, "impact_speed": 93.23542067178506, "time": 56.18213596341948}, "-37": {"optimal_thrust": 3545.5833099697024, "impact_speed": 93.55918614930228, "time": 56.52009592251734}, "-36": {"optimal_thrust": 3538.879682899291, "impact_speed": 93.82054182789716, "time": 56.864739469293426}, "-35": {"optimal_thrust": 3529.7084289730547, "impact_speed": 94.4589007561937, "time": 57.215729960148444}, "-34": {"optimal_thrust": 3518.3155317338487, "impact_speed": 95.49570951194296, "time": 57.57339919766895}, "-33": {"optimal_thrust": 3510.0166650211, "impact_speed": 95.9251422554187, "time": 57.938180850024025}, "-32": {"optimal_thrust": 3500.952028355372, "impact_speed": 96.47183226567338, "time": 58.3101748356405}, "-31": {"optimal_thrust": 3491.977189999731, "impact_speed": 96.97389046359685, "time": 58.689383534819505}, "-30": {"optimal_thrust": 3483.0890771063882, "impact_speed": 97.43200175341735, "time": 59.07577449396057}, "-29": {"optimal_thrust": 3474.2939627035335, "impact_speed": 97.84510399264256, "time": 59.46931312099061}, "-28": {"optimal_thrust": 3465.604054574061, "impact_speed": 98.21099313064977, "time": 59.8699668267863}, "-27": {"optimal_thrust": 3454.464176885029, "impact_speed": 99.32398700148177, "time": 60.2776854965521}, "-26": {"optimal_thrust": 3446.215195610752, "impact_speed": 99.62074056058135, "time": 60.692475764279656}, "-25": {"optimal_thrust": 3438.202670628212, "impact_speed": 99.83797216910767, "time": 61.11428484695892}, "-24": {"optimal_thrust": 3430.4386205903575, "impact_speed": 99.96296563824353, "time": 61.54307140313597}, "-23": {"optimal_thrust": 3422.9225991321687, "impact_speed": 99.98379191129568, "time": 61.97879664365549}, "-22": {"optimal_thrust": 3415.646100890499, "impact_speed": 99.88942532009884, "time": 62.42142586411262}, "-21": {"optimal_thrust": 3408.6000416235293, "impact_speed": 99.6684175946409, "time": 62.87091872107652}, "-20": {"optimal_thrust": 3401.778541159067, "impact_speed": 99.3086192260982, "time": 63.32722307771591}, "-19": {"optimal_thrust": 3395.182300399869, "impact_speed": 98.79582632109681, "time": 63.790274917452365}, "-18": {"optimal_thrust": 3388.8175213226027, "impact_speed": 98.11458186196522, "time": 64.26002078490225}, "-17": {"optimal_thrust": 3382.6969352818155,