{"-90": {"optimal_thrust": 3869.6196544233694, "impact_speed": 53.3685373767439, "time": 47.62504712012769}, "-89": {"optimal_thrust": 3886.2060033712087, "impact_speed": 50.21337316341215, "time": 47.62598601795351}, "-88": {"optimal_thrust": 3880.532995162169, "impact_speed": 51.32543112519777, "time": 47.63198790242595}, "-87": {"optimal_thrust": 3916.113589428128, "impact_speed": 43.10242665793033, "time": 47.65177807775556}, "-86": {"optimal_thrust": 3947.9383007626443, "impact_speed": 34.25783163733299, "time": 47.671156047940016}, "-85": {"optimal_thrust": 3992.4723097801316, "impact_speed": 15.128335344886702, "time": 47.69906113254777}, "-84": {"optimal_thrust": 3989.8850731899156, "impact_speed": 16.889202856720342, "time": 47.73527346469372}, "-83": {"optimal_thrust": 3941.008015371598, "impact_speed": 36.51295629931661, "time": 47.77141018766768}, "-82": {"optimal_thrust": 3859.3551685981215, "impact_speed": 55.545259394982885, "time": 47.814747217315215}, "-81": {"optimal_thrust": 3873.2217753857935, "impact_speed": 52.799028059819896, "time": 47.8654683074834}, "-80": {"optimal_thrust": 3873.877983361803, "impact_speed": 52.664517622654806, "time": 47.92243209169082}, "-79": {"optimal_thrust": 3874.157728803203, "impact_speed": 52.5854531635016, "time": 47.98552382005628}, "-78": {"optimal_thrust": 3869.8572583943374, "impact_speed": 53.41673532363389, "time": 48.0545285846054}, "-77": {"optimal_thrust": 3865.464247817107, "impact_speed": 54.238623007584756, "time": 48.130074688170644}, "-76": {"optimal_thrust": 3861.5956225616465, "impact_speed": 54.93517377843525, "time": 48.21058196951174}, "-75": {"optimal_thrust": 3858.6019986173046, "impact_speed": 55.447848051790146, "time": 48.296715257870105}, "-74": {"optimal_thrust": 3856.1772945904177, "impact_speed": 55.84451247409482, "time": 48.38559189727755}, "-73": {"optimal_thrust": 3853.7978596878193, "impact_speed": 56.22987433251504, "time": 48.46014939374878}, "-72": {"optimal_thrust": 3851.0715946148816, "impact_speed": 56.67909386415717, "time": 48.58336166271063}, "-71": {"optimal_thrust": 3831.310939065195, "impact_speed": 60.188514829390996, "time": 48.70282515701558}, "-70": {"optimal_thrust": 3830.8476286124874, "impact_speed": 60.21161612916085, "time": 48.824249830118376}, "-69": {"optimal_thrust": 3829.730601598986, "impact_speed": 60.35391620772956, "time": 48.950125636698665}, "-68": {"optimal_thrust": 3827.9784741451663, "impact_speed": 60.609819999228996, "time": 49.08147199137713}, "-67": {"optimal_thrust": 3825.6138186669587, "impact_speed": 60.97235581891633, "time": 49.21879263195863}, "-66": {"optimal_thrust": 3822.659159238359, "impact_speed": 61.434074884171565, "time": 49.362303154595104}, "-65": {"optimal_thrust": 3819.137314673517, "impact_speed": 61.98715476483299, "time": 49.51208041807684}, "-64": {"optimal_thrust": 3815.0705403343377, "impact_speed": 62.623691547191406, "time": 49.668152023966044}, "-63": {"optimal_thrust": 3810.4793799288677, "impact_speed": 63.33601617622841, "time": 49.83080365503492}, "-62": {"optimal_thrust": 3805.3854540368498, "impact_speed": 64.11630611094814, "time": 50.000101325744815}, "-61": {"optimal_thrust": 3799.8076743397855, "impact_speed": 64.9573167838587, "time": 50.175994123834066}, "-60": {"optimal_thrust": 3793.7659474508177, "impact_speed": 65.85180101497461, "time": 50.35881455902965}, "-59": {"optimal_thrust": 3787.278889221859, "impact_speed": 66.7929439831738, "time": 50.54832924983775}, "-58": {"optimal_thrust": 3780.3652882875535, "impact_speed": 67.77414255591277, "time": 50.740631184321174}, "-57": {"optimal_thrust": 3773.042734560503, "impact_speed": 68.78925191447804, "time": 50.94108795772452}, "-56": {"optimal_thrust": 3765.330302746479, "impact_speed": 69.83214493977144, "time": 51.148769156934094}, "-55": {"optimal_thrust": 3757.245882482643, "impact_speed": 70.89715572723574, "time": 51.363324636679074}, "-54": {"optimal_thrust": 3748.8075933421837, "impact_speed": 71.97883493688357, "time": 51.58464990153828}, "-53": {"optimal_thrust": 3740.03351868045, "impact_speed": 73.07198018454143, "time": 51.812659645701}, "-52": {"optimal_thrust": 3730.942078961325, "impact_speed": 74.17155434791648, "time": 52.04739112105854}, "-51": {"optimal_thrust": 3722.4836370840258, "impact_speed": 75.10418634609215, "time": 52.28889209191222}, "-50": {"optimal_thrust": 3714.75598515666, "impact_speed": 75.8136170541917, "time": 52.537197745997204}, "-49": {"optimal_thrust": 3706.081363916423, "impact_speed": 76.57959531840883, "time": 52.79236670714716}, "-48": {"optimal_thrust": 3696.4730859149377, "impact_speed": 77.3894418052087, "time": 53.054433805410795}, "-47": {"optimal_thrust": 3685.9459825108866, "impact_speed": 78.22705689291074, "time": 53.32342382306379}, "-46": {"optimal_thrust": 3674.514901567495, "impact_speed": 79.11841865677131, "time": 53.59936079718097}, "-45": {"optimal_thrust": 3662.196601712834, "impact_speed": 80.82264163102745, "time": 53.88226907786679}, "-44": {"optimal_thrust": 3649.006800289649, "impact_speed": 82.60228260966313, "time": 54.17217423748546}, "-43": {"optimal_thrust": 3634.9639326496144, "impact_speed": 84.4483009784268, "time": 54.469104138193735}, "-42": {"optimal_thrust": 3620.086348424444, "impact_speed": 86.35481371007731, "time": 54.7730903519288}, "-41": {"optimal_thrust": 3604.39253727197, "impact_speed": 88.31621187432805, "time": 55.084170207565506}, "-40": {"optimal_thrust": 3587.9030807543004, "impact_speed": 90.32684091426259, "time": 55.40238897843099}, "-39": {"optimal_thrust": 3570.639485397958, "impact_speed": 92.38131628019785, "time": 55.727797455989354}, "-38": {"optimal_thrust": 3555.8027034147244, "impact_speed": 93.99967416974124, "time": 56.06044035658098}, "-37": {"optimal_thrust": 3549.1319541766366, "impact_speed": 94.32606353198314, "time": 56.40022210708045}, "-36": {"optimal_thrust": 3542.3179340471934, "impact_speed": 94.58956983333634, "time": 56.746654124580516}, "-35": {"optimal_thrust": 3532.99580174832, "impact_speed": 95.2331451940333, "time": 57.09950131376844}, "-34": {"optimal_thrust": 3521.415254376128, "impact_speed": 96.27847478715957, "time": 57.459179938947564}, "-33": {"optimal_thrust": 3512.979708655174, "impact_speed": 96.71144393504186, "time": 57.82608102049459}, "-32": {"optimal_thrust": 3503.7659226023147, "impact_speed": 97.26260373647708, "time": 58.2002698317438}, "-31": {"optimal_thrust": 3494.6437236589973, "impact_speed": 97.76868872855631, "time": 58.581739881471385}, "-30": {"optimal_thrust": 3485.6092766934903, "impact_speed": 98.23055657074168, "time": 58.97045849888625}, "-29": {"optimal_thrust": 3476.669489190693, "impact_speed": 98.64700871051795, "time": 59.36639279838417}, "-28": {"optimal_thrust": 3467.836251617059, "impact_speed": 99.01597883598093, "time": 59.76951205158986}, "-27": {"optimal_thrust": 3456.5126864511876, "impact_speed": 100.1381918103231, "time": 60.179767584036604}, "-26": {"optimal_thrust": 3448.1283093450616, "impact_speed": 100.4372585893561, "time": 60.597167988773435}, "-25": {"optimal_thrust": 3439.98377191847, "impact_speed": 100.6563098172489, "time": 61.02166090654302}, "-24": {"optimal_thrust": 3432.092125092649, "impact_speed": 100.78224086267328, "time": 61.45320547323544}, "-23": {"optimal_thrust": 3424.452153921768, "impact_speed": 100.80333588378205, "time": 61.891767068192074}, "-22": {"optimal_thrust": 3417.0558628540484, "impact_speed": 100.7082067499641, "time": 62.33731199244618}, "-21": {"optimal_thrust": 3409.893720271884, "impact_speed": 100.48546348918393, "time": 62.78980047150045}, "-20": {"optimal_thrust": 3402.959908979301, "impact_speed": 100.12276178251363, "time": 63.24917517660755}, "-19": {"optimal_thrust": 3396.2550677324466, "impact_speed": 99.60583163319126, "time": 63.7153789790611}, "-18": {"optimal_thrust": 3389.7859104234185, "impact_speed": 98.9184653240892, "time": 64.18835903435678}, "-17": {"optimal_thrust": 3383.5644608351204,