{"-90": {"optimal_thrust": 3881.3167999164116, "impact_speed": 53.237064442194836, "time": 47.467135516257414}, "-89": {"optimal_thrust": 3895.2865005203644, "impact_speed": 50.62166821965093, "time": 47.46723783743888}, "-88": {"optimal_thrust": 3889.5209524997795, "impact_speed": 51.742749973174625, "time": 47.47348596426975}, "-87": {"optimal_thrust": 3925.682461526758, "impact_speed": 43.4528949392763, "time": 47.49322481836941}, "-86": {"optimal_thrust": 3958.0266482107945, "impact_speed": 34.53643553566217, "time": 47.512560481024295}, "-85": {"optimal_thrust": 4003.2882959531285, "impact_speed": 15.251123713968758, "time": 47.540583703900715}, "-84": {"optimal_thrust": 4000.6584818557076, "impact_speed": 17.02654325300424, "time": 47.5769409930798}, "-83": {"optimal_thrust": 3950.9832763963245, "impact_speed": 36.80987241279367, "time": 47.61313500312247}, "-82": {"optimal_thrust": 3867.9976151629985, "impact_speed": 55.996836131797814, "time": 47.65663678886602}, "-81": {"optimal_thrust": 3882.090564165431, "impact_speed": 53.22828672659381, "time": 47.7075374769766}, "-80": {"optimal_thrust": 3882.7573258946863, "impact_speed": 53.09271493511255, "time": 47.76470379595915}, "-79": {"optimal_thrust": 3883.0418105177973, "impact_speed": 53.01297298924351, "time": 47.828012628184744}, "-78": {"optimal_thrust": 3878.6711777360856, "impact_speed": 53.85100405559426, "time": 47.897273641243814}, "-77": {"optimal_thrust": 3874.2067836500896, "impact_speed": 54.67950805514972, "time": 47.972884317732}, "-76": {"optimal_thrust": 3870.2745186633956, "impact_speed": 55.38181522146517, "time": 48.053810892766926}, "-75": {"optimal_thrust": 3867.2317907073652, "impact_speed": 55.89870108015476, "time": 48.14009749404774}, "-74": {"optimal_thrust": 3864.767681772587, "impact_speed": 56.29855571767406, "time": 48.228820263906755}, "-73": {"optimal_thrust": 3862.349623022141, "impact_speed": 56.68700850408455, "time": 48.306762697324274}, "-72": {"optimal_thrust": 3859.578700885117, "impact_speed": 57.13990783241876, "time": 48.42916517517988}, "-71": {"optimal_thrust": 3839.4954500823637, "impact_speed": 60.67785624735491, "time": 48.54838658744287}, "-70": {"optimal_thrust": 3839.0245905299143, "impact_speed": 60.70114272045089, "time": 48.669995105258984}, "-69": {"optimal_thrust": 3837.889216490639, "impact_speed": 60.84461906080404, "time": 48.796213266165665}, "-68": {"optimal_thrust": 3836.10855541045, "impact_speed": 61.10259068861935, "time": 48.92799857805415}, "-67": {"optimal_thrust": 3833.70488559058, "impact_speed": 61.46814546983441, "time": 49.065817360769444}, "-66": {"optimal_thrust": 3830.7025151606454, "impact_speed": 61.93352597152053, "time": 49.20986553500628}, "-65": {"optimal_thrust": 3827.1231632918293, "impact_speed": 62.49110401909956, "time": 49.36021136193572}, "-64": {"optimal_thrust": 3822.9896940500207, "impact_speed": 63.13286766911865, "time": 49.5168920379953}, "-63": {"optimal_thrust": 3818.3241461025464, "impact_speed": 63.85088580193381, "time": 49.68021810340768}, "-62": {"optimal_thrust": 3813.1469401036456, "impact_speed": 64.63753959915613, "time": 49.85020555605358}, "-61": {"optimal_thrust": 3807.4778396229494, "impact_speed": 65.4854313241809, "time": 50.02682860302098}, "-60": {"optimal_thrust": 3801.337613232859, "impact_speed": 66.38716440716594, "time": 50.21050812771026}, "-59": {"optimal_thrust": 3794.744383063362, "impact_speed": 67.33600274035224, "time": 50.40031628879117}, "-58": {"optimal_thrust": 3787.7180874918845, "impact_speed": 68.32514884058156, "time": 50.59351246832652}, "-57": {"optimal_thrust": 3780.276316436043, "impact_speed": 69.3484563202382, "time": 50.79493797945947}, "-56": {"optimal_thrust": 3772.4377556358563, "impact_speed": 70.39986342687715, "time": 51.00353693990441}, "-55": {"optimal_thrust": 3764.2212661190124, "impact_speed": 71.4735461406731, "time": 51.21903282796027}, "-54": {"optimal_thrust": 3755.644950748231, "impact_speed": 72.56406262455536, "time": 51.44132765845756}, "-53": {"optimal_thrust": 3746.7279357139955, "impact_speed": 73.66604409066564, "time": 51.670336377097826}, "-52": {"optimal_thrust": 3737.487863140144, "impact_speed": 74.774592284949, "time": 51.90611390373017}, "-51": {"optimal_thrust": 3728.8913952004227, "impact_speed": 75.7147952148976, "time": 52.14870422995995}, "-50": {"optimal_thrust": 3721.03793224777, "impact_speed": 76.42992524737238, "time": 52.39814847823316}, "-49": {"optimal_thrust": 3712.2213254535213, "impact_speed": 77.20220305241928, "time": 52.6545058234735}, "-48": {"optimal_thrust": 3702.456034751276, "impact_speed": 78.0186807906839, "time": 52.91780785279271}, "-47": {"optimal_thrust": 3691.7571412708726, "impact_speed": 78.8631086850437, "time": 53.188080503952044}, "-46": {"optimal_thrust": 3680.139685398143, "impact_speed": 79.76050677976781, "time": 53.465349191506455}, "-45": {"optimal_thrust": 3667.6202340669506, "impact_speed": 81.47967975586164, "time": 53.749639838295096}, "-44": {"optimal_thrust": 3654.215154319732, "impact_speed": 83.27379197500609, "time": 54.04097980491875}, "-43": {"optimal_thrust": 3639.9429363416157, "impact_speed": 85.13485188595095, "time": 54.339399008217406}, "-42": {"optimal_thrust": 3624.8221819650907, "impact_speed": 87.05692554645738, "time": 54.64493146078968}, "-41": {"optimal_thrust": 3608.872277183819, "impact_speed": 89.03424173855943, "time": 54.95761746495045}, "-40": {"optimal_thrust": 3592.113694392859, "impact_speed": 91.06120199780769, "time": 55.27750567091861}, "-39": {"optimal_thrust": 3574.5681633799272, "impact_speed": 93.13239400980578, "time": 55.60464858543031}, "-38": {"optimal_thrust": 3559.4889848622147, "impact_speed": 94.76393413093399, "time": 55.93908019071605}, "-37": {"optimal_thrust": 3552.7095034026515, "impact_speed": 95.09295121148048, "time": 56.2806557758583}, "-36": {"optimal_thrust": 3544.6517587049566, "impact_speed": 95.5526611620382, "time": 56.62884671597339}, "-35": {"optimal_thrust": 3536.3099151694314, "impact_speed": 96.00740769581667, "time": 56.98356117971975}, "-34": {"optimal_thrust": 3526.7323995563615, "impact_speed": 96.6463028080946, "time": 57.34526272742431}, "-33": {"optimal_thrust": 3515.9672498737327, "impact_speed": 97.49768135134379, "time": 57.71425862829267}, "-32": {"optimal_thrust": 3506.6030985699595, "impact_speed": 98.05330591651932, "time": 58.09062861307969}, "-31": {"optimal_thrust": 3497.33143284062, "impact_speed": 98.56363005221824, "time": 58.47434585408467}, "-30": {"optimal_thrust": 3488.149753338057, "impact_speed": 99.02918975829607, "time": 58.865378192761696}, "-29": {"optimal_thrust": 3479.063949009349, "impact_speed": 99.4490471913387, "time": 59.26369456570546}, "-28": {"optimal_thrust": 3470.0864230680504, "impact_speed": 99.8210445098775, "time": 59.66926610724498}, "-27": {"optimal_thrust": 3458.5782723645566, "impact_speed": 100.95229206570588, "time": 60.08204556243801}, "-26": {"optimal_thrust": 3450.056703956399, "impact_speed": 101.25388634398941, "time": 60.50204344674929}, "-25": {"optimal_thrust": 3441.7793292758656, "impact_speed": 101.47467802002143, "time": 60.92920741182211}, "-24": {"optimal_thrust": 3433.7588708104186, "impact_speed": 101.6016240729972, "time": 61.36349830373505}, "-23": {"optimal_thrust": 3425.993861195343, "impact_speed": 101.62304253373766, "time": 61.80488502914691}, "-22": {"optimal_thrust": 3418.477071484651, "impact_speed": 101.52702394306053, "time": 62.253334620206275}, "-21": {"optimal_thrust": 3411.1978233550303, "impact_speed": 101.30260584092827, "time": 62.708806544419616}, "-20": {"optimal_thrust": 3404.1510629477552, "impact_speed": 100.93677557665491, "time": 63.17124130202099}, "-19": {"optimal_thrust": 3397.336915536017, "impact_speed": 100.41546104515487, "time": 63.64058730217099}, "-18": {"optimal_thrust": 3390.7617158214966, "impact_speed": 99.72310318913662, "time": 64.1167919743281}, "-17": {"optimal_thrust": 3384.4390222304114,