{"-90": {"optimal_thrust": 3892.9170572587946, "impact_speed": 53.141424610054194, "time": 47.31050480910187}, "-89": {"optimal_thrust": 3904.4405559511424, "impact_speed": 51.02995609334424, "time": 47.30923793937484}, "-88": {"optimal_thrust": 3898.581685983618, "impact_speed": 52.16006868432748, "time": 47.31571173294678}, "-87": {"optimal_thrust": 3935.3293149625924, "impact_speed": 43.80324142492857, "time": 47.33542582363469}, "-86": {"optimal_thrust": 3968.196859474001, "impact_speed": 34.814984381273135, "time": 47.35471013330745}, "-85": {"optimal_thrust": 4014.191596186705, "impact_speed": 15.37409987090631, "time": 47.382849604518064}, "-84": {"optimal_thrust": 4011.519249987719, "impact_speed": 17.16380484317697, "time": 47.41934744184062}, "-83": {"optimal_thrust": 3961.0399625555365, "impact_speed": 37.10659877476665, "time": 47.4556008954773}, "-82": {"optimal_thrust": 3876.7099068899815, "impact_speed": 56.44843846270474, "time": 47.499263879279574}, "-81": {"optimal_thrust": 3891.0311276155426, "impact_speed": 53.657552878690076, "time": 47.55034103592262}, "-80": {"optimal_thrust": 3891.708882529626, "impact_speed": 53.5208486471401, "time": 47.60770697907573}, "-79": {"optimal_thrust": 3891.9977893924693, "impact_speed": 53.44050060718662, "time": 47.6712296257837}, "-78": {"optimal_thrust": 3887.5561637035394, "impact_speed": 54.285332195643925, "time": 47.74079347946115}, "-77": {"optimal_thrust": 3883.019432982664, "impact_speed": 55.12052464362461, "time": 47.81646876664699}, "-76": {"optimal_thrust": 3879.023650537298, "impact_speed": 55.82846393443716, "time": 47.89775196779202}, "-75": {"optimal_thrust": 3875.9317942514754, "impact_speed": 56.34949048283076, "time": 47.984164250317434}, "-74": {"optimal_thrust": 3873.4278405430887, "impact_speed": 56.7525587119316, "time": 48.07267515489154}, "-73": {"optimal_thrust": 3870.9702542290897, "impact_speed": 57.14421308201819, "time": 48.15389990372852}, "-72": {"optimal_thrust": 3868.1545764947364, "impact_speed": 57.60074284768186, "time": 48.275559221260224}, "-71": {"optimal_thrust": 3847.746092293628, "impact_speed": 61.16722198662314, "time": 48.394593806945664}, "-70": {"optimal_thrust": 3847.267756828229, "impact_speed": 61.19067031865855, "time": 48.516400190417}, "-69": {"optimal_thrust": 3846.114012528033, "impact_speed": 61.33530091594197, "time": 48.64296514616614}, "-68": {"optimal_thrust": 3844.304450659092, "impact_speed": 61.59536421277345, "time": 48.77518776359385}, "-67": {"optimal_thrust": 3841.862156814911, "impact_speed": 61.96381464165158, "time": 48.913499475696035}, "-66": {"optimal_thrust": 3838.8106585517394, "impact_speed": 62.433036180076755, "time": 49.05807819405202}, "-65": {"optimal_thrust": 3835.1735549368004, "impact_speed": 62.99507398076922, "time": 49.208984558341704}, "-64": {"optimal_thrust": 3830.9734413615574, "impact_speed": 63.64196287718187, "time": 49.366272089134334}, "-63": {"optimal_thrust": 3826.2319156348467, "impact_speed": 64.36584374933496, "time": 49.53026123307174}, "-62": {"optimal_thrust": 3820.9709887588524, "impact_speed": 65.15882119582865, "time": 49.70092815874916}, "-61": {"optimal_thrust": 3815.210351822271, "impact_speed": 66.01350558789645, "time": 49.87827633472158}, "-60": {"optimal_thrust": 3808.9705485617533, "impact_speed": 66.9225344965454, "time": 50.0628226926604}, "-59": {"optimal_thrust": 3802.2708292418843, "impact_speed": 67.87897826976923, "time": 50.252821108182786}, "-58": {"optimal_thrust": 3795.130178096222, "impact_speed": 68.87619543123552, "time": 50.44699977001429}, "-57": {"optimal_thrust": 3787.567722238741, "impact_speed": 69.90778341229485, "time": 50.64936495533056}, "-56": {"optimal_thrust": 3779.6025188648014, "impact_speed": 70.96762125478692, "time": 50.85886745855798}, "-55": {"optimal_thrust": 3771.2532537020093, "impact_speed": 72.04991649795117, "time": 51.07529009397278}, "-54": {"optimal_thrust": 3762.537957311788, "impact_speed": 73.14924302539164, "time": 51.29854123567003}, "-53": {"optimal_thrust": 3753.4762692424692, "impact_speed": 74.26015621212169, "time": 51.52853838673275}, "-52": {"optimal_thrust": 3744.086786274629, "impact_speed": 75.3776069898739, "time": 51.765350440342345}, "-51": {"optimal_thrust": 3735.350771095982, "impact_speed": 76.32545109796486, "time": 52.009018384061434}, "-50": {"optimal_thrust": 3727.3701530863236, "impact_speed": 77.04634886842665, "time": 52.25959070605596}, "-49": {"optimal_thrust": 3718.411118627181, "impact_speed": 77.82478449232072, "time": 52.51712412139196}, "-48": {"optimal_thrust": 3708.4876500961336, "impact_speed": 78.64785266999364, "time": 52.78164855964523}, "-47": {"optimal_thrust": 3697.6154978937398, "impact_speed": 79.49908155311405, "time": 53.05319116430696}, "-46": {"optimal_thrust": 3685.8096889439457, "impact_speed": 80.40518013695322, "time": 53.3317787659471}, "-45": {"optimal_thrust": 3673.087616804699, "impact_speed": 82.13680769131891, "time": 53.61743890289159}, "-44": {"optimal_thrust": 3659.465527354715, "impact_speed": 83.94535141716325, "time": 53.91020076042922}, "-43": {"optimal_thrust": 3644.96235392521, "impact_speed": 85.8213787479835, "time": 54.21009636424098}, "-42": {"optimal_thrust": 3629.596516589644, "impact_speed": 87.75900501619675, "time": 54.51716223661995}, "-41": {"optimal_thrust": 3613.3884135692, "impact_speed": 89.75224888428359, "time": 54.831441738782175}, "-40": {"optimal_thrust": 3596.358517968363, "impact_speed": 91.7955437777762, "time": 55.15298688108996}, "-39": {"optimal_thrust": 3578.5284448882926, "impact_speed": 93.88350371240529, "time": 55.481851066509115}, "-38": {"optimal_thrust": 3563.2055838723927, "impact_speed": 95.52812378860608, "time": 55.818053368584344}, "-37": {"optimal_thrust": 3556.3160952298294, "impact_speed": 95.85982683207031, "time": 56.16139401715183}, "-36": {"optimal_thrust": 3548.128066291668, "impact_speed": 96.32320799662587, "time": 56.5113337452536}, "-35": {"optimal_thrust": 3539.6512043409084, "impact_speed": 96.78160612266149, "time": 56.867912628397434}, "-34": {"optimal_thrust": 3527.6906817507147, "impact_speed": 97.84399147202166, "time": 57.23160529010134}, "-33": {"optimal_thrust": 3518.9787755519487, "impact_speed": 98.28396135023299, "time": 57.60271304818748}, "-32": {"optimal_thrust": 3509.463043000551, "impact_speed": 98.84405360480689, "time": 57.98125036720394}, "-31": {"optimal_thrust": 3500.041457281656, "impact_speed": 99.35843889822742, "time": 58.36720071021383}, "-30": {"optimal_thrust": 3490.71062820381, "impact_speed": 99.82786783414647, "time": 58.76053292652146}, "-29": {"optimal_thrust": 3481.4775916089966, "impact_speed": 100.25114451853257, "time": 59.16121786780157}, "-28": {"optimal_thrust": 3472.3550754549406, "impact_speed": 100.62602631748575, "time": 59.569228518408096}, "-27": {"optimal_thrust": 3460.660488819859, "impact_speed": 101.76642021730459, "time": 59.98451901389655}, "-26": {"optimal_thrust": 3452.000898455293, "impact_speed": 102.07045380338397, "time": 60.40710175869843}, "-25": {"optimal_thrust": 3443.5893372301357, "impact_speed": 102.29307802508319, "time": 60.836924075969534}, "-24": {"optimal_thrust": 3435.4391749544056, "impact_speed": 102.42098126386206, "time": 61.27394975106769}, "-23": {"optimal_thrust": 3427.5483585970774, "impact_speed": 102.44259950130274, "time": 61.7181503755593}, "-22": {"optimal_thrust": 3419.9097311524465, "impact_speed": 102.3458735135951, "time": 62.1694935570113}, "-21": {"optimal_thrust": 3412.51305606827, "impact_speed": 102.11934313590787, "time": 62.62793677575885}, "-20": {"optimal_thrust": 3405.3521279710567, "impact_speed": 101.75055256197123, "time": 63.093421451130546}, "-19": {"optimal_thrust": 3398.4271429078235, "impact_speed": 101.22552875901658, "time": 63.565899845380805}, "-18": {"optimal_thrust": 3391.7458375723436, "impact_speed": 100.52710459242381, "time": 64.04531949361308}, "-17": {"optimal_thrust": 3385.320619467688,