{"-90": {"optimal_thrust": 3904.432298395122, "impact_speed": 53.079691469424844, "time": 47.15584558591685}, "-89": {"optimal_thrust": 3913.6683396531726, "impact_speed": 51.4382014707215, "time": 47.15198311993018}, "-88": {"optimal_thrust": 3907.7157084682644, "impact_speed": 52.57728387157383, "time": 47.15866398568857}, "-87": {"optimal_thrust": 3945.0529004166074, "impact_speed": 44.15376973994013, "time": 47.178379131015625}, "-86": {"optimal_thrust": 3978.4486924740454, "impact_speed": 35.09355334874731, "time": 47.197601910858985}, "-85": {"optimal_thrust": 4025.1821351403355, "impact_speed": 15.49731189216167, "time": 47.22585573781012}, "-84": {"optimal_thrust": 4022.4671810556592, "impact_speed": 17.30111167321225, "time": 47.262489830916195}, "-83": {"optimal_thrust": 3971.1769266174797, "impact_speed": 37.40346935419521, "time": 47.298804758536}, "-82": {"optimal_thrust": 3885.49236098981, "impact_speed": 56.90000594506241, "time": 47.34262545306986}, "-81": {"optimal_thrust": 3900.043245539952, "impact_speed": 54.08686999818033, "time": 47.39387598062619}, "-80": {"optimal_thrust": 3900.7319452636602, "impact_speed": 53.949060836188735, "time": 47.45143855111073}, "-79": {"optimal_thrust": 3901.0256399235004, "impact_speed": 53.86804090122898, "time": 47.51517182391662}, "-78": {"optimal_thrust": 3896.5125821185666, "impact_speed": 54.7196468656155, "time": 47.585084212329754}, "-77": {"optimal_thrust": 3891.9031237694444, "impact_speed": 55.56149143722831, "time": 47.66082435323306}, "-76": {"optimal_thrust": 3887.843261994784, "impact_speed": 56.275073599044305, "time": 47.742401494034645}, "-75": {"optimal_thrust": 3884.7019113463493, "impact_speed": 56.80023611104593, "time": 47.828911179857535}, "-74": {"optimal_thrust": 3882.157599532313, "impact_speed": 57.20655427671572, "time": 47.91714270744724}, "-73": {"optimal_thrust": 3879.660607961621, "impact_speed": 57.601328465847864, "time": 48.001571290361575}, "-72": {"optimal_thrust": 3876.7993198047798, "impact_speed": 58.06158035441804, "time": 48.12254940356985}, "-71": {"optimal_thrust": 3856.0633789567432, "impact_speed": 61.656522993364305, "time": 48.241447954203075}, "-70": {"optimal_thrust": 3855.577177304113, "impact_speed": 61.68019029372992, "time": 48.363464609298326}, "-69": {"optimal_thrust": 3854.4050128072095, "impact_speed": 61.8259582779913, "time": 48.490379834067646}, "-68": {"optimal_thrust": 3852.5659638440734, "impact_speed": 62.08817438785871, "time": 48.623037573401625}, "-67": {"optimal_thrust": 3850.084778598634, "impact_speed": 62.45951339995586, "time": 48.76183676269938}, "-66": {"optimal_thrust": 3846.9842255338376, "impact_speed": 62.93249485370932, "time": 48.9069388620693}, "-65": {"optimal_thrust": 3843.2887340496172, "impact_speed": 63.49902239362905, "time": 49.05839776354927}, "-64": {"optimal_thrust": 3839.0210726089213, "impact_speed": 64.1510995894843, "time": 49.216289532026174}, "-63": {"optimal_thrust": 3834.2033752532184, "impact_speed": 64.88077213464635, "time": 49.3809305140607}, "-62": {"optimal_thrust": 3828.8578971877005, "impact_speed": 65.68010002542967, "time": 49.55226707094582}, "-61": {"optimal_thrust": 3823.0047194228146, "impact_speed": 66.54162215594148, "time": 49.730336299906995}, "-60": {"optimal_thrust": 3816.6644362267634, "impact_speed": 67.45796341177834, "time": 49.91575259431963}, "-59": {"optimal_thrust": 3809.8573246570113, "impact_speed": 68.42202041917864, "time": 50.105895958849274}, "-58": {"optimal_thrust": 3802.6018047870193, "impact_speed": 69.42724152763233, "time": 50.301086728162765}, "-57": {"optimal_thrust": 3794.9184708849884, "impact_speed": 70.46698390664126, "time": 50.50436490665274}, "-56": {"optimal_thrust": 3786.825229766624, "impact_speed": 71.53531426797532, "time": 50.71475866077265}, "-55": {"optimal_thrust": 3778.3413319738784, "impact_speed": 72.6263505345972, "time": 50.932094822748695}, "-54": {"optimal_thrust": 3769.486541306462, "impact_speed": 73.73438896547154, "time": 51.156289409542055}, "-53": {"optimal_thrust": 3760.278960627095, "impact_speed": 74.8542426371345, "time": 51.387264167288826}, "-52": {"optimal_thrust": 3750.738670946225, "impact_speed": 75.98062876246988, "time": 51.62509928779806}, "-51": {"optimal_thrust": 3741.8624555421106, "impact_speed": 76.93603204680211, "time": 51.86983318289532}, "-50": {"optimal_thrust": 3733.7537990135247, "impact_speed": 77.66266350934521, "time": 52.121523042458385}, "-49": {"optimal_thrust": 3724.650533401422, "impact_speed": 78.4473876276386, "time": 52.38022026836852}, "-48": {"optimal_thrust": 3714.5678780690087, "impact_speed": 79.27697511993597, "time": 52.64595466234901}, "-47": {"optimal_thrust": 3703.520931215767, "impact_speed": 80.13504288521246, "time": 52.918754611536755}, "-46": {"optimal_thrust": 3691.525617503142, "impact_speed": 81.04683600420249, "time": 53.19864840501308}, "-45": {"optimal_thrust": 3678.5988755313524, "impact_speed": 82.79395608256196, "time": 53.485665225334365}, "-44": {"optimal_thrust": 3664.758115441616, "impact_speed": 84.61689700269422, "time": 53.77983612965558}, "-43": {"optimal_thrust": 3650.02168643063, "impact_speed": 86.50800433369811, "time": 54.08119529880034}, "-42": {"optimal_thrust": 3634.4093522981034, "impact_speed": 88.46105289008901, "time": 54.38978184506479}, "-41": {"optimal_thrust": 3617.940946629071, "impact_speed": 90.47023381572497, "time": 54.70564225880291}, "-40": {"optimal_thrust": 3600.637437122188, "impact_speed": 92.52988563662473, "time": 55.02883185018008}, "-39": {"optimal_thrust": 3582.521149012567, "impact_speed": 94.63451918120403, "time": 55.35940385971109}, "-38": {"optimal_thrust": 3566.951860169522, "impact_speed": 96.29233962923085, "time": 55.697357605191186}, "-37": {"optimal_thrust": 3559.951464846428, "impact_speed": 96.6267328967311, "time": 56.042434539133794}, "-36": {"optimal_thrust": 3552.80115933134, "impact_speed": 96.89664162179673, "time": 56.3941182988698}, "-35": {"optimal_thrust": 3543.0188484708688, "impact_speed": 97.55589490805612, "time": 56.75255801706784}, "-34": {"optimal_thrust": 3530.8662588355987, "impact_speed": 98.62676742041309, "time": 57.118250447375964}, "-33": {"optimal_thrust": 3522.0145411939266, "impact_speed": 99.07023089934441, "time": 57.491443584743365}, "-32": {"optimal_thrust": 3512.345755894088, "impact_speed": 99.63484571792948, "time": 57.87213429991337}, "-31": {"optimal_thrust": 3502.772974455787, "impact_speed": 100.15331323367293, "time": 58.26030372527522}, "-30": {"optimal_thrust": 3493.292293384782, "impact_speed": 100.62648827873613, "time": 58.65592208217467}, "-29": {"optimal_thrust": 3483.9110657337997, "impact_speed": 101.05311428839059, "time": 59.05896217641745}, "-28": {"optimal_thrust": 3474.6420194605616, "impact_speed": 101.43098629158204, "time": 59.46939882431482}, "-27": {"optimal_thrust": 3462.759525553692, "impact_speed": 102.5805207365934, "time": 59.887187540829295}, "-26": {"optimal_thrust": 3453.9608255751473, "impact_speed": 102.88698392551501, "time": 60.31234251937964}, "-25": {"optimal_thrust": 3445.4143145092994, "impact_speed": 103.11132266602061, "time": 60.74481069484032}, "-24": {"optimal_thrust": 3437.132524266853, "impact_speed": 103.24052399674962, "time": 61.18455965857677}, "-23": {"optimal_thrust": 3429.1155218324, "impact_speed": 103.26207000172373, "time": 61.631562939323196}, "-22": {"optimal_thrust": 3421.3540922624525, "impact_speed": 103.16461110496451, "time": 62.085788602522484}, "-21": {"optimal_thrust": 3413.838199958545, "impact_speed": 102.9365407076224, "time": 62.54719112874311}, "-20": {"optimal_thrust": 3406.562469681164, "impact_speed": 102.56465832872689, "time": 63.01571560189838}, "-19": {"optimal_thrust": 3399.5265803163597, "impact_speed": 102.03507789657361, "time": 63.491316554920765}, "-18": {"optimal_thrust": 3392.7378888200674, "impact_speed": 101.33107001100392, "time": 63.9739414415782}, "-17": {"optimal_thrust": 3386.209252546952,