{"-90": {"optimal_thrust": 3912.711914442825, "impact_speed": 53.6771326240161, "time": 46.998642315183865}, "-89": {"optimal_thrust": 3922.9698776838422, "impact_speed": 51.84639995906658, "time": 46.995470167601646}, "-88": {"optimal_thrust": 3916.9219454213817, "impact_speed": 52.994612898062286, "time": 47.00234130708119}, "-87": {"optimal_thrust": 3954.8545890469036, "impact_speed": 44.5041481348348, "time": 47.02208282878867}, "-86": {"optimal_thrust": 3988.7825103569194, "impact_speed": 35.37203203107653, "time": 47.04123271941712}, "-85": {"optimal_thrust": 4036.2607432825143, "impact_speed": 15.620179546190208, "time": 47.069599009292695}, "-84": {"optimal_thrust": 4033.502426466688, "impact_speed": 17.438369295749634, "time": 47.10636519778439}, "-83": {"optimal_thrust": 3981.39465281294, "impact_speed": 37.70034278248374, "time": 47.14274349421967}, "-82": {"optimal_thrust": 3894.3444642047275, "impact_speed": 57.35163545200389, "time": 47.186718469251836}, "-81": {"optimal_thrust": 3909.1276519251614, "impact_speed": 54.51609249287051, "time": 47.23813930857345}, "-80": {"optimal_thrust": 3909.827344565282, "impact_speed": 54.37718606990958, "time": 47.29589542634989}, "-79": {"optimal_thrust": 3910.1253876146097, "impact_speed": 54.295588542414755, "time": 47.3598362324633}, "-78": {"optimal_thrust": 3905.5409458403883, "impact_speed": 55.153848985094925, "time": 47.43030730142337}, "-77": {"optimal_thrust": 3900.8577590492814, "impact_speed": 56.002428085975154, "time": 47.50594245461632}, "-76": {"optimal_thrust": 3896.7331097455954, "impact_speed": 56.721690821692484, "time": 47.587755571138196}, "-75": {"optimal_thrust": 3893.5417261192692, "impact_speed": 57.25101627448182, "time": 47.674334170477444}, "-74": {"optimal_thrust": 3890.9566168521055, "impact_speed": 57.66060565188985, "time": 47.762223608124145}, "-73": {"optimal_thrust": 3888.4201713486664, "impact_speed": 58.05845078541064, "time": 47.84978612881004}, "-72": {"optimal_thrust": 3885.5133462228173, "impact_speed": 58.52234464519431, "time": 47.970140641607145}, "-71": {"optimal_thrust": 3864.446796813955, "impact_speed": 62.14584857479859, "time": 48.08894980777551}, "-70": {"optimal_thrust": 3863.952728975074, "impact_speed": 62.169723912769115, "time": 48.211187673178124}, "-69": {"optimal_thrust": 3862.7617044393305, "impact_speed": 62.31667974474771, "time": 48.33845576099319}, "-68": {"optimal_thrust": 3860.8938042701684, "impact_speed": 62.58089872095951, "time": 48.471545971325966}, "-67": {"optimal_thrust": 3858.3726515190597, "impact_speed": 62.95525805278102, "time": 48.61082698005586}, "-66": {"optimal_thrust": 3855.222970255873, "impact_speed": 63.431945100142244, "time": 48.756445251891805}, "-65": {"optimal_thrust": 3851.4682606216206, "impact_speed": 64.00302435093971, "time": 48.90844872473721}, "-64": {"optimal_thrust": 3847.1327338007454, "impact_speed": 64.66025223033115, "time": 49.06694171807726}, "-63": {"optimal_thrust": 3842.2383514879675, "impact_speed": 65.39570067249585, "time": 49.232223456900826}, "-62": {"optimal_thrust": 3836.807808897138, "impact_speed": 66.20135232841324, "time": 49.404220284039866}, "-61": {"optimal_thrust": 3830.8611870387044, "impact_speed": 67.06973972768674, "time": 49.583007624178805}, "-60": {"optimal_thrust": 3824.4201795442896, "impact_speed": 67.99330203561875, "time": 49.769285220955}, "-59": {"optimal_thrust": 3817.504331669879, "impact_speed": 68.96505250774122, "time": 49.95957241625343}, "-58": {"optimal_thrust": 3810.133502347888, "impact_speed": 69.97820075239642, "time": 50.155767778715195}, "-57": {"optimal_thrust": 3802.327360669132, "impact_speed": 71.02625417156128, "time": 50.35993411275141}, "-56": {"optimal_thrust": 3794.1052514348157, "impact_speed": 72.10304633506469, "time": 50.57120842901264}, "-55": {"optimal_thrust": 3785.486331403114, "impact_speed": 73.2027130928041, "time": 50.789445300332474}, "-54": {"optimal_thrust": 3776.4900683107753, "impact_speed": 74.31960393317148, "time": 51.014567215781526}, "-53": {"optimal_thrust": 3767.136029510473, "impact_speed": 75.44830075987066, "time": 51.246512205178476}, "-52": {"optimal_thrust": 3757.443517450921, "impact_speed": 76.58365738656019, "time": 51.48535899990814}, "-51": {"optimal_thrust": 3748.4261466988746, "impact_speed": 77.54659221322932, "time": 51.731147576492916}, "-50": {"optimal_thrust": 3740.187843513861, "impact_speed": 78.27906781636825, "time": 51.9839440870878}, "-49": {"optimal_thrust": 3730.939391508826, "impact_speed": 79.07005182834372, "time": 52.243792931885736}, "-48": {"optimal_thrust": 3720.6964017297114, "impact_speed": 79.906143150443, "time": 52.51072489654007}, "-47": {"optimal_thrust": 3709.473120285887, "impact_speed": 80.77116510992036, "time": 52.784769652844815}, "-46": {"optimal_thrust": 3697.2866949861814, "impact_speed": 81.69159758871146, "time": 53.06595698568549}, "-45": {"optimal_thrust": 3684.1538849673157, "impact_speed": 83.45119093399661, "time": 53.354317757989186}, "-44": {"optimal_thrust": 3670.0925970452586, "impact_speed": 85.28853115077114, "time": 53.649884934603946}, "-43": {"optimal_thrust": 3655.1216942147, "impact_speed": 87.1945415680052, "time": 53.95269490980272}, "-42": {"optimal_thrust": 3639.2604419812765, "impact_speed": 89.16312044323551, "time": 54.26278944678008}, "-41": {"optimal_thrust": 3622.5294196501, "impact_speed": 91.18827955497335, "time": 54.58021824416694}, "-40": {"optimal_thrust": 3604.950248749366, "impact_speed": 93.26426091573735, "time": 54.90503979367633}, "-39": {"optimal_thrust": 3586.5450011684866, "impact_speed": 95.38563631086109, "time": 55.237305818511985}, "-38": {"optimal_thrust": 3570.7279987605307, "impact_speed": 97.05655385404529, "time": 55.57699048861708}, "-37": {"optimal_thrust": 3563.616321557221, "impact_speed": 97.39355650042832, "time": 55.923775829479546}, "-36": {"optimal_thrust": 3556.3519777330503, "impact_speed": 97.66561761275851, "time": 56.27718888857252}, "-35": {"optimal_thrust": 3546.4136094532614, "impact_speed": 98.3301310994602, "time": 56.637499061231736}, "-34": {"optimal_thrust": 3534.067291835929, "impact_speed": 99.4095143535359, "time": 57.005183768806205}, "-33": {"optimal_thrust": 3525.0744190254586, "impact_speed": 99.85651605446247, "time": 57.38044949753178}, "-32": {"optimal_thrust": 3515.2517505083288, "impact_speed": 100.42556985185746, "time": 57.7632796405667}, "-31": {"optimal_thrust": 3505.5259844845564, "impact_speed": 100.948251482771, "time": 58.15365420983025}, "-30": {"optimal_thrust": 3495.8948700446963, "impact_speed": 101.42502134985212, "time": 58.551545066249425}, "-29": {"optimal_thrust": 3486.363790400556, "impact_speed": 101.85512388881814, "time": 58.95692697629832}, "-28": {"optimal_thrust": 3476.947066328904, "impact_speed": 102.23598433555198, "time": 59.36977658165279}, "-27": {"optimal_thrust": 3464.8750642974323, "impact_speed": 103.3946855827048, "time": 59.790050755636166}, "-26": {"optimal_thrust": 3455.936168105224, "impact_speed": 103.70357828534152, "time": 60.21776528533952}, "-25": {"optimal_thrust": 3447.253363472435, "impact_speed": 103.92973564875405, "time": 60.65286708064994}, "-24": {"optimal_thrust": 3438.840012392103, "impact_speed": 104.05980195733612, "time": 61.095327873898654}, "-23": {"optimal_thrust": 3430.6950288535436, "impact_speed": 104.08160940935514, "time": 61.545122540151844}, "-22": {"optimal_thrust": 3422.8100336509497, "impact_speed": 103.98330829193283, "time": 62.00221960596491}, "-21": {"optimal_thrust": 3415.1744108695557, "impact_speed": 103.7533823572045, "time": 62.466569582664576}, "-20": {"optimal_thrust": 3407.782468053776, "impact_speed": 103.37875234591212, "time": 62.93812372504337}, "-19": {"optimal_thrust": 3400.6343972931313, "impact_speed": 102.84505969670873, "time": 63.416837338802026}, "-18": {"optimal_thrust": 3393.737426010676, "impact_speed": 102.13566618499284, "time": 63.902657642404066},