{"-90": {"optimal_thrust": 3920.731036286025, "impact_speed": 54.3362854621605, "time": 46.838501692778586}, "-89": {"optimal_thrust": 3932.3444611522605, "impact_speed": 52.254698324053, "time": 46.83969586536723}, "-88": {"optimal_thrust": 3926.2010321998437, "impact_speed": 53.41192701042108, "time": 46.84674212077758}, "-87": {"optimal_thrust": 3964.733279845013, "impact_speed": 44.85464100732169, "time": 46.86653497166812}, "-86": {"optimal_thrust": 3999.197874845321, "impact_speed": 35.65055418329463, "time": 46.88559945886122}, "-85": {"optimal_thrust": 4047.426470253357, "impact_speed": 15.74336338631871, "time": 46.914076315724074}, "-84": {"optimal_thrust": 4044.6243973400174, "impact_speed": 17.575939211474815, "time": 46.95097058976692}, "-83": {"optimal_thrust": 3991.6932913326073, "impact_speed": 37.99717653640934, "time": 46.98741400426904}, "-82": {"optimal_thrust": 3903.2670470032285, "impact_speed": 57.80317133192394, "time": 47.03153989058166}, "-81": {"optimal_thrust": 3918.283612247838, "impact_speed": 54.945365945512854, "time": 47.08312800859356}, "-80": {"optimal_thrust": 3918.9942499659987, "impact_speed": 54.8053886869181, "time": 47.1410745145953}, "-79": {"optimal_thrust": 3919.2975461284736, "impact_speed": 54.723042852081626, "time": 47.205219862226215}, "-78": {"optimal_thrust": 3914.6402544598295, "impact_speed": 55.58813356922464, "time": 47.2768145733033}, "-77": {"optimal_thrust": 3909.882996111925, "impact_speed": 56.44340008190533, "time": 47.35177772205871}, "-76": {"optimal_thrust": 3905.6930460816684, "impact_speed": 57.168342944551156, "time": 47.43381014973786}, "-75": {"optimal_thrust": 3902.451263749309, "impact_speed": 57.70182552163357, "time": 47.520429357495715}, "-74": {"optimal_thrust": 3899.825405368693, "impact_speed": 58.114617665678274, "time": 47.60791866982915}, "-73": {"optimal_thrust": 3897.2486018349623, "impact_speed": 58.51564218707529, "time": 47.698552770045204}, "-72": {"optimal_thrust": 3894.2962398263353, "impact_speed": 58.983112586616336, "time": 47.818337226059754}, "-71": {"optimal_thrust": 3872.896028654525, "impact_speed": 62.63525198098496, "time": 47.93709982818149}, "-70": {"optimal_thrust": 3872.394534328649, "impact_speed": 62.65925001791259, "time": 48.05956850345218}, "-69": {"optimal_thrust": 3871.1846500208926, "impact_speed": 62.80736801828002, "time": 48.187191252285224}, "-68": {"optimal_thrust": 3869.2873361459997, "impact_speed": 63.07364739382427, "time": 48.32071085759605}, "-67": {"optimal_thrust": 3866.726387766852, "impact_speed": 63.450943623364864, "time": 48.46046786219735}, "-66": {"optimal_thrust": 3863.5266984927716, "impact_speed": 63.931419952080546, "time": 48.60659506502725}, "-65": {"optimal_thrust": 3859.7128202573144, "impact_speed": 64.50696329145187, "time": 48.75913518890385}, "-64": {"optimal_thrust": 3855.3084252979766, "impact_speed": 65.16942036601866, "time": 48.91822600051495}, "-63": {"optimal_thrust": 3850.336844696627, "impact_speed": 65.91062930000733, "time": 49.084137616629995}, "-62": {"optimal_thrust": 3844.8203338796784, "impact_speed": 66.72264296943187, "time": 49.25678583951284}, "-61": {"optimal_thrust": 3838.77995071696, "impact_speed": 67.59782623239899, "time": 49.43628957746886}, "-60": {"optimal_thrust": 3832.2368024659622, "impact_speed": 68.52871085943936, "time": 49.62339743618925}, "-59": {"optimal_thrust": 3825.211850620755, "impact_speed": 69.50807471649688, "time": 49.813863868655176}, "-58": {"optimal_thrust": 3817.724418784475, "impact_speed": 70.52921169778085, "time": 50.01103803260088}, "-57": {"optimal_thrust": 3809.7947113839086, "impact_speed": 71.5855415128128, "time": 50.21607040719123}, "-56": {"optimal_thrust": 3801.4427587686173, "impact_speed": 72.67078865757142, "time": 50.4282149036614}, "-55": {"optimal_thrust": 3792.68761756824, "impact_speed": 73.7791071524586, "time": 50.64733971117514}, "-54": {"optimal_thrust": 3783.549172746206, "impact_speed": 74.90478443845507, "time": 50.87337685861258}, "-53": {"optimal_thrust": 3774.0469429922387, "impact_speed": 76.04241772605046, "time": 51.10628098006351}, "-52": {"optimal_thrust": 3764.201502319303, "impact_speed": 77.18666356627661, "time": 51.34612812744181}, "-51": {"optimal_thrust": 3755.041315549834, "impact_speed": 78.15722317382755, "time": 51.592961108494826}, "-50": {"optimal_thrust": 3746.673117055827, "impact_speed": 78.89540230154715, "time": 51.846852447765926}, "-49": {"optimal_thrust": 3737.2783309786273, "impact_speed": 79.69263403606321, "time": 52.107840783615785}, "-48": {"optimal_thrust": 3726.873078550985, "impact_speed": 80.53539756537975, "time": 52.37595799937264}, "-47": {"optimal_thrust": 3715.4727570269883, "impact_speed": 81.40707622436986, "time": 52.65123510155153}, "-46": {"optimal_thrust": 3703.0934343944677, "impact_speed": 82.33539639097089, "time": 52.93370339239907}, "-45": {"optimal_thrust": 3689.753338162113, "impact_speed": 84.10814524020124, "time": 53.22339545752827}, "-44": {"optimal_thrust": 3675.4697364794706, "impact_speed": 85.9600110021719, "time": 53.52034620233573}, "-43": {"optimal_thrust": 3660.2620600666814, "impact_speed": 87.88106899120878, "time": 53.82459428684989}, "-42": {"optimal_thrust": 3644.149575334529, "impact_speed": 89.86524988131055, "time": 54.13618419866633}, "-41": {"optimal_thrust": 3627.1543456858662, "impact_speed": 91.90629272666648, "time": 54.45516891087933}, "-40": {"optimal_thrust": 3609.297086552619, "impact_speed": 93.99864705365961, "time": 54.78160990089043}, "-39": {"optimal_thrust": 3590.601275702505, "impact_speed": 96.13666059890757, "time": 55.115555711821784}, "-38": {"optimal_thrust": 3574.533566569242, "impact_speed": 97.82082962924073, "time": 55.45694954178303}, "-37": {"optimal_thrust": 3567.309638846697, "impact_speed": 98.160460664465, "time": 55.8054172031807}, "-36": {"optimal_thrust": 3559.93042624536, "impact_speed": 98.43466994051116, "time": 56.160555726974444}, "-35": {"optimal_thrust": 3549.8351700773496, "impact_speed": 99.10437410040264, "time": 56.522736906115156}, "-34": {"optimal_thrust": 3537.2936532938206, "impact_speed": 100.19225685453638, "time": 56.89240487202679}, "-33": {"optimal_thrust": 3528.1583405929086, "impact_speed": 100.6428301684673, "time": 57.2697300263946}, "-32": {"optimal_thrust": 3518.180513585515, "impact_speed": 101.21633808448084, "time": 57.654685634560074}, "-31": {"optimal_thrust": 3508.30130952965, "impact_speed": 101.7430604643393, "time": 58.04725150743618}, "-30": {"optimal_thrust": 3498.51721050432, "impact_speed": 102.22376140818271, "time": 58.4474013004289}, "-29": {"optimal_thrust": 3488.8361506903966, "impact_speed": 102.65706428782322, "time": 58.85511177818041}, "-28": {"optimal_thrust": 3479.270404952197, "impact_speed": 103.04096059086335, "time": 59.27036136533322}, "-27": {"optimal_thrust": 3467.007294694279, "impact_speed": 104.2088592669608, "time": 59.693108285611544}, "-26": {"optimal_thrust": 3457.9272432562616, "impact_speed": 104.52013547097388, "time": 60.12336962659896}, "-25": {"optimal_thrust": 3449.107185822136, "impact_speed": 104.7480648037843, "time": 60.56109306325882}, "-24": {"optimal_thrust": 3440.5606074751718, "impact_speed": 104.87923879940959, "time": 61.006254220676965}, "-23": {"optimal_thrust": 3432.2871968009613, "impact_speed": 104.90106629162723, "time": 61.45882899275213}, "-22": {"optimal_thrust": 3424.2772301367318, "impact_speed": 104.80214957439954, "time": 61.918785339893326}, "-21": {"optimal_thrust": 3416.521046294314, "impact_speed": 104.57032058806823, "time": 62.386072096954216}, "-20": {"optimal_thrust": 3409.012123034607, "impact_speed": 104.19283493700813, "time": 62.86064577135969}, "-19": {"optimal_thrust": 3401.751294838331, "impact_speed": 103.65467760403504, "time": 63.342462093909816}, "-18": {"optimal_thrust": 3394.7452098498206, "impact_speed": 102.93974527378361, "time": 63.83146791017302}, "-17": {"optimal_thrust": 3388.0078137700243,