{"-90": {"optimal_thrust": 3928.754115150546, "impact_speed": 55.00408991402313, "time": 46.68696678392705}, "-89": {"optimal_thrust": 3941.792772064168, "impact_speed": 52.662955187128674, "time": 46.68465700312177}, "-88": {"optimal_thrust": 3935.552968803649, "impact_speed": 53.82922655552909, "time": 46.69186469609354}, "-87": {"optimal_thrust": 3974.690074403218, "impact_speed": 45.204986696337045, "time": 46.71173348911644}, "-86": {"optimal_thrust": 4009.694710343276, "impact_speed": 35.92914132409086, "time": 46.730699028311314}, "-85": {"optimal_thrust": 4058.6799929377753, "impact_speed": 15.866394938154928, "time": 46.759284559359}, "-84": {"optimal_thrust": 4055.8345136822313, "impact_speed": 17.712951965339414, "time": 46.79630307203817}, "-83": {"optimal_thrust": 4002.0727214710196, "impact_speed": 38.294005395578466, "time": 46.8328131905688}, "-82": {"optimal_thrust": 3912.2589617060794, "impact_speed": 58.25482720654599, "time": 46.8770866700697}, "-81": {"optimal_thrust": 3927.5113483146492, "impact_speed": 55.374646214192886, "time": 46.9288390712192}, "-80": {"optimal_thrust": 3928.233370274993, "impact_speed": 55.23352943702727, "time": 46.98697273811902}, "-79": {"optimal_thrust": 3928.5410622310997, "impact_speed": 55.15061048560797, "time": 47.05130444284216}, "-78": {"optimal_thrust": 3923.810603595452, "impact_speed": 56.02248045545176, "time": 47.125001382529675}, "-77": {"optimal_thrust": 3918.9788345557768, "impact_speed": 56.884406678306036, "time": 47.19831508979252}, "-76": {"optimal_thrust": 3914.723583862065, "impact_speed": 57.614934346545354, "time": 47.28056107900438}, "-75": {"optimal_thrust": 3911.4304504944375, "impact_speed": 58.15267666608943, "time": 47.367193123081314}, "-74": {"optimal_thrust": 3908.7637948870797, "impact_speed": 58.568622140732636, "time": 47.42228970757233}, "-73": {"optimal_thrust": 3906.1463160358753, "impact_speed": 58.97282587168095, "time": 47.547878719386304}, "-72": {"optimal_thrust": 3903.1478297834974, "impact_speed": 59.443914721172675, "time": 47.667142877440924}, "-71": {"optimal_thrust": 3881.4119049469464, "impact_speed": 63.124591576068475, "time": 47.78589819389389}, "-70": {"optimal_thrust": 3880.9025443105907, "impact_speed": 63.148777064522854, "time": 47.90860604848262}, "-69": {"optimal_thrust": 3879.6737267975323, "impact_speed": 63.29804461036391, "time": 48.03658453172738}, "-68": {"optimal_thrust": 3877.746731025415, "impact_speed": 63.566390879486086, "time": 48.17053008535733}, "-67": {"optimal_thrust": 3875.145302044733, "impact_speed": 63.946686892865536, "time": 48.31075711443455}, "-66": {"optimal_thrust": 3871.895727455272, "impact_speed": 64.43086562614228, "time": 48.457385995287474}, "-65": {"optimal_thrust": 3868.021727352195, "impact_speed": 65.01095509311624, "time": 48.61045489221096}, "-64": {"optimal_thrust": 3863.548636487224, "impact_speed": 65.6785224768204, "time": 48.77013974473128}, "-63": {"optimal_thrust": 3858.498904582649, "impact_speed": 66.42554983006198, "time": 48.93667059070989}, "-62": {"optimal_thrust": 3852.8956681823393, "impact_speed": 67.24393901394441, "time": 49.10996183220296}, "-61": {"optimal_thrust": 3846.760570379093, "impact_speed": 68.12595377333679, "time": 49.2901815648124}, "-60": {"optimal_thrust": 3840.1148179017205, "impact_speed": 69.06410567025348, "time": 49.47805425322429}, "-59": {"optimal_thrust": 3832.9794186948143, "impact_speed": 70.05116129033439, "time": 49.668772621695965}, "-58": {"optimal_thrust": 3825.3749438318105, "impact_speed": 71.08021117911923, "time": 49.86689316471537}, "-57": {"optimal_thrust": 3817.3206441930392, "impact_speed": 72.1448263381246, "time": 50.07277195977714}, "-56": {"optimal_thrust": 3808.8377729158055, "impact_speed": 73.23853765174827, "time": 50.28577324664928}, "-55": {"optimal_thrust": 3799.945311632976, "impact_speed": 74.35551278346462, "time": 50.50577616898502}, "-54": {"optimal_thrust": 3790.6635374020148, "impact_speed": 75.4899818240353, "time": 50.73271675401989}, "-53": {"optimal_thrust": 3781.0122862266967, "impact_speed": 76.63649794088636, "time": 50.96656897332612}, "-52": {"optimal_thrust": 3771.0121318100482, "impact_speed": 77.78972868085522, "time": 51.207405213942906}, "-51": {"optimal_thrust": 3761.708491502378, "impact_speed": 78.76783283209603, "time": 51.45527238800661}, "-50": {"optimal_thrust": 3753.208860962602, "impact_speed": 79.51181125495064, "time": 51.71024672279999}, "-49": {"optimal_thrust": 3743.6671557638097, "impact_speed": 80.31517933762534, "time": 51.972362490772944}, "-48": {"optimal_thrust": 3733.0984215157423, "impact_speed": 81.16458682088867, "time": 52.241652711915584}, "-47": {"optimal_thrust": 3721.5192208378207, "impact_speed": 82.04310884654633, "time": 52.518149764377895}, "-46": {"optimal_thrust": 3708.946170036749, "impact_speed": 82.97571489682755, "time": 52.801886508696334}, "-45": {"optimal_thrust": 3695.3965420662203, "impact_speed": 84.76518767523677, "time": 53.09289727251781}, "-44": {"optimal_thrust": 3680.888894919205, "impact_speed": 86.63153983438376, "time": 53.39121895077335}, "-43": {"optimal_thrust": 3665.4423412187043, "impact_speed": 88.56769274379582, "time": 53.696892516437245}, "-42": {"optimal_thrust": 3649.0777931309876, "impact_speed": 90.56723024801909, "time": 54.00996526035523}, "-41": {"optimal_thrust": 3631.8154724171636, "impact_speed": 92.62431895861715, "time": 54.33049346080272}, "-40": {"optimal_thrust": 3613.6782730973096, "impact_speed": 94.732991664269, "time": 54.65854133116549}, "-39": {"optimal_thrust": 3594.6891542385397, "impact_speed": 96.88771662594213, "time": 54.994152193816106}, "-38": {"optimal_thrust": 3578.369313657661, "impact_speed": 98.58505703651083, "time": 55.33723232304826}, "-37": {"optimal_thrust": 3571.0322471833506, "impact_speed": 98.92731420206617, "time": 55.68735879347871}, "-36": {"optimal_thrust": 3563.5373353367745, "impact_speed": 99.20365439256855, "time": 56.04422151487335}, "-35": {"optimal_thrust": 3553.2833342961158, "impact_speed": 99.87865942542533, "time": 56.408272233036236}, "-34": {"optimal_thrust": 3540.5450849155127, "impact_speed": 100.97504309064445, "time": 56.779913238988414}, "-33": {"optimal_thrust": 3531.266956015203, "impact_speed": 101.4290432877754, "time": 57.15928441059355}, "-32": {"optimal_thrust": 3521.132558383404, "impact_speed": 102.00703976190364, "time": 57.546351557846215}, "-31": {"optimal_thrust": 3511.0981274293827, "impact_speed": 102.53793338189244, "time": 57.94109497595518}, "-30": {"optimal_thrust": 3501.1610437538393, "impact_speed": 103.02226668209082, "time": 58.34349024732129}, "-29": {"optimal_thrust": 3491.3275046176846, "impact_speed": 103.4591159143058, "time": 58.753516102941305}, "-28": {"optimal_thrust": 3481.6117787444314, "impact_speed": 103.8459950421757, "time": 59.17115276104406}, "-27": {"optimal_thrust": 3469.1567299071094, "impact_speed": 105.02289664865258, "time": 59.596359768078}, "-26": {"optimal_thrust": 3459.9341184699647, "impact_speed": 105.33663527029222, "time": 60.029155192348675}, "-25": {"optimal_thrust": 3450.9755258601613, "impact_speed": 105.5664018314649, "time": 60.46948846392795}, "-24": {"optimal_thrust": 3442.2948281132876, "impact_speed": 105.69862265077676, "time": 60.9173385262263}, "-23": {"optimal_thrust": 3433.8916464563663, "impact_speed": 105.72062032402673, "time": 61.37268209765024}, "-22": {"optimal_thrust": 3425.7562572208503, "impact_speed": 105.62080927049956, "time": 61.83548556380777}, "-21": {"optimal_thrust": 3417.878297933497, "impact_speed": 105.38722166009953, "time": 62.30569862955482}, "-20": {"optimal_thrust": 3410.2518851888326, "impact_speed": 105.00651791107553, "time": 62.783281677597856}, "-19": {"optimal_thrust": 3402.8766348413537, "impact_speed": 104.46465039765367, "time": 63.26819068456029}, "-18": {"optimal_thrust": 3395.760926459295, "impact_speed": 103.7437831816858, "time": 63.7603720352083},