{"-90": {"optimal_thrust": 3335.9757218656027, "impact_speed": 5.765091525634409, "time": 70.29345140833539}, "-89": {"optimal_thrust": 3336.2134723160193, "impact_speed": 5.306506518027214, "time": 70.2935809141643}, "-88": {"optimal_thrust": 3336.150235834139, "impact_speed": 5.423709032072961, "time": 70.29516426664705}, "-87": {"optimal_thrust": 3336.5475218197334, "impact_speed": 4.554865724640939, "time": 70.30085555786793}, "-86": {"optimal_thrust": 3336.9038288156257, "impact_speed": 3.617544373902448, "time": 70.30133509381062}, "-85": {"optimal_thrust": 3337.4002890982415, "impact_speed": 1.5984558139518479, "time": 70.30594025395928}, "-84": {"optimal_thrust": 3337.370621928186, "impact_speed": 1.7891876767840829, "time": 70.3115597637774}, "-83": {"optimal_thrust": 3336.824171116461, "impact_speed": 3.8623039911773667, "time": 70.31903107151084}, "-82": {"optimal_thrust": 3335.9133475068134, "impact_speed": 5.870394383675003, "time": 70.32869768203196}, "-81": {"optimal_thrust": 3336.0678414003023, "impact_speed": 5.580910512549543, "time": 70.33444367582376}, "-80": {"optimal_thrust": 3336.075476651945, "impact_speed": 5.566105810126512, "time": 70.34418695486731}, "-79": {"optimal_thrust": 3336.077988871646, "impact_speed": 5.558928038020504, "time": 70.35192626232107}, "-78": {"optimal_thrust": 3336.029960373916, "impact_speed": 5.646746584453171, "time": 70.33374368120658}, "-77": {"optimal_thrust": 3335.980967854911, "impact_speed": 5.73344422243324, "time": 70.37050662816897}, "-76": {"optimal_thrust": 3335.93806788151, "impact_speed": 5.806471731658478, "time": 70.38988517258124}, "-75": {"optimal_thrust": 3335.9047323272002, "impact_speed": 5.8604623746984315, "time": 70.40624005144541}, "-74": {"optimal_thrust": 3335.877567672918, "impact_speed": 5.9025282425998045, "time": 70.42264703657928}, "-73": {"optimal_thrust": 3335.850937375032, "impact_speed": 5.943346970889615, "time": 70.4398935892778}, "-72": {"optimal_thrust": 3335.8204593797145, "impact_speed": 5.990866373127679, "time": 70.45853730016536}, "-71": {"optimal_thrust": 3335.5999648696793, "impact_speed": 6.361349882974985, "time": 70.47756559319706}, "-70": {"optimal_thrust": 3335.5943960249015, "impact_speed": 6.36445176202147, "time": 70.49550075122238}, "-69": {"optimal_thrust": 3335.581803539137, "impact_speed": 6.379685566667266, "time": 70.51600293899752}, "-68": {"optimal_thrust": 3335.5627745761644, "impact_speed": 6.4058225229919445, "time": 70.5375191078652}, "-67": {"optimal_thrust": 3335.536355577937, "impact_speed": 6.4441476809315485, "time": 70.55999622412175}, "-66": {"optimal_thrust": 3335.5029357510216, "impact_speed": 6.493638150887256, "time": 70.58342018373898}, "-65": {"optimal_thrust": 3335.463889679238, "impact_speed": 6.55160247164608, "time": 70.6077964470241}, "-64": {"optimal_thrust": 3335.4182930392976, "impact_speed": 6.619155246347479, "time": 70.63324033168516}, "-63": {"optimal_thrust": 3335.366909059546, "impact_speed": 6.694599011560819, "time": 70.65973907630404}, "-62": {"optimal_thrust": 3335.3102015266645, "impact_speed": 6.77674881844715, "time": 70.68727051186269}, "-61": {"optimal_thrust": 3335.247705642034, "impact_speed": 6.865938001153028, "time": 70.71584778778181}, "-60": {"optimal_thrust": 3335.1802572145043, "impact_speed": 6.960406887069562, "time": 70.74552387695582}, "-59": {"optimal_thrust": 3335.107817076737, "impact_speed": 7.059835507224144, "time": 70.77624321111273}, "-58": {"optimal_thrust": 3335.0308703497176, "impact_speed": 7.163091199281686, "time": 70.80725891597909}, "-57": {"optimal_thrust": 3334.9487759901626, "impact_speed": 7.270845864701505, "time": 70.83825446621954}, "-56": {"optimal_thrust": 3334.8626255337654, "impact_speed": 7.38106609458814, "time": 70.87005631476616}, "-55": {"optimal_thrust": 3334.771990777033, "impact_speed": 7.494142408352713, "time": 70.90291991664391}, "-54": {"optimal_thrust": 3334.678077730054, "impact_speed": 7.6079215405005245, "time": 70.93680847914388}, "-53": {"optimal_thrust": 3334.579603412442, "impact_speed": 7.724200100595814, "time": 70.97166410119496}, "-52": {"optimal_thrust": 3334.4787086814677, "impact_speed": 7.839358795158712, "time": 71.0074423961189}, "-51": {"optimal_thrust": 3334.3840339720214, "impact_speed": 7.938251441783375, "time": 71.04410926559997}, "-50": {"optimal_thrust": 3334.2976725344183, "impact_speed": 8.013345305848793, "time": 71.08162049152138}, "-49": {"optimal_thrust": 3334.2009460408008, "impact_speed": 8.09401202840315, "time": 71.11996347897632}, "-48": {"optimal_thrust": 3334.0937116724003, "impact_speed": 8.179405405081322, "time": 71.15913400548017}, "-47": {"optimal_thrust": 3333.9758081859, "impact_speed": 8.269559203178929, "time": 71.19913776780956}, "-46": {"optimal_thrust": 3333.848370929831, "impact_speed": 8.365266408633078, "time": 71.2399180746736}, "-45": {"optimal_thrust": 3333.7105992505653, "impact_speed": 8.54344048758086, "time": 71.2814705991129}, "-44": {"optimal_thrust": 3333.563102052716, "impact_speed": 8.731542580207249, "time": 71.3237886784789}, "-43": {"optimal_thrust": 3333.406280663036, "impact_speed": 8.926257542044098, "time": 71.36686131508925}, "-42": {"optimal_thrust": 3333.2403351829416, "impact_speed": 9.127137434274466, "time": 71.41067392711203}, "-41": {"optimal_thrust": 3333.0651618837987, "impact_speed": 9.053715272251534, "time": 71.45520071803634}, "-40": {"optimal_thrust": 3332.8814223702943, "impact_speed": 8.849410490561338, "time": 71.50043434868542}, "-39": {"optimal_thrust": 3332.688402617256, "impact_speed": 8.633474892518088, "time": 71.54636538615834}, "-38": {"optimal_thrust": 3332.58809536009, "impact_speed": 8.693029047849466, "time": 71.59298218877724}, "-37": {"optimal_thrust": 3332.499015871684, "impact_speed": 8.789265893196152, "time": 71.6402709862819}, "-36": {"optimal_thrust": 3332.3756750138837, "impact_speed": 8.804207652856839, "time": 71.68821816783722}, "-35": {"optimal_thrust": 3332.2529078377283, "impact_speed": 8.82769317683389, "time": 71.7368107516972}, "-34": {"optimal_thrust": 3332.1624298494644, "impact_speed": 8.945451745184409, "time": 71.78603551706698}, "-33": {"optimal_thrust": 3332.0708546839546, "impact_speed": 9.066047685136954, "time": 71.83587835457558}, "-32": {"optimal_thrust": 3331.9783607538484, "impact_speed": 9.18961957075059, "time": 71.88632530316377}, "-31": {"optimal_thrust": 3331.884299065558, "impact_speed": 9.314237129909628, "time": 71.93736219252702}, "-30": {"optimal_thrust": 3331.789405177468, "impact_speed": 9.441421122307993, "time": 71.98897466922685}, "-29": {"optimal_thrust": 3331.693390729347, "impact_speed": 9.570145546673974, "time": 72.04114817426212}, "-28": {"optimal_thrust": 3331.59635772804, "impact_speed": 9.700343159041752, "time": 72.09386796104589}, "-27": {"optimal_thrust": 3331.498094347828, "impact_speed": 9.831255973450597, "time": 72.1471190911708}, "-26": {"optimal_thrust": 3331.3996877411723, "impact_speed": 9.96490481092632, "time": 72.20088645484954}, "-25": {"optimal_thrust": 3331.299327467728, "impact_speed": 10.09720022446997, "time": 72.25515472980099}, "-24": {"optimal_thrust": 3331.198474960439, "impact_speed": 10.230922794872715, "time": 72.30990845029166}, "-23": {"optimal_thrust": 3331.0962334546152, "impact_speed": 10.364742378537327, "time": 72.36513195088996}, "-22": {"optimal_thrust": 3330.9937151598965, "impact_speed": 10.498485412400909, "time": 72.42080941656711}, "-21": {"optimal_thrust": 3330.8902611395674, "impact_speed": 10.63270417662025, "time": 72.47692484598343}, "-20": {"optimal_thrust": 3330.7857696222063, "impact_speed": 10.767049832204563, "time": 72.53346207985099}, "-19": {"optimal_thrust": 3330.6807512471287, "impact_speed": 10.900683679429918, "time": 72.59040598267708}, "-18": {"optimal_thrust": 3330.575128149738, "impact_speed": 11.033664176461567, "time": 72.64773988987935}, "-17": {"optimal_thrust": 3330.4689154259163, "impact_speed": 11.166747341597917,