{"-90": {"optimal_thrust": 3936.7798814676066, "impact_speed": 55.68048102674024, "time": 46.5352546264393}, "-89": {"optimal_thrust": 3951.3146416715776, "impact_speed": 53.07120564781963, "time": 46.530350371493235}, "-88": {"optimal_thrust": 3944.977951032588, "impact_speed": 54.24647361133597, "time": 46.53770716616292}, "-87": {"optimal_thrust": 3984.723599811975, "impact_speed": 45.555508904502055, "time": 46.55767598246212}, "-86": {"optimal_thrust": 4020.2735608494504, "impact_speed": 36.2076310745998, "time": 46.576528327372884}, "-85": {"optimal_thrust": 4070.021224199372, "impact_speed": 15.98933662105659, "time": 46.60522063833581}, "-84": {"optimal_thrust": 4067.131398973088, "impact_speed": 17.850249774291314, "time": 46.64235970490699}, "-83": {"optimal_thrust": 4012.5332300371706, "impact_speed": 38.59074964382219, "time": 46.678937957945614}, "-82": {"optimal_thrust": 3921.321552039532, "impact_speed": 58.70635464775054, "time": 46.7233557695111}, "-81": {"optimal_thrust": 3936.8110294992507, "impact_speed": 55.80390059170359, "time": 46.77526948471312}, "-80": {"optimal_thrust": 3937.544043954686, "impact_speed": 55.66173704490685, "time": 46.83358570421583}, "-79": {"optimal_thrust": 3937.8569891564803, "impact_speed": 55.578085915874865, "time": 46.89810954464485}, "-78": {"optimal_thrust": 3933.052850226995, "impact_speed": 56.45672594537137, "time": 46.97296118061541}, "-77": {"optimal_thrust": 3928.146131553644, "impact_speed": 57.32528753074465, "time": 47.045553360658}, "-76": {"optimal_thrust": 3923.8241620216686, "impact_speed": 58.06156935210824, "time": 47.128004141338245}, "-75": {"optimal_thrust": 3920.479799612411, "impact_speed": 58.60347557056596, "time": 47.214622093303376}, "-74": {"optimal_thrust": 3917.7715641589825, "impact_speed": 59.02265912047105, "time": 47.273219929272344}, "-73": {"optimal_thrust": 3915.11372727869, "impact_speed": 59.42992799207684, "time": 47.39777070012896}, "-72": {"optimal_thrust": 3912.0683125351943, "impact_speed": 59.90471531205702, "time": 47.51656079564195}, "-71": {"optimal_thrust": 3889.9944256912195, "impact_speed": 63.613868832614465, "time": 47.63534482089479}, "-70": {"optimal_thrust": 3889.4770765102235, "impact_speed": 63.63825183247232, "time": 47.75829910275838}, "-69": {"optimal_thrust": 3888.229057021922, "impact_speed": 63.788689294376994, "time": 47.88663373635524}, "-68": {"optimal_thrust": 3886.2716950728627, "impact_speed": 64.05917852006209, "time": 48.02100146122744}, "-67": {"optimal_thrust": 3883.630104032105, "impact_speed": 64.44236793590699, "time": 48.16169242796769}, "-66": {"optimal_thrust": 3880.3295438856203, "impact_speed": 64.93036823092483, "time": 48.30881572422859}, "-65": {"optimal_thrust": 3876.3956179619377, "impact_speed": 65.51489320872855, "time": 48.46240557253702}, "-64": {"optimal_thrust": 3871.852681934861, "impact_speed": 66.18767288367474, "time": 48.62268032645716}, "-63": {"optimal_thrust": 3866.7246042582306, "impact_speed": 66.94045050222297, "time": 48.78982001692659}, "-62": {"optimal_thrust": 3861.034129015858, "impact_speed": 67.76518888936425, "time": 48.96374640686376}, "-61": {"optimal_thrust": 3854.803413043617, "impact_speed": 68.65406233096903, "time": 49.14468310619218}, "-60": {"optimal_thrust": 3848.054249046637, "impact_speed": 69.5994830856646, "time": 49.33321453607108}, "-59": {"optimal_thrust": 3840.807866014916, "impact_speed": 70.59417900865247, "time": 49.52429552855004}, "-58": {"optimal_thrust": 3833.084687302729, "impact_speed": 71.631261037391, "time": 49.723329294383646}, "-57": {"optimal_thrust": 3824.9054279986462, "impact_speed": 72.70406643257618, "time": 49.930036941092645}, "-56": {"optimal_thrust": 3816.290025431098, "impact_speed": 73.80633530161975, "time": 50.14388181257015}, "-55": {"optimal_thrust": 3807.2590963865846, "impact_speed": 74.931979591802, "time": 50.364752733756546}, "-54": {"optimal_thrust": 3797.8331622782025, "impact_speed": 76.0751957003513, "time": 50.59258530911147}, "-53": {"optimal_thrust": 3788.0319869056616, "impact_speed": 77.23055380661273, "time": 50.82737465924699}, "-52": {"optimal_thrust": 3777.8761645371656, "impact_speed": 78.39272809190473, "time": 51.06918880549765}, "-51": {"optimal_thrust": 3768.4274619658377, "impact_speed": 79.37845772166304, "time": 51.318079954711315}, "-50": {"optimal_thrust": 3759.7954450062907, "impact_speed": 80.12822395843966, "time": 51.57412551530592}, "-49": {"optimal_thrust": 3750.105231442895, "impact_speed": 80.93782724528197, "time": 51.83735671830382}, "-48": {"optimal_thrust": 3739.372449057126, "impact_speed": 81.79370708953466, "time": 52.10780777293428}, "-47": {"optimal_thrust": 3727.613007327298, "impact_speed": 82.67900047206959, "time": 52.385512454305044}, "-46": {"optimal_thrust": 3714.8440543465144, "impact_speed": 83.61911538641495, "time": 52.670505211661464}, "-45": {"optimal_thrust": 3701.0834969307443, "impact_speed": 85.4223160965743, "time": 52.962822154669475}, "-44": {"optimal_thrust": 3686.350197611484, "impact_speed": 87.30307766829532, "time": 53.26250220057698}, "-43": {"optimal_thrust": 3670.6633527166255, "impact_speed": 89.25421714031671, "time": 53.56958868940709}, "-42": {"optimal_thrust": 3654.0437518636772, "impact_speed": 91.26933336370139, "time": 53.884131773135586}, "-41": {"optimal_thrust": 3636.5131220846406, "impact_speed": 93.34230108554267, "time": 54.206191088603376}, "-40": {"optimal_thrust": 3618.09348607699, "impact_speed": 95.46734739693278, "time": 54.535833206297426}, "-39": {"optimal_thrust": 3598.8085551826202, "impact_speed": 97.63881577143489, "time": 54.87309382280506}, "-38": {"optimal_thrust": 3582.235320658967, "impact_speed": 99.34922561919643, "time": 55.217836516999455}, "-37": {"optimal_thrust": 3574.7835121457047, "impact_speed": 99.69421630824772, "time": 55.569601416354054}, "-36": {"optimal_thrust": 3567.172001553507, "impact_speed": 99.97269225963629, "time": 55.9281885407211}, "-35": {"optimal_thrust": 3556.7583670344193, "impact_speed": 100.65293826258618, "time": 56.29410535587097}, "-34": {"optimal_thrust": 3543.821903767065, "impact_speed": 101.75781350569723, "time": 56.66770826443793}, "-33": {"optimal_thrust": 3534.399487579676, "impact_speed": 102.21531120641191, "time": 57.04911188461848}, "-32": {"optimal_thrust": 3524.106926780026, "impact_speed": 102.79787949416496, "time": 57.43827670031269}, "-31": {"optimal_thrust": 3513.9168833235676, "impact_speed": 103.33276657407488, "time": 57.83518400489025}, "-30": {"optimal_thrust": 3503.824700743686, "impact_speed": 103.82096115460519, "time": 58.23981136566207}, "-29": {"optimal_thrust": 3493.838494168057, "impact_speed": 104.26109875729846, "time": 58.6521394957208}, "-28": {"optimal_thrust": 3483.971504812159, "impact_speed": 104.65098887785112, "time": 59.07215037089996}, "-27": {"optimal_thrust": 3471.322282498256, "impact_speed": 105.83710564220314, "time": 59.49980483049595}, "-26": {"optimal_thrust": 3461.9563416821784, "impact_speed": 106.15321919678351, "time": 59.935121709527145}, "-25": {"optimal_thrust": 3452.858383503374, "impact_speed": 106.38474657911506, "time": 60.37805310165289}, "-24": {"optimal_thrust": 3444.042607177619, "impact_speed": 106.51798147455791, "time": 60.82858060582209}, "-23": {"optimal_thrust": 3435.508377891152, "impact_speed": 106.54026923039122, "time": 61.286681650504505}, "-22": {"optimal_thrust": 3427.2462843690014, "impact_speed": 106.43975316336734, "time": 61.752320205673286}, "-21": {"optimal_thrust": 3419.245974086428, "impact_speed": 106.20421691656382, "time": 62.22544912555423}, "-20": {"optimal_thrust": 3411.5008573797886, "impact_speed": 105.82057801896951, "time": 62.70603135208696}, "-19": {"optimal_thrust": 3404.0111220250374, "impact_speed": 105.27419145112849, "time": 63.1940229667573}, "-18": {"optimal_thrust": 3396.784575884297, "impact_speed": 104.54778078584522, "time": 63.68936980084746}, "-17": {"optimal_thrust": 3389.8345816583264,