{"-90": {"optimal_thrust": 3944.807821979442, "impact_speed": 56.36525138447803, "time": 46.379339287072106}, "-89": {"optimal_thrust": 3960.910191572826, "impact_speed": 53.47942543830565, "time": 46.37677276868922}, "-88": {"optimal_thrust": 3954.475316603996, "impact_speed": 54.66379779852305, "time": 46.38426753706158}, "-87": {"optimal_thrust": 3994.835228980828, "impact_speed": 45.90588572842584, "time": 46.404359456400755}, "-86": {"optimal_thrust": 4030.9335651544347, "impact_speed": 36.486278409963326, "time": 46.42308424828859}, "-85": {"optimal_thrust": 4081.45005445726, "impact_speed": 16.112264003440874, "time": 46.45188144996804}, "-84": {"optimal_thrust": 4078.5151626233264, "impact_speed": 17.987760694009197, "time": 46.48913755835094}, "-83": {"optimal_thrust": 4023.074334175049, "impact_speed": 38.88754458869529, "time": 46.52578520946316}, "-82": {"optimal_thrust": 3930.4537914880734, "impact_speed": 59.15794283096529, "time": 46.57034413988658}, "-81": {"optimal_thrust": 3946.182655387832, "impact_speed": 56.233129749881805, "time": 46.62241623485635}, "-80": {"optimal_thrust": 3946.9269325426567, "impact_speed": 56.08988365423889, "time": 46.68091157051185}, "-79": {"optimal_thrust": 3947.244422180955, "impact_speed": 56.00564422442394, "time": 46.74561523377579}, "-78": {"optimal_thrust": 3942.366089699876, "impact_speed": 56.89104234090925, "time": 46.81919307728248}, "-77": {"optimal_thrust": 3937.383516674956, "impact_speed": 57.766298650597484, "time": 46.893490916936315}, "-76": {"optimal_thrust": 3932.994977012449, "impact_speed": 58.50821120013947, "time": 46.97613509841518}, "-75": {"optimal_thrust": 3929.5993111032294, "impact_speed": 59.05422343140745, "time": 47.06271312092679}, "-74": {"optimal_thrust": 3926.848934965056, "impact_speed": 59.4766882002091, "time": 47.124653645909206}, "-73": {"optimal_thrust": 3924.1499095083236, "impact_speed": 59.887115002854074, "time": 47.248234709751756}, "-72": {"optimal_thrust": 3921.0571484268685, "impact_speed": 60.36560966874073, "time": 47.36659369994507}, "-71": {"optimal_thrust": 3898.6426383206376, "impact_speed": 64.10324311326949, "time": 47.485439387149896}, "-70": {"optimal_thrust": 3898.1174711145163, "impact_speed": 64.12778519851238, "time": 47.60864631638381}, "-69": {"optimal_thrust": 3896.8501527723192, "impact_speed": 64.27938397876153, "time": 47.73733692238279}, "-68": {"optimal_thrust": 3894.8625216200576, "impact_speed": 64.55196054145965, "time": 47.872122755303586}, "-67": {"optimal_thrust": 3892.180133145763, "impact_speed": 64.93809772427738, "time": 48.01327147049378}, "-66": {"optimal_thrust": 3888.8287348448107, "impact_speed": 65.42982948826165, "time": 48.16088193082673}, "-65": {"optimal_thrust": 3884.8342960395285, "impact_speed": 66.01881108417734, "time": 48.31498576683565}, "-64": {"optimal_thrust": 3880.2208804288684, "impact_speed": 66.6968184201855, "time": 48.47584514562392}, "-63": {"optimal_thrust": 3875.013356867279, "impact_speed": 67.45542693765728, "time": 48.64358356807393}, "-62": {"optimal_thrust": 3869.2352031224805, "impact_speed": 68.286476261948, "time": 48.8181377533112}, "-61": {"optimal_thrust": 3862.908551771429, "impact_speed": 69.18214067042389, "time": 48.99979376678582}, "-60": {"optimal_thrust": 3856.0549993885074, "impact_speed": 70.13485880563532, "time": 49.18884606505401}, "-59": {"optimal_thrust": 3848.696898596228, "impact_speed": 71.13717574559313, "time": 49.380427247119684}, "-58": {"optimal_thrust": 3840.8544294563203, "impact_speed": 72.18223792430568, "time": 49.580342903941016}, "-57": {"optimal_thrust": 3832.5489172038924, "impact_speed": 73.26328553438728, "time": 49.7878634839328}, "-56": {"optimal_thrust": 3823.8002984579825, "impact_speed": 74.37405865637805, "time": 50.00253906360869}, "-55": {"optimal_thrust": 3814.629998344577, "impact_speed": 75.50834601603299, "time": 50.22426744374196}, "-54": {"optimal_thrust": 3805.058437146233, "impact_speed": 76.66036453554044, "time": 50.45298092914602}, "-53": {"optimal_thrust": 3795.1056762828207, "impact_speed": 77.82464435278224, "time": 50.6886965069764}, "-52": {"optimal_thrust": 3784.7928422923023, "impact_speed": 78.99578557587955, "time": 50.93147743691956}, "-51": {"optimal_thrust": 3775.1985638571637, "impact_speed": 79.98904080988677, "time": 51.181382348544254}, "-50": {"optimal_thrust": 3766.4332580923683, "impact_speed": 80.74456831121103, "time": 51.438487427582714}, "-49": {"optimal_thrust": 3756.5935096480985, "impact_speed": 81.56036900628251, "time": 51.702822139328546}, "-48": {"optimal_thrust": 3745.694753851027, "impact_speed": 82.42287687204696, "time": 51.97442191921071}, "-47": {"optimal_thrust": 3733.75335725887, "impact_speed": 83.31514914346154, "time": 52.253321977762376}, "-46": {"optimal_thrust": 3720.787600319079, "impact_speed": 84.26155648703747, "time": 52.539558385428386}, "-45": {"optimal_thrust": 3706.814381794133, "impact_speed": 86.07943638981554, "time": 52.833169055740086}, "-44": {"optimal_thrust": 3691.853590027657, "impact_speed": 87.97464108417475, "time": 53.13419496964738}, "-43": {"optimal_thrust": 3675.924279514588, "impact_speed": 89.94083644157983, "time": 53.44268188452491}, "-42": {"optimal_thrust": 3659.048267085657, "impact_speed": 91.97139474485516, "time": 53.758682885483665}, "-41": {"optimal_thrust": 3641.2466555145315, "impact_speed": 94.06035204774517, "time": 54.082260972119904}, "-40": {"optimal_thrust": 3622.5425910121944, "impact_speed": 96.2017353999769, "time": 54.41348461301504}, "-39": {"optimal_thrust": 3602.9600040668224, "impact_speed": 98.38987963330686, "time": 54.75237906756706}, "-38": {"optimal_thrust": 3586.1307455565207, "impact_speed": 100.11345665204067, "time": 55.09876003694758}, "-37": {"optimal_thrust": 3578.563941309488, "impact_speed": 100.46108804211099, "time": 55.452146414921785}, "-36": {"optimal_thrust": 3569.5706827469953, "impact_speed": 100.94676317252802, "time": 55.81245092386563}, "-35": {"optimal_thrust": 3560.2605749164904, "impact_speed": 101.4271558189979, "time": 56.180236301331426}, "-34": {"optimal_thrust": 3549.570766464686, "impact_speed": 102.10219962584605, "time": 56.555804695059365}, "-33": {"optimal_thrust": 3537.5561999263728, "impact_speed": 103.0015808475474, "time": 56.93921170026277}, "-32": {"optimal_thrust": 3527.104953368021, "impact_speed": 103.58857341221925, "time": 57.330460389574235}, "-31": {"optimal_thrust": 3516.7571322389776, "impact_speed": 104.1276623190139, "time": 57.72951799888047}, "-30": {"optimal_thrust": 3506.5092093511826, "impact_speed": 104.61958468870462, "time": 58.13636414965198}, "-29": {"optimal_thrust": 3496.368734260383, "impact_speed": 105.06312001557768, "time": 58.55098150839993}, "-28": {"optimal_thrust": 3486.3492732923337, "impact_speed": 105.4560375430016, "time": 58.97335380369988}, "-27": {"optimal_thrust": 3473.5049114366125, "impact_speed": 106.6512156050641, "time": 59.403443105710316}, "-26": {"optimal_thrust": 3463.993912802919, "impact_speed": 106.96988535046684, "time": 59.841268950348976}, "-25": {"optimal_thrust": 3454.756081925767, "impact_speed": 107.20298716560745, "time": 60.28678679267305}, "-24": {"optimal_thrust": 3445.804011900291, "impact_speed": 107.33728926711582, "time": 60.73998026854619}, "-23": {"optimal_thrust": 3437.1382163825897, "impact_speed": 107.35962990186843, "time": 61.20082744663739}, "-22": {"optimal_thrust": 3428.7485931518854, "impact_speed": 107.25826791324542, "time": 61.6692892074628}, "-21": {"optimal_thrust": 3420.6242040023385, "impact_speed": 107.02121689505653, "time": 62.1453235214356}, "-20": {"optimal_thrust": 3412.759356818212, "impact_speed": 106.63473730856822, "time": 62.628894695599314}, "-19": {"optimal_thrust": 3405.1540515995066, "impact_speed": 106.08408322729966, "time": 63.119958768987985}, "-18": {"optimal_thrust": 3397.8156413989464, "impact_speed": 105.35249108299291, "time": 63.61846098178726},