{"-90": {"optimal_thrust": 3952.8380579804207, "impact_speed": 57.058082559468076, "time": 46.22526943760229}, "-89": {"optimal_thrust": 3970.57898352595, "impact_speed": 53.887702579007836, "time": 46.2239199834879}, "-88": {"optimal_thrust": 3964.045485508684, "impact_speed": 55.0811165435235, "time": 46.23154370762354}, "-87": {"optimal_thrust": 4005.0242530549313, "impact_speed": 46.25628334554666, "time": 46.25177986885816}, "-86": {"optimal_thrust": 4041.6758704631216, "impact_speed": 36.76474562176177, "time": 46.27036368985623}, "-85": {"optimal_thrust": 4092.966199925963, "impact_speed": 16.235366341928238, "time": 46.29926389037691}, "-84": {"optimal_thrust": 4089.986525017884, "impact_speed": 18.12505242066802, "time": 46.33663370562138}, "-83": {"optimal_thrust": 4033.6957171429613, "impact_speed": 39.18447590304186, "time": 46.37335185031369}, "-82": {"optimal_thrust": 3939.655680051704, "impact_speed": 59.60959037569273, "time": 46.41804873542098}, "-81": {"optimal_thrust": 3955.6256658434236, "impact_speed": 56.662440277006695, "time": 46.470276303675625}, "-80": {"optimal_thrust": 3956.3818404874773, "impact_speed": 56.51800771034608, "time": 46.52894758691791}, "-79": {"optimal_thrust": 3956.703995726001, "impact_speed": 56.43316315436432, "time": 46.593804545821946}, "-78": {"optimal_thrust": 3951.7508352718514, "impact_speed": 57.325332322720435, "time": 46.66675587049291}, "-77": {"optimal_thrust": 3946.692016024188, "impact_speed": 58.207248981660854, "time": 46.74212579109189}, "-76": {"optimal_thrust": 3942.2363187171654, "impact_speed": 58.95480736401432, "time": 46.82494972304001}, "-75": {"optimal_thrust": 3938.788546253402, "impact_speed": 59.50499984061922, "time": 46.911463267095066}, "-74": {"optimal_thrust": 3935.9960767017374, "impact_speed": 59.93067949638134, "time": 46.97660031559383}, "-73": {"optimal_thrust": 3933.2557882457872, "impact_speed": 60.344221729024646, "time": 47.099276090242334}, "-72": {"optimal_thrust": 3930.1157075815718, "impact_speed": 60.82635560228864, "time": 47.217244109490494}, "-71": {"optimal_thrust": 3907.3575435513158, "impact_speed": 64.5925475516934, "time": 47.33618136695032}, "-70": {"optimal_thrust": 3906.8240707257637, "impact_speed": 64.61731931215708, "time": 47.459646217266915}, "-69": {"optimal_thrust": 3905.537427919395, "impact_speed": 64.77005919128112, "time": 47.58869208024706}, "-68": {"optimal_thrust": 3903.5195531266627, "impact_speed": 65.04468057285335, "time": 47.72389170358463}, "-67": {"optimal_thrust": 3900.7959022630125, "impact_speed": 65.43379074229257, "time": 47.865491899651126}, "-66": {"optimal_thrust": 3897.393274970139, "impact_speed": 65.92925449572036, "time": 48.01358228494305}, "-65": {"optimal_thrust": 3893.3370049865807, "impact_speed": 66.5228325698007, "time": 48.16819698763611}, "-64": {"optimal_thrust": 3888.6534269336075, "impact_speed": 67.2059275991587, "time": 48.329631624081316}, "-63": {"optimal_thrust": 3883.3661399510643, "impact_speed": 67.97032009422084, "time": 48.497958959414156}, "-62": {"optimal_thrust": 3877.4994037599613, "impact_speed": 68.80771829642099, "time": 48.67313411490172}, "-61": {"optimal_thrust": 3871.0754733047656, "impact_speed": 69.71027083703447, "time": 48.85551302429523}, "-60": {"optimal_thrust": 3864.1171659123984, "impact_speed": 70.67021760866913, "time": 49.04494179018874}, "-59": {"optimal_thrust": 3856.645906629182, "impact_speed": 71.68024728481964, "time": 49.23716186917533}, "-58": {"optimal_thrust": 3848.683266962021, "impact_speed": 72.73328389514835, "time": 49.43793075324672}, "-57": {"optimal_thrust": 3840.250281000168, "impact_speed": 73.82261274980905, "time": 49.64624967806455}, "-56": {"optimal_thrust": 3831.3679331735207, "impact_speed": 74.94181125379598, "time": 49.86174341659615}, "-55": {"optimal_thrust": 3822.0573082021792, "impact_speed": 76.08472416731638, "time": 50.0843183220876}, "-54": {"optimal_thrust": 3812.3385825711593, "impact_speed": 77.24561071828984, "time": 50.31390201009061}, "-53": {"optimal_thrust": 3802.233599364847, "impact_speed": 78.41873023492512, "time": 50.550532985104695}, "-52": {"optimal_thrust": 3791.762974810551, "impact_speed": 79.59877022108249, "time": 50.79426964724386}, "-51": {"optimal_thrust": 3782.0214802669097, "impact_speed": 80.59963596058745, "time": 51.0451781039924}, "-50": {"optimal_thrust": 3773.1219830100927, "impact_speed": 81.36090416070046, "time": 51.30333105759044}, "-49": {"optimal_thrust": 3763.131038747206, "impact_speed": 82.18301187260965, "time": 51.56875741709056}, "-48": {"optimal_thrust": 3752.0651585627493, "impact_speed": 83.05214556160963, "time": 51.841493888876165}, "-47": {"optimal_thrust": 3739.9414183117865, "impact_speed": 83.95095673566027, "time": 52.12157715117238}, "-46": {"optimal_thrust": 3726.776241182412, "impact_speed": 84.90752146843397, "time": 52.40904490786527}, "-45": {"optimal_thrust": 3712.589088807123, "impact_speed": 86.73660381896886, "time": 52.70393692481066}, "-44": {"optimal_thrust": 3697.3990014487304, "impact_speed": 88.6462511050748, "time": 53.006296273844974}, "-43": {"optimal_thrust": 3681.2255643804624, "impact_speed": 90.62744498553685, "time": 53.316171184418224}, "-42": {"optimal_thrust": 3664.091228135188, "impact_speed": 92.67343711098589, "time": 53.633617735205554}, "-41": {"optimal_thrust": 3646.016641820347, "impact_speed": 94.77837137426, "time": 53.958702284044094}, "-40": {"optimal_thrust": 3627.026235640144, "impact_speed": 96.93605263065697, "time": 54.29149460438375}, "-39": {"optimal_thrust": 3607.1434314507014, "impact_speed": 99.14091916502667, "time": 54.63200631364208}, "-38": {"optimal_thrust": 3590.055974759449, "impact_speed": 100.87769409677898, "time": 54.980001130983794}, "-37": {"optimal_thrust": 3582.3730847434495, "impact_speed": 101.22799856100016, "time": 55.334995452550764}, "-36": {"optimal_thrust": 3573.242506231896, "impact_speed": 101.71729984828308, "time": 55.69702544075832}, "-35": {"optimal_thrust": 3563.789455271081, "impact_speed": 102.20140287475522, "time": 56.06666487288578}, "-34": {"optimal_thrust": 3552.936236399902, "impact_speed": 102.8815207050453, "time": 56.44417117220621}, "-33": {"optimal_thrust": 3540.7370833232285, "impact_speed": 103.7878540633447, "time": 56.829583121678766}, "-32": {"optimal_thrust": 3530.125816812505, "impact_speed": 104.37929627383802, "time": 57.22290196063486}, "-31": {"optimal_thrust": 3519.619250906764, "impact_speed": 104.92253402287844, "time": 57.62409638708953}, "-30": {"optimal_thrust": 3509.2144401814985, "impact_speed": 105.41817085492629, "time": 58.033148101096096}, "-29": {"optimal_thrust": 3498.9184209416794, "impact_speed": 105.86512544988514, "time": 58.45004170921371}, "-28": {"optimal_thrust": 3488.7453940480027, "impact_speed": 106.26104599270853, "time": 58.87476268231863}, "-27": {"optimal_thrust": 3475.7042995114402, "impact_speed": 107.46531634343022, "time": 59.30727419970909}, "-26": {"optimal_thrust": 3466.047797274077, "impact_speed": 107.78633700957563, "time": 59.74759670909544}, "-25": {"optimal_thrust": 3456.6677846955845, "impact_speed": 108.02141287915295, "time": 60.19568933941418}, "-24": {"optimal_thrust": 3447.579036631952, "impact_speed": 108.15654940233055, "time": 60.65153731632226}, "-23": {"optimal_thrust": 3438.7800194426695, "impact_speed": 108.17923225303917, "time": 61.11511886157777}, "-22": {"optimal_thrust": 3430.2614556977487, "impact_speed": 108.07730903823644, "time": 61.586392484047806}, "-21": {"optimal_thrust": 3422.0129876812284, "impact_speed": 107.8382214880832, "time": 62.06532174078566}, "-20": {"optimal_thrust": 3414.0279635226666, "impact_speed": 107.44850481412792, "time": 62.551871594739225}, "-19": {"optimal_thrust": 3406.305615164433, "impact_speed": 106.89410930937531, "time": 63.04599791420104}, "-18": {"optimal_thrust": 3398.854956939861, "impact_speed": 106.15669333682996, "time": 63.54764536411334},