{"-90": {"optimal_thrust": 3960.869516294176, "impact_speed": 57.75888682230034, "time": 46.07239264190704}, "-89": {"optimal_thrust": 3980.321501788343, "impact_speed": 54.2959400094935, "time": 46.071789558039534}, "-88": {"optimal_thrust": 3973.6888676587014, "impact_speed": 55.49835168122487, "time": 46.07953347594018}, "-87": {"optimal_thrust": 4015.2905960164585, "impact_speed": 46.606718622189995, "time": 46.09993154858176}, "-86": {"optimal_thrust": 4052.4993612602357, "impact_speed": 37.043359227104766, "time": 46.1183635407234}, "-85": {"optimal_thrust": 4104.569901325458, "impact_speed": 16.358480633903696, "time": 46.14736485747712}, "-84": {"optimal_thrust": 4101.545202749244, "impact_speed": 18.262296801768947, "time": 46.1848452144139}, "-83": {"optimal_thrust": 4044.398690858278, "impact_speed": 39.48118359359477, "time": 46.22163479360295}, "-82": {"optimal_thrust": 3948.9281228935765, "impact_speed": 60.06113419438306, "time": 46.26646651316815}, "-81": {"optimal_thrust": 3965.1410128666034, "impact_speed": 57.09165151072252, "time": 46.31884667794823}, "-80": {"optimal_thrust": 3965.9081334308876, "impact_speed": 56.94622903556875, "time": 46.37769073513531}, "-79": {"optimal_thrust": 3966.235588627897, "impact_speed": 56.86066641033672, "time": 46.442716960182395}, "-78": {"optimal_thrust": 3961.2070869429217, "impact_speed": 57.75959648661404, "time": 46.515384990174766}, "-77": {"optimal_thrust": 3956.071461491777, "impact_speed": 58.64817047962201, "time": 46.59134161943308}, "-76": {"optimal_thrust": 3951.547458728813, "impact_speed": 59.40148948101241, "time": 46.67444382541188}, "-75": {"optimal_thrust": 3948.0474774771515, "impact_speed": 59.955809048911185, "time": 46.760869780806125}, "-74": {"optimal_thrust": 3945.21247570425, "impact_speed": 60.384724336910125, "time": 46.82906856444367}, "-73": {"optimal_thrust": 3942.430559956984, "impact_speed": 60.80139064521439, "time": 46.95089956554189}, "-72": {"optimal_thrust": 3939.2427681721324, "impact_speed": 61.28716892610654, "time": 47.06852291581535}, "-71": {"optimal_thrust": 3916.138140667139, "impact_speed": 65.08194714646267, "time": 47.187570034027004}, "-70": {"optimal_thrust": 3915.5968015311064, "impact_speed": 65.10686624179606, "time": 47.31129721749813}, "-69": {"optimal_thrust": 3914.290394925029, "impact_speed": 65.26079526524612, "time": 47.44069713460519}, "-68": {"optimal_thrust": 3912.2418853588697, "impact_speed": 65.53748807015667, "time": 47.576306006744026}, "-67": {"optimal_thrust": 3909.4770459588135, "impact_speed": 65.92950750775877, "time": 47.71835135619695}, "-66": {"optimal_thrust": 3906.022676366555, "impact_speed": 66.42872345259744, "time": 47.86691444892245}, "-65": {"optimal_thrust": 3901.905062966034, "impact_speed": 67.02674197154617, "time": 48.02203720450221}, "-64": {"optimal_thrust": 3897.149978883434, "impact_speed": 67.71505634285192, "time": 48.18403720558841}, "-63": {"optimal_thrust": 3891.7820495657083, "impact_speed": 68.48527623249012, "time": 48.35294393085709}, "-62": {"optimal_thrust": 3885.8262914292527, "impact_speed": 69.32898568908736, "time": 48.52873378033666}, "-61": {"optimal_thrust": 3879.3046172394156, "impact_speed": 70.23838250360572, "time": 48.711840032194694}, "-60": {"optimal_thrust": 3872.2406511567424, "impact_speed": 71.20557509601659, "time": 48.901522638906734}, "-59": {"optimal_thrust": 3864.6559402062403, "impact_speed": 72.22322905482629, "time": 49.09449364478003}, "-58": {"optimal_thrust": 3856.5719091246056, "impact_speed": 73.28428797933758, "time": 49.296089838598455}, "-57": {"optimal_thrust": 3848.0108131170296, "impact_speed": 74.3818468458935, "time": 49.50519358518386}, "-56": {"optimal_thrust": 3838.993442498732, "impact_speed": 75.50951373650747, "time": 49.721493248755394}, "-55": {"optimal_thrust": 3829.540781672513, "impact_speed": 76.66115132249946, "time": 49.94490253288755}, "-54": {"optimal_thrust": 3819.6747459082676, "impact_speed": 77.83075519369096, "time": 50.1753469537057}, "-53": {"optimal_thrust": 3809.4159521987567, "impact_speed": 79.01278093859476, "time": 50.41288255846261}, "-52": {"optimal_thrust": 3798.785752356818, "impact_speed": 80.20181228803074, "time": 50.6575639770214}, "-51": {"optimal_thrust": 3788.8960668589734, "impact_speed": 81.21026682005201, "time": 50.909465754591494}, "-50": {"optimal_thrust": 3779.8611065017008, "impact_speed": 81.9773253119346, "time": 51.16865500171061}, "-49": {"optimal_thrust": 3769.7184531616936, "impact_speed": 82.80561803056023, "time": 51.4351612228894}, "-48": {"optimal_thrust": 3758.4843009106194, "impact_speed": 83.68133062410377, "time": 51.709022424260525}, "-47": {"optimal_thrust": 3746.175971119438, "impact_speed": 84.5870554994386, "time": 51.99027677830171}, "-46": {"optimal_thrust": 3732.8108076714975, "impact_speed": 85.55051480063277, "time": 52.278963663600216}, "-45": {"optimal_thrust": 3718.4080426884047, "impact_speed": 87.39360204615018, "time": 52.57512471252285}, "-44": {"optimal_thrust": 3702.986502921459, "impact_speed": 89.31788513558935, "time": 52.87880512767128}, "-43": {"optimal_thrust": 3686.5675953282102, "impact_speed": 91.3139529935558, "time": 53.19005566801144}, "-42": {"optimal_thrust": 3669.1719854526636, "impact_speed": 93.37558772148498, "time": 53.50893545145753}, "-41": {"optimal_thrust": 3650.822955015866, "impact_speed": 95.49638150928078, "time": 53.83551418034088}, "-40": {"optimal_thrust": 3631.5437157517754, "impact_speed": 97.67041107804215, "time": 54.169862186132626}, "-39": {"optimal_thrust": 3611.3583240765006, "impact_speed": 99.89200938500923, "time": 54.51197388436863}, "-38": {"optimal_thrust": 3594.010938837365, "impact_speed": 101.64194754896118, "time": 54.86155844207072}, "-37": {"optimal_thrust": 3586.2113923788406, "impact_speed": 101.99487903783965, "time": 55.21815033796033}, "-36": {"optimal_thrust": 3578.244404322194, "impact_speed": 102.27980465252406, "time": 55.58191332322126}, "-35": {"optimal_thrust": 3567.3451352673665, "impact_speed": 102.9756563206966, "time": 55.95339071540338}, "-34": {"optimal_thrust": 3553.804592421701, "impact_speed": 104.10604986844038, "time": 56.332806465736496}, "-33": {"optimal_thrust": 3543.9420201430344, "impact_speed": 104.5741534606596, "time": 56.72022542836795}, "-32": {"optimal_thrust": 3533.1694487199356, "impact_speed": 105.17006159569031, "time": 57.115600773476096}, "-31": {"optimal_thrust": 3522.5033075693295, "impact_speed": 105.71736691559221, "time": 57.518918613866205}, "-30": {"optimal_thrust": 3511.940265280323, "impact_speed": 106.21675186046616, "time": 57.93016273567831}, "-29": {"optimal_thrust": 3501.4872301759506, "impact_speed": 106.66720295965214, "time": 58.34931967395938}, "-28": {"optimal_thrust": 3491.159549761806, "impact_speed": 107.06611046645814, "time": 58.77637663374746}, "-27": {"optimal_thrust": 3477.9202506757233, "impact_speed": 108.27946177103748, "time": 59.2112977162152}, "-26": {"optimal_thrust": 3468.116901108439, "impact_speed": 108.60291061237953, "time": 59.65410476892183}, "-25": {"optimal_thrust": 3458.5945182432724, "impact_speed": 108.83967009476828, "time": 60.10476055246947}, "-24": {"optimal_thrust": 3449.3671737641967, "impact_speed": 108.97596059831548, "time": 60.56325154144343}, "-23": {"optimal_thrust": 3440.4343544134545, "impact_speed": 108.99881289031167, "time": 61.02955525217481}, "-22": {"optimal_thrust": 3431.7865329435795, "impact_speed": 108.89596237520719, "time": 61.50362997062142}, "-21": {"optimal_thrust": 3423.4127092338413, "impact_speed": 108.6549750373031, "time": 61.98544369794175}, "-20": {"optimal_thrust": 3415.305842789254, "impact_speed": 108.26258739586392, "time": 62.474961910184305}, "-19": {"optimal_thrust": 3407.466451520573, "impact_speed": 107.70357697132935, "time": 62.97214021965606}, "-18": {"optimal_thrust": 3399.9023348382743, "impact_speed": 106.96066804241215, "time": 63.476922110311065},