{"-90": {"optimal_thrust": 3968.902197278086, "impact_speed": 58.46738358535274, "time": 45.920476360962354}, "-89": {"optimal_thrust": 3990.13757931335, "impact_speed": 54.704171407437094, "time": 45.92037876599965}, "-88": {"optimal_thrust": 3983.404540454201, "impact_speed": 55.91567997311655, "time": 45.92823454415488}, "-87": {"optimal_thrust": 4025.634454404705, "impact_speed": 46.957146230424826, "time": 45.94880646824348}, "-86": {"optimal_thrust": 4063.4048358503087, "impact_speed": 37.32188691046843, "time": 45.96708069617038}, "-85": {"optimal_thrust": 4116.261354702764, "impact_speed": 16.481478042347536, "time": 45.99618124891908}, "-84": {"optimal_thrust": 4113.191000284711, "impact_speed": 18.399609190078476, "time": 46.0337691491646}, "-83": {"optimal_thrust": 4055.181747356611, "impact_speed": 39.77807985880771, "time": 46.070630942883184}, "-82": {"optimal_thrust": 3958.270336341464, "impact_speed": 60.51271560287559, "time": 46.115594422975676}, "-81": {"optimal_thrust": 3974.7278659888784, "impact_speed": 57.52092050782402, "time": 46.168124336323736}, "-80": {"optimal_thrust": 3975.506809095878, "impact_speed": 57.374359195424304, "time": 46.22713800675622}, "-79": {"optimal_thrust": 3975.8390799334384, "impact_speed": 57.288176950032295, "time": 46.29235149072546}, "-78": {"optimal_thrust": 3970.734648666069, "impact_speed": 58.193871422107684, "time": 46.3648637199709}, "-77": {"optimal_thrust": 3965.521115778005, "impact_speed": 59.08919692748592, "time": 46.441458215068145}, "-76": {"optimal_thrust": 3960.9295169874476, "impact_speed": 59.84805631487603, "time": 46.524613291387865}, "-75": {"optimal_thrust": 3957.376132360255, "impact_speed": 60.40664546385459, "time": 46.61093006892592}, "-74": {"optimal_thrust": 3954.4985983246984, "impact_speed": 60.83873999391799, "time": 46.682066247624846}, "-73": {"optimal_thrust": 3951.6745422609088, "impact_speed": 61.25856517283308, "time": 46.803109301663014}, "-72": {"optimal_thrust": 3948.438964620026, "impact_speed": 61.74793863414515, "time": 46.92043555755727}, "-71": {"optimal_thrust": 3924.9854565743453, "impact_speed": 65.57127331852703, "time": 47.03960449610251}, "-70": {"optimal_thrust": 3924.435737861924, "impact_speed": 65.59641362116498, "time": 47.16359762698467}, "-69": {"optimal_thrust": 3923.1100806942304, "impact_speed": 65.75142381243646, "time": 47.293349961358956}, "-68": {"optimal_thrust": 3921.0304230660427, "impact_speed": 66.03023403867749, "time": 47.429363346817695}, "-67": {"optimal_thrust": 3918.2240036379726, "impact_speed": 66.42517625235088, "time": 47.57184747301447}, "-66": {"optimal_thrust": 3914.7173784885726, "impact_speed": 66.92816440824532, "time": 47.720876084293955}, "-65": {"optimal_thrust": 3910.5374690256876, "impact_speed": 67.53070260310054, "time": 47.87650383511674}, "-64": {"optimal_thrust": 3905.710561633255, "impact_speed": 68.22420016537576, "time": 48.039059360721325}, "-63": {"optimal_thrust": 3900.261990152528, "impact_speed": 69.00015055896324, "time": 48.20853626081816}, "-62": {"optimal_thrust": 3894.215914784395, "impact_speed": 69.85027021673994, "time": 48.38493509131682}, "-61": {"optimal_thrust": 3887.5960085142874, "impact_speed": 70.7664721901272, "time": 48.56877319116843}, "-60": {"optimal_thrust": 3880.425162173911, "impact_speed": 71.74097670290824, "time": 48.758624301983836}, "-59": {"optimal_thrust": 3872.7259731683007, "impact_speed": 72.76628104927725, "time": 48.952417230635334}, "-58": {"optimal_thrust": 3864.520037292722, "impact_speed": 73.83529990077307, "time": 49.1548173350168}, "-57": {"optimal_thrust": 3855.829683431293, "impact_speed": 74.94111651207186, "time": 49.364693223110336}, "-56": {"optimal_thrust": 3846.6759459322684, "impact_speed": 76.0773013140174, "time": 49.58178688276759}, "-55": {"optimal_thrust": 3837.0809092887753, "impact_speed": 77.2375515632647, "time": 49.806017892062975}, "-54": {"optimal_thrust": 3827.0657288767075, "impact_speed": 78.41598403698583, "time": 50.03731414707975}, "-53": {"optimal_thrust": 3816.652221526796, "impact_speed": 79.6068768164142, "time": 50.27574368505779}, "-52": {"optimal_thrust": 3805.8616159287208, "impact_speed": 80.80484096617501, "time": 50.52135961557257}, "-51": {"optimal_thrust": 3795.822836585212, "impact_speed": 81.8208482204528, "time": 50.774243835536886}, "-50": {"optimal_thrust": 3786.6515827950084, "impact_speed": 82.59365711244763, "time": 51.03445786311939}, "-49": {"optimal_thrust": 3776.355435680822, "impact_speed": 83.42825556237737, "time": 51.302032223016404}, "-48": {"optimal_thrust": 3764.952056813473, "impact_speed": 84.31046875236186, "time": 51.577006263616944}, "-47": {"optimal_thrust": 3752.457989431874, "impact_speed": 85.22294386538518, "time": 51.85941967402345}, "-46": {"optimal_thrust": 3738.8911602022686, "impact_speed": 86.19165481812233, "time": 52.14931353126362}, "-45": {"optimal_thrust": 3724.2704304900208, "impact_speed": 88.05084383951666, "time": 52.44673136145775}, "-44": {"optimal_thrust": 3708.61659061035, "impact_speed": 89.98939332939126, "time": 52.75172054561884}, "-43": {"optimal_thrust": 3691.9495255266856, "impact_speed": 92.00055772120774, "time": 53.064334403946276}, "-42": {"optimal_thrust": 3674.2918825382553, "impact_speed": 94.07758378447848, "time": 53.38463516857661}, "-41": {"optimal_thrust": 3655.6657208032307, "impact_speed": 96.2143611387261, "time": 53.71269580506516}, "-40": {"optimal_thrust": 3636.0949053546633, "impact_speed": 98.40482942275703, "time": 54.04858632725948}, "-39": {"optimal_thrust": 3615.605264952658, "impact_speed": 100.64306519983072, "time": 54.39228007652632}, "-38": {"optimal_thrust": 3597.9962898496938, "impact_speed": 102.40612585726105, "time": 54.74343105282147}, "-37": {"optimal_thrust": 3590.0787432227335, "impact_speed": 102.76174828218058, "time": 55.10161285957649}, "-36": {"optimal_thrust": 3581.9916381057988, "impact_speed": 103.04879249965224, "time": 55.467099519119316}, "-35": {"optimal_thrust": 3570.927487946334, "impact_speed": 103.74993825326696, "time": 55.84041335335048}, "-34": {"optimal_thrust": 3557.183107525378, "impact_speed": 104.88873399870673, "time": 56.22174118073819}, "-33": {"optimal_thrust": 3547.171127823565, "impact_speed": 105.36045597128762, "time": 56.61113791812609}, "-32": {"optimal_thrust": 3536.235849090313, "impact_speed": 105.96086842691625, "time": 57.00855620704069}, "-31": {"optimal_thrust": 3525.4089166030744, "impact_speed": 106.51224774743774, "time": 57.41398413615388}, "-30": {"optimal_thrust": 3514.6862991831003, "impact_speed": 107.01542160322334, "time": 57.827407579829256}, "-29": {"optimal_thrust": 3504.075863140871, "impact_speed": 107.46916291313693, "time": 58.24881499532697}, "-28": {"optimal_thrust": 3493.592510628853, "impact_speed": 107.87100004557728, "time": 58.678195299387156}, "-27": {"optimal_thrust": 3480.152832671057, "impact_speed": 109.09363246840117, "time": 59.11551329576114}, "-26": {"optimal_thrust": 3470.201737563761, "impact_speed": 109.41944901496858, "time": 59.56079292354179}, "-25": {"optimal_thrust": 3460.5351948211737, "impact_speed": 109.6581301458327, "time": 60.01400022196069}, "-24": {"optimal_thrust": 3451.1688693226574, "impact_speed": 109.7953471046468, "time": 60.47512273801679}, "-23": {"optimal_thrust": 3442.1014845191676, "impact_speed": 109.81825351868835, "time": 60.94413651696824}, "-22": {"optimal_thrust": 3433.3230614678823, "impact_speed": 109.71464822887583, "time": 61.42100157721104}, "-21": {"optimal_thrust": 3424.8225335386837, "impact_speed": 109.47203463883828, "time": 61.90568928566703}, "-20": {"optimal_thrust": 3416.593382862975, "impact_speed": 109.07665574855481, "time": 62.398165499285085}, "-19": {"optimal_thrust": 3408.6355380441987, "impact_speed": 108.51359459215125, "time": 62.89838548359535}, "-18": {"optimal_thrust": 3400.9574495670895, "impact_speed": 107.76488344880674, "time": 63.40629081104141},