{"-90": {"optimal_thrust": 3976.93595084268, "impact_speed": 59.183329777401724, "time": 45.76941552638216}, "-89": {"optimal_thrust": 4000.026823874439, "impact_speed": 55.11247332449872, "time": 45.76968445466084}, "-88": {"optimal_thrust": 3993.193425920748, "impact_speed": 56.3329258629567, "time": 45.77764453982042}, "-87": {"optimal_thrust": 4036.0555110089267, "impact_speed": 47.30763760640744, "time": 45.79839353241382}, "-86": {"optimal_thrust": 4074.3917804903235, "impact_speed": 37.600476884999125, "time": 45.816512045695525}, "-85": {"optimal_thrust": 4128.04056005788, "impact_speed": 16.604361164718924, "time": 45.845709961745214}, "-84": {"optimal_thrust": 4124.924078325104, "impact_speed": 18.536894837237604, "time": 45.8834025702979}, "-83": {"optimal_thrust": 4066.0460332485245, "impact_speed": 40.074853184883786, "time": 45.92033721383637}, "-82": {"optimal_thrust": 3967.6823199796645, "impact_speed": 60.96433383903927, "time": 45.96542941753929}, "-81": {"optimal_thrust": 3984.386542420985, "impact_speed": 57.95018728150852, "time": 46.01810626121591}, "-80": {"optimal_thrust": 3985.176869759459, "impact_speed": 57.80258509291338, "time": 46.077286388897605}, "-79": {"optimal_thrust": 3985.5144404082043, "impact_speed": 57.7157000351893, "time": 46.14267341257005}, "-78": {"optimal_thrust": 3980.3337164883105, "impact_speed": 58.62812114506099, "time": 46.21511576932212}, "-77": {"optimal_thrust": 3975.0421549169214, "impact_speed": 59.5301152044162, "time": 46.29219011414922}, "-76": {"optimal_thrust": 3970.381345396363, "impact_speed": 60.29471323683376, "time": 46.375454088488645}, "-75": {"optimal_thrust": 3966.774828528554, "impact_speed": 60.85745295848678, "time": 46.46164050807553}, "-74": {"optimal_thrust": 3963.854370060235, "impact_speed": 61.29274004426432, "time": 46.53560049450774}, "-73": {"optimal_thrust": 3960.987903045413, "impact_speed": 61.71571623276969, "time": 46.655908945769774}, "-72": {"optimal_thrust": 3957.7035412815785, "impact_speed": 62.20879514914592, "time": 46.772982240186856}, "-71": {"optimal_thrust": 3933.899342726087, "impact_speed": 66.06055159872291, "time": 46.89228369751783}, "-70": {"optimal_thrust": 3933.3413660288543, "impact_speed": 66.08588299697111, "time": 47.01654566467545}, "-69": {"optimal_thrust": 3931.9955062668664, "impact_speed": 66.24210527031808, "time": 47.14664837906494}, "-68": {"optimal_thrust": 3929.884700607033, "impact_speed": 66.52299495943114, "time": 47.283061377036894}, "-67": {"optimal_thrust": 3927.036140365665, "impact_speed": 66.92090021689057, "time": 47.42597786869962}, "-66": {"optimal_thrust": 3923.476550867699, "impact_speed": 67.4277111022628, "time": 47.575464843017755}, "-65": {"optimal_thrust": 3919.234419596679, "impact_speed": 68.03468200287833, "time": 47.731594291571525}, "-64": {"optimal_thrust": 3914.335101382428, "impact_speed": 68.73337042664157, "time": 47.894695585072824}, "-63": {"optimal_thrust": 3908.8051053715776, "impact_speed": 69.51507964387216, "time": 48.06473374817954}, "-62": {"optimal_thrust": 3902.668273452074, "impact_speed": 70.3715715568138, "time": 48.241736441593524}, "-61": {"optimal_thrust": 3895.949304979727, "impact_speed": 71.29459341529773, "time": 48.42630946494256}, "-60": {"optimal_thrust": 3888.6709427379324, "impact_speed": 72.27638394480705, "time": 48.616280895129925}, "-59": {"optimal_thrust": 3880.856494126942, "impact_speed": 73.30932703995514, "time": 48.81092776630595}, "-58": {"optimal_thrust": 3872.5278232323526, "impact_speed": 74.38629338233042, "time": 49.014110532100275}, "-57": {"optimal_thrust": 3863.7072586899844, "impact_speed": 75.50036543847199, "time": 49.224746586553735}, "-56": {"optimal_thrust": 3854.416397038683, "impact_speed": 76.64502795704645, "time": 49.442622602231474}, "-55": {"optimal_thrust": 3844.6778349392453, "impact_speed": 77.8139037029368, "time": 49.66766409270208}, "-54": {"optimal_thrust": 3834.512485323281, "impact_speed": 79.00115015135667, "time": 49.89980198430958}, "-53": {"optimal_thrust": 3823.942724559702, "impact_speed": 80.20096805484637, "time": 50.13911482362429}, "-52": {"optimal_thrust": 3812.9904421576175, "impact_speed": 81.40787585856388, "time": 50.38565541720086}, "-51": {"optimal_thrust": 3802.801297412066, "impact_speed": 82.43146158922076, "time": 50.63951087567968}, "-50": {"optimal_thrust": 3793.49284705918, "impact_speed": 83.21000304087778, "time": 50.900738236853165}, "-49": {"optimal_thrust": 3783.0424995623493, "impact_speed": 84.05081574828493, "time": 51.1693690877678}, "-48": {"optimal_thrust": 3771.468089210031, "impact_speed": 84.93965487386143, "time": 51.44544414391225}, "-47": {"optimal_thrust": 3758.786692349434, "impact_speed": 85.85902058607051, "time": 51.729004643583465}, "-46": {"optimal_thrust": 3745.016483513441, "impact_speed": 86.83715038914586, "time": 52.02009338502657}, "-45": {"optimal_thrust": 3730.1770829413363, "impact_speed": 88.70790896436226, "time": 52.31875582137286}, "-44": {"optimal_thrust": 3714.288643518272, "impact_speed": 90.66096397471482, "time": 52.62504153373703}, "-43": {"optimal_thrust": 3697.3722018070353, "impact_speed": 92.68706345792009, "time": 52.939006466497084}, "-42": {"optimal_thrust": 3679.4497126458336, "impact_speed": 94.77966086764253, "time": 53.26071600062489}, "-41": {"optimal_thrust": 3660.5443704950485, "impact_speed": 96.93240757685076, "time": 53.59024628457202}, "-40": {"optimal_thrust": 3640.680816847559, "impact_speed": 99.13914997994594, "time": 53.92766596354323}, "-39": {"optimal_thrust": 3619.883797430533, "impact_speed": 101.39415264854306, "time": 54.2729231804424}, "-38": {"optimal_thrust": 3602.0109319092, "impact_speed": 103.17038215295494, "time": 54.625618472248384}, "-37": {"optimal_thrust": 3593.974998588793, "impact_speed": 103.52862717882425, "time": 54.98538467183257}, "-36": {"optimal_thrust": 3585.7668885184385, "impact_speed": 103.81778920257588, "time": 55.352592170322104}, "-35": {"optimal_thrust": 3574.5370844902873, "impact_speed": 104.52414872604521, "time": 55.72773223026734}, "-34": {"optimal_thrust": 3560.5862480760075, "impact_speed": 105.67153986171068, "time": 56.11095899778865}, "-33": {"optimal_thrust": 3550.4247335917744, "impact_speed": 106.14669934713872, "time": 56.502319906864145}, "-32": {"optimal_thrust": 3539.3255311813923, "impact_speed": 106.7516110892511, "time": 56.90176766054785}, "-31": {"optimal_thrust": 3528.3363359540112, "impact_speed": 107.30711843200775, "time": 57.30929242914283}, "-30": {"optimal_thrust": 3517.4527995201447, "impact_speed": 107.814115894225, "time": 57.72488217543305}, "-29": {"optimal_thrust": 3506.68368679388, "impact_speed": 108.27117641312843, "time": 58.14852726592528}, "-28": {"optimal_thrust": 3496.043061100866, "impact_speed": 108.67607839717664, "time": 58.58021831187023}, "-27": {"optimal_thrust": 3482.4025515774233, "impact_speed": 109.90769129157793, "time": 59.01992063406555}, "-26": {"optimal_thrust": 3472.301989429305, "impact_speed": 110.23604772645514, "time": 59.46766095810075}, "-25": {"optimal_thrust": 3462.4907735515417, "impact_speed": 110.47646682892129, "time": 59.92340814792414}, "-24": {"optimal_thrust": 3452.9841233073357, "impact_speed": 110.61470947030614, "time": 60.38715069242465}, "-23": {"optimal_thrust": 3443.780891017455, "impact_speed": 110.63778960191915, "time": 60.85886254880266}, "-22": {"optimal_thrust": 3434.8710361766775, "impact_speed": 110.5333686050523, "time": 61.33850721218801}, "-21": {"optimal_thrust": 3426.243295717249, "impact_speed": 110.28884609561338, "time": 61.826058397870845}, "-20": {"optimal_thrust": 3417.890512633464, "impact_speed": 109.89076877268226, "time": 62.321482204842404}, "-19": {"optimal_thrust": 3409.8139013028563, "impact_speed": 109.32305797628447, "time": 62.82473351826696}, "-18": {"optimal_thrust": 3402.020493519522, "impact_speed": 108.56906249957575, "time": 63.33575241901708}, "-17": {"optimal_thrust": 3394.5260259523116,