{"-90": {"optimal_thrust": 3984.969975791163, "impact_speed": 59.90660606304498, "time": 45.61915482846068}, "-89": {"optimal_thrust": 4009.9897487293665, "impact_speed": 55.520744942220375, "time": 45.61970347813852}, "-88": {"optimal_thrust": 4003.054723160909, "impact_speed": 56.7502407553491, "time": 45.627761010191136}, "-87": {"optimal_thrust": 4046.5542029442013, "impact_speed": 47.658093861676136, "time": 45.648678230844006}, "-86": {"optimal_thrust": 4085.460742057782, "impact_speed": 37.87897318219766, "time": 45.6666545301896}, "-85": {"optimal_thrust": 4139.90732134379, "impact_speed": 16.727259200765534, "time": 45.69594789265247}, "-84": {"optimal_thrust": 4136.744472216628, "impact_speed": 18.67413397616438, "time": 45.733742530866316}, "-83": {"optimal_thrust": 4076.9909158233813, "impact_speed": 40.371674620763784, "time": 45.770750516991775}, "-82": {"optimal_thrust": 3977.1643447769184, "impact_speed": 61.41594073769948, "time": 45.81596845054104}, "-81": {"optimal_thrust": 3994.1171175278455, "impact_speed": 58.37943803630388, "time": 45.868789433519005}, "-80": {"optimal_thrust": 3994.919342367447, "impact_speed": 58.230715723352894, "time": 45.9281328799744}, "-79": {"optimal_thrust": 3995.261699286616, "impact_speed": 58.143230005357076, "time": 45.993697381941224}, "-78": {"optimal_thrust": 3990.0038524558013, "impact_speed": 59.062425475560005, "time": 46.06611260643112}, "-77": {"optimal_thrust": 3984.63374886368, "impact_speed": 59.97107537719846, "time": 46.143588827086184}, "-76": {"optimal_thrust": 3979.903728261529, "impact_speed": 60.74132073200454, "time": 46.2269623011271}, "-75": {"optimal_thrust": 3976.243733197979, "impact_speed": 61.308203155631716, "time": 46.31297547960293}, "-74": {"optimal_thrust": 3973.279473700123, "impact_speed": 61.74677947245883, "time": 46.38967775861236}, "-73": {"optimal_thrust": 3970.3703533883263, "impact_speed": 62.172893804642015, "time": 46.509301665797445}, "-72": {"optimal_thrust": 3967.0373751611064, "impact_speed": 62.66958741653047, "time": 46.626162921355714}, "-71": {"optimal_thrust": 3942.8790428621614, "impact_speed": 66.54990382119938, "time": 46.745606436132405}, "-70": {"optimal_thrust": 3942.312686463503, "impact_speed": 66.5754361376083, "time": 46.870139459994796}, "-69": {"optimal_thrust": 3940.9466712475596, "impact_speed": 66.73283853510587, "time": 47.00059016692468}, "-68": {"optimal_thrust": 3938.804792132359, "impact_speed": 67.01575862912185, "time": 47.13739773280556}, "-67": {"optimal_thrust": 3935.9136996277034, "impact_speed": 67.41663928962929, "time": 47.28074015717638}, "-66": {"optimal_thrust": 3932.3015372301834, "impact_speed": 67.92714739760797, "time": 47.43067838261062}, "-65": {"optimal_thrust": 3927.9962051740745, "impact_speed": 68.53863377469241, "time": 47.587305981971895}, "-64": {"optimal_thrust": 3923.024185699151, "impact_speed": 69.24247411710803, "time": 47.75094340222684}, "-63": {"optimal_thrust": 3917.411616485222, "impact_speed": 70.03002771787229, "time": 47.92153422250081}, "-62": {"optimal_thrust": 3911.1836364867395, "impact_speed": 70.89284762625184, "time": 48.099136279739135}, "-61": {"optimal_thrust": 3904.3648234747766, "impact_speed": 71.82269673721416, "time": 48.28444336720601}, "-60": {"optimal_thrust": 3896.9785800306845, "impact_speed": 72.81170702480324, "time": 48.474516339984206}, "-59": {"optimal_thrust": 3889.0475277283404, "impact_speed": 73.85236342061081, "time": 48.670020839384804}, "-58": {"optimal_thrust": 3880.5951688586333, "impact_speed": 74.93728362700826, "time": 48.87396652435673}, "-57": {"optimal_thrust": 3871.643221331838, "impact_speed": 76.05964180255404, "time": 49.08535164439693}, "-56": {"optimal_thrust": 3862.2145997709567, "impact_speed": 77.21272442577732, "time": 49.30399864065661}, "-55": {"optimal_thrust": 3852.3306073297354, "impact_speed": 78.39035177003002, "time": 49.529839365057335}, "-54": {"optimal_thrust": 3842.0143059432157, "impact_speed": 79.58636211724719, "time": 49.76280884840479}, "-53": {"optimal_thrust": 3831.2873401337542, "impact_speed": 80.7950732627559, "time": 50.00299442757974}, "-52": {"optimal_thrust": 3820.1727223131506, "impact_speed": 82.01084051662515, "time": 50.25044985259066}, "-51": {"optimal_thrust": 3809.8315515308277, "impact_speed": 83.04208966028074, "time": 50.505265405615354}, "-50": {"optimal_thrust": 3800.384509896487, "impact_speed": 83.82643224145131, "time": 50.76749471839683}, "-49": {"optimal_thrust": 3789.7793250463396, "impact_speed": 84.67336709717917, "time": 51.03717048299129}, "-48": {"optimal_thrust": 3778.032735161571, "impact_speed": 85.56879473460407, "time": 51.314334805225606}, "-47": {"optimal_thrust": 3765.1624719661545, "impact_speed": 86.49508508237855, "time": 51.59903049768313}, "-46": {"optimal_thrust": 3751.1879097149595, "impact_speed": 87.47844054421574, "time": 51.89130210813941}, "-45": {"optimal_thrust": 3736.127664528462, "impact_speed": 89.36496761946674, "time": 52.19119703410912}, "-44": {"optimal_thrust": 3720.0028403484725, "impact_speed": 91.33254270780036, "time": 52.49876709987537}, "-43": {"optimal_thrust": 3702.834793942046, "impact_speed": 93.3736607589643, "time": 52.81407091704771}, "-42": {"optimal_thrust": 3684.6457812783015, "impact_speed": 95.48175884847323, "time": 53.137177063811464}, "-41": {"optimal_thrust": 3665.4594175661678, "impact_speed": 97.65043273734311, "time": 53.46816473712093}, "-40": {"optimal_thrust": 3645.300311975825, "impact_speed": 99.87354940492261, "time": 53.80709998048012}, "-39": {"optimal_thrust": 3624.1944345774978, "impact_speed": 102.14519823349202, "time": 54.153901528346154}, "-38": {"optimal_thrust": 3606.0557650934165, "impact_speed": 103.93459123164469, "time": 54.508120624057604}, "-37": {"optimal_thrust": 3597.9002277917216, "impact_speed": 104.29550527732525, "time": 54.86946722026484}, "-36": {"optimal_thrust": 3588.2078424348765, "impact_speed": 104.79964180521414, "time": 55.23838323340907}, "-35": {"optimal_thrust": 3578.172967418571, "impact_speed": 105.2984545716323, "time": 55.61534672069015}, "-34": {"optimal_thrust": 3564.0152307382987, "impact_speed": 106.45425002372491, "time": 56.00045919771013}, "-33": {"optimal_thrust": 3553.7024515491794, "impact_speed": 106.932957681108, "time": 56.39377072234381}, "-32": {"optimal_thrust": 3542.4383676115976, "impact_speed": 107.54231680548993, "time": 56.79523454461643}, "-31": {"optimal_thrust": 3531.285248541659, "impact_speed": 108.10204877062965, "time": 57.20484297691611}, "-30": {"optimal_thrust": 3520.2404073831476, "impact_speed": 108.61268051295981, "time": 57.62258607690647}, "-29": {"optimal_thrust": 3509.3108889397135, "impact_speed": 109.07319265997393, "time": 58.04845609193386}, "-28": {"optimal_thrust": 3498.512031646339, "impact_speed": 109.48109735988024, "time": 58.48244531951823}, "-27": {"optimal_thrust": 3484.668584104103, "impact_speed": 110.72186126726298, "time": 58.92451945516309}, "-26": {"optimal_thrust": 3474.4180415723476, "impact_speed": 111.05259133086082, "time": 59.37470865939304}, "-25": {"optimal_thrust": 3464.4608086854673, "impact_speed": 111.29483127266394, "time": 59.83298411576877}, "-24": {"optimal_thrust": 3454.812618507492, "impact_speed": 111.43416901097783, "time": 60.299335185116085}, "-23": {"optimal_thrust": 3445.472579392915, "impact_speed": 111.45741659609666, "time": 60.77373324207886}, "-22": {"optimal_thrust": 3436.430266116928, "impact_speed": 111.3522241907133, "time": 61.25614677460182}, "-21": {"optimal_thrust": 3427.674165364253, "impact_speed": 111.10595518779914, "time": 61.74655090458589}, "-20": {"optimal_thrust": 3419.1977497080356, "impact_speed": 110.70450218532126, "time": 62.24491186552838}, "-19": {"optimal_thrust": 3411.000577449049, "impact_speed": 110.13299708750941, "time": 62.751184120757586}, "-18": {"optimal_thrust": 3403.0914703493754, "impact_speed": 109.37320087302044, "time": 63.26530638637972},