{"-90": {"optimal_thrust": 3993.0053900544217, "impact_speed": 60.636762188159, "time": 45.46966169660022}, "-89": {"optimal_thrust": 4020.0263538781314, "impact_speed": 55.92898692414366, "time": 45.47043269191759}, "-88": {"optimal_thrust": 4012.9886741793975, "impact_speed": 57.16757826895616, "time": 45.47858144029914}, "-87": {"optimal_thrust": 4057.130803502748, "impact_speed": 48.00845526293675, "time": 45.49964317236879}, "-86": {"optimal_thrust": 4096.611292837048, "impact_speed": 38.15749787990883, "time": 45.517505383515775}, "-85": {"optimal_thrust": 4151.861321349754, "impact_speed": 16.850375301179923, "time": 45.54689193853538}, "-84": {"optimal_thrust": 4148.651986438231, "impact_speed": 18.811439409223517, "time": 45.5847860750165}, "-83": {"optimal_thrust": 4088.0164381034606, "impact_speed": 40.66853175020698, "time": 45.62186776746274}, "-82": {"optimal_thrust": 3986.7165319470178, "impact_speed": 61.867515519202186, "time": 45.667208475228946}, "-81": {"optimal_thrust": 4003.919123514266, "impact_speed": 58.80875842958162, "time": 45.72017083173271}, "-80": {"optimal_thrust": 4004.7336835786464, "impact_speed": 58.65885238364391, "time": 45.77967447551896}, "-79": {"optimal_thrust": 4005.0808570023987, "impact_speed": 58.57076663047602, "time": 45.84543519272771}, "-78": {"optimal_thrust": 3999.745419362967, "impact_speed": 59.49671803604109, "time": 45.91784281415591}, "-77": {"optimal_thrust": 3994.2959433600945, "impact_speed": 60.412068449486, "time": 45.99567103139086}, "-76": {"optimal_thrust": 3989.496152748903, "impact_speed": 61.187969151527454, "time": 46.079134132051294}, "-75": {"optimal_thrust": 3985.782361941861, "impact_speed": 61.75898075362841, "time": 46.164925072328856}, "-74": {"optimal_thrust": 3982.7742264550993, "impact_speed": 62.200803174801806, "time": 46.244303867006245}, "-73": {"optimal_thrust": 3979.822181657211, "impact_speed": 62.63004830124455, "time": 46.36329019216584}, "-72": {"optimal_thrust": 3976.440148632541, "impact_speed": 63.130370463081974, "time": 46.47997732514922}, "-71": {"optimal_thrust": 3951.9248741933134, "impact_speed": 67.039278076763, "time": 46.59957138321031}, "-70": {"optimal_thrust": 3951.3501380922467, "impact_speed": 67.06500144227013, "time": 46.72437707317388}, "-69": {"optimal_thrust": 3949.9644337866243, "impact_speed": 67.22348595100144, "time": 46.85517306905066}, "-68": {"optimal_thrust": 3947.7906229642304, "impact_speed": 67.50853685817617, "time": 46.99237003137003}, "-67": {"optimal_thrust": 3944.8569982398008, "impact_speed": 67.91234290207377, "time": 47.13613194543283}, "-66": {"optimal_thrust": 3941.1917028511616, "impact_speed": 68.4265759676744, "time": 47.28651434907301}, "-65": {"optimal_thrust": 3936.822413730893, "impact_speed": 69.04262326682728, "time": 47.44363631224935}, "-64": {"optimal_thrust": 3931.7771528346125, "impact_speed": 69.75161602993664, "time": 47.60780035493662}, "-63": {"optimal_thrust": 3926.081814980113, "impact_speed": 70.54494916686231, "time": 47.778935537538196}, "-62": {"optimal_thrust": 3919.7622003143224, "impact_speed": 71.41406874827383, "time": 47.95713310838754}, "-61": {"optimal_thrust": 3912.8425158940295, "impact_speed": 72.35078989502405, "time": 48.143165635359914}, "-60": {"optimal_thrust": 3905.3467046005694, "impact_speed": 73.34715539757352, "time": 48.33334365453985}, "-59": {"optimal_thrust": 3897.299000408098, "impact_speed": 74.39540147937277, "time": 48.52969243148702}, "-58": {"optimal_thrust": 3888.721854568824, "impact_speed": 75.48830359099652, "time": 48.73438227720018}, "-57": {"optimal_thrust": 3879.637839498674, "impact_speed": 76.61890500399986, "time": 48.94650635182649}, "-56": {"optimal_thrust": 3870.069797185599, "impact_speed": 77.78050412819229, "time": 49.165913189285625}, "-55": {"optimal_thrust": 3860.0402277300577, "impact_speed": 78.96674428414988, "time": 49.39254195876373}, "-54": {"optimal_thrust": 3849.5714600044907, "impact_speed": 80.17157853335121, "time": 49.62633312394491}, "-53": {"optimal_thrust": 3838.686579682925, "impact_speed": 81.38911458812026, "time": 49.86738095023136}, "-52": {"optimal_thrust": 3827.4076479149403, "impact_speed": 82.61386114714, "time": 50.11574138388663}, "-51": {"optimal_thrust": 3816.9139376869603, "impact_speed": 83.65267761625428, "time": 50.37150595601304}, "-50": {"optimal_thrust": 3807.3274743698057, "impact_speed": 84.44278298992953, "time": 50.63472590912895}, "-49": {"optimal_thrust": 3796.565452803049, "impact_speed": 85.29600506569496, "time": 50.90543507358528}, "-48": {"optimal_thrust": 3784.645605491505, "impact_speed": 86.19799616850284, "time": 51.183676983539286}, "-47": {"optimal_thrust": 3771.5855215099996, "impact_speed": 87.13104155873253, "time": 51.46949604523123}, "-46": {"optimal_thrust": 3757.404503108679, "impact_speed": 88.12255521654814, "time": 51.762938571885456}, "-45": {"optimal_thrust": 3742.1223863455043, "impact_speed": 90.02191606182136, "time": 52.064053942589965}, "-44": {"optimal_thrust": 3725.75956944196, "impact_speed": 92.00401504507168, "time": 52.37289625035665}, "-43": {"optimal_thrust": 3708.337798102976, "impact_speed": 94.06023586356199, "time": 52.68952682034986}, "-42": {"optimal_thrust": 3689.880421692324, "impact_speed": 96.183814098774, "time": 53.0140174680852}, "-41": {"optimal_thrust": 3670.4108465931913, "impact_speed": 98.3684396688157, "time": 53.3464502636433}, "-40": {"optimal_thrust": 3649.9542115102845, "impact_speed": 100.60790106220307, "time": 53.686887239539196}, "-39": {"optimal_thrust": 3628.536923991264, "impact_speed": 102.89623842365042, "time": 54.0352135229386}, "-38": {"optimal_thrust": 3610.1300158232193, "impact_speed": 104.69885948200263, "time": 54.39093776355924}, "-37": {"optimal_thrust": 3601.854361284794, "impact_speed": 105.06239279198124, "time": 54.753861699030665}, "-36": {"optimal_thrust": 3593.401167686817, "impact_speed": 105.35585225448091, "time": 55.12449700349471}, "-35": {"optimal_thrust": 3581.8359671996895, "impact_speed": 106.07271141317912, "time": 55.50325616950404}, "-34": {"optimal_thrust": 3570.144957830337, "impact_speed": 106.7785948687083, "time": 55.890257468487476}, "-33": {"optimal_thrust": 3557.004281695781, "impact_speed": 107.71923064573126, "time": 56.285489710371905}, "-32": {"optimal_thrust": 3545.573714010146, "impact_speed": 108.33311598101571, "time": 56.688956280743156}, "-31": {"optimal_thrust": 3534.256158170749, "impact_speed": 108.8969277132898, "time": 57.10063528025732}, "-30": {"optimal_thrust": 3523.0482923036157, "impact_speed": 109.4113159219206, "time": 57.52051883799025}, "-29": {"optimal_thrust": 3511.957786672207, "impact_speed": 109.87512842730048, "time": 57.94860108755934}, "-28": {"optimal_thrust": 3500.999294269054, "impact_speed": 110.28609556621788, "time": 58.38487596126725}, "-27": {"optimal_thrust": 3486.9515647734142, "impact_speed": 111.53597121396942, "time": 58.82930951151934}, "-26": {"optimal_thrust": 3476.549441500688, "impact_speed": 111.86921418703034, "time": 59.28193580480991}, "-25": {"optimal_thrust": 3466.4458070011815, "impact_speed": 112.11305537485696, "time": 59.742727913653916}, "-24": {"optimal_thrust": 3456.655185391621, "impact_speed": 112.2534096926762, "time": 60.21167581250971}, "-23": {"optimal_thrust": 3447.1769957260976, "impact_speed": 112.27693562060489, "time": 60.68874849108798}, "-22": {"optimal_thrust": 3438.001393546407, "impact_speed": 112.17087330438605, "time": 61.17392016163639}, "-21": {"optimal_thrust": 3429.1159681055638, "impact_speed": 111.9228221229312, "time": 61.667166678446186}, "-20": {"optimal_thrust": 3420.514196819337, "impact_speed": 111.51859273385077, "time": 62.16845430252935}, "-19": {"optimal_thrust": 3412.1960796877274, "impact_speed": 110.94286355674195, "time": 62.67773710330015}, "-18": {"optimal_thrust": 3404.170313489709, "impact_speed": 110.1773921020426, "time": 63.19495129833427}, "-17": {"optimal_thrust": 3396.451800377747,