{"-90": {"optimal_thrust": 4001.042102693792, "impact_speed": 61.37357506560472, "time": 45.32091514619772}, "-89": {"optimal_thrust": 4030.136639320734, "impact_speed": 56.33719991452338, "time": 45.321868954843005}, "-88": {"optimal_thrust": 4022.9958680272293, "impact_speed": 57.58482948712934, "time": 45.33010325688931}, "-87": {"optimal_thrust": 4067.78416547595, "impact_speed": 48.35897600507965, "time": 45.35127000062973}, "-86": {"optimal_thrust": 4107.843270893376, "impact_speed": 38.43609547385322, "time": 45.369061540252574}, "-85": {"optimal_thrust": 4163.9030733335285, "impact_speed": 16.97337787916232, "time": 45.398539000306585}, "-84": {"optimal_thrust": 4160.646780112819, "impact_speed": 18.948719380175955, "time": 45.436530239353274}, "-83": {"optimal_thrust": 4099.122676520562, "impact_speed": 40.9654037567307, "time": 45.47368588255042}, "-82": {"optimal_thrust": 3996.3387608408166, "impact_speed": 62.31907966005087, "time": 45.51914644432267}, "-81": {"optimal_thrust": 4013.7935864595993, "impact_speed": 59.23796118873538, "time": 45.57224744000273}, "-80": {"optimal_thrust": 4014.6194102187424, "impact_speed": 59.087082528117456, "time": 45.63190817449644}, "-79": {"optimal_thrust": 4014.971883019955, "impact_speed": 58.998315307701965, "time": 45.69789359734412}, "-78": {"optimal_thrust": 4009.5584167763354, "impact_speed": 59.93099915969595, "time": 45.770301023848184}, "-77": {"optimal_thrust": 4004.0292512339774, "impact_speed": 60.8530037866433, "time": 45.84843340890596}, "-76": {"optimal_thrust": 3999.1588605030797, "impact_speed": 61.63461584757231, "time": 45.931965920749256}, "-75": {"optimal_thrust": 3995.390639800832, "impact_speed": 62.20979797520429, "time": 46.01748903207765}, "-74": {"optimal_thrust": 3992.338628325166, "impact_speed": 62.65481149316199, "time": 46.099484059605864}, "-73": {"optimal_thrust": 3989.343613300983, "impact_speed": 63.08714218789888, "time": 46.217876849677715}, "-72": {"optimal_thrust": 3985.911619666816, "impact_speed": 63.59118505121787, "time": 46.334424969742805}, "-71": {"optimal_thrust": 3961.037349977305, "impact_speed": 67.52859310513388, "time": 46.454177091621524}, "-70": {"optimal_thrust": 3960.454309038463, "impact_speed": 67.5544858428764, "time": 46.57925649740649}, "-69": {"optimal_thrust": 3959.0480569360057, "impact_speed": 67.71416577424172, "time": 46.71039478884684}, "-68": {"optimal_thrust": 3956.842538299734, "impact_speed": 68.00127485602954, "time": 46.84797587641217}, "-67": {"optimal_thrust": 3953.8659892898627, "impact_speed": 68.40801921006522, "time": 46.992150832759165}, "-66": {"optimal_thrust": 3950.146385616446, "impact_speed": 68.92610080470143, "time": 47.14297038563311}, "-65": {"optimal_thrust": 3945.7135314193492, "impact_speed": 69.54657382200234, "time": 47.30058269697763}, "-64": {"optimal_thrust": 3940.5941984463475, "impact_speed": 70.26076500268161, "time": 47.46526401316504}, "-63": {"optimal_thrust": 3934.815531443793, "impact_speed": 71.0598706486112, "time": 47.63693556716653}, "-62": {"optimal_thrust": 3928.4029860703754, "impact_speed": 71.93538567402476, "time": 47.81572547879059}, "-61": {"optimal_thrust": 3921.3819911178916, "impact_speed": 72.87893241188085, "time": 48.00246191405732}, "-60": {"optimal_thrust": 3913.777077283209, "impact_speed": 73.88246132754851, "time": 48.19276778716499}, "-59": {"optimal_thrust": 3905.611108213233, "impact_speed": 74.93841187190912, "time": 48.38993885886684}, "-58": {"optimal_thrust": 3896.908026522979, "impact_speed": 76.03933089935317, "time": 48.59535543867416}, "-57": {"optimal_thrust": 3887.691235806883, "impact_speed": 77.17813717035854, "time": 48.80820865322597}, "-56": {"optimal_thrust": 3877.9829912701334, "impact_speed": 78.34821708972731, "time": 49.02836441406855}, "-55": {"optimal_thrust": 3867.806574633435, "impact_speed": 79.54310044924033, "time": 49.25576857584126}, "-54": {"optimal_thrust": 3857.1842411019766, "impact_speed": 80.75675557525787, "time": 49.490373192624524}, "-53": {"optimal_thrust": 3846.1398588242796, "impact_speed": 81.98318138460228, "time": 49.732272836691884}, "-52": {"optimal_thrust": 3834.6952192849203, "impact_speed": 83.21693648412122, "time": 49.98152847516458}, "-51": {"optimal_thrust": 3824.047942937847, "impact_speed": 84.26330825050897, "time": 50.23823105248495}, "-50": {"optimal_thrust": 3814.3212781833695, "impact_speed": 85.0591382548805, "time": 50.502430403242414}, "-49": {"optimal_thrust": 3803.4014146983714, "impact_speed": 85.91861826370513, "time": 50.77416152902003}, "-48": {"optimal_thrust": 3791.3070897673297, "impact_speed": 86.8271516832085, "time": 51.0534694182502}, "-47": {"optimal_thrust": 3778.0555036245178, "impact_speed": 87.7670588839128, "time": 51.340400091601204}, "-46": {"optimal_thrust": 3763.6666857675013, "impact_speed": 88.76630272995476, "time": 51.63500165330283}, "-45": {"optimal_thrust": 3748.160523686245, "impact_speed": 90.6791107426004, "time": 51.937325482973236}, "-44": {"optimal_thrust": 3731.558000330228, "impact_speed": 92.67562597437309, "time": 52.247427982370276}, "-43": {"optimal_thrust": 3713.8810353293056, "impact_speed": 94.74682927051359, "time": 52.5653732335996}, "-42": {"optimal_thrust": 3695.1532459795158, "impact_speed": 96.88590054474658, "time": 52.891236313012435}, "-41": {"optimal_thrust": 3675.398672999516, "impact_speed": 99.08642620356373, "time": 53.22510195088304}, "-40": {"optimal_thrust": 3654.642137883276, "impact_speed": 101.34226303370615, "time": 53.567026564686756}, "-39": {"optimal_thrust": 3632.9110746939677, "impact_speed": 103.64730004176879, "time": 53.91685767962701}, "-38": {"optimal_thrust": 3614.2345143858083, "impact_speed": 105.46307335927823, "time": 54.27407041721967}, "-37": {"optimal_thrust": 3605.8378553131174, "impact_speed": 105.82922310888677, "time": 54.63856904229735}, "-36": {"optimal_thrust": 3595.857854110981, "impact_speed": 106.3408413206658, "time": 55.01090052008573}, "-35": {"optimal_thrust": 3585.5262105761253, "impact_speed": 106.84689875792319, "time": 55.39145989089536}, "-34": {"optimal_thrust": 3570.948526384289, "impact_speed": 108.01977355835479, "time": 55.78030386612583}, "-33": {"optimal_thrust": 3560.3302240315793, "impact_speed": 108.50551792294416, "time": 56.17747623143606}, "-32": {"optimal_thrust": 3548.7322147478208, "impact_speed": 109.12387792686627, "time": 56.582932311465605}, "-31": {"optimal_thrust": 3537.2489468357585, "impact_speed": 109.69178189636436, "time": 56.9966688461603}, "-30": {"optimal_thrust": 3525.877088703024, "impact_speed": 110.20987070501752, "time": 57.4186800301799}, "-29": {"optimal_thrust": 3514.6235581158608, "impact_speed": 110.67719946139061, "time": 57.84896186583803}, "-28": {"optimal_thrust": 3503.5045917408493, "impact_speed": 111.09114794677826, "time": 58.28750986882603}, "-27": {"optimal_thrust": 3489.250851683581, "impact_speed": 112.35019190911918, "time": 58.73429055365992}, "-26": {"optimal_thrust": 3478.6970195879794, "impact_speed": 112.68567199383673, "time": 59.18934217726285}, "-25": {"optimal_thrust": 3468.444748462699, "impact_speed": 112.93147687475367, "time": 59.6526393152295}, "-24": {"optimal_thrust": 3458.5107974442108, "impact_speed": 113.0728214717349, "time": 60.124171759330196}, "-23": {"optimal_thrust": 3448.8936940371977, "impact_speed": 113.09654444040063, "time": 60.603908179410446}, "-22": {"optimal_thrust": 3439.583459089461, "impact_speed": 112.98982273271754, "time": 61.09182725032821}, "-21": {"optimal_thrust": 3430.568391573068, "impact_speed": 112.73965245920003, "time": 61.587905574366715}, "-20": {"optimal_thrust": 3421.840238054789, "impact_speed": 112.33272309261275, "time": 62.092109342836764}, "-19": {"optimal_thrust": 3413.400216125762, "impact_speed": 111.7528586455305, "time": 62.60439122551666}, "-18": {"optimal_thrust": 3405.257022940522, "impact_speed": 110.98163503872313, "time": 63.12468909428495}, "-17": {"optimal_thrust": 3397.4254979823213,