{"-90": {"optimal_thrust": 4009.0796909134056, "impact_speed": 62.11688638064941, "time": 45.17290060693542}, "-89": {"optimal_thrust": 4040.3199718026212, "impact_speed": 56.74550436567743, "time": 45.174009126743506}, "-88": {"optimal_thrust": 4033.0758360566533, "impact_speed": 58.002081914381634, "time": 45.182323829232146}, "-87": {"optimal_thrust": 4078.5155992643367, "impact_speed": 48.70936672199661, "time": 45.20354265407607}, "-86": {"optimal_thrust": 4119.15730881178, "impact_speed": 38.714589427728974, "time": 45.22131986540936}, "-85": {"optimal_thrust": 4176.032381248095, "impact_speed": 17.096393330772287, "time": 45.25088597726635}, "-84": {"optimal_thrust": 4172.728890164507, "impact_speed": 19.085953631678894, "time": 45.28897205048188}, "-83": {"optimal_thrust": 4110.310067244106, "impact_speed": 41.262176777705925, "time": 45.326201783109646}, "-82": {"optimal_thrust": 4006.030759642605, "impact_speed": 62.77067986550506, "time": 45.3717793106103}, "-81": {"optimal_thrust": 4023.7394349673164, "impact_speed": 59.6672414200456, "time": 45.42501623463062}, "-80": {"optimal_thrust": 4024.577549243148, "impact_speed": 59.51521932138004, "time": 45.48483098463375}, "-79": {"optimal_thrust": 4024.9353211326375, "impact_speed": 59.42577779513782, "time": 45.5510685386342}, "-78": {"optimal_thrust": 4019.4428754307437, "impact_speed": 60.36526365081436, "time": 45.623483300268376}, "-77": {"optimal_thrust": 4013.8329936693535, "impact_speed": 61.294000802321165, "time": 45.70187251996905}, "-76": {"optimal_thrust": 4008.8920478418854, "impact_speed": 62.081227176092106, "time": 45.785454146696416}, "-75": {"optimal_thrust": 4005.069080032649, "impact_speed": 62.66056682732547, "time": 45.870667158660225}, "-74": {"optimal_thrust": 4001.9723620995833, "impact_speed": 63.10885822051748, "time": 45.95522302970206}, "-73": {"optimal_thrust": 3998.9335918393954, "impact_speed": 63.54435373304987, "time": 46.073063584494754}, "-72": {"optimal_thrust": 3995.4519093476856, "impact_speed": 64.0520103535894, "time": 46.189505188211356}, "-71": {"optimal_thrust": 3970.216077992983, "impact_speed": 68.01791147191052, "time": 46.30942200224298}, "-70": {"optimal_thrust": 3969.6246574945535, "impact_speed": 68.04397596567395, "time": 46.434775660566665}, "-69": {"optimal_thrust": 3968.197764922969, "impact_speed": 68.20484214682246, "time": 46.56625300338158}, "-68": {"optimal_thrust": 3965.959875731041, "impact_speed": 68.49407727062177, "time": 46.704212854244865}, "-67": {"optimal_thrust": 3962.939963854787, "impact_speed": 68.90377959986556, "time": 46.84879441049852}, "-66": {"optimal_thrust": 3959.1668357445046, "impact_speed": 69.42552519806762, "time": 47.0000441410339}, "-65": {"optimal_thrust": 3954.6691193658703, "impact_speed": 70.05055425007113, "time": 47.15814255487835}, "-64": {"optimal_thrust": 3949.4756674112223, "impact_speed": 70.76986780359171, "time": 47.323331969837696}, "-63": {"optimal_thrust": 3943.6128876960884, "impact_speed": 71.57477354465102, "time": 47.49553220699262}, "-62": {"optimal_thrust": 3937.106898358223, "impact_speed": 72.4566591195066, "time": 47.674912000338416}, "-61": {"optimal_thrust": 3929.983762404118, "impact_speed": 73.40704596133749, "time": 47.862312264123666}, "-60": {"optimal_thrust": 3922.2679367446553, "impact_speed": 74.4178910686878, "time": 48.052788709665165}, "-59": {"optimal_thrust": 3913.9835332260564, "impact_speed": 75.48144238027906, "time": 48.25075671251969}, "-58": {"optimal_thrust": 3905.1538070870006, "impact_speed": 76.5903473331366, "time": 48.45688400522457}, "-57": {"optimal_thrust": 3895.8028969987067, "impact_speed": 77.73741443413424, "time": 48.670455940557844}, "-56": {"optimal_thrust": 3885.953497247774, "impact_speed": 78.91596528100692, "time": 48.891350447169046}, "-55": {"optimal_thrust": 3875.628889554905, "impact_speed": 80.11953258033394, "time": 49.11951887921455}, "-54": {"optimal_thrust": 3864.852355640802, "impact_speed": 81.34193750584926, "time": 49.3549274305471}, "-53": {"optimal_thrust": 3853.6469811791503, "impact_speed": 82.57730245002048, "time": 49.59766853103804}, "-52": {"optimal_thrust": 3842.0362439376686, "impact_speed": 83.8199426184625, "time": 49.84780959255307}, "-51": {"optimal_thrust": 3831.2342541081193, "impact_speed": 84.8738717393613, "time": 50.10543922558029}, "-50": {"optimal_thrust": 3821.365603815234, "impact_speed": 85.67555335181541, "time": 50.370606795233016}, "-49": {"optimal_thrust": 3810.2873855220773, "impact_speed": 86.54117149726443, "time": 50.643348516551434}, "-48": {"optimal_thrust": 3798.0168497550417, "impact_speed": 87.45635377301366, "time": 50.92371084451879}, "-47": {"optimal_thrust": 3784.572755666161, "impact_speed": 88.40297041902409, "time": 51.21174144466426}, "-46": {"optimal_thrust": 3769.9744772061204, "impact_speed": 89.409571603051, "time": 51.50749022595305}, "-45": {"optimal_thrust": 3754.2429976608746, "impact_speed": 91.3360995759495, "time": 51.81101059802132}, "-44": {"optimal_thrust": 3737.398891924608, "impact_speed": 93.34715233384236, "time": 52.12236129877208}, "-43": {"optimal_thrust": 3719.4649478342853, "impact_speed": 95.43334241575168, "time": 52.441609213370526}, "-42": {"optimal_thrust": 3700.464571350614, "impact_speed": 97.58795824929722, "time": 52.768832695531735}, "-41": {"optimal_thrust": 3680.422509084266, "impact_speed": 99.80445676756496, "time": 53.10411886922232}, "-40": {"optimal_thrust": 3659.3642873504214, "impact_speed": 102.07660565952385, "time": 53.44751675826533}, "-39": {"optimal_thrust": 3637.316690638593, "impact_speed": 104.39840984244273, "time": 53.79883265932461}, "-38": {"optimal_thrust": 3618.3688869228004, "impact_speed": 106.2272842205921, "time": 54.15751928006647}, "-37": {"optimal_thrust": 3609.8498795854407, "impact_speed": 106.59611744699811, "time": 54.52358992075698}, "-36": {"optimal_thrust": 3599.7248183720726, "impact_speed": 107.11142844643079, "time": 54.89761804440701}, "-35": {"optimal_thrust": 3589.2428095863047, "impact_speed": 107.6211680557665, "time": 55.27995717697274}, "-34": {"optimal_thrust": 3574.4533636899837, "impact_speed": 108.80249489736363, "time": 55.67064692994548}, "-33": {"optimal_thrust": 3563.6802785565733, "impact_speed": 109.29181920375068, "time": 56.069729659706425}, "-32": {"optimal_thrust": 3551.9138699651658, "impact_speed": 109.9146034188632, "time": 56.47716208684538}, "-31": {"optimal_thrust": 3540.2636049514645, "impact_speed": 110.48661391196684, "time": 56.89294319155268}, "-30": {"optimal_thrust": 3528.7260345749355, "impact_speed": 111.00852532627684, "time": 57.31706922314009}, "-29": {"optimal_thrust": 3517.309025146175, "impact_speed": 111.4791903855796, "time": 57.74953805642542}, "-28": {"optimal_thrust": 3506.028309286377, "impact_speed": 111.89614259474409, "time": 58.19034667570742}, "-27": {"optimal_thrust": 3491.5672827833964, "impact_speed": 113.16430132280726, "time": 58.63946234384668}, "-26": {"optimal_thrust": 3480.859567515889, "impact_speed": 113.50231876254702, "time": 59.096927542073516}, "-25": {"optimal_thrust": 3470.4586596744925, "impact_speed": 113.74975709096728, "time": 59.562718105575414}, "-24": {"optimal_thrust": 3460.3799679230174, "impact_speed": 113.89220944096722, "time": 60.036823016423945}, "-23": {"optimal_thrust": 3450.6230530537214, "impact_speed": 113.91607636308937, "time": 60.51921219205171}, "-22": {"optimal_thrust": 3441.1774838890474, "impact_speed": 113.80853520540902, "time": 61.00986792468691}, "-21": {"optimal_thrust": 3432.031172756534, "impact_speed": 113.5566144276304, "time": 61.50876743994793}, "-20": {"optimal_thrust": 3423.1760648783784, "impact_speed": 113.14673920421222, "time": 62.01587680986605}, "-19": {"optimal_thrust": 3414.6136919140476, "impact_speed": 112.56225108795829, "time": 62.53114720555541}, "-18": {"optimal_thrust": 3406.351598701815, "impact_speed": 111.7859285657935, "time": 63.054519702948404},