{"-90": {"optimal_thrust": 3336.979178429688, "impact_speed": 6.126251730836119, "time": 70.03647268420065}, "-89": {"optimal_thrust": 3337.206152041262, "impact_speed": 5.7147052504168165, "time": 70.03471766661947}, "-88": {"optimal_thrust": 3337.1328381900607, "impact_speed": 5.840884559250157, "time": 70.0382227787144}, "-87": {"optimal_thrust": 3337.5936219977393, "impact_speed": 4.905141041643912, "time": 70.04288328440697}, "-86": {"optimal_thrust": 3338.00624223967, "impact_speed": 3.897368715609162, "time": 70.04481467268515}, "-85": {"optimal_thrust": 3338.5828643338027, "impact_speed": 1.7196480471396358, "time": 70.04976182268408}, "-84": {"optimal_thrust": 3338.548481300888, "impact_speed": 1.9251179226579145, "time": 70.05586624855229}, "-83": {"optimal_thrust": 3337.9143695394864, "impact_speed": 4.159543280864641, "time": 70.06521410312902}, "-82": {"optimal_thrust": 3336.858018476962, "impact_speed": 6.322073547277788, "time": 70.07292726844175}, "-81": {"optimal_thrust": 3337.0374719921774, "impact_speed": 6.009832455267721, "time": 70.08228597911214}, "-80": {"optimal_thrust": 3337.045799253178, "impact_speed": 5.9948316792542125, "time": 70.08903549906088}, "-79": {"optimal_thrust": 3337.049499365068, "impact_speed": 5.985695656760152, "time": 70.05986852411964}, "-78": {"optimal_thrust": 3336.9938642860684, "impact_speed": 6.080167011931097, "time": 70.10487381313925}, "-77": {"optimal_thrust": 3336.936889456323, "impact_speed": 6.173817867839192, "time": 70.12529105094607}, "-76": {"optimal_thrust": 3336.8863499834374, "impact_speed": 6.253810634471943, "time": 70.14177078806118}, "-75": {"optimal_thrust": 3336.8480303315655, "impact_speed": 6.311371375218664, "time": 70.15825727931363}, "-74": {"optimal_thrust": 3336.8166643252925, "impact_speed": 6.356440463288084, "time": 70.17581439911127}, "-73": {"optimal_thrust": 3336.7858488031216, "impact_speed": 6.400284566523306, "time": 70.19477579923974}, "-72": {"optimal_thrust": 3336.750331838221, "impact_speed": 6.451741205709501, "time": 70.21280568243743}, "-71": {"optimal_thrust": 3336.4942548553217, "impact_speed": 6.851272607305559, "time": 70.23208738119976}, "-70": {"optimal_thrust": 3336.4883310519863, "impact_speed": 6.8537827831078575, "time": 70.25310984280009}, "-69": {"optimal_thrust": 3336.473811930391, "impact_speed": 6.870055505202888, "time": 70.2751692159208}, "-68": {"optimal_thrust": 3336.451181002526, "impact_speed": 6.899077111698683, "time": 70.2982612711027}, "-67": {"optimal_thrust": 3336.4204094471866, "impact_speed": 6.940553531171078, "time": 70.32237380866779}, "-66": {"optimal_thrust": 3336.382438853837, "impact_speed": 6.9926294626997185, "time": 70.34762774542327}, "-65": {"optimal_thrust": 3336.3365188575663, "impact_speed": 7.0560328211628205, "time": 70.37404762957075}, "-64": {"optimal_thrust": 3336.2841409337047, "impact_speed": 7.1280098867218555, "time": 70.40160423295532}, "-63": {"optimal_thrust": 3336.224549507745, "impact_speed": 7.209256424371115, "time": 70.43031594727603}, "-62": {"optimal_thrust": 3336.158543115944, "impact_speed": 7.29808781669087, "time": 70.46025243563922}, "-61": {"optimal_thrust": 3336.0864697706356, "impact_speed": 7.393528942158318, "time": 70.4912413003476}, "-60": {"optimal_thrust": 3336.007669748861, "impact_speed": 7.496122978096783, "time": 70.52222195796827}, "-59": {"optimal_thrust": 3335.924091343304, "impact_speed": 7.602556993598962, "time": 70.55345691316823}, "-58": {"optimal_thrust": 3335.834233516067, "impact_speed": 7.714662697733939, "time": 70.58578888544109}, "-57": {"optimal_thrust": 3335.739643705798, "impact_speed": 7.829798725088623, "time": 70.61929430683277}, "-56": {"optimal_thrust": 3335.639634558499, "impact_speed": 7.94863645978458, "time": 70.65390130261085}, "-55": {"optimal_thrust": 3335.534927496762, "impact_speed": 8.069815426887889, "time": 70.6895495077738}, "-54": {"optimal_thrust": 3335.4254010923983, "impact_speed": 8.193236991312236, "time": 70.72619548787408}, "-53": {"optimal_thrust": 3335.311891427165, "impact_speed": 8.317426884995825, "time": 70.76378665058132}, "-52": {"optimal_thrust": 3335.194141551613, "impact_speed": 8.442537991874289, "time": 70.80230756988621}, "-51": {"optimal_thrust": 3335.0845610864517, "impact_speed": 8.548698573277541, "time": 70.84176305768976}, "-50": {"optimal_thrust": 3334.9845640591775, "impact_speed": 8.629269873427068, "time": 70.88213491622646}, "-49": {"optimal_thrust": 3334.87189519693, "impact_speed": 8.717049972939982, "time": 70.92337902764861}, "-48": {"optimal_thrust": 3334.747737637077, "impact_speed": 8.808587892438123, "time": 70.9654936465379}, "-47": {"optimal_thrust": 3334.6113665091307, "impact_speed": 8.90390609776565, "time": 71.00847087592074}, "-46": {"optimal_thrust": 3334.4630373109667, "impact_speed": 9.012759344956214, "time": 71.05229631234249}, "-45": {"optimal_thrust": 3334.303275609756, "impact_speed": 9.201293184477475, "time": 71.09694062178085}, "-44": {"optimal_thrust": 3334.132403239096, "impact_speed": 9.403061953644103, "time": 71.14239734145376}, "-43": {"optimal_thrust": 3333.9508054941884, "impact_speed": 9.612175115490887, "time": 71.18865750766275}, "-42": {"optimal_thrust": 3333.757662215849, "impact_speed": 9.829891382398399, "time": 71.23570853027785}, "-41": {"optimal_thrust": 3333.5543772231867, "impact_speed": 10.052983958514618, "time": 71.28353760145504}, "-40": {"optimal_thrust": 3333.3412301016724, "impact_speed": 9.82982108216136, "time": 71.33213166308035}, "-39": {"optimal_thrust": 3333.117642500377, "impact_speed": 9.496858820124917, "time": 71.3814774114396}, "-38": {"optimal_thrust": 3332.9405681512844, "impact_speed": 9.32392060833852, "time": 71.43156190624498}, "-37": {"optimal_thrust": 3332.8558245914337, "impact_speed": 9.453990206537387, "time": 71.48237186206289}, "-36": {"optimal_thrust": 3332.767028964079, "impact_speed": 9.579125905268274, "time": 71.53389228313205}, "-35": {"optimal_thrust": 3332.629665196382, "impact_speed": 9.560648548382789, "time": 71.58610848135417}, "-34": {"optimal_thrust": 3332.5060247790843, "impact_speed": 9.600700326567962, "time": 71.63900665720385}, "-33": {"optimal_thrust": 3332.381465467651, "impact_speed": 9.648161640435042, "time": 71.69257198621321}, "-32": {"optimal_thrust": 3332.2264134298534, "impact_speed": 9.612891280477168, "time": 71.74678926617935}, "-31": {"optimal_thrust": 3332.126223537226, "impact_speed": 9.749660909025655, "time": 71.8016442833548}, "-30": {"optimal_thrust": 3332.0246863416833, "impact_speed": 9.888797139686403, "time": 71.85712112604028}, "-29": {"optimal_thrust": 3331.9218005961816, "impact_speed": 10.029827828597, "time": 71.91320426087393}, "-28": {"optimal_thrust": 3331.8181917358784, "impact_speed": 10.17400220406912, "time": 71.9698779543315}, "-27": {"optimal_thrust": 3331.7130664863325, "impact_speed": 10.318687613531088, "time": 72.02712697846312}, "-26": {"optimal_thrust": 3331.6068200540594, "impact_speed": 10.464556139651569, "time": 72.0849372794206}, "-25": {"optimal_thrust": 3331.4997855863407, "impact_speed": 10.612041645770102, "time": 72.14328964868962}, "-24": {"optimal_thrust": 3331.39189753606, "impact_speed": 10.760553601632145, "time": 72.20216740721224}, "-23": {"optimal_thrust": 3331.282658365381, "impact_speed": 10.90855793013268, "time": 72.26155369387887}, "-22": {"optimal_thrust": 3331.17243466676, "impact_speed": 11.056639984637116, "time": 72.32143148324353}, "-21": {"optimal_thrust": 3331.061478305174, "impact_speed": 11.205050026224392, "time": 72.38178357847175}, "-20": {"optimal_thrust": 3330.9496233177333, "impact_speed": 11.353122627963032, "time": 72.44259261102978}, "-19": {"optimal_thrust": 3330.8366454339007, "impact_speed": 11.50056043119695, "time": 72.50384104723302}, "-18": {"optimal_thrust": 3330.7234824043144, "impact_speed": 11.647763124963786, "time": 72.56551120399396}, "-17": {"optimal_thrust": 3330.6088494497258, "impact_speed": 11.793291778582352,