{"-90": {"optimal_thrust": 4017.119528795397, "impact_speed": 62.866241869467, "time": 45.02560730146439}, "-89": {"optimal_thrust": 4050.577104727282, "impact_speed": 57.153756774439984, "time": 45.0268500759168}, "-88": {"optimal_thrust": 4043.2282606084036, "impact_speed": 58.4193931601675, "time": 45.03524047924636}, "-87": {"optimal_thrust": 4089.3241116781155, "impact_speed": 49.05984536420027, "time": 45.05645086478676}, "-86": {"optimal_thrust": 4130.552893334503, "impact_speed": 38.9931229073506, "time": 45.07427722142744}, "-85": {"optimal_thrust": 4188.249441140473, "impact_speed": 17.219298319889752, "time": 45.10392977150537}, "-84": {"optimal_thrust": 4184.898121083889, "impact_speed": 19.22325252611147, "time": 45.14210852422569}, "-83": {"optimal_thrust": 4121.5780549788615, "impact_speed": 41.5589964535216, "time": 45.17941238862913}, "-82": {"optimal_thrust": 4015.7925279211167, "impact_speed": 63.22231543594308, "time": 45.22510402876992}, "-81": {"optimal_thrust": 4033.757106784866, "impact_speed": 60.09651934685364, "time": 45.27847419807244}, "-80": {"optimal_thrust": 4034.6075559909614, "impact_speed": 59.94336208445339, "time": 45.3384399105398}, "-79": {"optimal_thrust": 4034.970069297397, "impact_speed": 59.853353089723335, "time": 45.40497687881512}, "-78": {"optimal_thrust": 4029.398764591354, "impact_speed": 60.79951726946755, "time": 45.477385022463}, "-77": {"optimal_thrust": 4023.7077736783785, "impact_speed": 61.73495395291889, "time": 45.55598483835713}, "-76": {"optimal_thrust": 4018.6955178721196, "impact_speed": 62.52783743363694, "time": 45.63959543079699}, "-75": {"optimal_thrust": 4014.8171693795543, "impact_speed": 63.111374861918065, "time": 45.72445929141219}, "-74": {"optimal_thrust": 4011.6757449890897, "impact_speed": 63.56288945473101, "time": 45.81152496559285}, "-73": {"optimal_thrust": 4008.593098739996, "impact_speed": 64.00151719399445, "time": 45.92885200636853}, "-72": {"optimal_thrust": 4005.061093202396, "impact_speed": 64.51283366372108, "time": 46.04521714426839}, "-71": {"optimal_thrust": 3979.4608911775404, "impact_speed": 68.50725902384798, "time": 46.1653044583239}, "-70": {"optimal_thrust": 3978.8607738912356, "impact_speed": 68.53353539332515, "time": 46.2909324365138}, "-69": {"optimal_thrust": 3977.41333297936, "impact_speed": 68.69555013432823, "time": 46.42274536115779}, "-68": {"optimal_thrust": 3975.1433443574247, "impact_speed": 68.98683242034318, "time": 46.561078545232604}, "-67": {"optimal_thrust": 3972.080069613809, "impact_speed": 69.39944418118642, "time": 46.70606027307042}, "-66": {"optimal_thrust": 3968.25211969438, "impact_speed": 69.9249955949099, "time": 46.85773325295611}, "-65": {"optimal_thrust": 3963.689494781199, "impact_speed": 70.55451513454416, "time": 47.016313318211424}, "-64": {"optimal_thrust": 3958.4207015946076, "impact_speed": 71.27905655263508, "time": 47.18200183393079}, "-63": {"optimal_thrust": 3952.4732491794653, "impact_speed": 72.0897545400267, "time": 47.3547233685634}, "-62": {"optimal_thrust": 3945.873545317769, "impact_speed": 72.97794903189533, "time": 47.53469131848555}, "-61": {"optimal_thrust": 3938.6478297527096, "impact_speed": 73.93513116412605, "time": 47.72269277657019}, "-60": {"optimal_thrust": 3930.8206531839965, "impact_speed": 74.95323869425239, "time": 47.913403745316906}, "-59": {"optimal_thrust": 3922.4161278008255, "impact_speed": 76.02451433022723, "time": 48.11214281254249}, "-58": {"optimal_thrust": 3913.4592704294582, "impact_speed": 77.14134225672149, "time": 48.318966024075436}, "-57": {"optimal_thrust": 3903.9733363319024, "impact_speed": 78.29666090522758, "time": 48.53324541929498}, "-56": {"optimal_thrust": 3893.981437640536, "impact_speed": 79.48373008862276, "time": 48.754869405875645}, "-55": {"optimal_thrust": 3883.507808423004, "impact_speed": 80.69594620810521, "time": 48.98379179059738}, "-54": {"optimal_thrust": 3872.5756079151574, "impact_speed": 81.92715295220309, "time": 49.219994211545114}, "-53": {"optimal_thrust": 3861.2086064559676, "impact_speed": 83.17137873659175, "time": 49.46356647850959}, "-52": {"optimal_thrust": 3849.430304788213, "impact_speed": 84.4229439700733, "time": 49.7145831948334}, "-51": {"optimal_thrust": 3838.4722574294806, "impact_speed": 85.48446614529419, "time": 49.973128998854996}, "-50": {"optimal_thrust": 3828.4611080476716, "impact_speed": 86.29191319778931, "time": 50.23925368384887}, "-49": {"optimal_thrust": 3817.2229244511605, "impact_speed": 87.1637555162444, "time": 50.51299469996881}, "-48": {"optimal_thrust": 3804.7749064779073, "impact_speed": 88.08559579164111, "time": 50.79439999865015}, "-47": {"optimal_thrust": 3791.1365711492076, "impact_speed": 89.03912217758999, "time": 51.08351890604598}, "-46": {"optimal_thrust": 3776.327805570633, "impact_speed": 90.05288765247545, "time": 51.380403161483}, "-45": {"optimal_thrust": 3760.3688867996484, "impact_speed": 91.99333072901287, "time": 51.68510821893197}, "-44": {"optimal_thrust": 3743.281873994427, "impact_speed": 94.0187025777178, "time": 51.99769519369005}, "-43": {"optimal_thrust": 3725.088901196439, "impact_speed": 96.11991685171442, "time": 52.31823380656035}, "-42": {"optimal_thrust": 3705.813955636556, "impact_speed": 98.29006984764821, "time": 52.64680570204456}, "-41": {"optimal_thrust": 3685.482672058179, "impact_speed": 100.52247843914594, "time": 52.98350007917732}, "-40": {"optimal_thrust": 3664.1202019720563, "impact_speed": 102.81099755212311, "time": 53.328356601493795}, "-39": {"optimal_thrust": 3641.7543552214297, "impact_speed": 105.14948637922083, "time": 53.68113729881569}, "-38": {"optimal_thrust": 3622.532937571145, "impact_speed": 106.99151823379675, "time": 54.04128514026671}, "-37": {"optimal_thrust": 3613.8908080888223, "impact_speed": 107.36302077595771, "time": 54.408924775494754}, "-36": {"optimal_thrust": 3603.619729954092, "impact_speed": 107.8820113167517, "time": 54.784640883328024}, "-35": {"optimal_thrust": 3592.9860816063456, "impact_speed": 108.39546433801374, "time": 55.16874731864722}, "-34": {"optimal_thrust": 3577.9832014197855, "impact_speed": 109.58526879541334, "time": 55.561269557222}, "-33": {"optimal_thrust": 3567.0549585285194, "impact_speed": 110.0780401430152, "time": 55.9622493851733}, "-32": {"optimal_thrust": 3555.118420934021, "impact_speed": 110.70534415849853, "time": 56.37164506586534}, "-31": {"optimal_thrust": 3543.299815172986, "impact_speed": 111.28149188093123, "time": 56.789457839719255}, "-30": {"optimal_thrust": 3531.5956338379574, "impact_speed": 111.80716029933775, "time": 57.21568600137487}, "-29": {"optimal_thrust": 3520.0138704329142, "impact_speed": 112.28118436129199, "time": 57.650329286339655}, "-28": {"optimal_thrust": 3508.5704469056373, "impact_speed": 112.7010807467362, "time": 58.09338602435773}, "-27": {"optimal_thrust": 3493.9002769726662, "impact_speed": 113.97845306682514, "time": 58.54482463384699}, "-26": {"optimal_thrust": 3483.038233059892, "impact_speed": 114.31881993151863, "time": 59.00469167787676}, "-25": {"optimal_thrust": 3472.4870206323944, "impact_speed": 114.56806723456396, "time": 59.47296405610583}, "-24": {"optimal_thrust": 3462.2627643042865, "impact_speed": 114.71154915216123, "time": 59.949629445351476}, "-23": {"optimal_thrust": 3452.3651400281565, "impact_speed": 114.73550398828974, "time": 60.43466040669082}, "-22": {"optimal_thrust": 3442.783148411, "impact_speed": 114.62718070462186, "time": 60.92804205117473}, "-21": {"optimal_thrust": 3433.5041904922405, "impact_speed": 114.37378178906047, "time": 61.42975211752602}, "-20": {"optimal_thrust": 3424.521803036857, "impact_speed": 113.96054361783456, "time": 61.93975652642883}, "-19": {"optimal_thrust": 3415.8354804830747, "impact_speed": 113.37210678414503, "time": 62.458005316142334}, "-18": {"optimal_thrust": 3407.45410743689, "impact_speed": 112.59018081116183, "time": 62.98444305345546}, "-17": {"optimal_thrust": 3399.394188424904,