{"-90": {"optimal_thrust": 4031.025589610736, "impact_speed": 62.59603998368564, "time": 44.87904819729118}, "-89": {"optimal_thrust": 4060.9078415912863, "impact_speed": 57.56199490374171, "time": 44.88038867035831}, "-88": {"optimal_thrust": 4053.45329507925, "impact_speed": 58.83673433841683, "time": 44.888850487650316}, "-87": {"optimal_thrust": 4100.210729713763, "impact_speed": 49.41018915078822, "time": 44.90999225026482}, "-86": {"optimal_thrust": 4142.029905973347, "impact_speed": 39.27172737875025, "time": 44.927930474241975}, "-85": {"optimal_thrust": 4200.553739752906, "impact_speed": 17.342415087810572, "time": 44.95766728403461}, "-84": {"optimal_thrust": 4197.154630381026, "impact_speed": 19.36052719007013, "time": 44.99593666761275}, "-83": {"optimal_thrust": 4132.926640226219, "impact_speed": 41.85586166295614, "time": 45.03331462323034}, "-82": {"optimal_thrust": 4025.6248513248397, "impact_speed": 63.67385319262325, "time": 45.07911755744929}, "-81": {"optimal_thrust": 4043.8467979592665, "impact_speed": 60.52576028150277, "time": 45.132618312466526}, "-80": {"optimal_thrust": 4044.7090247228916, "impact_speed": 60.37158267414886, "time": 45.19273196017356}, "-79": {"optimal_thrust": 4045.077230150526, "impact_speed": 60.28084293413235, "time": 45.259649386102204}, "-78": {"optimal_thrust": 4039.4257666044196, "impact_speed": 61.23381569949477, "time": 45.33199914486142}, "-77": {"optimal_thrust": 4033.6531848796744, "impact_speed": 62.17593391072952, "time": 45.41076676615081}, "-76": {"optimal_thrust": 4028.569347022986, "impact_speed": 62.974433716406104, "time": 45.494386537275446}, "-75": {"optimal_thrust": 4024.634983659122, "impact_speed": 63.56220855602118, "time": 45.57886530742718}, "-74": {"optimal_thrust": 4021.448852764, "impact_speed": 64.01689293667748, "time": 45.66839358255383}, "-73": {"optimal_thrust": 4018.3219375449485, "impact_speed": 64.4586660337179, "time": 45.78524340278234}, "-72": {"optimal_thrust": 4014.7395335777674, "impact_speed": 64.97359558990264, "time": 45.90155984899219}, "-71": {"optimal_thrust": 3988.7720773551628, "impact_speed": 68.99659080334933, "time": 46.021822715275874}, "-70": {"optimal_thrust": 3988.163067251767, "impact_speed": 69.0230994821186, "time": 46.14772465333186}, "-69": {"optimal_thrust": 3986.694986418135, "impact_speed": 69.1862542363986, "time": 46.27986948885307}, "-68": {"optimal_thrust": 3984.392626968142, "impact_speed": 69.47959030339081, "time": 46.41857051564931}, "-67": {"optimal_thrust": 3981.2849628406766, "impact_speed": 69.89522202340676, "time": 46.56394600102721}, "-66": {"optimal_thrust": 3977.40277921638, "impact_speed": 70.42442787347596, "time": 46.71603547025065}, "-65": {"optimal_thrust": 3972.7748537123553, "impact_speed": 71.05842695966933, "time": 46.87509243083429}, "-64": {"optimal_thrust": 3967.4302060360574, "impact_speed": 71.78819210394488, "time": 47.04127124139944}, "-63": {"optimal_thrust": 3961.397689094342, "impact_speed": 72.60465028223906, "time": 47.21450698848424}, "-62": {"optimal_thrust": 3954.7032720607967, "impact_speed": 73.49920345443732, "time": 47.39506210717282}, "-61": {"optimal_thrust": 3947.3740717882565, "impact_speed": 74.46320663483621, "time": 47.58358026283078}, "-60": {"optimal_thrust": 3939.434321959452, "impact_speed": 75.48863920626054, "time": 47.77460896659118}, "-59": {"optimal_thrust": 3930.90962726844, "impact_speed": 76.56751925126343, "time": 47.974094170613775}, "-58": {"optimal_thrust": 3921.8243900916573, "impact_speed": 77.69231997751005, "time": 48.18159953940328}, "-57": {"optimal_thrust": 3912.2020405487137, "impact_speed": 78.85595163126013, "time": 48.39657533726257}, "-56": {"optimal_thrust": 3902.067203658758, "impact_speed": 80.05145454102589, "time": 48.618919397392986}, "-55": {"optimal_thrust": 3891.4432090327327, "impact_speed": 81.27235944089998, "time": 48.84858561427133}, "-54": {"optimal_thrust": 3880.354560220859, "impact_speed": 82.51231923533652, "time": 49.08557191026295}, "-53": {"optimal_thrust": 3868.8244654376526, "impact_speed": 83.76545085910412, "time": 49.32996530361431}, "-52": {"optimal_thrust": 3856.8773785559833, "impact_speed": 85.0259441287689, "time": 49.581847741325234}, "-51": {"optimal_thrust": 3845.7620529845767, "impact_speed": 86.09507516658277, "time": 49.84129889860393}, "-50": {"optimal_thrust": 3835.6074513091544, "impact_speed": 86.90827738866146, "time": 50.108369662553905}, "-49": {"optimal_thrust": 3824.2079586408595, "impact_speed": 87.78638434507548, "time": 50.38309874438347}, "-48": {"optimal_thrust": 3811.5818946581267, "impact_speed": 88.71470761624435, "time": 50.66553561921927}, "-47": {"optimal_thrust": 3797.7480977528917, "impact_speed": 89.67495460831817, "time": 50.95573128557202}, "-46": {"optimal_thrust": 3782.726866908056, "impact_speed": 90.69484231684513, "time": 51.2537393313853}, "-45": {"optimal_thrust": 3766.53891688745, "impact_speed": 92.65045200520153, "time": 51.55961728334513}, "-44": {"optimal_thrust": 3749.206946801461, "impact_speed": 94.69027612343702, "time": 51.873428660418135}, "-43": {"optimal_thrust": 3730.753088038088, "impact_speed": 96.80650911966354, "time": 52.19524606053567}, "-42": {"optimal_thrust": 3711.2020909230546, "impact_speed": 98.9921067265853, "time": 52.52515441868289}, "-41": {"optimal_thrust": 3690.579161921256, "impact_speed": 101.24049140752105, "time": 52.86324462644507}, "-40": {"optimal_thrust": 3668.910782546381, "impact_speed": 103.54530446473393, "time": 53.20954487427678}, "-39": {"optimal_thrust": 3646.224054073889, "impact_speed": 105.90053232639458, "time": 53.56377061948163}, "-38": {"optimal_thrust": 3626.726848864567, "impact_speed": 107.75575075204472, "time": 53.92536880682256}, "-37": {"optimal_thrust": 3617.96115390121, "impact_speed": 108.12985981186743, "time": 54.2945738374963}, "-36": {"optimal_thrust": 3609.006909813772, "impact_speed": 108.43191822767811, "time": 54.67197702965241}, "-35": {"optimal_thrust": 3596.7565276954683, "impact_speed": 109.16970361706264, "time": 55.0578296047874}, "-34": {"optimal_thrust": 3581.538368158315, "impact_speed": 110.36803819361238, "time": 55.45217107393112}, "-33": {"optimal_thrust": 3570.453623723619, "impact_speed": 110.86429892744393, "time": 55.85503480235972}, "-32": {"optimal_thrust": 3558.3456714647727, "impact_speed": 111.4961381597636, "time": 56.26638071745707}, "-31": {"optimal_thrust": 3546.3579046987047, "impact_speed": 112.07634557397546, "time": 56.68621232554568}, "-30": {"optimal_thrust": 3534.485895831237, "impact_speed": 112.60577388301624, "time": 57.11452995206395}, "-29": {"optimal_thrust": 3522.7378385073034, "impact_speed": 113.08324642610924, "time": 57.551335187184506}, "-28": {"optimal_thrust": 3511.130619186815, "impact_speed": 113.50607282530659, "time": 57.99662757897809}, "-27": {"optimal_thrust": 3496.250415489509, "impact_speed": 114.79249605019155, "time": 58.45037718165213}, "-26": {"optimal_thrust": 3485.2323744923438, "impact_speed": 115.13536207919604, "time": 58.91263434795309}, "-25": {"optimal_thrust": 3474.5293924832504, "impact_speed": 115.38654760006476, "time": 59.383376936676115}, "-24": {"optimal_thrust": 3464.1587344529103, "impact_speed": 115.53100768521917, "time": 59.8625909022523}, "-23": {"optimal_thrust": 3454.1191244919964, "impact_speed": 115.55518568384387, "time": 60.350252689252315}, "-22": {"optimal_thrust": 3444.3999416260745, "impact_speed": 115.44602252283119, "time": 60.84634948791072}, "-21": {"optimal_thrust": 3434.988079201665, "impact_speed": 115.19075201993164, "time": 61.350859450185716}, "-20": {"optimal_thrust": 3425.876818168619, "impact_speed": 114.77464122895152, "time": 61.863748311150424}, "-19": {"optimal_thrust": 3417.0659033594206, "impact_speed": 114.18208841286129, "time": 62.384965440013616}, "-18": {"optimal_thrust": 3408.56454520286, "impact_speed": 113.39439798605437, "time": 62.914459074250026}, "-17": {"optimal_thrust": 3400.3889270116833,