{"-90": {"optimal_thrust": 4050.314481896267, "impact_speed": 61.474549210544524, "time": 44.73321413165357}, "-89": {"optimal_thrust": 4071.312215414376, "impact_speed": 57.97021293915257, "time": 44.73462178213598}, "-88": {"optimal_thrust": 4063.7515401431615, "impact_speed": 59.25399736699933, "time": 44.74315109835077}, "-87": {"optimal_thrust": 4111.174074876418, "impact_speed": 49.76069536126057, "time": 44.76417179168722}, "-86": {"optimal_thrust": 4153.589019403639, "impact_speed": 39.55021922172591, "time": 44.78227649490727}, "-85": {"optimal_thrust": 4212.94579034315, "impact_speed": 17.465421522075975, "time": 44.81209542142305}, "-84": {"optimal_thrust": 4209.498339105398, "impact_speed": 19.49782168432372, "time": 44.85045347664692}, "-83": {"optimal_thrust": 4144.356377612892, "impact_speed": 42.15263011618253, "time": 44.88790541574152}, "-82": {"optimal_thrust": 4035.5268238436515, "impact_speed": 64.12544684064419, "time": 44.93381685030579}, "-81": {"optimal_thrust": 4054.007799185743, "impact_speed": 60.955089798972196, "time": 44.98744555746534}, "-80": {"optimal_thrust": 4054.88287383879, "impact_speed": 60.79971765674399, "time": 45.04770414908923}, "-79": {"optimal_thrust": 4055.255940908205, "impact_speed": 60.70840130746917, "time": 45.11512541729599}, "-78": {"optimal_thrust": 4049.5241545577937, "impact_speed": 61.668110657217355, "time": 45.18729442883883}, "-77": {"optimal_thrust": 4043.6696330666578, "impact_speed": 62.61687096172416, "time": 45.26621466258369}, "-76": {"optimal_thrust": 4038.51302133596, "impact_speed": 63.42110263404905, "time": 45.34982436656587}, "-75": {"optimal_thrust": 4034.523004723406, "impact_speed": 64.01298728988199, "time": 45.433885112997544}, "-74": {"optimal_thrust": 4031.291654160387, "impact_speed": 64.47087441038438, "time": 45.52583215646988}, "-73": {"optimal_thrust": 4028.1201082542516, "impact_speed": 64.91580056111607, "time": 45.642238769035494}, "-72": {"optimal_thrust": 4024.486399574641, "impact_speed": 65.43443275782286, "time": 45.75853216888978}, "-71": {"optimal_thrust": 3998.1492738273964, "impact_speed": 69.485962620491, "time": 45.878974944490494}, "-70": {"optimal_thrust": 3997.5320802027827, "impact_speed": 69.51258492109991, "time": 46.00515009559869}, "-69": {"optimal_thrust": 3996.0428919818437, "impact_speed": 69.6769289424467, "time": 46.13762299207191}, "-68": {"optimal_thrust": 3993.7076482043467, "impact_speed": 69.97236241908448, "time": 46.276686324206516}, "-67": {"optimal_thrust": 3990.556183308658, "impact_speed": 70.39087516806349, "time": 46.422449183342756}, "-66": {"optimal_thrust": 3986.618226206228, "impact_speed": 70.92391246039902, "time": 46.57495087376683}, "-65": {"optimal_thrust": 3981.924607717499, "impact_speed": 71.56237996998152, "time": 46.73447734674523}, "-64": {"optimal_thrust": 3976.5041056318937, "impact_speed": 72.29728689619382, "time": 46.901137842334954}, "-63": {"optimal_thrust": 3970.385255541014, "impact_speed": 73.11960497781496, "time": 47.07488101188374}, "-62": {"optimal_thrust": 3963.5957334755226, "impact_speed": 74.02047437976867, "time": 47.25602303440018}, "-61": {"optimal_thrust": 3956.162218134171, "impact_speed": 74.99131241947407, "time": 47.44495899810488}, "-60": {"optimal_thrust": 3948.1092602817603, "impact_speed": 76.0240450907967, "time": 47.6364000028806}, "-59": {"optimal_thrust": 3939.463613006629, "impact_speed": 77.11051937823409, "time": 47.836607947978656}, "-58": {"optimal_thrust": 3930.248557645116, "impact_speed": 78.24336876232722, "time": 48.04478258157161}, "-57": {"optimal_thrust": 3920.489522906897, "impact_speed": 79.41521180869674, "time": 48.26044393324169}, "-56": {"optimal_thrust": 3910.210452139921, "impact_speed": 80.6191888052462, "time": 48.48349852103924}, "-55": {"optimal_thrust": 3899.435261952068, "impact_speed": 81.84874773598847, "time": 48.71389865336105}, "-54": {"optimal_thrust": 3888.18869895401, "impact_speed": 83.09751173472011, "time": 48.95165889388789}, "-53": {"optimal_thrust": 3876.4946317445006, "impact_speed": 84.35950813586835, "time": 49.19686399016185}, "-52": {"optimal_thrust": 3864.377147698866, "impact_speed": 85.62899036109802, "time": 49.4496016888136}, "-51": {"optimal_thrust": 3853.103858332468, "impact_speed": 86.70566472709581, "time": 49.7099474510229}, "-50": {"optimal_thrust": 3842.8047064022835, "impact_speed": 87.52463339578873, "time": 49.977953326333534}, "-49": {"optimal_thrust": 3831.2430238362, "impact_speed": 88.40894983821573, "time": 50.2536593172843}, "-48": {"optimal_thrust": 3818.436840738047, "impact_speed": 89.34394980710692, "time": 50.53711643612571}, "-47": {"optimal_thrust": 3804.4061877979793, "impact_speed": 90.31102499379914, "time": 50.82837738049994}, "-46": {"optimal_thrust": 3789.171341449437, "impact_speed": 91.3377373794257, "time": 51.12749760299858}, "-45": {"optimal_thrust": 3772.752875032394, "impact_speed": 93.30756680681638, "time": 51.43453672197607}, "-44": {"optimal_thrust": 3755.1740911957822, "impact_speed": 95.36187791651523, "time": 51.74956068935483}, "-43": {"optimal_thrust": 3736.457686077466, "impact_speed": 97.4930802235855, "time": 52.072645018653844}, "-42": {"optimal_thrust": 3716.6282851243964, "impact_speed": 99.6941970335431, "time": 52.40387791795033}, "-41": {"optimal_thrust": 3695.7116614627575, "impact_speed": 101.95854710255742, "time": 52.74335154287182}, "-40": {"optimal_thrust": 3673.735127992001, "impact_speed": 104.2796604948478, "time": 53.09108034753382}, "-39": {"optimal_thrust": 3650.7256757891446, "impact_speed": 106.65156346988923, "time": 53.44673183593494}, "-38": {"optimal_thrust": 3630.950634316358, "impact_speed": 108.51998003133328, "time": 53.80977104718556}, "-37": {"optimal_thrust": 3622.059903816936, "impact_speed": 108.89677923695663, "time": 54.18053714622613}, "-36": {"optimal_thrust": 3612.978576064588, "impact_speed": 109.2009252893037, "time": 54.559608882231245}, "-35": {"optimal_thrust": 3600.5537163218846, "impact_speed": 109.94395843025626, "time": 54.94720331938251}, "-34": {"optimal_thrust": 3585.1189908122906, "impact_speed": 111.15078173377537, "time": 55.34335081582329}, "-33": {"optimal_thrust": 3573.8764589929815, "impact_speed": 111.65056136398921, "time": 55.74808532157509}, "-32": {"optimal_thrust": 3561.5962725697455, "impact_speed": 112.28685797592297, "time": 56.161368524440874}, "-31": {"optimal_thrust": 3549.4374775609826, "impact_speed": 112.87125872034352, "time": 56.58320618606361}, "-30": {"optimal_thrust": 3537.396624636363, "impact_speed": 113.40441150978018, "time": 57.01360066639179}, "-29": {"optimal_thrust": 3525.4816387953338, "impact_speed": 113.88519562795935, "time": 57.45255540010359}, "-28": {"optimal_thrust": 3513.708638639088, "impact_speed": 114.31117044979126, "time": 57.90007102954901}, "-27": {"optimal_thrust": 3498.6167319398032, "impact_speed": 115.60668052643366, "time": 58.35611973262922}, "-26": {"optimal_thrust": 3487.441674875087, "impact_speed": 115.9520343198518, "time": 58.82075531525839}, "-25": {"optimal_thrust": 3476.5871121166597, "impact_speed": 116.20476829402658, "time": 59.29395652791752}, "-24": {"optimal_thrust": 3466.068776285715, "impact_speed": 116.35025507966179, "time": 59.77570725067737}, "-23": {"optimal_thrust": 3455.8861541244914, "impact_speed": 116.374627364035, "time": 60.26598891483862}, "-22": {"optimal_thrust": 3446.0285034706753, "impact_speed": 116.26473089912659, "time": 60.76479009526284}, "-21": {"optimal_thrust": 3436.4828388848073, "impact_speed": 116.007529287441, "time": 61.272089272598905}, "-20": {"optimal_thrust": 3427.2414896785544, "impact_speed": 115.58872866932182, "time": 61.78785199364426}, "-19": {"optimal_thrust": 3418.305281497041, "impact_speed": 114.9918687329279, "time": 62.312026042833324}, "-18": {"optimal_thrust": 3409.6829159426115, "impact_speed": 114.1985755373898, "time": 62.84456769372063}, "-17": {"optimal_thrust": 3401.390955721294,