{"-90": {"optimal_thrust": 4067.088549499694, "impact_speed": 60.77914085027144, "time": 44.58807041123786}, "-89": {"optimal_thrust": 4081.789799300749, "impact_speed": 58.37848982132118, "time": 44.58954628485614}, "-88": {"optimal_thrust": 4074.12259178201, "impact_speed": 59.67125565160807, "time": 44.59813951728764}, "-87": {"optimal_thrust": 4122.215406878847, "impact_speed": 50.11109340968106, "time": 44.618999164574824}, "-86": {"optimal_thrust": 4165.229560950054, "impact_speed": 39.828781645879374, "time": 44.63731215202436}, "-85": {"optimal_thrust": 4225.425396864185, "impact_speed": 17.588440415882065, "time": 44.66721108960756}, "-84": {"optimal_thrust": 4221.929325477766, "impact_speed": 19.635092748180764, "time": 44.7056559378818}, "-83": {"optimal_thrust": 4155.86675337253, "impact_speed": 42.44943384349072, "time": 44.7431816939062}, "-82": {"optimal_thrust": 4045.498521604582, "impact_speed": 64.57708255519948, "time": 44.78919886618647}, "-81": {"optimal_thrust": 4064.2412133848366, "impact_speed": 61.38431335256778, "time": 44.84295292048803}, "-80": {"optimal_thrust": 4065.1285027510116, "impact_speed": 61.227873890554555, "time": 44.90335348977706}, "-79": {"optimal_thrust": 4065.506868307236, "impact_speed": 61.13590999846895, "time": 44.971471066144}, "-78": {"optimal_thrust": 4059.694048610262, "impact_speed": 62.10238153285865, "time": 45.043256488040555}, "-77": {"optimal_thrust": 4053.7566367885584, "impact_speed": 63.057847472127264, "time": 45.122324857793615}, "-76": {"optimal_thrust": 4048.5272514044696, "impact_speed": 63.867724159943194, "time": 45.205905955423916}, "-75": {"optimal_thrust": 4044.480630785266, "impact_speed": 64.46381152647135, "time": 45.262430010678315}, "-74": {"optimal_thrust": 4041.20374324775, "impact_speed": 64.9249008372135, "time": 45.38384355369069}, "-73": {"optimal_thrust": 4037.987414820888, "impact_speed": 65.37295299574673, "time": 45.49983882941047}, "-72": {"optimal_thrust": 4034.3024770996476, "impact_speed": 65.89521648319122, "time": 45.61613284911405}, "-71": {"optimal_thrust": 4007.5931903162846, "impact_speed": 69.97526583832408, "time": 45.7367592474567}, "-70": {"optimal_thrust": 4006.9672243478944, "impact_speed": 70.00208296060393, "time": 45.863206504066554}, "-69": {"optimal_thrust": 4005.4569287406293, "impact_speed": 70.16759330044142, "time": 45.996003456977235}, "-68": {"optimal_thrust": 4003.0888758553288, "impact_speed": 70.46507723016323, "time": 46.13542352442338}, "-67": {"optimal_thrust": 3999.8922666950657, "impact_speed": 70.88662868722851, "time": 46.28156739436453}, "-66": {"optimal_thrust": 3995.8990493130277, "impact_speed": 71.42335918129974, "time": 46.43447798881277}, "-65": {"optimal_thrust": 3991.1387863018404, "impact_speed": 72.0663688597836, "time": 46.59446553656612}, "-64": {"optimal_thrust": 3985.641599177624, "impact_speed": 72.80646164721081, "time": 46.761599300706045}, "-63": {"optimal_thrust": 3979.436778987986, "impact_speed": 73.63449401965705, "time": 46.93584340742952}, "-62": {"optimal_thrust": 3972.5512463769965, "impact_speed": 74.54171474941154, "time": 47.11757272115121}, "-61": {"optimal_thrust": 3965.012072352387, "impact_speed": 75.51947662484048, "time": 47.306825951673886}, "-60": {"optimal_thrust": 3956.8460562207792, "impact_speed": 76.55937082341927, "time": 47.498772443976215}, "-59": {"optimal_thrust": 3948.077673674867, "impact_speed": 77.65357415456681, "time": 47.699681433577574}, "-58": {"optimal_thrust": 3938.732455563698, "impact_speed": 78.79438920864362, "time": 47.90851317428095}, "-57": {"optimal_thrust": 3928.835661756074, "impact_speed": 79.97445946406513, "time": 48.12484942854343}, "-56": {"optimal_thrust": 3918.411209035805, "impact_speed": 81.18692897211155, "time": 48.348604878888864}, "-55": {"optimal_thrust": 3907.483796613033, "impact_speed": 82.42513599590313, "time": 48.57972920710031}, "-54": {"optimal_thrust": 3896.0781715850876, "impact_speed": 83.6827087042661, "time": 48.8182535301863}, "-53": {"optimal_thrust": 3884.2188370867675, "impact_speed": 84.95358985100161, "time": 49.064260970858626}, "-52": {"optimal_thrust": 3871.9302709130266, "impact_speed": 86.23198439022697, "time": 49.317843497557966}, "-51": {"optimal_thrust": 3860.4974554800515, "impact_speed": 87.31626883322537, "time": 49.579073179669024}, "-50": {"optimal_thrust": 3850.052800098958, "impact_speed": 88.14099381291814, "time": 49.84800326899698}, "-49": {"optimal_thrust": 3838.327584292158, "impact_speed": 89.03155977361553, "time": 50.124675080401786}, "-48": {"optimal_thrust": 3825.3407182753213, "impact_speed": 89.97306362161834, "time": 50.409141187952784}, "-47": {"optimal_thrust": 3811.1115483564563, "impact_speed": 90.94699152633649, "time": 50.70145599612874}, "-46": {"optimal_thrust": 3795.6610871028256, "impact_speed": 91.98258929021686, "time": 51.00167684299085}, "-45": {"optimal_thrust": 3779.0110983663712, "impact_speed": 93.96451633549447, "time": 51.30986546623398}, "-44": {"optimal_thrust": 3761.183326327319, "impact_speed": 96.03350196250882, "time": 51.626090268310605}, "-43": {"optimal_thrust": 3742.202589224762, "impact_speed": 98.17965350024241, "time": 51.95042971892355}, "-42": {"optimal_thrust": 3722.093051739796, "impact_speed": 100.39624639539542, "time": 52.2829752727398}, "-41": {"optimal_thrust": 3700.8810011511787, "impact_speed": 102.67651140235, "time": 52.62381985550748}, "-40": {"optimal_thrust": 3678.593183415616, "impact_speed": 105.01407261553544, "time": 52.9729618083255}, "-39": {"optimal_thrust": 3655.2585010393964, "impact_speed": 107.40267719070259, "time": 53.330020348188576}, "-38": {"optimal_thrust": 3635.204611325207, "impact_speed": 109.28416472641636, "time": 53.69449254617989}, "-37": {"optimal_thrust": 3626.1880710416663, "impact_speed": 109.66363504308462, "time": 54.066814597783505}, "-36": {"optimal_thrust": 3616.9779290491674, "impact_speed": 109.96999148495254, "time": 54.44754425949637}, "-35": {"optimal_thrust": 3604.378078792889, "impact_speed": 110.71815765419811, "time": 54.836867754800146}, "-34": {"optimal_thrust": 3588.7246254759348, "impact_speed": 111.93357447481988, "time": 55.23480812580205}, "-33": {"optimal_thrust": 3577.3233486683675, "impact_speed": 112.43684812564496, "time": 55.64140036104572}, "-32": {"optimal_thrust": 3564.869642137663, "impact_speed": 113.0776173254249, "time": 56.0566079697334}, "-31": {"optimal_thrust": 3552.539443167294, "impact_speed": 113.66604028851225, "time": 56.48043897261968}, "-30": {"optimal_thrust": 3540.328075209529, "impact_speed": 114.20301454961373, "time": 56.91289774322916}, "-29": {"optimal_thrust": 3528.2443040416233, "impact_speed": 114.6872773777842, "time": 57.35398955731071}, "-28": {"optimal_thrust": 3516.3051377332163, "impact_speed": 115.11619467842701, "time": 57.80371608782044}, "-27": {"optimal_thrust": 3501.0002527337647, "impact_speed": 116.42074201356805, "time": 58.2620520434517}, "-26": {"optimal_thrust": 3489.6673493668663, "impact_speed": 116.76849134945809, "time": 58.729054350943834}, "-25": {"optimal_thrust": 3478.6588357148107, "impact_speed": 117.02316027374751, "time": 59.20470259037085}, "-24": {"optimal_thrust": 3467.991863287175, "impact_speed": 117.16966749505185, "time": 59.688978337732095}, "-23": {"optimal_thrust": 3457.6655270960973, "impact_speed": 117.19413083403326, "time": 60.18186893987522}, "-22": {"optimal_thrust": 3447.6684495467503, "impact_speed": 117.08350285541354, "time": 60.68336372041362}, "-21": {"optimal_thrust": 3437.9878351201905, "impact_speed": 116.82451022120397, "time": 61.1934414124272}, "-20": {"optimal_thrust": 3428.616201693862, "impact_speed": 116.40250738773422, "time": 61.71206703766016}, "-19": {"optimal_thrust": 3419.5532940152466, "impact_speed": 115.80177420264785, "time": 62.2391882431228}, "-18": {"optimal_thrust": 3410.8090236588882, "impact_speed": 115.00297561400373, "time": 62.77476883854993}, "-17": {"optimal_thrust": 3402.4001497615072,