{"-90": {"optimal_thrust": 4080.3291923120273, "impact_speed": 60.70608129588977, "time": 44.443608473885625}, "-89": {"optimal_thrust": 4092.3410207656675, "impact_speed": 58.78674623729768, "time": 44.445159058399874}, "-88": {"optimal_thrust": 4084.566022932279, "impact_speed": 60.08858462402727, "time": 44.45381291982704}, "-87": {"optimal_thrust": 4133.333859996095, "impact_speed": 50.46156788996652, "time": 44.47448537452658}, "-86": {"optimal_thrust": 4176.951649100785, "impact_speed": 40.107381546681474, "time": 44.49303431979354}, "-85": {"optimal_thrust": 4237.992755363032, "impact_speed": 17.71135186821334, "time": 44.52301119815432}, "-84": {"optimal_thrust": 4234.447629129726, "impact_speed": 19.772319312444736, "time": 44.56154102793464}, "-83": {"optimal_thrust": 4167.457804750281, "impact_speed": 42.74626275123951, "time": 44.599140390526856}, "-82": {"optimal_thrust": 4055.540425531316, "impact_speed": 65.0286800858134, "time": 44.64526056712019}, "-81": {"optimal_thrust": 4074.546176919986, "impact_speed": 61.81358298569516, "time": 44.699137383031136}, "-80": {"optimal_thrust": 4075.4460747549283, "impact_speed": 61.656022565533014, "time": 44.75967700010221}, "-79": {"optimal_thrust": 4075.8296190160995, "impact_speed": 61.563438452637556, "time": 44.82880075479164}, "-78": {"optimal_thrust": 4069.935252714807, "impact_speed": 62.536662338862634, "time": 44.89988353607418}, "-77": {"optimal_thrust": 4063.914633351798, "impact_speed": 63.49878913728949, "time": 44.979093677939716}, "-76": {"optimal_thrust": 4058.6116875489356, "impact_speed": 64.31435719110806, "time": 45.06262845909297}, "-75": {"optimal_thrust": 4054.508463043125, "impact_speed": 64.9145817940001, "time": 45.12184339866764}, "-74": {"optimal_thrust": 4051.185525370565, "impact_speed": 65.37890533813099, "time": 45.24243026427358}, "-73": {"optimal_thrust": 4047.9240532918757, "impact_speed": 65.8300912669019, "time": 45.35804406027711}, "-72": {"optimal_thrust": 4044.1873732712493, "impact_speed": 66.3560109794218, "time": 45.47436051380679}, "-71": {"optimal_thrust": 4017.1028453647787, "impact_speed": 70.46464992058536, "time": 45.595173651900765}, "-70": {"optimal_thrust": 4016.4680621257844, "impact_speed": 70.49165950680658, "time": 45.72189158485721}, "-69": {"optimal_thrust": 4014.936779483749, "impact_speed": 70.6582955372174, "time": 45.8550084529318}, "-68": {"optimal_thrust": 4012.535404231914, "impact_speed": 70.95787289821632, "time": 45.99477965821128}, "-67": {"optimal_thrust": 4009.2940887537025, "impact_speed": 71.38234837148748, "time": 46.14129821560692}, "-66": {"optimal_thrust": 4005.24478068196, "impact_speed": 71.92283913123273, "time": 46.294614264633026}, "-65": {"optimal_thrust": 4000.417873217933, "impact_speed": 72.57032056293625, "time": 46.455054487200755}, "-64": {"optimal_thrust": 3994.8434878777402, "impact_speed": 73.3155956608951, "time": 46.62265330239376}, "-63": {"optimal_thrust": 3988.5515497314045, "impact_speed": 74.14942347344035, "time": 46.79739215300173}, "-62": {"optimal_thrust": 3981.569522642597, "impact_speed": 75.06296738674494, "time": 46.97970966258103}, "-61": {"optimal_thrust": 3973.924689711082, "impact_speed": 76.04754469887573, "time": 47.169190937024304}, "-60": {"optimal_thrust": 3965.643337660973, "impact_speed": 77.09481597748952, "time": 47.36172202134358}, "-59": {"optimal_thrust": 3956.752220104393, "impact_speed": 78.19662358388155, "time": 47.56331202567022}, "-58": {"optimal_thrust": 3947.2758874228757, "impact_speed": 79.34540989144789, "time": 47.77278932609655}, "-57": {"optimal_thrust": 3937.2401872639034, "impact_speed": 80.53373315331484, "time": 47.989790027929956}, "-56": {"optimal_thrust": 3926.6692042997934, "impact_speed": 81.75471318690677, "time": 48.21423657742516}, "-55": {"optimal_thrust": 3915.5889352206264, "impact_speed": 83.0015068758361, "time": 48.44607557377954}, "-54": {"optimal_thrust": 3904.0227824181316, "impact_speed": 84.26793798310588, "time": 48.685354183044716}, "-53": {"optimal_thrust": 3891.9968850737296, "impact_speed": 85.54772382555069, "time": 48.93215463745155}, "-52": {"optimal_thrust": 3879.5360895023, "impact_speed": 86.83502393820713, "time": 49.18657162082001}, "-51": {"optimal_thrust": 3867.9428682003754, "impact_speed": 87.92688354336752, "time": 49.44867460868856}, "-50": {"optimal_thrust": 3857.3516827001, "impact_speed": 88.75736692038777, "time": 49.71851808398116}, "-49": {"optimal_thrust": 3845.4617128534924, "impact_speed": 89.6541988518649, "time": 49.99614469778825}, "-48": {"optimal_thrust": 3832.2925029802495, "impact_speed": 90.6023192125364, "time": 50.281608602699556}, "-47": {"optimal_thrust": 3817.863840313077, "impact_speed": 91.58301678827941, "time": 50.574965931369654}, "-46": {"optimal_thrust": 3802.196759217928, "impact_speed": 92.62471656897814, "time": 50.876275920368556}, "-45": {"optimal_thrust": 3785.31275669935, "impact_speed": 94.62169270015113, "time": 51.18560243953734}, "-44": {"optimal_thrust": 3767.23509372151, "impact_speed": 96.70502415748331, "time": 51.50301638447801}, "-43": {"optimal_thrust": 3747.9877788973554, "impact_speed": 98.86623288637688, "time": 51.82859919603324}, "-42": {"optimal_thrust": 3727.5959309798354, "impact_speed": 101.09833858385666, "time": 52.16244554499725}, "-41": {"optimal_thrust": 3706.086225563738, "impact_speed": 103.39453841763006, "time": 52.50464857229151}, "-40": {"optimal_thrust": 3683.485904791406, "impact_speed": 105.74840124566633, "time": 52.85518807142162}, "-39": {"optimal_thrust": 3659.823692271664, "impact_speed": 108.15371599032633, "time": 53.21363574062109}, "-38": {"optimal_thrust": 3639.4879353454758, "impact_speed": 110.0484151946055, "time": 53.579533868845054}, "-37": {"optimal_thrust": 3630.344824923218, "impact_speed": 110.43054442428976, "time": 53.95340594850188}, "-36": {"optimal_thrust": 3621.005616277135, "impact_speed": 110.73901609395703, "time": 54.33578249878942}, "-35": {"optimal_thrust": 3608.228797175265, "impact_speed": 111.49243577551684, "time": 54.72682220103319}, "-34": {"optimal_thrust": 3592.356090608824, "impact_speed": 112.71627895484507, "time": 55.12654236434627}, "-33": {"optimal_thrust": 3580.7944082142285, "impact_speed": 113.22313813640032, "time": 55.534979349308976}, "-32": {"optimal_thrust": 3568.1661664263133, "impact_speed": 113.8683414766351, "time": 55.95209854929296}, "-31": {"optimal_thrust": 3555.6623786690348, "impact_speed": 114.4609878923198, "time": 56.37791022734158}, "-30": {"optimal_thrust": 3543.2800513732773, "impact_speed": 115.00162813754329, "time": 56.812420782848854}, "-29": {"optimal_thrust": 3531.0270502986587, "impact_speed": 115.48918547732373, "time": 57.25563730590252}, "-28": {"optimal_thrust": 3518.920125140115, "impact_speed": 115.92114463504146, "time": 57.70756246979273}, "-27": {"optimal_thrust": 3503.4002766720373, "impact_speed": 117.23486048828748, "time": 58.16817385690671}, "-26": {"optimal_thrust": 3491.9078580953797, "impact_speed": 117.58516875381484, "time": 58.637531205159085}, "-25": {"optimal_thrust": 3480.745083646765, "impact_speed": 117.84155634345069, "time": 59.115614416554976}, "-24": {"optimal_thrust": 3469.9286371721237, "impact_speed": 117.98901072339511, "time": 59.60240401944847}, "-23": {"optimal_thrust": 3459.4571821493346, "impact_speed": 118.01372053136335, "time": 60.09789262046325}, "-22": {"optimal_thrust": 3449.3197798542983, "impact_speed": 117.90233706683674, "time": 60.60207020860814}, "-21": {"optimal_thrust": 3439.503256210203, "impact_speed": 117.64157486468056, "time": 61.114915702547925}, "-20": {"optimal_thrust": 3430.0002527953407, "impact_speed": 117.21652557919897, "time": 61.636392838327126}, "-19": {"optimal_thrust": 3420.810065673921, "impact_speed": 116.61167779769478, "time": 62.16645242341143}, "-18": {"optimal_thrust": 3411.9431270364216, "impact_speed": 115.80725107733157, "time": 62.70506243891662}, "-17": {"optimal_thrust": 3403.416313040398,