{"-90": {"optimal_thrust": 4090.6822605835787, "impact_speed": 61.14844285958284, "time": 44.29982626229609}, "-89": {"optimal_thrust": 4102.965964927809, "impact_speed": 59.194967170575396, "time": 44.30145698457455}, "-88": {"optimal_thrust": 4095.082697670223, "impact_speed": 60.505831452015435, "time": 44.3101684588168}, "-87": {"optimal_thrust": 4144.52994699118, "impact_speed": 50.812009966550754, "time": 44.33064016384104}, "-86": {"optimal_thrust": 4188.755797113592, "impact_speed": 40.3858820645324, "time": 44.34943987671472}, "-85": {"optimal_thrust": 4250.6472357047915, "impact_speed": 17.83454000138429, "time": 44.37949265609261}, "-84": {"optimal_thrust": 4247.053054571289, "impact_speed": 19.909607899124865, "time": 44.41810571312953}, "-83": {"optimal_thrust": 4179.129494500996, "impact_speed": 43.04312561282118, "time": 44.455778441332555}, "-82": {"optimal_thrust": 4065.652371910907, "impact_speed": 65.48026705617883, "time": 44.50199891473113}, "-81": {"optimal_thrust": 4084.922844122978, "impact_speed": 62.242871153991565, "time": 44.555992813903906}, "-80": {"optimal_thrust": 4085.835076133682, "impact_speed": 62.084252464401, "time": 44.616671697977765}, "-79": {"optimal_thrust": 4086.2243890818127, "impact_speed": 61.99095239862545, "time": 44.68789018626929}, "-78": {"optimal_thrust": 4080.247645707709, "impact_speed": 62.97097343771165, "time": 44.75717354434001}, "-77": {"optimal_thrust": 4074.1433055456378, "impact_speed": 63.93974961290474, "time": 44.836517455532785}, "-76": {"optimal_thrust": 4068.76655987407, "impact_speed": 64.76096364516391, "time": 44.919989145989746}, "-75": {"optimal_thrust": 4064.6060205280055, "impact_speed": 65.36537748620628, "time": 44.981789317354135}, "-74": {"optimal_thrust": 4061.236595774503, "impact_speed": 65.83295375917672, "time": 45.10159442259713}, "-73": {"optimal_thrust": 4057.9300236672134, "impact_speed": 66.28721566760913, "time": 45.216854707044604}, "-72": {"optimal_thrust": 4054.141088089447, "impact_speed": 66.8168160236735, "time": 45.3332136822167}, "-71": {"optimal_thrust": 4026.6791448661143, "impact_speed": 70.95397749936589, "time": 45.45421613170783}, "-70": {"optimal_thrust": 4026.0355890096675, "impact_speed": 70.98116343670837, "time": 45.58120301804095}, "-69": {"optimal_thrust": 4024.482881653648, "impact_speed": 71.14896911683523, "time": 45.71463553817079}, "-68": {"optimal_thrust": 4022.048139581799, "impact_speed": 71.45061164329873, "time": 45.85475226929704}, "-67": {"optimal_thrust": 4018.761649066216, "impact_speed": 71.87803498353892, "time": 46.00163922337101}, "-66": {"optimal_thrust": 4014.655812777464, "impact_speed": 72.42229305242503, "time": 46.155357146824834}, "-65": {"optimal_thrust": 4009.7613547951278, "impact_speed": 73.07431211050549, "time": 46.3162416961574}, "-64": {"optimal_thrust": 4004.109846835921, "impact_speed": 73.82467869927765, "time": 46.484297544347676}, "-63": {"optimal_thrust": 3997.72971873508, "impact_speed": 74.66437038605332, "time": 46.65952524504502}, "-62": {"optimal_thrust": 3990.650457870699, "impact_speed": 75.5842472189261, "time": 46.84243211992674}, "-61": {"optimal_thrust": 3982.899135790567, "impact_speed": 76.57565346936119, "time": 47.03207169562335}, "-60": {"optimal_thrust": 3974.5028690026093, "impact_speed": 77.6301253533775, "time": 47.22524470438221}, "-59": {"optimal_thrust": 3965.487280294323, "impact_speed": 78.73966379325768, "time": 47.42749720907996}, "-58": {"optimal_thrust": 3955.8790024353516, "impact_speed": 79.89640969407094, "time": 47.63760903729669}, "-57": {"optimal_thrust": 3945.703490913977, "impact_speed": 81.09297716089446, "time": 47.85526392278258}, "-56": {"optimal_thrust": 3934.985221724512, "impact_speed": 82.32243023318492, "time": 48.08039173684284}, "-55": {"optimal_thrust": 3923.7501645170923, "impact_speed": 83.57793308378174, "time": 48.312936046762054}, "-54": {"optimal_thrust": 3912.0232147191173, "impact_speed": 84.8531020506838, "time": 48.55295921802146}, "-53": {"optimal_thrust": 3899.82975375818, "impact_speed": 86.14176886295722, "time": 48.80054338543185}, "-52": {"optimal_thrust": 3887.1949203389877, "impact_speed": 87.43806189697884, "time": 49.055784515543635}, "-51": {"optimal_thrust": 3875.4403404308227, "impact_speed": 88.53747155992137, "time": 49.31875026271552}, "-50": {"optimal_thrust": 3864.701477132133, "impact_speed": 89.37373189055955, "time": 49.58949636503038}, "-49": {"optimal_thrust": 3852.6457267309465, "impact_speed": 90.2768043118566, "time": 49.86806683398447}, "-48": {"optimal_thrust": 3839.292902342815, "impact_speed": 91.23153016918523, "time": 50.15451741583579}, "-47": {"optimal_thrust": 3824.6634756346034, "impact_speed": 92.21890602572421, "time": 50.44890598756545}, "-46": {"optimal_thrust": 3808.777651048184, "impact_speed": 93.26911644144359, "time": 50.75129369574643}, "-45": {"optimal_thrust": 3791.6586597432865, "impact_speed": 95.27871473511661, "time": 51.06174657146534}, "-44": {"optimal_thrust": 3773.3289522107043, "impact_speed": 97.37656929750473, "time": 51.380338017812164}, "-43": {"optimal_thrust": 3753.8133266384593, "impact_speed": 99.55280303053627, "time": 51.70715248144551}, "-42": {"optimal_thrust": 3733.1374358574044, "impact_speed": 101.80038083382445, "time": 52.042287796287546}, "-41": {"optimal_thrust": 3711.327830727016, "impact_speed": 104.11254837463885, "time": 52.38583670111058}, "-40": {"optimal_thrust": 3688.41226560386, "impact_speed": 106.48279571361817, "time": 52.73775797367869}, "-39": {"optimal_thrust": 3664.4205447928703, "impact_speed": 108.90477520262387, "time": 53.09757773871274}, "-38": {"optimal_thrust": 3643.8015210917033, "impact_speed": 110.81261237212063, "time": 53.464895460630885}, "-37": {"optimal_thrust": 3634.5308137439715, "impact_speed": 111.1974164661531, "time": 53.84031085691366}, "-36": {"optimal_thrust": 3625.061446873047, "impact_speed": 111.50802910217405, "time": 54.224322913395866}, "-35": {"optimal_thrust": 3612.1066324100743, "impact_speed": 112.26666797878794, "time": 54.617065963408635}, "-34": {"optimal_thrust": 3596.0125677513815, "impact_speed": 113.49903249588687, "time": 55.01855289156513}, "-33": {"optimal_thrust": 3584.289649132155, "impact_speed": 114.00942929422342, "time": 55.428821722361214}, "-32": {"optimal_thrust": 3571.485517130834, "impact_speed": 114.65909354375529, "time": 55.84783976099958}, "-31": {"optimal_thrust": 3558.8077070994686, "impact_speed": 115.2558052194214, "time": 56.27561951515951}, "-30": {"optimal_thrust": 3546.2526904393685, "impact_speed": 115.80022118226906, "time": 56.71216939151199}, "-29": {"optimal_thrust": 3533.828729887189, "impact_speed": 116.29120792064373, "time": 57.15749827694543}, "-28": {"optimal_thrust": 3521.553336573456, "impact_speed": 116.7260946842071, "time": 57.611609893152554}, "-27": {"optimal_thrust": 3505.816606363217, "impact_speed": 118.04908437049114, "time": 58.07448491712271}, "-26": {"optimal_thrust": 3494.1646805853297, "impact_speed": 118.40165062315545, "time": 58.54618564699208}, "-25": {"optimal_thrust": 3482.846294277439, "impact_speed": 118.65981952897717, "time": 59.02669151933798}, "-24": {"optimal_thrust": 3471.8785237867546, "impact_speed": 118.80849124583503, "time": 59.515984140024294}, "-23": {"optimal_thrust": 3461.261565160295, "impact_speed": 118.83320873040566, "time": 60.01405981161065}, "-22": {"optimal_thrust": 3450.982561702252, "impact_speed": 118.72119870393435, "time": 60.52090940159789}, "-21": {"optimal_thrust": 3441.0296772049237, "impact_speed": 118.45837055070034, "time": 61.03651197885004}, "-20": {"optimal_thrust": 3431.393769092839, "impact_speed": 118.03068155586315, "time": 61.56083026264956}, "-19": {"optimal_thrust": 3422.076114212087, "impact_speed": 117.42106681392427, "time": 62.09381850447224}, "-18": {"optimal_thrust": 3413.0855432354842, "impact_speed": 116.6109874720704, "time": 62.63544842532293}, "-17": {"optimal_thrust": 3404.4394493211844,