{"-90": {"optimal_thrust": 4101.098019079936, "impact_speed": 61.59222985186895, "time": 44.15673009469489}, "-89": {"optimal_thrust": 4113.6640340389185, "impact_speed": 59.603261035118415, "time": 44.158436945989095}, "-88": {"optimal_thrust": 4105.671589948279, "impact_speed": 60.92317633634927, "time": 44.1672032563366}, "-87": {"optimal_thrust": 4155.803626841672, "impact_speed": 51.1624288271383, "time": 44.18747066940405}, "-86": {"optimal_thrust": 4200.6414917307175, "impact_speed": 40.664420393716625, "time": 44.206525700747655}, "-85": {"optimal_thrust": 4263.389505731626, "impact_speed": 17.957597150089967, "time": 44.23665237972332}, "-84": {"optimal_thrust": 4259.745756546792, "impact_speed": 20.04687421528611, "time": 44.27534695201963}, "-83": {"optimal_thrust": 4190.881900388733, "impact_speed": 43.34000245784389, "time": 44.31309278582991}, "-82": {"optimal_thrust": 4075.834480663342, "impact_speed": 65.93182416221106, "time": 44.359410873839295}, "-81": {"optimal_thrust": 4095.371530682821, "impact_speed": 62.672123456716015, "time": 44.41351613948626}, "-80": {"optimal_thrust": 4096.296490651247, "impact_speed": 62.51239336188825, "time": 44.4743345014267}, "-79": {"optimal_thrust": 4096.6909824573595, "impact_speed": 62.418485765069875, "time": 44.545714682664325}, "-78": {"optimal_thrust": 4090.631862010443, "impact_speed": 63.4052072494577, "time": 44.615124276192226}, "-77": {"optimal_thrust": 4084.442851238466, "impact_speed": 64.38069571918885, "time": 44.694592548848746}, "-76": {"optimal_thrust": 4078.991637674767, "impact_speed": 65.20758175141555, "time": 44.77798538053303}, "-75": {"optimal_thrust": 4074.7736208999618, "impact_speed": 65.816146735955, "time": 44.842271907441805}, "-74": {"optimal_thrust": 4071.3573586196226, "impact_speed": 66.286980348728, "time": 44.96133783835005}, "-73": {"optimal_thrust": 4068.0046931029797, "impact_speed": 66.74442740192296, "time": 45.07627080024994}, "-72": {"optimal_thrust": 4064.163621554239, "impact_speed": 67.27763139920688, "time": 45.19269077630801}, "-71": {"optimal_thrust": 4036.3215755625247, "impact_speed": 71.44332609061426, "time": 45.31388459995348}, "-70": {"optimal_thrust": 4035.6693227840847, "impact_speed": 71.47066816480546, "time": 45.44113844986404}, "-69": {"optimal_thrust": 4034.095070602239, "impact_speed": 71.63963920697663, "time": 45.57488225635642}, "-68": {"optimal_thrust": 4031.626613277909, "impact_speed": 71.94336453493192, "time": 45.71533889165817}, "-67": {"optimal_thrust": 4028.294585694361, "impact_speed": 72.37374305782168, "time": 45.862587991236026}, "-66": {"optimal_thrust": 4024.1317525786853, "impact_speed": 72.92177973133849, "time": 46.016704074402334}, "-65": {"optimal_thrust": 4019.1697750350554, "impact_speed": 73.57826247216563, "time": 46.17802467961869}, "-64": {"optimal_thrust": 4013.4397699321376, "impact_speed": 74.33384458273501, "time": 46.346529732400604}, "-63": {"optimal_thrust": 4006.9715727373814, "impact_speed": 75.17929267746034, "time": 46.52224069512173}, "-62": {"optimal_thrust": 3999.794081550714, "impact_speed": 76.10554942862271, "time": 46.70573795799677}, "-61": {"optimal_thrust": 3991.935756950818, "impact_speed": 77.10375246193348, "time": 46.89548745535794}, "-60": {"optimal_thrust": 3983.422960527934, "impact_speed": 78.16554211484355, "time": 47.08933668938524}, "-59": {"optimal_thrust": 3974.2828546333435, "impact_speed": 79.28269491725324, "time": 47.29223454245042}, "-58": {"optimal_thrust": 3964.5417260576937, "impact_speed": 80.44739952027817, "time": 47.5029702992286}, "-57": {"optimal_thrust": 3954.224984675305, "impact_speed": 81.65227440800047, "time": 47.721269284498135}, "-56": {"optimal_thrust": 3943.358599200698, "impact_speed": 82.89017403322653, "time": 47.94706720519485}, "-55": {"optimal_thrust": 3931.968314970925, "impact_speed": 84.15429722247328, "time": 48.18030892326931}, "-54": {"optimal_thrust": 3920.0787852220687, "impact_speed": 85.43829843569274, "time": 48.4210669924677}, "-53": {"optimal_thrust": 3907.7165389367583, "impact_speed": 86.73585543915232, "time": 48.669425600484935}, "-52": {"optimal_thrust": 3894.906788713094, "impact_speed": 88.04109463967691, "time": 48.92548063660664}, "-51": {"optimal_thrust": 3882.989237749918, "impact_speed": 89.14812920216683, "time": 49.18929866186227}, "-50": {"optimal_thrust": 3872.102183395058, "impact_speed": 89.99008889061847, "time": 49.46093670479885}, "-49": {"optimal_thrust": 3859.8798219715413, "impact_speed": 90.89933869163272, "time": 49.740440152249136}, "-48": {"optimal_thrust": 3846.3419663775762, "impact_speed": 91.86068452956289, "time": 50.02786635868881}, "-47": {"optimal_thrust": 3831.5100419522564, "impact_speed": 92.85485443235378, "time": 50.323274960782044}, "-46": {"optimal_thrust": 3815.4045930620896, "impact_speed": 93.9099460977834, "time": 50.626729035685436}, "-45": {"optimal_thrust": 3798.0483874537126, "impact_speed": 95.93577957269399, "time": 50.93829678333175}, "-44": {"optimal_thrust": 3779.4648815716105, "impact_speed": 98.04814249742385, "time": 51.258054147755765}, "-43": {"optimal_thrust": 3759.679232448073, "impact_speed": 100.23936412261759, "time": 51.586088602670785}, "-42": {"optimal_thrust": 3738.7170715496222, "impact_speed": 102.5024621857515, "time": 51.92250107774541}, "-41": {"optimal_thrust": 3716.60551666145, "impact_speed": 104.83058875855029, "time": 52.26738323968437}, "-40": {"optimal_thrust": 3693.372975157751, "impact_speed": 107.21715337536178, "time": 52.62067040404251}, "-39": {"optimal_thrust": 3669.049250310119, "impact_speed": 109.65582906964669, "time": 52.981846196478365}, "-38": {"optimal_thrust": 3648.1445238276424, "impact_speed": 111.57686530782433, "time": 53.35057762181838}, "-37": {"optimal_thrust": 3638.7458323853944, "impact_speed": 111.9642801561712, "time": 53.72752889042416}, "-36": {"optimal_thrust": 3627.5755110148857, "impact_speed": 112.50551185761974, "time": 54.113155860638635}, "-35": {"optimal_thrust": 3616.0108237855206, "impact_speed": 113.04097750996927, "time": 54.507598345020206}, "-34": {"optimal_thrust": 3602.7333406293324, "impact_speed": 113.79322762643754, "time": 54.91085699018911}, "-33": {"optimal_thrust": 3587.8093194500157, "impact_speed": 114.79567799661254, "time": 55.322926924973466}, "-32": {"optimal_thrust": 3574.827705345348, "impact_speed": 115.44987085946485, "time": 55.74383111055484}, "-31": {"optimal_thrust": 3561.9745874523514, "impact_speed": 116.0506668500958, "time": 56.173566391237614}, "-30": {"optimal_thrust": 3549.2454792823146, "impact_speed": 116.59890868643907, "time": 56.61214317480529}, "-29": {"optimal_thrust": 3536.6496600179594, "impact_speed": 117.09326428988845, "time": 57.05957211023265}, "-28": {"optimal_thrust": 3524.204206006747, "impact_speed": 117.53119973640925, "time": 57.5158580745098}, "-27": {"optimal_thrust": 3508.25008048802, "impact_speed": 118.8632022014892, "time": 57.98098497318457}, "-26": {"optimal_thrust": 3496.436722438484, "impact_speed": 119.21824316500813, "time": 58.45501742642844}, "-25": {"optimal_thrust": 3484.9618333191142, "impact_speed": 119.4781492757918, "time": 58.93793403940552}, "-24": {"optimal_thrust": 3473.8424820853584, "impact_speed": 119.62776611366678, "time": 59.42971855120822}, "-23": {"optimal_thrust": 3463.078162871222, "impact_speed": 119.65281009203831, "time": 59.930370356989}, "-22": {"optimal_thrust": 3452.657106421569, "impact_speed": 119.5399331365046, "time": 60.43988113973985}, "-21": {"optimal_thrust": 3442.5662675679373, "impact_speed": 119.2754061873811, "time": 60.95823006785257}, "-20": {"optimal_thrust": 3432.797070695073, "impact_speed": 118.84472862451813, "time": 61.48537919053276}, "-19": {"optimal_thrust": 3423.350029060732, "impact_speed": 118.23133922544025, "time": 62.02128639195243}, "-18": {"optimal_thrust": 3414.2353792171566, "impact_speed": 117.4153620983991, "time": 62.56592671859277}, "-17": {"optimal_thrust": 3405.4696842537996,