{"-90": {"optimal_thrust": 4111.576946250766, "impact_speed": 62.03732998421722, "time": 44.01431597765081}, "-89": {"optimal_thrust": 4124.435706465548, "impact_speed": 60.01154075060544, "time": 44.01609583230301}, "-88": {"optimal_thrust": 4116.333691270353, "impact_speed": 61.340445946465515, "time": 44.02491442037865}, "-87": {"optimal_thrust": 4167.154900049219, "impact_speed": 51.5128248420273, "time": 44.04498115809148}, "-86": {"optimal_thrust": 4212.608615510815, "impact_speed": 40.943026477008154, "time": 44.06428867462314}, "-85": {"optimal_thrust": 4276.219410859131, "impact_speed": 18.080618400698544, "time": 44.09448728523704}, "-84": {"optimal_thrust": 4272.525659806286, "impact_speed": 20.18415881162412, "time": 44.13326169380014}, "-83": {"optimal_thrust": 4202.715457212322, "impact_speed": 43.636785975395526, "time": 44.17108036832254}, "-82": {"optimal_thrust": 4086.08631525991, "impact_speed": 66.38342258994223, "time": 44.21749340967839}, "-81": {"optimal_thrust": 4105.892040552496, "impact_speed": 63.10137394466303, "time": 44.27170807176916}, "-80": {"optimal_thrust": 4106.829728478646, "impact_speed": 62.940547447046846, "time": 44.33266251011512}, "-79": {"optimal_thrust": 4107.229595189757, "impact_speed": 62.84600475388964, "time": 44.402731526071385}, "-78": {"optimal_thrust": 4101.087071154517, "impact_speed": 63.83950440813108, "time": 44.47370538402759}, "-77": {"optimal_thrust": 4094.8129960110423, "impact_speed": 64.82167292026486, "time": 44.55331535120225}, "-76": {"optimal_thrust": 4089.2869543204583, "impact_speed": 65.65420585860534, "time": 44.6366146109789}, "-75": {"optimal_thrust": 4085.010990024621, "impact_speed": 66.26693409094385, "time": 44.70329490038093}, "-74": {"optimal_thrust": 4081.547846940294, "impact_speed": 66.7409802878888, "time": 44.821662015250666}, "-73": {"optimal_thrust": 4078.1491313904685, "impact_speed": 67.20155524943895, "time": 44.93629627663775}, "-72": {"optimal_thrust": 4074.255050219185, "impact_speed": 67.73844485096103, "time": 45.052790129343855}, "-71": {"optimal_thrust": 4046.030257366117, "impact_speed": 71.93267754809561, "time": 45.17417692189604}, "-70": {"optimal_thrust": 4045.3691877525976, "impact_speed": 71.96018488814049, "time": 45.301695503062405}, "-69": {"optimal_thrust": 4043.7731176654283, "impact_speed": 72.13033978188344, "time": 45.435746140306875}, "-68": {"optimal_thrust": 4041.27082489403, "impact_speed": 72.43613134752816, "time": 45.57651768884885}, "-67": {"optimal_thrust": 4037.893140258847, "impact_speed": 72.86943644877276, "time": 45.7241420941428}, "-66": {"optimal_thrust": 4033.6729486796767, "impact_speed": 73.42124718402343, "time": 45.87865248873488}, "-65": {"optimal_thrust": 4028.6430273168244, "impact_speed": 74.08218810251174, "time": 46.04040096535822}, "-64": {"optimal_thrust": 4022.834118542444, "impact_speed": 74.84296626256597, "time": 46.20934759097808}, "-63": {"optimal_thrust": 4016.2769458997827, "impact_speed": 75.69421481608035, "time": 46.38553652715155}, "-62": {"optimal_thrust": 4009.000831761587, "impact_speed": 76.62681072464197, "time": 46.569624420172154}, "-61": {"optimal_thrust": 4001.034236383195, "impact_speed": 77.63188697022679, "time": 46.759454290621406}, "-60": {"optimal_thrust": 3992.404834858785, "impact_speed": 78.7008913272684, "time": 46.95399441483459}, "-59": {"optimal_thrust": 3983.138913956279, "impact_speed": 79.82572123421276, "time": 47.15752164607102}, "-58": {"optimal_thrust": 3973.2640582899007, "impact_speed": 80.99837957369411, "time": 47.368871097455454}, "-57": {"optimal_thrust": 3962.8053312248344, "impact_speed": 82.21153167911, "time": 47.58780427503893}, "-56": {"optimal_thrust": 3951.789849613514, "impact_speed": 83.45787284331531, "time": 47.81426229553487}, "-55": {"optimal_thrust": 3940.2426306794614, "impact_speed": 84.73070566044152, "time": 48.048192491674044}, "-54": {"optimal_thrust": 3928.189933156137, "impact_speed": 86.02346506545481, "time": 48.28967586667876}, "-53": {"optimal_thrust": 3915.6572406094656, "impact_speed": 87.3299827063771, "time": 48.53879967123955}, "-52": {"optimal_thrust": 3902.671791373067, "impact_speed": 88.64410836900667, "time": 48.795658438568964}, "-51": {"optimal_thrust": 3890.5905856192476, "impact_speed": 89.75870130107025, "time": 49.06031833336695}, "-50": {"optimal_thrust": 3879.553605441857, "impact_speed": 90.6064704349106, "time": 49.332837694526695}, "-49": {"optimal_thrust": 3867.16297205975, "impact_speed": 91.5220018534224, "time": 49.61326330943267}, "-48": {"optimal_thrust": 3853.439254791445, "impact_speed": 92.48989607495167, "time": 49.901654159304684}, "-47": {"optimal_thrust": 3838.4034387818647, "impact_speed": 93.4909073837107, "time": 50.198071647346744}, "-46": {"optimal_thrust": 3822.07663155728, "impact_speed": 94.55396905088722, "time": 50.50258079636018}, "-45": {"optimal_thrust": 3804.4820422865605, "impact_speed": 96.59283935060246, "time": 50.81525199701031}, "-44": {"optimal_thrust": 3785.6432915110117, "impact_speed": 98.71963079205237, "time": 51.136163753281714}, "-43": {"optimal_thrust": 3765.585496326198, "impact_speed": 100.92591634727951, "time": 51.465406583768875}, "-42": {"optimal_thrust": 3744.335261219315, "impact_speed": 103.20450708542216, "time": 51.80308444053421}, "-41": {"optimal_thrust": 3721.919846695785, "impact_speed": 105.54857103682296, "time": 52.14928718646515}, "-40": {"optimal_thrust": 3698.3678374060623, "impact_speed": 107.95150278778456, "time": 52.503924297884105}, "-39": {"optimal_thrust": 3673.7096720765553, "impact_speed": 110.40689565181344, "time": 52.86644105928424}, "-38": {"optimal_thrust": 3652.5177738285356, "impact_speed": 112.34106747981258, "time": 53.236580528233475}, "-37": {"optimal_thrust": 3642.989698847633, "impact_speed": 112.73116053404368, "time": 53.615059547255484}, "-36": {"optimal_thrust": 3633.257342121688, "impact_speed": 113.04605077067248, "time": 54.00230746565135}, "-35": {"optimal_thrust": 3619.942575572776, "impact_speed": 113.81517049311282, "time": 54.398418667320826}, "-34": {"optimal_thrust": 3606.4823618371825, "impact_speed": 114.57260728217835, "time": 54.80341839388886}, "-33": {"optimal_thrust": 3591.3531019570723, "impact_speed": 115.58194046538149, "time": 55.21729440519006}, "-32": {"optimal_thrust": 3578.193175280564, "impact_speed": 116.2405896459588, "time": 55.640072111444255}, "-31": {"optimal_thrust": 3565.1633367975037, "impact_speed": 116.84550751128366, "time": 56.071750421968986}, "-30": {"optimal_thrust": 3552.259306929515, "impact_speed": 117.39749155396969, "time": 56.51234175025704}, "-29": {"optimal_thrust": 3539.490353948732, "impact_speed": 117.89522843476804, "time": 56.96185844823825}, "-28": {"optimal_thrust": 3526.8739404158673, "impact_speed": 118.33612854743868, "time": 57.42030674168199}, "-27": {"optimal_thrust": 3510.7005031077088, "impact_speed": 119.67726470926347, "time": 57.88767376540716}, "-26": {"optimal_thrust": 3498.72456492966, "impact_speed": 120.03478470852774, "time": 58.36402630366819}, "-25": {"optimal_thrust": 3487.0918895211857, "impact_speed": 120.29648608598512, "time": 58.84934180213998}, "-24": {"optimal_thrust": 3475.8194855524225, "impact_speed": 120.4472011373559, "time": 59.34360708740277}, "-23": {"optimal_thrust": 3464.9074885398727, "impact_speed": 120.47231117783329, "time": 59.84682410361991}, "-22": {"optimal_thrust": 3454.343102681292, "impact_speed": 120.35869598025097, "time": 60.35898525645417}, "-21": {"optimal_thrust": 3444.1136672260086, "impact_speed": 120.0922916595495, "time": 60.88006980906167}, "-20": {"optimal_thrust": 3434.2103508340574, "impact_speed": 119.65852280656162, "time": 61.41003950311388}, "-19": {"optimal_thrust": 3424.6336672038638, "impact_speed": 119.04066294570448, "time": 61.94885601663137}, "-18": {"optimal_thrust": 3415.3930815093086, "impact_speed": 118.21978276152034, "time": 62.496497250028156}, "-17": {"optimal_thrust": 3406.5068255999713,