{"-90": {"optimal_thrust": 4122.118050388643, "impact_speed": 62.48388296072991, "time": 43.87258012715848}, "-89": {"optimal_thrust": 4135.281177775407, "impact_speed": 60.419771848328885, "time": 43.874418308847474}, "-88": {"optimal_thrust": 4127.068600727202, "impact_speed": 61.757710616207625, "time": 43.88329903535025}, "-87": {"optimal_thrust": 4178.583293709619, "impact_speed": 51.86329538614051, "time": 43.90317336795072}, "-86": {"optimal_thrust": 4224.65783798866, "impact_speed": 41.22152502041156, "time": 43.9227256873411}, "-85": {"optimal_thrust": 4289.1369516582, "impact_speed": 18.20360414204075, "time": 43.95299429242239}, "-84": {"optimal_thrust": 4285.392405271555, "impact_speed": 20.321651355778524, "time": 43.991846878707605}, "-83": {"optimal_thrust": 4214.62961240813, "impact_speed": 43.933613151524646, "time": 44.02973813336105}, "-82": {"optimal_thrust": 4096.408235653379, "impact_speed": 66.83500369897962, "time": 44.076243492908105}, "-81": {"optimal_thrust": 4116.484056521266, "impact_speed": 63.53067620137284, "time": 44.13056555975399}, "-80": {"optimal_thrust": 4117.434866809894, "impact_speed": 63.368701405019195, "time": 44.19164681972047}, "-79": {"optimal_thrust": 4117.840031231986, "impact_speed": 63.27354283257963, "time": 44.26106832649188}, "-78": {"optimal_thrust": 4111.613786397685, "impact_speed": 64.27377826855682, "time": 44.33292654246755}, "-77": {"optimal_thrust": 4105.2538164152675, "impact_speed": 65.26266807011136, "time": 44.41268230499302}, "-76": {"optimal_thrust": 4099.652237291978, "impact_speed": 66.10087975664433, "time": 44.49587429021917}, "-75": {"optimal_thrust": 4095.318008265402, "impact_speed": 66.71775826022778, "time": 44.564861644104376}, "-74": {"optimal_thrust": 4091.8075479322024, "impact_speed": 67.19503528651028, "time": 44.68256817199302}, "-73": {"optimal_thrust": 4088.362824820526, "impact_speed": 67.65868172423158, "time": 44.79693532861364}, "-72": {"optimal_thrust": 4084.4152211278674, "impact_speed": 68.19928032004661, "time": 44.913509992325025}, "-71": {"optimal_thrust": 4055.8056596124734, "impact_speed": 72.42196293642797, "time": 45.03509091857402}, "-70": {"optimal_thrust": 4055.1348667044685, "impact_speed": 72.44976003617151, "time": 45.16287177717771}, "-69": {"optimal_thrust": 4053.517252079551, "impact_speed": 72.62103646540758, "time": 45.29722471540689}, "-68": {"optimal_thrust": 4050.9808065761117, "impact_speed": 72.92890706884921, "time": 45.43830235860338}, "-67": {"optimal_thrust": 4047.557191595953, "impact_speed": 73.36513323903762, "time": 45.58629910495611}, "-66": {"optimal_thrust": 4043.2794896500327, "impact_speed": 73.92068285024081, "time": 45.741199832014516}, "-65": {"optimal_thrust": 4038.1807055636837, "impact_speed": 74.58614856863959, "time": 45.90336809375872}, "-64": {"optimal_thrust": 4032.2924686173956, "impact_speed": 75.35210593063987, "time": 46.07274884983926}, "-63": {"optimal_thrust": 4025.645838636347, "impact_speed": 76.20913674537269, "time": 46.249410779443025}, "-62": {"optimal_thrust": 4018.270195245563, "impact_speed": 77.14810505638067, "time": 46.43408782605526}, "-61": {"optimal_thrust": 4010.194936546295, "impact_speed": 78.1600050309701, "time": 46.6239833032432}, "-60": {"optimal_thrust": 4001.447586053005, "impact_speed": 79.23630149469957, "time": 46.81921451808116}, "-59": {"optimal_thrust": 3992.055487428305, "impact_speed": 80.36873877619809, "time": 47.02335618698816}, "-58": {"optimal_thrust": 3982.0455610600875, "impact_speed": 81.54941077753811, "time": 47.235309411488736}, "-57": {"optimal_thrust": 3971.444334897347, "impact_speed": 82.77077680314862, "time": 47.454867039378776}, "-56": {"optimal_thrust": 3960.278095795746, "impact_speed": 84.02564851933492, "time": 47.68197552996969}, "-55": {"optimal_thrust": 3948.5734758923604, "impact_speed": 85.30710719606923, "time": 47.91658504341919}, "-54": {"optimal_thrust": 3936.356024099846, "impact_speed": 86.60869064877762, "time": 48.1587841943218}, "-53": {"optimal_thrust": 3923.652763564561, "impact_speed": 87.92402284785653, "time": 48.408663989299946}, "-52": {"optimal_thrust": 3910.4897579050507, "impact_speed": 89.24712779532749, "time": 48.66631637423287}, "-51": {"optimal_thrust": 3898.243724176234, "impact_speed": 90.36928785568662, "time": 48.93180779632485}, "-50": {"optimal_thrust": 3887.0559393195476, "impact_speed": 91.22284389282295, "time": 49.20519792674636}, "-49": {"optimal_thrust": 3874.496129920443, "impact_speed": 92.1446082436372, "time": 49.486534970939964}, "-48": {"optimal_thrust": 3860.585207457862, "impact_speed": 93.11905188755837, "time": 49.775879548927406}, "-47": {"optimal_thrust": 3845.3437662000065, "impact_speed": 94.12701667457367, "time": 50.0732948432677}, "-46": {"optimal_thrust": 3828.7942573990863, "impact_speed": 95.19765752613243, "time": 50.37884783939614}, "-45": {"optimal_thrust": 3810.9594495180463, "impact_speed": 97.24997377314428, "time": 50.69261113097892}, "-44": {"optimal_thrust": 3791.8634547460842, "impact_speed": 99.39123406717086, "time": 51.01466580511623}, "-43": {"optimal_thrust": 3771.532046209383, "impact_speed": 101.61247490922798, "time": 51.34510544513138}, "-42": {"optimal_thrust": 3749.9915820358365, "impact_speed": 103.90659046468139, "time": 51.68403692711947}, "-41": {"optimal_thrust": 3727.2702578154876, "impact_speed": 106.2665836561615, "time": 52.03154753241822}, "-40": {"optimal_thrust": 3703.3968523487933, "impact_speed": 108.68584411807058, "time": 52.38751864986776}, "-39": {"optimal_thrust": 3678.4016296282966, "impact_speed": 111.1579982215307, "time": 52.75136233481618}, "-38": {"optimal_thrust": 3656.9203851099232, "impact_speed": 113.10533161218916, "time": 53.12290421931388}, "-37": {"optimal_thrust": 3647.2625391463102, "impact_speed": 113.49804015852885, "time": 53.50290227217348}, "-36": {"optimal_thrust": 3637.3974067744175, "impact_speed": 113.81505948970087, "time": 53.89175018590742}, "-35": {"optimal_thrust": 3623.900739917657, "impact_speed": 114.5894313414075, "time": 54.289526245128066}, "-34": {"optimal_thrust": 3607.133708156216, "impact_speed": 115.84731204146834, "time": 54.69623599263554}, "-33": {"optimal_thrust": 3594.921066097211, "impact_speed": 116.36820438495353, "time": 55.1119236194343}, "-32": {"optimal_thrust": 3581.581286877734, "impact_speed": 117.03137025119797, "time": 55.53656227519461}, "-31": {"optimal_thrust": 3568.373579834564, "impact_speed": 117.64040330403382, "time": 55.97017117303273}, "-30": {"optimal_thrust": 3555.2933427783682, "impact_speed": 118.19615487182413, "time": 56.41276472724226}, "-29": {"optimal_thrust": 3542.3502984217425, "impact_speed": 118.69722683494969, "time": 56.86435693264741}, "-28": {"optimal_thrust": 3529.5615816409572, "impact_speed": 119.14114337720507, "time": 57.32495560728748}, "-27": {"optimal_thrust": 3513.1672994950263, "impact_speed": 120.49141450050182, "time": 57.79455102995732}, "-26": {"optimal_thrust": 3501.0278828439536, "impact_speed": 120.85136487388439, "time": 58.273212031782066}, "-25": {"optimal_thrust": 3489.23646278887, "impact_speed": 121.11482984540825, "time": 58.760914629985685}, "-24": {"optimal_thrust": 3477.810243492722, "impact_speed": 121.26654489000055, "time": 59.25764959195966}, "-23": {"optimal_thrust": 3466.7490964512785, "impact_speed": 121.29189612647005, "time": 59.763420888026786}, "-22": {"optimal_thrust": 3456.040483172489, "impact_speed": 121.17751951796312, "time": 60.27822158535155}, "-21": {"optimal_thrust": 3445.6711690222205, "impact_speed": 120.90945282144368, "time": 60.80203103466357}, "-20": {"optimal_thrust": 3435.6329029364683, "impact_speed": 120.47260022536176, "time": 61.33481072311154}, "-19": {"optimal_thrust": 3425.9254888682126, "impact_speed": 119.85055122413159, "time": 61.87652728283808}, "-18": {"optimal_thrust": 3416.558716910285, "impact_speed": 119.02416247525885, "time": 62.427159947800426}, "-17": {"optimal_thrust": 3407.5515160458845,