{"-90": {"optimal_thrust": 4132.721963846641, "impact_speed": 62.931751443491315, "time": 43.73151893179396}, "-89": {"optimal_thrust": 4146.200210629943, "impact_speed": 60.827997202995135, "time": 43.733377560377164}, "-88": {"optimal_thrust": 4137.8758881248405, "impact_speed": 62.175043783699415, "time": 43.742354169264694}, "-87": {"optimal_thrust": 4190.089320572103, "impact_speed": 52.213734586878665, "time": 43.76204707735071}, "-86": {"optimal_thrust": 4236.788489629475, "impact_speed": 41.50009094246986, "time": 43.78183362696024}, "-85": {"optimal_thrust": 4302.142281000555, "impact_speed": 18.32646492736746, "time": 43.81217032483732}, "-84": {"optimal_thrust": 4298.346822838558, "impact_speed": 20.45891139560934, "time": 43.85109944373969}, "-83": {"optimal_thrust": 4226.624800950499, "impact_speed": 44.230377475461076, "time": 43.889063032883136}, "-82": {"optimal_thrust": 4106.799924173713, "impact_speed": 67.28661850849875, "time": 43.9356580946133}, "-81": {"optimal_thrust": 4127.148409057623, "impact_speed": 63.95988993815856, "time": 43.990085559933746}, "-80": {"optimal_thrust": 4128.111552899218, "impact_speed": 63.7969144602874, "time": 44.05125073311169}, "-79": {"optimal_thrust": 4128.522685153262, "impact_speed": 63.70103329393057, "time": 44.12037974506363}, "-78": {"optimal_thrust": 4122.211888957801, "impact_speed": 64.70804892218548, "time": 44.19283585170929}, "-77": {"optimal_thrust": 4115.765552492626, "impact_speed": 65.70364182561377, "time": 44.272689910240956}, "-76": {"optimal_thrust": 4110.088195894098, "impact_speed": 66.54748891841555, "time": 44.35574834969672}, "-75": {"optimal_thrust": 4105.695307907196, "impact_speed": 67.16851836141144, "time": 44.426975127197075}, "-74": {"optimal_thrust": 4102.13694045841, "impact_speed": 67.64906894749362, "time": 44.54405726786362}, "-73": {"optimal_thrust": 4098.645294376801, "impact_speed": 68.11588170422607, "time": 44.658186862472206}, "-72": {"optimal_thrust": 4094.644723941929, "impact_speed": 68.66004583663722, "time": 44.7748485444696}, "-71": {"optimal_thrust": 4065.6470734317886, "impact_speed": 72.91128691777709, "time": 44.896624365502824}, "-70": {"optimal_thrust": 4064.9671901081915, "impact_speed": 72.93927106215891, "time": 45.02466485621613}, "-69": {"optimal_thrust": 4063.327637634333, "impact_speed": 73.11170537748838, "time": 45.159315498909606}, "-68": {"optimal_thrust": 4060.7566458718793, "impact_speed": 73.42167872393274, "time": 45.30073503004298}, "-67": {"optimal_thrust": 4057.286423913515, "impact_speed": 73.86087940265473, "time": 45.44905659543296}, "-66": {"optimal_thrust": 4052.9508940398628, "impact_speed": 74.42015729136214, "time": 45.604343548055965}, "-65": {"optimal_thrust": 4047.782898077692, "impact_speed": 75.09013041135056, "time": 45.766923620366036}, "-64": {"optimal_thrust": 4041.8148514825616, "impact_speed": 75.86125872709637, "time": 45.93673124994723}, "-63": {"optimal_thrust": 4035.0779022856545, "impact_speed": 76.72410817945544, "time": 46.11386150205138}, "-62": {"optimal_thrust": 4027.6027611219906, "impact_speed": 77.66934839450946, "time": 46.299123222121494}, "-61": {"optimal_thrust": 4019.4178570324916, "impact_speed": 78.68810703265684, "time": 46.48908080273172}, "-60": {"optimal_thrust": 4010.5517577422866, "impact_speed": 79.77169561168424, "time": 46.684993824265575}, "-59": {"optimal_thrust": 4001.03249997869, "impact_speed": 80.91175811408523, "time": 46.88973583381126}, "-58": {"optimal_thrust": 3990.8867181154174, "impact_speed": 82.10042549532754, "time": 47.1022832222222}, "-57": {"optimal_thrust": 3980.1417246008664, "impact_speed": 83.33004720755176, "time": 47.32245571060404}, "-56": {"optimal_thrust": 3968.8241685936036, "impact_speed": 84.59338572533082, "time": 47.55020510701263}, "-55": {"optimal_thrust": 3956.9605330281843, "impact_speed": 85.88354553262734, "time": 47.785484865305094}, "-54": {"optimal_thrust": 3944.577692474671, "impact_speed": 87.19388648431952, "time": 48.028390333459235}, "-53": {"optimal_thrust": 3931.7022504212737, "impact_speed": 88.5180971482137, "time": 48.279016937637884}, "-52": {"optimal_thrust": 3918.3606886569223, "impact_speed": 89.85015275455528, "time": 48.53745289668122}, "-51": {"optimal_thrust": 3905.94855687213, "impact_speed": 90.97990285635072, "time": 48.803765572007315}, "-50": {"optimal_thrust": 3894.609185028129, "impact_speed": 91.83920942717839, "time": 49.07801599255994}, "-49": {"optimal_thrust": 3881.879246578402, "impact_speed": 92.7671683448855, "time": 49.360253796739386}, "-48": {"optimal_thrust": 3867.77977499174, "impact_speed": 93.74816555068752, "time": 49.650541255483695}, "-47": {"optimal_thrust": 3852.3314377982415, "impact_speed": 94.76299209634634, "time": 49.948943344740385}, "-46": {"optimal_thrust": 3835.5574929799327, "impact_speed": 95.84087962470973, "time": 50.255529022507545}, "-45": {"optimal_thrust": 3817.4807327384383, "impact_speed": 97.90712540637435, "time": 50.57037310320039}, "-44": {"optimal_thrust": 3798.126026469549, "impact_speed": 100.06277268306533, "time": 50.89355927842414}, "-43": {"optimal_thrust": 3777.51890224096, "impact_speed": 102.29903550927014, "time": 51.22518420447549}, "-42": {"optimal_thrust": 3755.6865283237985, "impact_speed": 104.60862539294334, "time": 51.56535758085177}, "-41": {"optimal_thrust": 3732.6565357997315, "impact_speed": 106.98465898766128, "time": 51.91416327117531}, "-40": {"optimal_thrust": 3708.4595778561225, "impact_speed": 109.42023939551531, "time": 52.271452515446335}, "-39": {"optimal_thrust": 3683.125953642628, "impact_speed": 111.90902847155924, "time": 52.636610069967865}, "-38": {"optimal_thrust": 3661.353188336215, "impact_speed": 113.86955243930697, "time": 53.00954862699383}, "-37": {"optimal_thrust": 3651.5643532814256, "impact_speed": 114.26491904479585, "time": 53.391056465720524}, "-36": {"optimal_thrust": 3641.565418748074, "impact_speed": 114.58408624410062, "time": 53.78149225181732}, "-35": {"optimal_thrust": 3627.8854515580397, "impact_speed": 115.36373746223848, "time": 54.180920407582626}, "-34": {"optimal_thrust": 3610.8914957028005, "impact_speed": 116.63005042288599, "time": 54.5893454977711}, "-33": {"optimal_thrust": 3598.5130730359383, "impact_speed": 117.15449362854396, "time": 55.006814028366044}, "-32": {"optimal_thrust": 3584.9927377505733, "impact_speed": 117.8220824253568, "time": 55.43330112563634}, "-31": {"optimal_thrust": 3571.605633917121, "impact_speed": 118.43528955619368, "time": 55.86882821761041}, "-30": {"optimal_thrust": 3558.348358917272, "impact_speed": 118.99472808537158, "time": 56.313411727593035}, "-29": {"optimal_thrust": 3545.2296207771697, "impact_speed": 119.4992280922371, "time": 56.76706721875875}, "-28": {"optimal_thrust": 3532.267257214455, "impact_speed": 119.94620829318211, "time": 57.22980438978406}, "-27": {"optimal_thrust": 3515.6506589720434, "impact_speed": 121.3056035234264, "time": 57.70161650659626}, "-26": {"optimal_thrust": 3503.346805349251, "impact_speed": 121.66794793503962, "time": 58.18257436619968}, "-25": {"optimal_thrust": 3491.39536465712, "impact_speed": 121.93323768734571, "time": 58.672652342270226}, "-24": {"optimal_thrust": 3479.8144315487984, "impact_speed": 122.08591193782591, "time": 59.171845897764626}, "-23": {"optimal_thrust": 3468.6034932818484, "impact_speed": 122.111357625651, "time": 59.68016055036555}, "-22": {"optimal_thrust": 3457.7497611529147, "impact_speed": 121.99615364711183, "time": 60.1975899633584}, "-21": {"optimal_thrust": 3447.2396762526178, "impact_speed": 121.72634766954017, "time": 60.72411359205547}, "-20": {"optimal_thrust": 3437.0650493465077, "impact_speed": 121.28671455580798, "time": 61.2596920777969}, "-19": {"optimal_thrust": 3427.226203358554, "impact_speed": 120.66030907553818, "time": 61.80430011210227}, "-18": {"optimal_thrust": 3417.7327943298264, "impact_speed": 119.82785088105744, "time": 62.357914743415144},