{"-90": {"optimal_thrust": 3338.0554954921417, "impact_speed": 6.494121989236502, "time": 69.78048757728041}, "-89": {"optimal_thrust": 3338.272764944172, "impact_speed": 6.12219950230897, "time": 69.77097836641036}, "-88": {"optimal_thrust": 3338.1882967163515, "impact_speed": 6.25794251744334, "time": 69.78227315891924}, "-87": {"optimal_thrust": 3338.7169686090315, "impact_speed": 5.2559131465877185, "time": 69.78594239613449}, "-86": {"optimal_thrust": 3339.190920828607, "impact_speed": 4.175541886099804, "time": 69.78928759776504}, "-85": {"optimal_thrust": 3339.8525778819935, "impact_speed": 1.8436499613980117, "time": 69.79456631574604}, "-84": {"optimal_thrust": 3339.813202168701, "impact_speed": 2.0631762658102124, "time": 69.80157838454967}, "-83": {"optimal_thrust": 3339.0856509521705, "impact_speed": 4.455984159603609, "time": 69.81147870711531}, "-82": {"optimal_thrust": 3337.8729282035893, "impact_speed": 6.773328703235105, "time": 69.81725469002173}, "-81": {"optimal_thrust": 3338.0787912558044, "impact_speed": 6.439004889734688, "time": 69.82662762592734}, "-80": {"optimal_thrust": 3338.088639398727, "impact_speed": 6.422451069941163, "time": 69.8299616487967}, "-79": {"optimal_thrust": 3338.0924528088353, "impact_speed": 6.41338678913435, "time": 69.83678908939235}, "-78": {"optimal_thrust": 3338.028558254067, "impact_speed": 6.514649350672143, "time": 69.86029310176012}, "-77": {"optimal_thrust": 3337.9628753365555, "impact_speed": 6.61543514707707, "time": 69.87707646945758}, "-76": {"optimal_thrust": 3337.9055780707363, "impact_speed": 6.699988137594459, "time": 69.89358644161734}, "-75": {"optimal_thrust": 3337.8610256677575, "impact_speed": 6.762551513119443, "time": 69.91118859567376}, "-74": {"optimal_thrust": 3337.8252600670526, "impact_speed": 6.8104603151461225, "time": 69.93034803201726}, "-73": {"optimal_thrust": 3337.7897453853616, "impact_speed": 6.8576530360511825, "time": 69.94808871410262}, "-72": {"optimal_thrust": 3337.749178563973, "impact_speed": 6.912467358020957, "time": 69.96789502211645}, "-71": {"optimal_thrust": 3337.4556344598336, "impact_speed": 7.33993275572332, "time": 69.989211370108}, "-70": {"optimal_thrust": 3337.448727791752, "impact_speed": 7.342774692940586, "time": 70.01165310612234}, "-69": {"optimal_thrust": 3337.4319491986193, "impact_speed": 7.360370784179753, "time": 70.03519922341745}, "-68": {"optimal_thrust": 3337.405521705947, "impact_speed": 7.392116149047286, "time": 70.05988882754177}, "-67": {"optimal_thrust": 3337.3707651929085, "impact_speed": 7.435731956095408, "time": 70.08586066267652}, "-66": {"optimal_thrust": 3337.326950223756, "impact_speed": 7.491856202869229, "time": 70.11307893548295}, "-65": {"optimal_thrust": 3337.274204792769, "impact_speed": 7.559834336228429, "time": 70.14154620579266}, "-64": {"optimal_thrust": 3337.2135646614634, "impact_speed": 7.6376846234429, "time": 70.17133995170198}, "-63": {"optimal_thrust": 3337.145463887919, "impact_speed": 7.724294934097567, "time": 70.20235393009678}, "-62": {"optimal_thrust": 3337.070002462343, "impact_speed": 7.819033297202548, "time": 70.23338210402079}, "-61": {"optimal_thrust": 3336.9868637863856, "impact_speed": 7.9218542324279655, "time": 70.26464581194256}, "-60": {"optimal_thrust": 3336.8972248488535, "impact_speed": 8.030639124985425, "time": 70.29713355115804}, "-59": {"optimal_thrust": 3336.800536092229, "impact_speed": 8.14570518822162, "time": 70.3309042821694}, "-58": {"optimal_thrust": 3336.6976122536953, "impact_speed": 8.265504301703682, "time": 70.3658705855034}, "-57": {"optimal_thrust": 3336.5888431179037, "impact_speed": 8.389115679730839, "time": 70.40196603372863}, "-56": {"optimal_thrust": 3336.4740728060983, "impact_speed": 8.516392668142146, "time": 70.43913664293117}, "-55": {"optimal_thrust": 3336.353978824948, "impact_speed": 8.646083618940558, "time": 70.47733249263149}, "-54": {"optimal_thrust": 3336.2281697124317, "impact_speed": 8.778426095617545, "time": 70.51655352790891}, "-53": {"optimal_thrust": 3336.0978513363843, "impact_speed": 8.91150553836221, "time": 70.55680808270473}, "-52": {"optimal_thrust": 3335.9627315287757, "impact_speed": 9.045479213286304, "time": 70.59803030215754}, "-51": {"optimal_thrust": 3335.8366492041246, "impact_speed": 9.15964231996723, "time": 70.64021932459103}, "-50": {"optimal_thrust": 3335.721789022278, "impact_speed": 9.246110556102753, "time": 70.68336919255897}, "-49": {"optimal_thrust": 3335.592550767438, "impact_speed": 9.340048241804263, "time": 70.72746298955641}, "-48": {"optimal_thrust": 3335.450066643044, "impact_speed": 9.438129424780156, "time": 70.77246662719324}, "-47": {"optimal_thrust": 3335.293584528311, "impact_speed": 9.540243738902348, "time": 70.81838135242623}, "-46": {"optimal_thrust": 3335.1235212974047, "impact_speed": 9.653591863901845, "time": 70.8651953219418}, "-45": {"optimal_thrust": 3334.9403034568054, "impact_speed": 9.85712254015565, "time": 70.91289600858462}, "-44": {"optimal_thrust": 3334.7439298505833, "impact_speed": 10.074443160402879, "time": 70.96147061821297}, "-43": {"optimal_thrust": 3334.5350482863582, "impact_speed": 10.299406485910458, "time": 71.0109061023948}, "-42": {"optimal_thrust": 3334.3137422553054, "impact_speed": 10.531854670538094, "time": 71.061189147571}, "-41": {"optimal_thrust": 3334.0802377813725, "impact_speed": 10.77111871320072, "time": 71.11230618388876}, "-40": {"optimal_thrust": 3333.8355945352705, "impact_speed": 10.975881019163925, "time": 71.16424339398829}, "-39": {"optimal_thrust": 3333.5788499009477, "impact_speed": 10.512645431351874, "time": 71.2169866853048}, "-38": {"optimal_thrust": 3333.3676471536482, "impact_speed": 10.196029698876869, "time": 71.2705223192748}, "-37": {"optimal_thrust": 3333.264209546996, "impact_speed": 10.296385796163845, "time": 71.32483635813577}, "-36": {"optimal_thrust": 3333.158833192976, "impact_speed": 10.38359191323407, "time": 71.37991283533853}, "-35": {"optimal_thrust": 3333.0198403929858, "impact_speed": 10.35868424727887, "time": 71.43573634319192}, "-34": {"optimal_thrust": 3332.8497281291443, "impact_speed": 10.25958551572397, "time": 71.49229158538326}, "-33": {"optimal_thrust": 3332.724771800098, "impact_speed": 10.32244601806287, "time": 71.54956379623937}, "-32": {"optimal_thrust": 3332.5885510051107, "impact_speed": 10.358868079125365, "time": 71.60753931474304}, "-31": {"optimal_thrust": 3332.453415199141, "impact_speed": 10.409349982684843, "time": 71.6662011585965}, "-30": {"optimal_thrust": 3332.318891720357, "impact_speed": 10.471734978482443, "time": 71.72553122556403}, "-29": {"optimal_thrust": 3332.1479960716406, "impact_speed": 10.422832206114009, "time": 71.78551243224356}, "-28": {"optimal_thrust": 3332.0373306235188, "impact_speed": 10.582549061622956, "time": 71.84612889831205}, "-27": {"optimal_thrust": 3331.925760530323, "impact_speed": 10.74541047468537, "time": 71.90736289211557}, "-26": {"optimal_thrust": 3331.8128060125446, "impact_speed": 10.909243777431167, "time": 71.96919712413403}, "-25": {"optimal_thrust": 3331.699028967289, "impact_speed": 11.07517159261735, "time": 72.03161412373986}, "-24": {"optimal_thrust": 3331.5836725313166, "impact_speed": 11.240431866375893, "time": 72.09460121647085}, "-23": {"optimal_thrust": 3331.467711228716, "impact_speed": 11.407376634428802, "time": 72.15814617520746}, "-22": {"optimal_thrust": 3331.3501348601076, "impact_speed": 11.572749407046839, "time": 72.2222295913202}, "-21": {"optimal_thrust": 3331.2319666151034, "impact_speed": 11.738970028551988, "time": 72.28683194021733}, "-20": {"optimal_thrust": 3331.1122085712345, "impact_speed": 11.903072195922128, "time": 72.35193358358599}, "-19": {"optimal_thrust": 3330.9919466172664, "impact_speed": 12.067517093674027, "time": 72.41751482042251}, "-18": {"optimal_thrust": 3330.870652473442, "impact_speed": 12.230653866208312, "time": 72.48355584862796}, "-17": {"optimal_thrust": 3330.748674838261,