{"-90": {"optimal_thrust": 4143.388490577744, "impact_speed": 63.38094014098588, "time": 43.591128909127015}, "-89": {"optimal_thrust": 4157.192410520562, "impact_speed": 61.23628610523577, "time": 43.59304355310545}, "-88": {"optimal_thrust": 4148.756301507042, "impact_speed": 62.59231740411892, "time": 43.60207687996755}, "-87": {"optimal_thrust": 4201.672940961152, "impact_speed": 52.564151093354496, "time": 43.62160065908995}, "-86": {"optimal_thrust": 4249.00068787461, "impact_speed": 41.77869279531261, "time": 43.64160938821313}, "-85": {"optimal_thrust": 4315.234732756718, "impact_speed": 18.44959351017834, "time": 43.67201230667215}, "-84": {"optimal_thrust": 4311.388442834644, "impact_speed": 20.596188835628737, "time": 43.711016314637}, "-83": {"optimal_thrust": 4238.700271363612, "impact_speed": 44.52726148065694, "time": 43.74905201881423}, "-82": {"optimal_thrust": 4117.261733093466, "impact_speed": 67.73821052928305, "time": 43.7957341912293}, "-81": {"optimal_thrust": 4137.884267693077, "impact_speed": 64.38915524347375, "time": 43.85026502686811}, "-80": {"optimal_thrust": 4138.8604567031325, "impact_speed": 64.22507370284711, "time": 43.911535827555326}, "-79": {"optimal_thrust": 4139.276886503697, "impact_speed": 64.12858903442192, "time": 43.98048426617555}, "-78": {"optimal_thrust": 4132.881025876529, "impact_speed": 65.14237435181367, "time": 44.05344391727095}, "-77": {"optimal_thrust": 4126.348358424664, "impact_speed": 66.14456974315544, "time": 44.13333473116721}, "-76": {"optimal_thrust": 4120.594316869063, "impact_speed": 66.9941162381751, "time": 44.216224908161415}, "-75": {"optimal_thrust": 4116.142137483033, "impact_speed": 67.61933389961605, "time": 44.289637992268794}, "-74": {"optimal_thrust": 4112.536058913611, "impact_speed": 68.10307632600427, "time": 44.406130016054846}, "-73": {"optimal_thrust": 4108.997532333407, "impact_speed": 68.57299970194235, "time": 44.520049654584895}, "-72": {"optimal_thrust": 4104.942968394874, "impact_speed": 69.12083380938506, "time": 44.63680389251454}, "-71": {"optimal_thrust": 4075.554344429718, "impact_speed": 73.40067107631924, "time": 44.75877500307954}, "-70": {"optimal_thrust": 4074.86564470601, "impact_speed": 73.42879375950402, "time": 44.887072301671054}, "-69": {"optimal_thrust": 4073.203760635483, "impact_speed": 73.6024217134446, "time": 45.02201599886916}, "-68": {"optimal_thrust": 4070.5984965230696, "impact_speed": 73.914424073725, "time": 45.16377609939613}, "-67": {"optimal_thrust": 4067.081513657708, "impact_speed": 74.3565759838495, "time": 45.312412140944275}, "-66": {"optimal_thrust": 4062.687599155295, "impact_speed": 74.9196066449764, "time": 45.468081089531125}, "-65": {"optimal_thrust": 4057.4499540780344, "impact_speed": 75.59408308483894, "time": 45.63106511433619}, "-64": {"optimal_thrust": 4051.401704604836, "impact_speed": 76.3703619971815, "time": 45.80129254226382}, "-63": {"optimal_thrust": 4044.5739987668812, "impact_speed": 77.23900606094814, "time": 45.97888676200202}, "-62": {"optimal_thrust": 4036.997984595353, "impact_speed": 78.19061833693274, "time": 46.164724000163005}, "-61": {"optimal_thrust": 4028.7026359266897, "impact_speed": 79.21624378069897, "time": 46.354749357329815}, "-60": {"optimal_thrust": 4019.717319552701, "impact_speed": 80.30707820498534, "time": 46.55132931294223}, "-59": {"optimal_thrust": 4010.069951607435, "impact_speed": 81.45477921193661, "time": 46.75665817515763}, "-58": {"optimal_thrust": 3999.78743836849, "impact_speed": 82.65143651498238, "time": 46.96979050736509}, "-57": {"optimal_thrust": 3988.8978171591243, "impact_speed": 83.88929922101825, "time": 47.1905684145526}, "-56": {"optimal_thrust": 3977.4277218740704, "impact_speed": 85.16113231918658, "time": 47.41894922379407}, "-55": {"optimal_thrust": 3965.404464902798, "impact_speed": 86.45992961845634, "time": 47.65489024671401}, "-54": {"optimal_thrust": 3952.8546958227744, "impact_speed": 87.7790863895738, "time": 47.89849294600116}, "-53": {"optimal_thrust": 3939.8060453026173, "impact_speed": 89.11215726870998, "time": 48.14985690380309}, "-52": {"optimal_thrust": 3926.2847529989053, "impact_speed": 90.45315928245594, "time": 48.40906645930716}, "-51": {"optimal_thrust": 3913.7051798000916, "impact_speed": 91.59053161492787, "time": 48.67619018215634}, "-50": {"optimal_thrust": 3902.2132205223497, "impact_speed": 92.4555869335445, "time": 48.951290482001625}, "-49": {"optimal_thrust": 3889.3118091043925, "impact_speed": 93.38978024189228, "time": 49.234418443955356}, "-48": {"optimal_thrust": 3875.022127244709, "impact_speed": 94.3774460164751, "time": 49.52563800229809}, "-47": {"optimal_thrust": 3859.366039571839, "impact_speed": 95.3990243311104, "time": 49.8250159427474}, "-46": {"optimal_thrust": 3842.3663386007643, "impact_speed": 96.48364247048374, "time": 50.13262320171445}, "-45": {"optimal_thrust": 3824.0462091584727, "impact_speed": 98.5641513301975, "time": 50.448536830620924}, "-44": {"optimal_thrust": 3804.430689749329, "impact_speed": 100.73433313732262, "time": 50.77284314113236}, "-43": {"optimal_thrust": 3783.5456548252128, "impact_speed": 102.9856823672255, "time": 51.105641874397904}, "-42": {"optimal_thrust": 3761.419586572037, "impact_speed": 105.31070174255395, "time": 51.447045436597655}, "-41": {"optimal_thrust": 3738.0797253378364, "impact_speed": 107.70263600636254, "time": 51.797133406069534}, "-40": {"optimal_thrust": 3713.556581052556, "impact_speed": 110.15460871336143, "time": 52.15572502115288}, "-39": {"optimal_thrust": 3687.8818682642623, "impact_speed": 112.66008766095015, "time": 52.52218431131492}, "-38": {"optimal_thrust": 3665.81585105599, "impact_speed": 114.63377218022629, "time": 52.89651357156158}, "-37": {"optimal_thrust": 3655.8949452059633, "impact_speed": 115.03182346052978, "time": 53.27952149338296}, "-36": {"optimal_thrust": 3645.7615740896754, "impact_speed": 115.35310175576137, "time": 53.67153295189828}, "-35": {"optimal_thrust": 3631.8975322792376, "impact_speed": 116.13795935219794, "time": 54.072600494365055}, "-34": {"optimal_thrust": 3614.674612854691, "impact_speed": 117.41278495254983, "time": 54.48272823731571}, "-33": {"optimal_thrust": 3602.1291921642187, "impact_speed": 117.94079582253602, "time": 54.90196509883779}, "-32": {"optimal_thrust": 3588.426513074629, "impact_speed": 118.6129139507088, "time": 55.33028818002345}, "-31": {"optimal_thrust": 3574.8596838450244, "impact_speed": 119.23012969240101, "time": 55.76772113092438}, "-30": {"optimal_thrust": 3561.4235250136608, "impact_speed": 119.79339346438505, "time": 56.21428236513594}, "-29": {"optimal_thrust": 3548.128066291668, "impact_speed": 120.30129316760515, "time": 56.66998896949751}, "-28": {"optimal_thrust": 3534.991293843828, "impact_speed": 120.7512352639591, "time": 57.13485280752474}, "-27": {"optimal_thrust": 3518.1512225383385, "impact_speed": 122.11967529801925, "time": 57.608869936697225}, "-26": {"optimal_thrust": 3505.681656522526, "impact_speed": 122.48444673472217, "time": 58.09211306314418}, "-25": {"optimal_thrust": 3493.5689116974127, "impact_speed": 122.75161276728922, "time": 58.58455475981406}, "-24": {"optimal_thrust": 3481.832238604952, "impact_speed": 122.90523660676304, "time": 59.08619583824467}, "-23": {"optimal_thrust": 3470.470043906135, "impact_speed": 122.93095417862561, "time": 59.597042919936335}, "-22": {"optimal_thrust": 3459.470423364813, "impact_speed": 122.81484937597776, "time": 60.11709021970158}, "-21": {"optimal_thrust": 3448.818798786178, "impact_speed": 122.54321167563889, "time": 60.64631657260311}, "-20": {"optimal_thrust": 3438.506919051032, "impact_speed": 122.10076941848186, "time": 61.184684709175464}, "-19": {"optimal_thrust": 3428.535614627869, "impact_speed": 121.47012680262141, "time": 61.7321744187931}, "-18": {"optimal_thrust": 3418.9140955534185, "impact_speed": 120.63241023786983, "time": 62.2887615547419}, "-17": {"optimal_thrust": 3409.661808416653,