{"-90": {"optimal_thrust": 4154.117630581948, "impact_speed": 63.831421057729195, "time": 43.45140668299874}, "-89": {"optimal_thrust": 4168.258290705018, "impact_speed": 61.64454789048684, "time": 43.45338708689221}, "-88": {"optimal_thrust": 4159.709092186669, "impact_speed": 63.00965860463849, "time": 43.46246420788858}, "-87": {"optimal_thrust": 4213.334155392204, "impact_speed": 52.914545252901384, "time": 43.481831543535115}, "-86": {"optimal_thrust": 4261.29494598182, "impact_speed": 42.057199188736064, "time": 43.50204987126417}, "-85": {"optimal_thrust": 4328.414936490691, "impact_speed": 18.572618180139223, "time": 43.5325171702135}, "-84": {"optimal_thrust": 4324.517337456172, "impact_speed": 20.733445880194434, "time": 43.57159441300088}, "-83": {"optimal_thrust": 4250.856813184956, "impact_speed": 44.82407359271914, "time": 43.60970205268714}, "-82": {"optimal_thrust": 4127.793746050183, "impact_speed": 68.18976705004663, "time": 43.65646876146335}, "-81": {"optimal_thrust": 4148.6919496383625, "impact_speed": 64.81841860986628, "time": 43.71110092338423}, "-80": {"optimal_thrust": 4149.681261489188, "impact_speed": 64.65323267320396, "time": 43.77249278822594}, "-79": {"optimal_thrust": 4150.103501780198, "impact_speed": 64.55606503739331, "time": 43.841312752048154}, "-78": {"optimal_thrust": 4143.622063369963, "impact_speed": 65.57661226888263, "time": 43.91468310362157}, "-77": {"optimal_thrust": 4137.001721424528, "impact_speed": 66.58553490487695, "time": 43.994613399948946}, "-76": {"optimal_thrust": 4131.170917427609, "impact_speed": 67.44071125785928, "time": 44.07730290510244}, "-75": {"optimal_thrust": 4126.658812220977, "impact_speed": 68.07015450893708, "time": 44.15285256495779}, "-74": {"optimal_thrust": 4123.004903760538, "impact_speed": 68.55705787240571, "time": 44.26878690244939}, "-73": {"optimal_thrust": 4119.418511714189, "impact_speed": 69.03019569420898, "time": 44.38252236077687}, "-72": {"optimal_thrust": 4115.30967225514, "impact_speed": 69.58168701955833, "time": 44.49937408200673}, "-71": {"optimal_thrust": 4085.5282169791285, "impact_speed": 73.89000714643565, "time": 44.62154054136503}, "-70": {"optimal_thrust": 4084.8304265449424, "impact_speed": 73.91829962415176, "time": 44.7500916622149}, "-69": {"optimal_thrust": 4083.1466044799627, "impact_speed": 74.0930425895647, "time": 44.885323723230364}, "-68": {"optimal_thrust": 4080.5058439468803, "impact_speed": 74.40721785380705, "time": 45.02739571175334}, "-67": {"optimal_thrust": 4076.941784382358, "impact_speed": 74.85232128720651, "time": 45.17636331187918}, "-66": {"optimal_thrust": 4072.489287785591, "impact_speed": 75.41907686808818, "time": 45.332409912792215}, "-65": {"optimal_thrust": 4067.181480335486, "impact_speed": 76.0980632293365, "time": 45.49579015397231}, "-64": {"optimal_thrust": 4061.052077826433, "impact_speed": 76.87955134041692, "time": 45.66643047999284}, "-63": {"optimal_thrust": 4054.133615244813, "impact_speed": 77.75390399921288, "time": 45.84448463190462}, "-62": {"optimal_thrust": 4046.455973344642, "impact_speed": 78.71189931971035, "time": 46.03088162002097}, "-61": {"optimal_thrust": 4038.050104110542, "impact_speed": 79.74429945087495, "time": 46.22098896238127}, "-60": {"optimal_thrust": 4028.944271076407, "impact_speed": 80.84244955948995, "time": 46.418218097768296}, "-59": {"optimal_thrust": 4019.1676008402796, "impact_speed": 81.99783502581002, "time": 46.624120828990335}, "-58": {"optimal_thrust": 4008.7478123803967, "impact_speed": 83.20243160578477, "time": 46.837829246098}, "-57": {"optimal_thrust": 3997.712642387617, "impact_speed": 84.44852917358686, "time": 47.059203268100944}, "-56": {"optimal_thrust": 3986.0891770160088, "impact_speed": 85.72883116907222, "time": 47.28820608406661}, "-55": {"optimal_thrust": 3973.9049259110798, "impact_speed": 87.03630731181201, "time": 47.52479947123459}, "-54": {"optimal_thrust": 3961.187323143213, "impact_speed": 88.3642509461637, "time": 47.76909062100229}, "-53": {"optimal_thrust": 3947.9637566780902, "impact_speed": 89.70625735280389, "time": 48.021182271536986}, "-52": {"optimal_thrust": 3934.2618560378996, "impact_speed": 91.05616102111829, "time": 48.28115551395891}, "-51": {"optimal_thrust": 3921.5139362953455, "impact_speed": 92.20112374526482, "time": 48.54908014922075}, "-50": {"optimal_thrust": 3909.8680939592377, "impact_speed": 93.07196843769829, "time": 48.82501998536743}, "-49": {"optimal_thrust": 3896.7939881612288, "impact_speed": 94.01241079260686, "time": 49.10902757214123}, "-48": {"optimal_thrust": 3882.313656901277, "impact_speed": 95.00654315472038, "time": 49.401168522034084}, "-47": {"optimal_thrust": 3866.447985941497, "impact_speed": 96.03492531024678, "time": 49.70151143092273}, "-46": {"optimal_thrust": 3849.2207709663226, "impact_speed": 97.12609923218767, "time": 50.01012923136757}, "-45": {"optimal_thrust": 3830.655121250044, "impact_speed": 99.22139227096305, "time": 50.327101223092804}, "-44": {"optimal_thrust": 3810.777495623749, "impact_speed": 101.4059013658183, "time": 50.6525163607061}, "-43": {"optimal_thrust": 3789.613227172002, "impact_speed": 103.67222510799985, "time": 50.986477471367074}, "-42": {"optimal_thrust": 3767.1907764739076, "impact_speed": 106.01281530358776, "time": 51.32909952918836}, "-41": {"optimal_thrust": 3743.538728507349, "impact_speed": 108.420683465416, "time": 51.68045693492246}, "-40": {"optimal_thrust": 3718.687736943915, "impact_speed": 110.88896984596592, "time": 52.04033535592745}, "-39": {"optimal_thrust": 3692.6693732815766, "impact_speed": 113.4111752418416, "time": 52.40808509661567}, "-38": {"optimal_thrust": 3670.308263024973, "impact_speed": 115.3980044787679, "time": 52.783798781470814}, "-37": {"optimal_thrust": 3660.2550242246953, "impact_speed": 115.79865854356648, "time": 53.16829669936956}, "-36": {"optimal_thrust": 3649.9856767522047, "impact_speed": 116.12213497394373, "time": 53.56187157397573}, "-35": {"optimal_thrust": 3635.936286527939, "impact_speed": 116.91220680830264, "time": 53.96456584282568}, "-34": {"optimal_thrust": 3618.482799030896, "impact_speed": 118.1955571321328, "time": 54.37638361810942}, "-33": {"optimal_thrust": 3605.7699367398163, "impact_speed": 118.72702351540306, "time": 54.79737630477109}, "-32": {"optimal_thrust": 3591.8839567289633, "impact_speed": 119.40361723334681, "time": 55.227522973179205}, "-31": {"optimal_thrust": 3578.135227607686, "impact_speed": 120.02502384339734, "time": 55.66684948658659}, "-30": {"optimal_thrust": 3564.5197297348946, "impact_speed": 120.59195731031242, "time": 56.11537626611993}, "-29": {"optimal_thrust": 3551.046344398994, "impact_speed": 121.10325197623372, "time": 56.573121861836924}, "-28": {"optimal_thrust": 3537.73380948371, "impact_speed": 121.55619383082937, "time": 57.04010057610658}, "-27": {"optimal_thrust": 3520.668289757725, "impact_speed": 122.93380115934592, "time": 57.516311051612725}, "-26": {"optimal_thrust": 3508.031727059006, "impact_speed": 123.30105231855717, "time": 58.00182787162009}, "-25": {"optimal_thrust": 3495.757232751506, "impact_speed": 123.56991710155486, "time": 58.49662170007484}, "-24": {"optimal_thrust": 3483.8632263627774, "impact_speed": 123.72467004988411, "time": 59.00069923958281}, "-23": {"optimal_thrust": 3472.349383339204, "impact_speed": 123.75042880722692, "time": 59.514067832796556}, "-22": {"optimal_thrust": 3461.202341221684, "impact_speed": 123.63366701192595, "time": 60.036722186760755}, "-21": {"optimal_thrust": 3450.4083462891167, "impact_speed": 123.3601569925013, "time": 60.568640389362294}, "-20": {"optimal_thrust": 3439.958700359185, "impact_speed": 122.91462729437146, "time": 61.109788521167516}, "-19": {"optimal_thrust": 3429.8537896717007, "impact_speed": 122.27993949954669, "time": 61.660150119127394}, "-18": {"optimal_thrust": 3420.1038431961747, "impact_speed": 121.4362794818134, "time": 62.21970031862426}, "-17": {"optimal_thrust": 3410.72747705336,