{"-90": {"optimal_thrust": 4164.909066648517, "impact_speed": 64.2832190941562, "time": 43.31234896167772}, "-89": {"optimal_thrust": 4179.397851183312, "impact_speed": 62.05278309397859, "time": 43.314441358721275}, "-88": {"optimal_thrust": 4170.735127560971, "impact_speed": 63.42692109793502, "time": 43.32351318841454}, "-87": {"optimal_thrust": 4225.072489595761, "impact_speed": 53.26501214055188, "time": 43.3427365610762}, "-86": {"optimal_thrust": 4273.670750693346, "impact_speed": 42.33574182347636, "time": 43.36315197707303}, "-85": {"optimal_thrust": 4341.682696155456, "impact_speed": 18.69565433176744, "time": 43.39368184873804}, "-84": {"optimal_thrust": 4337.733435283127, "impact_speed": 20.8707197354065, "time": 43.432830654648434}, "-83": {"optimal_thrust": 4263.094033442274, "impact_speed": 45.12090877889942, "time": 43.47101009643503}, "-82": {"optimal_thrust": 4138.395366771332, "impact_speed": 68.64138200370455, "time": 43.51785878514346}, "-81": {"optimal_thrust": 4159.57145489348, "impact_speed": 65.24768007560466, "time": 43.57259021578857}, "-80": {"optimal_thrust": 4160.57400812135, "impact_speed": 65.08138465155034, "time": 43.634135523888695}, "-79": {"optimal_thrust": 4161.001427108774, "impact_speed": 64.98364476385402, "time": 43.702836267592076}, "-78": {"optimal_thrust": 4154.434171447541, "impact_speed": 66.01089880574914, "time": 43.77655809986741}, "-77": {"optimal_thrust": 4147.725682729815, "impact_speed": 67.02653001105759, "time": 43.85652262512728}, "-76": {"optimal_thrust": 4141.817363148264, "impact_speed": 67.88737415042542, "time": 43.93898129352816}, "-75": {"optimal_thrust": 4137.245453284749, "impact_speed": 68.52096127815314, "time": 44.01662086851056}, "-74": {"optimal_thrust": 4133.543003391483, "impact_speed": 69.01108678090824, "time": 44.13202820012214}, "-73": {"optimal_thrust": 4129.909294657975, "impact_speed": 69.48730544937494, "time": 44.24560354128469}, "-72": {"optimal_thrust": 4125.745631012048, "impact_speed": 70.04248314171069, "time": 44.36255710532272}, "-71": {"optimal_thrust": 4095.568340197806, "impact_speed": 74.37934621583491, "time": 44.48491865615217}, "-70": {"optimal_thrust": 4094.86122039015, "impact_speed": 74.40783414963087, "time": 44.61372047108493}, "-69": {"optimal_thrust": 4093.155066260783, "impact_speed": 74.58372803397972, "time": 44.749236167591924}, "-68": {"optimal_thrust": 4090.4793225647863, "impact_speed": 74.8999682141956, "time": 44.891614497363506}, "-67": {"optimal_thrust": 4086.8679458310035, "impact_speed": 75.34801291295811, "time": 45.040907684137906}, "-66": {"optimal_thrust": 4082.356157768188, "impact_speed": 75.91853938380164, "time": 45.197327483617386}, "-65": {"optimal_thrust": 4076.9777940607833, "impact_speed": 76.60202537697384, "time": 45.361096331607506}, "-64": {"optimal_thrust": 4070.767281847442, "impact_speed": 77.3886405835325, "time": 45.532142831783574}, "-63": {"optimal_thrust": 4063.756401790404, "impact_speed": 78.26885089890476, "time": 45.71065319414699}, "-62": {"optimal_thrust": 4055.9770126247786, "impact_speed": 79.23315155628754, "time": 45.897585584699385}, "-61": {"optimal_thrust": 4047.45896201127, "impact_speed": 80.27245453838478, "time": 46.08779797977487}, "-60": {"optimal_thrust": 4038.2324478638366, "impact_speed": 81.37783236775508, "time": 46.28565740581195}, "-59": {"optimal_thrust": 4028.3260509362817, "impact_speed": 82.54084299334363, "time": 46.492121614339176}, "-58": {"optimal_thrust": 4017.7674329091487, "impact_speed": 83.7534660481506, "time": 46.706397417646}, "-57": {"optimal_thrust": 4006.5857777102433, "impact_speed": 85.00779431708065, "time": 46.92835838045932}, "-56": {"optimal_thrust": 3994.807598870639, "impact_speed": 86.29660876239072, "time": 47.157973889088794}, "-55": {"optimal_thrust": 3982.461598464044, "impact_speed": 87.61272144434484, "time": 47.39521082122854}, "-54": {"optimal_thrust": 3969.575164390815, "impact_speed": 88.94943629843411, "time": 47.640181677985666}, "-53": {"optimal_thrust": 3956.175776560589, "impact_speed": 90.30034303842173, "time": 47.892991427476176}, "-52": {"optimal_thrust": 3942.2915789375443, "impact_speed": 91.65921627680983, "time": 48.15371851077085}, "-51": {"optimal_thrust": 3929.3744350899847, "impact_speed": 92.81173670359595, "time": 48.42243399203452}, "-50": {"optimal_thrust": 3917.573879227771, "impact_speed": 93.68834206869667, "time": 48.69920309255595}, "-49": {"optimal_thrust": 3904.326200376958, "impact_speed": 94.63498174996687, "time": 48.98407984121287}, "-48": {"optimal_thrust": 3889.6533371214805, "impact_speed": 95.63571461139803, "time": 49.27713153514386}, "-47": {"optimal_thrust": 3873.5768620677527, "impact_speed": 96.67088352056375, "time": 49.57842859775504}, "-46": {"optimal_thrust": 3856.12030011411, "impact_speed": 97.77162247430701, "time": 49.88804596209669}, "-45": {"optimal_thrust": 3837.3083497465723, "impact_speed": 99.87845334328631, "time": 50.20606519656298}, "-44": {"optimal_thrust": 3817.166443810395, "impact_speed": 102.0774772899673, "time": 50.53257790215947}, "-43": {"optimal_thrust": 3795.7210853456604, "impact_speed": 104.35877418009859, "time": 50.867690001962636}, "-42": {"optimal_thrust": 3773.0005915938177, "impact_speed": 106.71488101611703, "time": 51.21151889361158}, "-41": {"optimal_thrust": 3749.0342546130423, "impact_speed": 109.1386929236492, "time": 51.56413287275717}, "-40": {"optimal_thrust": 3723.8531702209625, "impact_speed": 111.62330585145332, "time": 51.92528277420176}, "-39": {"optimal_thrust": 3697.488802539478, "impact_speed": 114.16224827026377, "time": 52.29431243551871}, "-38": {"optimal_thrust": 3674.8305342217886, "impact_speed": 116.16223558707182, "time": 52.67140390528266}, "-37": {"optimal_thrust": 3664.6436343001487, "impact_speed": 116.56555200214014, "time": 53.05738139870011}, "-36": {"optimal_thrust": 3654.2379227826787, "impact_speed": 116.89115701227168, "time": 53.45250741054574}, "-35": {"optimal_thrust": 3640.001714483859, "impact_speed": 117.68647929825455, "time": 53.85681580030767}, "-34": {"optimal_thrust": 3622.3163712726996, "impact_speed": 118.97831614937813, "time": 54.270311055599194}, "-33": {"optimal_thrust": 3609.43472384581, "impact_speed": 119.51327655426545, "time": 54.693047117674496}, "-32": {"optimal_thrust": 3595.3642260955853, "impact_speed": 120.19434754823729, "time": 55.12500502982784}, "-31": {"optimal_thrust": 3581.4327093648008, "impact_speed": 120.81988373939859, "time": 55.56621286629754}, "-30": {"optimal_thrust": 3567.636142474708, "impact_speed": 121.39059977927475, "time": 56.016693047455135}, "-29": {"optimal_thrust": 3553.9834182512973, "impact_speed": 121.90535172018569, "time": 56.476465566767594}, "-28": {"optimal_thrust": 3540.4943004942793, "impact_speed": 122.36121773945159, "time": 56.94554740579435}, "-27": {"optimal_thrust": 3523.2021754755224, "impact_speed": 123.74790457164515, "time": 57.423939588355914}, "-26": {"optimal_thrust": 3510.3975984066456, "impact_speed": 124.11760836399361, "time": 57.911718549166636}, "-25": {"optimal_thrust": 3497.9601387473267, "impact_speed": 124.38820840911072, "time": 58.40885297624419}, "-24": {"optimal_thrust": 3485.9078330005736, "impact_speed": 124.54406083892522, "time": 58.91535593137463}, "-23": {"optimal_thrust": 3474.2410050702188, "impact_speed": 124.56998541854983, "time": 59.431235115083375}, "-22": {"optimal_thrust": 3462.9457719223888, "impact_speed": 124.45248188959424, "time": 59.95648570054212}, "-21": {"optimal_thrust": 3452.0083188321646, "impact_speed": 124.17718197471986, "time": 60.49108525451097}, "-20": {"optimal_thrust": 3441.4198206273354, "impact_speed": 123.72871108789977, "time": 61.03500341175926}, "-19": {"optimal_thrust": 3431.180723550439, "impact_speed": 123.08975193253092, "time": 61.58822712859322}, "-18": {"optimal_thrust": 3421.3010731055033, "impact_speed": 122.24068164583623, "time": 62.15073095471094}, "-17": {"optimal_thrust": 3411.8002441553654,