{"-90": {"optimal_thrust": 4175.762798777451, "impact_speed": 64.73630654449747, "time": 43.17395252434868}, "-89": {"optimal_thrust": 4190.610974187821, "impact_speed": 62.46101248215922, "time": 43.17615210615914}, "-88": {"optimal_thrust": 4181.833894862807, "impact_speed": 63.844191557340245, "time": 43.185220843335564}, "-87": {"optimal_thrust": 4236.888456307252, "impact_speed": 53.615448689645014, "time": 43.20431218856301}, "-86": {"optimal_thrust": 4286.12841921993, "impact_speed": 42.614240282223896, "time": 43.22491261388682}, "-85": {"optimal_thrust": 4355.038207798032, "impact_speed": 18.81858913783121, "time": 43.25550328086824}, "-84": {"optimal_thrust": 4351.036806954006, "impact_speed": 21.007973908632454, "time": 43.29472195136448}, "-83": {"optimal_thrust": 4275.412324384187, "impact_speed": 45.417673820893256, "time": 43.332973119327214}, "-82": {"optimal_thrust": 4149.06719090252, "impact_speed": 69.09296171900141, "time": 43.379901249789}, "-81": {"optimal_thrust": 4170.522466247692, "impact_speed": 65.67699147480964, "time": 43.434729874212074}, "-80": {"optimal_thrust": 4171.538696114923, "impact_speed": 65.50952985422715, "time": 43.49643141240226}, "-79": {"optimal_thrust": 4171.971767007873, "impact_speed": 65.41114537608628, "time": 43.56504144309633}, "-78": {"optimal_thrust": 4165.317630138602, "impact_speed": 66.44518795870952, "time": 43.639058471609054}, "-77": {"optimal_thrust": 4158.5206368774925, "impact_speed": 67.46749207847009, "time": 43.71905919339132}, "-76": {"optimal_thrust": 4152.534288452502, "impact_speed": 68.33400470013557, "time": 43.80125904353259}, "-75": {"optimal_thrust": 4147.902334367289, "impact_speed": 68.97171226448123, "time": 43.880944643208124}, "-74": {"optimal_thrust": 4144.15075213855, "impact_speed": 69.46510174544461, "time": 43.99585398896847}, "-73": {"optimal_thrust": 4140.468819025936, "impact_speed": 69.94449228730153, "time": 44.109291654803}, "-72": {"optimal_thrust": 4136.250330943476, "impact_speed": 70.50330094983036, "time": 44.226350898016506}, "-71": {"optimal_thrust": 4105.675030849731, "impact_speed": 74.86864325820763, "time": 44.34890699839628}, "-70": {"optimal_thrust": 4104.958383805096, "impact_speed": 74.89734588336768, "time": 44.477956252079835}, "-69": {"optimal_thrust": 4103.229342024961, "impact_speed": 75.07444885351651, "time": 44.6137508285263}, "-68": {"optimal_thrust": 4100.518496062141, "impact_speed": 75.39273810887246, "time": 44.756429977319854}, "-67": {"optimal_thrust": 4096.859767781732, "impact_speed": 75.84368460238073, "time": 44.906042830648204}, "-66": {"optimal_thrust": 4092.2880539652338, "impact_speed": 76.41801628498703, "time": 45.06283127462899}, "-65": {"optimal_thrust": 4086.8389719941347, "impact_speed": 77.10595908331356, "time": 45.22698124929918}, "-64": {"optimal_thrust": 4080.5462020147925, "impact_speed": 77.89778754572441, "time": 45.39842736311669}, "-63": {"optimal_thrust": 4073.442708332701, "impact_speed": 78.7837972139047, "time": 45.577390540209386}, "-62": {"optimal_thrust": 4065.5607848013647, "impact_speed": 79.7544193823794, "time": 45.764823890811826}, "-61": {"optimal_thrust": 4056.9304331860294, "impact_speed": 80.80053976378998, "time": 45.95517383507425}, "-60": {"optimal_thrust": 4047.582134253643, "impact_speed": 81.91318780665445, "time": 46.153644562903786}, "-59": {"optimal_thrust": 4037.5446986363836, "impact_speed": 83.08388539479431, "time": 46.36065845990405}, "-58": {"optimal_thrust": 4026.8470238741, "impact_speed": 84.30444200076816, "time": 46.57549300899743}, "-57": {"optimal_thrust": 4015.5172533347354, "impact_speed": 85.56708992655408, "time": 46.79803185872519}, "-56": {"optimal_thrust": 4003.583847596974, "impact_speed": 86.8643488322655, "time": 47.02825085042291}, "-55": {"optimal_thrust": 3991.074753981744, "impact_speed": 88.18913504286223, "time": 47.26612258025466}, "-54": {"optimal_thrust": 3978.018311904006, "impact_speed": 89.53462963416509, "time": 47.51176443779439}, "-53": {"optimal_thrust": 3964.4417593799158, "impact_speed": 90.89446152554622, "time": 47.76528275468109}, "-52": {"optimal_thrust": 3950.3747795506843, "impact_speed": 92.26220555134586, "time": 48.02675390514739}, "-51": {"optimal_thrust": 3937.2870679167413, "impact_speed": 93.42231365206099, "time": 48.29625023256141}, "-50": {"optimal_thrust": 3925.330501983302, "impact_speed": 94.30471976812805, "time": 48.57383839230542}, "-49": {"optimal_thrust": 3911.9078326311173, "impact_speed": 95.25760814205584, "time": 48.85957390570012}, "-48": {"optimal_thrust": 3897.0413154266826, "impact_speed": 96.26492267401893, "time": 49.1535257665658}, "-47": {"optimal_thrust": 3880.7525699538674, "impact_speed": 97.30694148003688, "time": 49.45576623201609}, "-46": {"optimal_thrust": 3863.065952866663, "impact_speed": 98.41321896544979, "time": 49.76637225020833}, "-45": {"optimal_thrust": 3844.0053810942527, "impact_speed": 100.53556436094509, "time": 50.085427658483574}, "-44": {"optimal_thrust": 3823.597800858232, "impact_speed": 102.7489905043004, "time": 50.413026729705344}, "-43": {"optimal_thrust": 3801.86930158783, "impact_speed": 105.04531488947367, "time": 50.74927847340434}, "-42": {"optimal_thrust": 3778.8489077982053, "impact_speed": 107.41692088792502, "time": 51.094302560074496}, "-41": {"optimal_thrust": 3754.566107607898, "impact_speed": 109.85669452091764, "time": 51.44816023994855}, "-40": {"optimal_thrust": 3729.0526314250537, "impact_speed": 112.35765121623699, "time": 51.81056658877015}, "-39": {"optimal_thrust": 3702.340335450822, "impact_speed": 114.91328440290985, "time": 52.18086629448137}, "-38": {"optimal_thrust": 3679.383068192993, "impact_speed": 116.92641631638699, "time": 52.55932852331298}, "-37": {"optimal_thrust": 3669.0611477995244, "impact_speed": 117.3324538050915, "time": 52.94677489861268}, "-36": {"optimal_thrust": 3656.794132048206, "impact_speed": 117.89962133975348, "time": 53.343430251014794}, "-35": {"optimal_thrust": 3644.0943852873943, "impact_speed": 118.4606890148581, "time": 53.74934972298318}, "-34": {"optimal_thrust": 3626.175343083755, "impact_speed": 119.7610601437584, "time": 54.16450996826095}, "-33": {"optimal_thrust": 3613.1232492019108, "impact_speed": 120.29960545904537, "time": 54.58897701437517}, "-32": {"optimal_thrust": 3598.8673333239917, "impact_speed": 120.985102177595, "time": 55.022733882562385}, "-31": {"optimal_thrust": 3584.752129116368, "impact_speed": 121.61471005195078, "time": 55.46581085109283}, "-30": {"optimal_thrust": 3570.7732184756856, "impact_speed": 122.18922232521861, "time": 55.91823233504675}, "-29": {"optimal_thrust": 3556.940324696429, "impact_speed": 122.70734613387364, "time": 56.38001977103621}, "-28": {"optimal_thrust": 3543.2730842091137, "impact_speed": 123.16622283386423, "time": 56.85119301085886}, "-27": {"optimal_thrust": 3525.7525649962463, "impact_speed": 124.5620609149112, "time": 57.33175527893623}, "-26": {"optimal_thrust": 3512.7789448311246, "impact_speed": 124.93420167071574, "time": 57.82178392870398}, "-25": {"optimal_thrust": 3500.177433637859, "impact_speed": 125.20654496549525, "time": 58.32124839937944}, "-24": {"optimal_thrust": 3487.9664509294485, "impact_speed": 125.3632769948839, "time": 58.830165740402364}, "-23": {"optimal_thrust": 3476.145226394095, "impact_speed": 125.38949700315612, "time": 59.34854459735975}, "-22": {"optimal_thrust": 3464.701032600087, "impact_speed": 125.2711443015716, "time": 59.876380598732545}, "-21": {"optimal_thrust": 3453.6189065369144, "impact_speed": 124.99417510085038, "time": 60.413651041253466}, "-20": {"optimal_thrust": 3442.890597001204, "impact_speed": 124.54278582118876, "time": 60.9603292853712}, "-19": {"optimal_thrust": 3432.5164212036934, "impact_speed": 123.89955947037687, "time": 61.51640536257863}, "-18": {"optimal_thrust": 3422.5061693254274, "impact_speed": 123.04512767802056, "time": 62.081853393048135}, "-17": {"optimal_thrust": 3412.879917764192,