{"-90": {"optimal_thrust": 4186.679222400566, "impact_speed": 65.1905922413765, "time": 43.036214208916526}, "-89": {"optimal_thrust": 4201.897382163441, "impact_speed": 62.86928357253684, "time": 43.03846813768247}, "-88": {"optimal_thrust": 4193.005434006478, "impact_speed": 64.26146324411096, "time": 43.047584188855716}, "-87": {"optimal_thrust": 4248.782017234857, "impact_speed": 53.965863032593155, "time": 43.066554706392985}, "-86": {"optimal_thrust": 4298.667634350832, "impact_speed": 42.89277461467444, "time": 43.08732869247359}, "-85": {"optimal_thrust": 4368.480958160664, "impact_speed": 18.94171745440644, "time": 43.117978407065465}, "-84": {"optimal_thrust": 4364.427382617006, "impact_speed": 21.14524431140147, "time": 43.157265210759505}, "-83": {"optimal_thrust": 4287.81089755866, "impact_speed": 45.714555341454165, "time": 43.195588091514}, "-82": {"optimal_thrust": 4159.808623429214, "impact_speed": 69.54459870968374, "time": 43.242593142722505}, "-81": {"optimal_thrust": 4181.545814169492, "impact_speed": 66.10621710939246, "time": 43.29751687781426}, "-80": {"optimal_thrust": 4182.574771994447, "impact_speed": 65.93775831838636, "time": 43.35932638291581}, "-79": {"optimal_thrust": 4183.013970257956, "impact_speed": 65.83865806111585, "time": 43.42792123718974}, "-78": {"optimal_thrust": 4176.272237480524, "impact_speed": 66.87951195701888, "time": 43.502196760122764}, "-77": {"optimal_thrust": 4169.386701949993, "impact_speed": 67.90840319722506, "time": 43.58221996846903}, "-76": {"optimal_thrust": 4163.3217712149535, "impact_speed": 68.7805914778393, "time": 43.66413513190663}, "-75": {"optimal_thrust": 4158.62858810935, "impact_speed": 69.42254146663866, "time": 43.74582535911475}, "-74": {"optimal_thrust": 4154.827832790998, "impact_speed": 69.91915129137759, "time": 43.860264163964146}, "-73": {"optimal_thrust": 4151.098110863714, "impact_speed": 70.40159958371272, "time": 43.97358508155863}, "-72": {"optimal_thrust": 4146.823926838787, "impact_speed": 70.96411677532706, "time": 44.090753350417934}, "-71": {"optimal_thrust": 4115.8476123547, "impact_speed": 75.35799451523687, "time": 44.21350319105703}, "-70": {"optimal_thrust": 4115.121559226315, "impact_speed": 75.38688582950206, "time": 44.34279651609501}, "-69": {"optimal_thrust": 4113.37026224099, "impact_speed": 75.56508682596841, "time": 44.47886520180919}, "-68": {"optimal_thrust": 4110.623406749625, "impact_speed": 75.88552117413066, "time": 44.62183967446124}, "-67": {"optimal_thrust": 4106.9165309789505, "impact_speed": 76.33943820642278, "time": 44.77176708849374}, "-66": {"optimal_thrust": 4102.285131514581, "impact_speed": 76.91748549215414, "time": 44.928918768259294}, "-65": {"optimal_thrust": 4096.764662751197, "impact_speed": 77.60991402152355, "time": 45.09344251750394}, "-64": {"optimal_thrust": 4090.389396392232, "impact_speed": 78.40691357793925, "time": 45.265281851274516}, "-63": {"optimal_thrust": 4083.1926546636114, "impact_speed": 79.2987264309463, "time": 45.444694763241124}, "-62": {"optimal_thrust": 4075.2071270541664, "impact_speed": 80.27572478645874, "time": 45.632584117652996}, "-61": {"optimal_thrust": 4066.4638067753385, "impact_speed": 81.32865307184633, "time": 45.82311344557704}, "-60": {"optimal_thrust": 4056.992729249318, "impact_speed": 82.44859746383834, "time": 46.0221769739542}, "-59": {"optimal_thrust": 4046.8237854148456, "impact_speed": 83.62692921085215, "time": 46.22972933028255}, "-58": {"optimal_thrust": 4035.985785906871, "impact_speed": 84.85546709363962, "time": 46.44511400516071}, "-57": {"optimal_thrust": 4024.5073868692625, "impact_speed": 86.12637325991533, "time": 46.66822180883928}, "-56": {"optimal_thrust": 4012.417923585536, "impact_speed": 87.43205205796868, "time": 46.89903517860968}, "-55": {"optimal_thrust": 3999.744513446072, "impact_speed": 88.7655320609267, "time": 47.13753303005068}, "-54": {"optimal_thrust": 3986.5165985914623, "impact_speed": 90.11985309864212, "time": 47.38383721951015}, "-53": {"optimal_thrust": 3972.762563964025, "impact_speed": 91.4884963303348, "time": 47.638054641024056}, "-52": {"optimal_thrust": 3958.5105529317048, "impact_speed": 92.8652542698932, "time": 47.90026014463658}, "-51": {"optimal_thrust": 3945.2510514282762, "impact_speed": 94.03296740132008, "time": 48.17052738732288}, "-50": {"optimal_thrust": 3933.137914752306, "impact_speed": 94.92110893466615, "time": 48.44892447299692}, "-49": {"optimal_thrust": 3919.539498492518, "impact_speed": 95.8801756860212, "time": 48.735508424958475}, "-48": {"optimal_thrust": 3904.477835321015, "impact_speed": 96.89410717044687, "time": 49.03034994070152}, "-47": {"optimal_thrust": 3887.9757204299935, "impact_speed": 97.94282704467129, "time": 49.333523124542275}, "-46": {"optimal_thrust": 3870.0566784921366, "impact_speed": 99.05796220484935, "time": 49.645106940775044}, "-45": {"optimal_thrust": 3850.7467519190404, "impact_speed": 101.19248942490086, "time": 49.96518751963429}, "-44": {"optimal_thrust": 3830.0708597002313, "impact_speed": 103.42062738262331, "time": 50.29386180086658}, "-43": {"optimal_thrust": 3808.0578032932935, "impact_speed": 105.73186194724359, "time": 50.631241890007644}, "-42": {"optimal_thrust": 3784.7354078763287, "impact_speed": 108.11898891406491, "time": 50.97744955676821}, "-41": {"optimal_thrust": 3760.134287491918, "impact_speed": 110.57468841031253, "time": 51.33253806983282}, "-40": {"optimal_thrust": 3734.285999623828, "impact_speed": 113.09202213054286, "time": 51.696186167875666}, "-39": {"optimal_thrust": 3707.2233336045533, "impact_speed": 115.66436435602411, "time": 52.06774658485487}, "-38": {"optimal_thrust": 3683.964947865073, "impact_speed": 117.690658758107, "time": 52.447572149349085}, "-37": {"optimal_thrust": 3673.5079523465124, "impact_speed": 118.0993132309029, "time": 52.83647649525031}, "-36": {"optimal_thrust": 3662.8265233045136, "impact_speed": 118.42921463130119, "time": 53.23466790699181}, "-35": {"optimal_thrust": 3648.2133424752587, "impact_speed": 119.23498296680185, "time": 53.64216696370323}, "-34": {"optimal_thrust": 3630.0593837496667, "impact_speed": 120.54384095802976, "time": 54.05897977697398}, "-33": {"optimal_thrust": 3616.836260577228, "impact_speed": 121.08588419218258, "time": 54.48516548110266}, "-32": {"optimal_thrust": 3602.3932090153444, "impact_speed": 121.77589306451276, "time": 54.92070906593216}, "-31": {"optimal_thrust": 3588.0929736046323, "impact_speed": 122.40960289689735, "time": 55.36564302075787}, "-30": {"optimal_thrust": 3573.930761830398, "impact_speed": 122.98786680971838, "time": 55.819993751487495}, "-29": {"optimal_thrust": 3559.916867818942, "impact_speed": 123.5092829805815, "time": 56.283784154692654}, "-28": {"optimal_thrust": 3546.0703466887794, "impact_speed": 123.97116120405269, "time": 56.75703710350567}, "-27": {"optimal_thrust": 3528.3196452735665, "impact_speed": 125.3762249268564, "time": 57.23975785789355}, "-26": {"optimal_thrust": 3515.1758960197476, "impact_speed": 125.75079756309641, "time": 57.73202425646979}, "-25": {"optimal_thrust": 3502.4091174231016, "impact_speed": 126.0249258894277, "time": 58.23380777979879}, "-24": {"optimal_thrust": 3490.0377289892763, "impact_speed": 126.18277626452411, "time": 58.74512847922148}, "-23": {"optimal_thrust": 3478.061790811227, "impact_speed": 126.2090651545444, "time": 59.26599610514337}, "-22": {"optimal_thrust": 3466.467231737878, "impact_speed": 126.0900754910015, "time": 59.796406711988844}, "-21": {"optimal_thrust": 3455.24043253953, "impact_speed": 125.81095131617946, "time": 60.33633762512926}, "-20": {"optimal_thrust": 3444.3709677896354, "impact_speed": 125.35689622400687, "time": 60.88576604334882}, "-19": {"optimal_thrust": 3433.8604984251842, "impact_speed": 124.70972047053336, "time": 61.44468473334769}, "-18": {"optimal_thrust": 3423.719578209154, "impact_speed": 123.84906412913621, "time": 62.01306756401486}, "-17": {"optimal_thrust": 3413.967140472762,