{"-90": {"optimal_thrust": 4197.657468433152, "impact_speed": 65.64619119698071, "time": 42.89913089653521}, "-89": {"optimal_thrust": 4213.257391818694, "impact_speed": 63.27754181562912, "time": 42.901483415288475}, "-88": {"optimal_thrust": 4204.249231237126, "impact_speed": 64.67882032796567, "time": 42.91060023324408}, "-87": {"optimal_thrust": 4260.75265965004, "impact_speed": 54.31635592687069, "time": 42.92946030413191}, "-86": {"optimal_thrust": 4311.288476155384, "impact_speed": 43.17132426677872, "time": 42.95039712975603}, "-85": {"optimal_thrust": 4382.011858830174, "impact_speed": 19.064518710640158, "time": 42.981104176901745}, "-84": {"optimal_thrust": 4377.905231332058, "impact_speed": 21.282495730764023, "time": 43.02045733806862}, "-83": {"optimal_thrust": 4300.290504079696, "impact_speed": 46.011375741451495, "time": 43.058851993349116}, "-82": {"optimal_thrust": 4170.620653924355, "impact_speed": 69.99614013388465, "time": 43.105931460588884}, "-81": {"optimal_thrust": 4192.640668190387, "impact_speed": 66.53549249547372, "time": 43.160948205569646}, "-80": {"optimal_thrust": 4193.683184441558, "impact_speed": 66.3659153252858, "time": 43.22289764005099}, "-79": {"optimal_thrust": 4194.1280748208055, "impact_speed": 66.26617645131729, "time": 43.29147102037324}, "-78": {"optimal_thrust": 4187.298708045862, "impact_speed": 67.31375665107976, "time": 43.36596975937419}, "-77": {"optimal_thrust": 4180.323206489279, "impact_speed": 68.34936917443108, "time": 43.44600188914365}, "-76": {"optimal_thrust": 4174.1789433902495, "impact_speed": 69.22726888391257, "time": 43.527608537049545}, "-75": {"optimal_thrust": 4169.425203033899, "impact_speed": 69.87329686916902, "time": 43.61126424281284}, "-74": {"optimal_thrust": 4165.574562559568, "impact_speed": 70.37318680697479, "time": 43.7252584527376}, "-73": {"optimal_thrust": 4161.796180688738, "impact_speed": 70.85877750788484, "time": 43.83848211621575}, "-72": {"optimal_thrust": 4157.466854638449, "impact_speed": 71.42486560978035, "time": 43.95576231035118}, "-71": {"optimal_thrust": 4126.0866422645, "impact_speed": 75.84732080938747, "time": 44.0787048395498}, "-70": {"optimal_thrust": 4125.3510618886485, "impact_speed": 75.87640915476527, "time": 44.20823876750159}, "-69": {"optimal_thrust": 4123.576560467736, "impact_speed": 76.05582163311931, "time": 44.344576773361716}, "-68": {"optimal_thrust": 4120.794567435356, "impact_speed": 76.37824510659836, "time": 44.48784111361975}, "-67": {"optimal_thrust": 4117.039031271662, "impact_speed": 76.83516059662448, "time": 44.63807951783165}, "-66": {"optimal_thrust": 4112.347192578792, "impact_speed": 77.41697477404311, "time": 44.79558745462461}, "-65": {"optimal_thrust": 4106.7547814941645, "impact_speed": 78.11390156336319, "time": 44.96047775703226}, "-64": {"optimal_thrust": 4100.296624708841, "impact_speed": 78.91605224776418, "time": 45.13270407539796}, "-63": {"optimal_thrust": 4093.0060447361193, "impact_speed": 79.81366575007367, "time": 45.31256395244807}, "-62": {"optimal_thrust": 4084.9167154611814, "impact_speed": 80.79697507516029, "time": 45.5008550824972}, "-61": {"optimal_thrust": 4076.0593566765874, "impact_speed": 81.85675694495811, "time": 45.69161350771442}, "-60": {"optimal_thrust": 4066.465150501588, "impact_speed": 82.98393732774295, "time": 45.89125212018798}, "-59": {"optimal_thrust": 4056.163311271666, "impact_speed": 84.16997441435439, "time": 46.099332196566394}, "-58": {"optimal_thrust": 4045.1842326718765, "impact_speed": 85.4064723874893, "time": 46.315257458759035}, "-57": {"optimal_thrust": 4033.5563429608173, "impact_speed": 86.68562284598235, "time": 46.53892633528642}, "-56": {"optimal_thrust": 4021.3090412739925, "impact_speed": 87.99982257418422, "time": 46.770324467542785}, "-55": {"optimal_thrust": 4008.470756387829, "impact_speed": 89.34192870508606, "time": 47.00944045028585}, "-54": {"optimal_thrust": 3995.0705380890963, "impact_speed": 90.70503799868429, "time": 47.25639834452816}, "-53": {"optimal_thrust": 3981.1372850422626, "impact_speed": 92.08257039400986, "time": 47.511305466661646}, "-52": {"optimal_thrust": 3966.6998045073537, "impact_speed": 93.46823787740523, "time": 47.774235684401916}, "-51": {"optimal_thrust": 3953.26760770847, "impact_speed": 94.6435226941661, "time": 48.04526398128539}, "-50": {"optimal_thrust": 3940.996239352202, "impact_speed": 95.53749028168893, "time": 48.32445992328854}, "-49": {"optimal_thrust": 3927.220779988067, "impact_speed": 96.50276213898505, "time": 48.611882053010326}, "-48": {"optimal_thrust": 3911.9626537401123, "impact_speed": 97.5233275248087, "time": 48.90760277880395}, "-47": {"optimal_thrust": 3895.2457030931164, "impact_speed": 98.57881182273648, "time": 49.21169805936223}, "-46": {"optimal_thrust": 3877.0935277223757, "impact_speed": 99.6988237640189, "time": 49.52424888732294}, "-45": {"optimal_thrust": 3857.531412337217, "impact_speed": 101.84968880733634, "time": 49.84534368164796}, "-44": {"optimal_thrust": 3836.586327786229, "impact_speed": 104.09220147421486, "time": 50.17508207813376}, "-43": {"optimal_thrust": 3814.2862223223383, "impact_speed": 106.4184885209362, "time": 50.51357925268355}, "-42": {"optimal_thrust": 3790.6600194810217, "impact_speed": 108.82109667092855, "time": 50.86095891262123}, "-41": {"optimal_thrust": 3765.7384770543626, "impact_speed": 111.29272168921214, "time": 51.21726540777443}, "-40": {"optimal_thrust": 3739.55344908415, "impact_speed": 113.8263946588588, "time": 51.58214092924174}, "-39": {"optimal_thrust": 3712.137993047692, "impact_speed": 116.41546287381773, "time": 51.95495316653819}, "-38": {"optimal_thrust": 3688.5767025387454, "impact_speed": 118.45489800296272, "time": 52.33613425464304}, "-37": {"optimal_thrust": 3677.9833428437264, "impact_speed": 118.866222474503, "time": 52.726485470833026}, "-36": {"optimal_thrust": 3665.3937291396887, "impact_speed": 119.44077598065574, "time": 53.126181505077405}, "-35": {"optimal_thrust": 3652.359542267142, "impact_speed": 120.00921471532632, "time": 53.535266890936086}, "-34": {"optimal_thrust": 3633.9693235660984, "impact_speed": 121.32652929214183, "time": 53.95371991318073}, "-33": {"optimal_thrust": 3620.573840890726, "impact_speed": 121.87210000174144, "time": 54.381612003126584}, "-32": {"optimal_thrust": 3605.942239987738, "impact_speed": 122.56665074448705, "time": 54.818930119348735}, "-31": {"optimal_thrust": 3591.455756087349, "impact_speed": 123.20446216658048, "time": 55.26570896289192}, "-30": {"optimal_thrust": 3577.109026414923, "impact_speed": 123.78647940961908, "time": 55.72197692266355}, "-29": {"optimal_thrust": 3562.9122753924094, "impact_speed": 124.31134239093318, "time": 56.18775839436574}, "-28": {"optimal_thrust": 3548.8855846619713, "impact_speed": 124.77616388076156, "time": 56.663079390443116}, "-27": {"optimal_thrust": 3530.9034846876075, "impact_speed": 126.19038038559589, "time": 57.14794705836388}, "-26": {"optimal_thrust": 3517.588775876347, "impact_speed": 126.56731174714217, "time": 57.64243952200378}, "-25": {"optimal_thrust": 3504.655386150072, "impact_speed": 126.8432930507, "time": 58.14653092711378}, "-24": {"optimal_thrust": 3492.1230787332847, "impact_speed": 127.00208157744603, "time": 58.6602439774186}, "-23": {"optimal_thrust": 3479.9906982363345, "impact_speed": 127.02868881009256, "time": 59.18358946513158}, "-22": {"optimal_thrust": 3468.2457131406245, "impact_speed": 126.9086438510905, "time": 59.71656388884816}, "-21": {"optimal_thrust": 3456.8720664436564, "impact_speed": 126.62798889249832, "time": 60.25914487461739}, "-20": {"optimal_thrust": 3445.8614463162644, "impact_speed": 126.17067327517574, "time": 60.811313591065655}, "-19": {"optimal_thrust": 3435.214169969192, "impact_speed": 125.51910267072994, "time": 61.3730651651023}, "-18": {"optimal_thrust": 3424.9404739548313, "impact_speed": 124.65351664852062, "time": 61.944373388027145}, "-17": {"optimal_thrust": 3415.0608857655616,