{"-90": {"optimal_thrust": 4208.697892702163, "impact_speed": 66.10301919330415, "time": 42.76269951164355}, "-89": {"optimal_thrust": 4224.691160214586, "impact_speed": 63.68576097764471, "time": 42.765256232709085}, "-88": {"optimal_thrust": 4215.566352468311, "impact_speed": 65.09608760588655, "time": 42.774265985040934}, "-87": {"optimal_thrust": 4272.801368156036, "impact_speed": 54.666734435570866, "time": 42.793025153055034}, "-86": {"optimal_thrust": 4323.990784683325, "impact_speed": 43.449928362202066, "time": 42.81411484686052}, "-85": {"optimal_thrust": 4395.629518772341, "impact_speed": 19.18778278957174, "time": 42.8448775369274}, "-84": {"optimal_thrust": 4391.470203577658, "impact_speed": 21.419803607027934, "time": 42.88429523586884}, "-83": {"optimal_thrust": 4312.850826736556, "impact_speed": 46.30820977324295, "time": 42.92276180683887}, "-82": {"optimal_thrust": 4181.502016324875, "impact_speed": 70.44778071313151, "time": 42.969913196758334}, "-81": {"optimal_thrust": 4203.807345521115, "impact_speed": 66.96476587553481, "time": 43.02502084593273}, "-80": {"optimal_thrust": 4204.863420198502, "impact_speed": 66.79408455250179, "time": 43.08719947938682}, "-79": {"optimal_thrust": 4205.314081190964, "impact_speed": 66.69370035757996, "time": 43.15568673337473}, "-78": {"optimal_thrust": 4198.396053472239, "impact_speed": 67.74807951326034, "time": 43.23037422218973}, "-77": {"optimal_thrust": 4191.33042645258, "impact_speed": 68.79034615171432, "time": 43.31040197360313}, "-76": {"optimal_thrust": 4185.106751221513, "impact_speed": 69.67389052444369, "time": 43.39167824463441}, "-75": {"optimal_thrust": 4180.291227989128, "impact_speed": 70.32412377490554, "time": 43.47726227965222}, "-74": {"optimal_thrust": 4176.391059422801, "impact_speed": 70.82719084539583, "time": 43.59083642458661}, "-73": {"optimal_thrust": 4172.563622761128, "impact_speed": 71.31593601022253, "time": 43.703980987094155}, "-72": {"optimal_thrust": 4168.178087826949, "impact_speed": 71.88570092630978, "time": 43.821375580921924}, "-71": {"optimal_thrust": 4136.391563632851, "impact_speed": 76.33670016380395, "time": 43.94450952577068}, "-70": {"optimal_thrust": 4135.646695745079, "impact_speed": 76.36594354480185, "time": 44.07428050119947}, "-69": {"optimal_thrust": 4133.849426013591, "impact_speed": 76.5464852523564, "time": 44.21088303617968}, "-68": {"optimal_thrust": 4131.031105939675, "impact_speed": 76.87103279735574, "time": 44.35443181529322}, "-67": {"optimal_thrust": 4127.227345548707, "impact_speed": 77.33084166590342, "time": 44.50497763383863}, "-66": {"optimal_thrust": 4122.474871579343, "impact_speed": 77.91639574146464, "time": 44.662834836037696}, "-65": {"optimal_thrust": 4116.80980686553, "impact_speed": 78.6178550314539, "time": 44.828084599467665}, "-64": {"optimal_thrust": 4110.267929279904, "impact_speed": 79.42519750918096, "time": 45.00069182005419}, "-63": {"optimal_thrust": 4102.883468786165, "impact_speed": 80.32853460130633, "time": 45.180996189953234}, "-62": {"optimal_thrust": 4094.6890363326047, "impact_speed": 81.31824073699023, "time": 45.369628645418516}, "-61": {"optimal_thrust": 4085.717202640201, "impact_speed": 82.38483550272701, "time": 45.56067065543423}, "-60": {"optimal_thrust": 4075.998404340472, "impact_speed": 83.51934103554576, "time": 45.76086753562875}, "-59": {"optimal_thrust": 4065.563352631485, "impact_speed": 84.71301087167839, "time": 45.969465031219684}, "-58": {"optimal_thrust": 4054.4422120616973, "impact_speed": 85.95747826697556, "time": 46.185921492064786}, "-57": {"optimal_thrust": 4042.664033047394, "impact_speed": 87.24485093591393, "time": 46.41014354200698}, "-56": {"optimal_thrust": 4030.2580307352086, "impact_speed": 88.56755050591383, "time": 46.642117519817425}, "-55": {"optimal_thrust": 4017.2536481675947, "impact_speed": 89.91830331703815, "time": 46.881843120837814}, "-54": {"optimal_thrust": 4003.679783096003, "impact_speed": 91.29023083408136, "time": 47.12944613026191}, "-53": {"optimal_thrust": 3989.5659226146295, "impact_speed": 92.67668296164679, "time": 47.38503361547491}, "-52": {"optimal_thrust": 3974.9417500618915, "impact_speed": 94.0712638250467, "time": 47.64867897224177}, "-51": {"optimal_thrust": 3961.3355141993825, "impact_speed": 95.25415414778396, "time": 47.920458528563444}, "-50": {"optimal_thrust": 3948.9057929937267, "impact_speed": 96.15381463370734, "time": 48.200443332224715}, "-49": {"optimal_thrust": 3934.951507799996, "impact_speed": 97.12539797603716, "time": 48.48869344434132}, "-48": {"optimal_thrust": 3919.496135760725, "impact_speed": 98.15249504751311, "time": 48.78528300395952}, "-47": {"optimal_thrust": 3902.5626146585596, "impact_speed": 99.21485167621094, "time": 49.090289822643626}, "-46": {"optimal_thrust": 3884.175400620753, "impact_speed": 100.34319840091159, "time": 49.40379693201378}, "-45": {"optimal_thrust": 3864.360462002712, "impact_speed": 102.50668196727997, "time": 49.72589505477391}, "-44": {"optimal_thrust": 3843.1440609144406, "impact_speed": 104.76375126367313, "time": 50.05668651812053}, "-43": {"optimal_thrust": 3820.555512677051, "impact_speed": 107.10500437384225, "time": 50.39628956699927}, "-42": {"optimal_thrust": 3796.6232768645227, "impact_speed": 109.52315445784299, "time": 50.74482965959471}, "-41": {"optimal_thrust": 3771.379065567152, "impact_speed": 112.0107363560072, "time": 51.10234131767459}, "-40": {"optimal_thrust": 3744.85517561865, "impact_speed": 114.56074259983154, "time": 51.46843033100638}, "-39": {"optimal_thrust": 3717.085072992873, "impact_speed": 117.16648568423372, "time": 51.84248584427962}, "-38": {"optimal_thrust": 3693.2186496299632, "impact_speed": 119.21909614828066, "time": 52.22501426711898}, "-37": {"optimal_thrust": 3682.488094997635, "impact_speed": 119.63308069720888, "time": 52.61680110998409}, "-36": {"optimal_thrust": 3671.5274309290785, "impact_speed": 119.96726668255101, "time": 53.01800884127271}, "-35": {"optimal_thrust": 3656.5324158880417, "impact_speed": 120.7834710388654, "time": 53.428648869129646}, "-34": {"optimal_thrust": 3637.904079958274, "impact_speed": 122.10929350767827, "time": 53.84872980105027}, "-33": {"optimal_thrust": 3624.3350765339255, "impact_speed": 122.65840433085282, "time": 54.27831606264019}, "-32": {"optimal_thrust": 3609.5144831264633, "impact_speed": 123.35736580878044, "time": 54.71739658219958}, "-31": {"optimal_thrust": 3594.8403499601895, "impact_speed": 123.99931272613466, "time": 55.16600826266445}, "-30": {"optimal_thrust": 3580.307816040819, "impact_speed": 124.58510173847431, "time": 55.62418147226996}, "-29": {"optimal_thrust": 3565.927377752038, "impact_speed": 125.11333075475679, "time": 56.09194217627679}, "-28": {"optimal_thrust": 3551.71879825396, "impact_speed": 125.58122959544212, "time": 56.569319580568354}, "-27": {"optimal_thrust": 3533.5043319161823, "impact_speed": 127.0044693763743, "time": 57.05632261412988}, "-26": {"optimal_thrust": 3520.0168750961516, "impact_speed": 127.38392909464473, "time": 57.553029506328556}, "-25": {"optimal_thrust": 3506.9160437717533, "impact_speed": 127.66170361746617, "time": 58.059417646350994}, "-24": {"optimal_thrust": 3494.221601742696, "impact_speed": 127.82149489477231, "time": 58.57551204695807}, "-23": {"optimal_thrust": 3481.9322052827297, "impact_speed": 127.84826743427398, "time": 59.101324505511336}, "-22": {"optimal_thrust": 3470.0351940256605, "impact_speed": 127.72745048681806, "time": 59.636851961198005}, "-21": {"optimal_thrust": 3458.5143153652043, "impact_speed": 127.44499514491713, "time": 60.182072667802764}, "-20": {"optimal_thrust": 3447.361196460693, "impact_speed": 126.98471949553092, "time": 60.736971823651174}, "-19": {"optimal_thrust": 3436.5757697205986, "impact_speed": 126.329254750158, "time": 61.301546560060444}, "-18": {"optimal_thrust": 3426.1696823643097, "impact_speed": 125.45746603144111, "time": 61.8757707981463}, "-17": {"optimal_thrust": 3416.161984111085,