{"-90": {"optimal_thrust": 4219.801008956629, "impact_speed": 66.56096916838692, "time": 42.62691701158285}, "-89": {"optimal_thrust": 4236.197978555098, "impact_speed": 64.09406054887968, "time": 42.62973729680054}, "-88": {"optimal_thrust": 4226.956166225753, "impact_speed": 65.51336896078924, "time": 42.63857844343926}, "-87": {"optimal_thrust": 4284.927237827942, "impact_speed": 55.01717555904906, "time": 42.65724543498176}, "-86": {"optimal_thrust": 4336.775153074561, "impact_speed": 43.72844061765869, "time": 42.67847877251508}, "-85": {"optimal_thrust": 4409.335329021385, "impact_speed": 19.31072224576644, "time": 42.709295447553494}, "-84": {"optimal_thrust": 4405.122496004427, "impact_speed": 21.557068751390904, "time": 42.7487758068764}, "-83": {"optimal_thrust": 4325.4918655292395, "impact_speed": 46.605057176359004, "time": 42.787314520470964}, "-82": {"optimal_thrust": 4192.453976050312, "impact_speed": 70.89932699501271, "time": 42.83453535737582}, "-81": {"optimal_thrust": 4215.046042208695, "impact_speed": 67.3940060912952, "time": 42.88973179274302}, "-80": {"optimal_thrust": 4216.115675312298, "impact_speed": 67.22223452966637, "time": 42.95219039533449}, "-79": {"optimal_thrust": 4216.571949923019, "impact_speed": 67.12123596700096, "time": 43.02056397974086}, "-78": {"optimal_thrust": 4209.565418255467, "impact_speed": 68.18229961753428, "time": 43.0954068835998}, "-77": {"optimal_thrust": 4202.408521337002, "impact_speed": 69.23130933704283, "time": 43.17541731310271}, "-76": {"optimal_thrust": 4196.104761077133, "impact_speed": 70.12052333153608, "time": 43.256343233263166}, "-75": {"optimal_thrust": 4191.227337353083, "impact_speed": 70.77491945211361, "time": 43.343820240575226}, "-74": {"optimal_thrust": 4187.277165492095, "impact_speed": 71.28118756698856, "time": 43.45699750134354}, "-73": {"optimal_thrust": 4183.400160668274, "impact_speed": 71.77311645274723, "time": 43.57007985364342}, "-72": {"optimal_thrust": 4178.958534979344, "impact_speed": 72.34648723063043, "time": 43.68759093584414}, "-71": {"optimal_thrust": 4146.763052131698, "impact_speed": 76.82603809064942, "time": 43.81091481844822}, "-70": {"optimal_thrust": 4146.008656842623, "impact_speed": 76.85546159648233, "time": 43.94091920697444}, "-69": {"optimal_thrust": 4144.188422754522, "impact_speed": 77.03713958752559, "time": 44.07778147634365}, "-68": {"optimal_thrust": 4141.333775638092, "impact_speed": 77.36377852877817, "time": 44.22160930671042}, "-67": {"optimal_thrust": 4137.480883060972, "impact_speed": 77.82656394613475, "time": 44.37245890251333}, "-66": {"optimal_thrust": 4132.667098256949, "impact_speed": 78.4158972142097, "time": 44.530658417894465}, "-65": {"optimal_thrust": 4126.929225160115, "impact_speed": 79.1218455143222, "time": 44.69626068087334}, "-64": {"optimal_thrust": 4120.303190851266, "impact_speed": 79.93436548609759, "time": 44.869242873119404}, "-63": {"optimal_thrust": 4112.823625325582, "impact_speed": 80.84351043311683, "time": 45.04998953105599}, "-62": {"optimal_thrust": 4104.523928144328, "impact_speed": 81.83954317027434, "time": 45.23890103451982}, "-61": {"optimal_thrust": 4095.4368314084227, "impact_speed": 82.91295763220761, "time": 45.430281549428194}, "-60": {"optimal_thrust": 4085.5931237732266, "impact_speed": 84.05472362698094, "time": 45.63102081226822}, "-59": {"optimal_thrust": 4075.023952832366, "impact_speed": 85.25603305529103, "time": 45.840125806090505}, "-58": {"optimal_thrust": 4063.759482851525, "impact_speed": 86.50851624230239, "time": 46.05710462176809}, "-57": {"optimal_thrust": 4051.8300318946294, "impact_speed": 87.80411329327681, "time": 46.28187153317319}, "-56": {"optimal_thrust": 4039.2644103673333, "impact_speed": 89.1352992634289, "time": 46.51441280285278}, "-55": {"optimal_thrust": 4026.092586006227, "impact_speed": 90.49473479077099, "time": 46.75473931760513}, "-54": {"optimal_thrust": 4012.344243290605, "impact_speed": 91.87544327762446, "time": 47.002978894952925}, "-53": {"optimal_thrust": 3998.0488693151005, "impact_speed": 93.27078134813826, "time": 47.25923747289944}, "-52": {"optimal_thrust": 3983.236706439313, "impact_speed": 94.6742886697992, "time": 47.523588460571666}, "-51": {"optimal_thrust": 3969.455433911553, "impact_speed": 95.86476723289738, "time": 47.79610955119995}, "-50": {"optimal_thrust": 3956.8658200207815, "impact_speed": 96.77019983503108, "time": 48.07687328375872}, "-49": {"optimal_thrust": 3942.732120927305, "impact_speed": 97.74800280595773, "time": 48.36594125546286}, "-48": {"optimal_thrust": 3927.0777677898777, "impact_speed": 98.78173375770965, "time": 48.663389334428075}, "-47": {"optimal_thrust": 3909.926480774566, "impact_speed": 99.85093441332224, "time": 48.969297199125265}, "-46": {"optimal_thrust": 3891.303006492041, "impact_speed": 100.9862836180325, "time": 49.2837499241195}, "-45": {"optimal_thrust": 3871.2328744, "impact_speed": 103.16391367775421, "time": 49.60684053778001}, "-44": {"optimal_thrust": 3849.744203286651, "impact_speed": 105.43524017562956, "time": 49.9386740771847}, "-43": {"optimal_thrust": 3826.8645246790657, "impact_speed": 107.79163758648991, "time": 50.27937182676135}, "-42": {"optimal_thrust": 3802.6245732499656, "impact_speed": 110.22526359583671, "time": 50.62906082459364}, "-41": {"optimal_thrust": 3777.0560328937595, "impact_speed": 112.72873570863314, "time": 50.98776487735089}, "-40": {"optimal_thrust": 3750.1906131789447, "impact_speed": 115.2951415936548, "time": 51.35505385971425}, "-39": {"optimal_thrust": 3722.0632474344216, "impact_speed": 117.91759721687525, "time": 51.730344354058765}, "-38": {"optimal_thrust": 3697.8899420116268, "impact_speed": 119.98335465369802, "time": 52.11421157346898}, "-37": {"optimal_thrust": 3687.021820987982, "impact_speed": 120.39993849191501, "time": 52.50742268740105}, "-36": {"optimal_thrust": 3674.104677140423, "impact_speed": 120.98197741442262, "time": 52.91011041822483}, "-35": {"optimal_thrust": 3660.731963523638, "impact_speed": 121.55775144004693, "time": 53.32231227009298}, "-34": {"optimal_thrust": 3641.8639750551574, "impact_speed": 122.89208290216317, "time": 53.744008875988854}, "-33": {"optimal_thrust": 3628.1208813377557, "impact_speed": 123.44464617544297, "time": 54.17527715474386}, "-32": {"optimal_thrust": 3613.1091775177297, "impact_speed": 124.14817261228808, "time": 54.61610799083048}, "-31": {"optimal_thrust": 3598.246621778385, "impact_speed": 124.79418010749627, "time": 55.06654050647748}, "-30": {"optimal_thrust": 3583.5272691146083, "impact_speed": 125.38370486973373, "time": 55.52660702693498}, "-29": {"optimal_thrust": 3568.961799622739, "impact_speed": 125.91533531709175, "time": 55.996335178453414}, "-28": {"optimal_thrust": 3554.57049036024, "impact_speed": 126.38622915233272, "time": 56.47575738498762}, "-27": {"optimal_thrust": 3536.121879300316, "impact_speed": 127.81856456597241, "time": 56.964884254985954}, "-26": {"optimal_thrust": 3522.461220194673, "impact_speed": 128.20038404848083, "time": 57.463794000524864}, "-25": {"optimal_thrust": 3509.1916717182144, "impact_speed": 128.47998907330958, "time": 57.97246774588144}, "-24": {"optimal_thrust": 3496.3341362898127, "impact_speed": 128.64073765910567, "time": 58.490932510177}, "-23": {"optimal_thrust": 3483.886508083825, "impact_speed": 128.6677263486804, "time": 59.019201054031804}, "-22": {"optimal_thrust": 3471.835991524099, "impact_speed": 128.54634489816758, "time": 59.55727077459036}, "-21": {"optimal_thrust": 3460.167374054905, "impact_speed": 128.26186090657603, "time": 60.10511989385321}, "-20": {"optimal_thrust": 3448.8708582963013, "impact_speed": 127.79857630162503, "time": 60.66274064694205}, "-19": {"optimal_thrust": 3437.9466465837845, "impact_speed": 127.13892820166906, "time": 61.230128843062296}, "-18": {"optimal_thrust": 3427.4063729144, "impact_speed": 126.26193048141451, "time": 61.80725971454118}, "-17": {"optimal_thrust": 3417.270185107493,