{"-90": {"optimal_thrust": 4230.965629427277, "impact_speed": 67.02020541232396, "time": 42.49178037494051}, "-89": {"optimal_thrust": 4247.77851532535, "impact_speed": 64.50232772106891, "time": 42.494925879443706}, "-88": {"optimal_thrust": 4238.418791399564, "impact_speed": 65.9306450117875, "time": 42.50353460733281}, "-87": {"optimal_thrust": 4297.13073947511, "impact_speed": 55.367587732453735, "time": 42.52211737577327}, "-86": {"optimal_thrust": 4349.640987433129, "impact_speed": 44.007007284592405, "time": 42.5434858369175}, "-85": {"optimal_thrust": 4423.128776929417, "impact_speed": 19.433628370047234, "time": 42.57435486786337}, "-84": {"optimal_thrust": 4418.861628683183, "impact_speed": 21.694529898811982, "time": 42.613895951611745}, "-83": {"optimal_thrust": 4338.213937668487, "impact_speed": 46.901845051226424, "time": 42.6525071293558}, "-82": {"optimal_thrust": 4203.475545458314, "impact_speed": 71.35092933187188, "time": 42.69979494579103}, "-81": {"optimal_thrust": 4226.356562206105, "impact_speed": 67.82324477161802, "time": 42.75507804453612}, "-80": {"optimal_thrust": 4227.4397537359255, "impact_speed": 67.65039666144533, "time": 42.817869448708905}, "-79": {"optimal_thrust": 4227.901720462382, "impact_speed": 67.54877680469097, "time": 42.88609758273769}, "-78": {"optimal_thrust": 4220.805775880033, "impact_speed": 68.61657883202096, "time": 42.96106445607635}, "-77": {"optimal_thrust": 4213.557291852026, "impact_speed": 69.67228951272598, "time": 43.041045067480894}, "-76": {"optimal_thrust": 4207.173211192122, "impact_speed": 70.56713113547062, "time": 43.12160247806171}, "-75": {"optimal_thrust": 4202.233609090923, "impact_speed": 71.22567284900184, "time": 43.21093868816623}, "-74": {"optimal_thrust": 4198.232643052866, "impact_speed": 71.73521235608231, "time": 43.323740968381216}, "-73": {"optimal_thrust": 4194.306465726854, "impact_speed": 72.23021949534797, "time": 43.436776818163956}, "-72": {"optimal_thrust": 4189.807523401491, "impact_speed": 72.8073239204324, "time": 43.5544061105201}, "-71": {"optimal_thrust": 4157.2007900887975, "impact_speed": 77.31537904584961, "time": 43.677918267338804}, "-70": {"optimal_thrust": 4156.436630859754, "impact_speed": 77.34500694046383, "time": 43.808152367400666}, "-69": {"optimal_thrust": 4154.592838523885, "impact_speed": 77.52788305350742, "time": 43.94525892219373}, "-68": {"optimal_thrust": 4151.702259319867, "impact_speed": 77.85652681878159, "time": 44.089371112466246}, "-67": {"optimal_thrust": 4147.800193493253, "impact_speed": 78.32225107602153, "time": 44.240520792981606}, "-66": {"optimal_thrust": 4142.924666867281, "impact_speed": 78.91536888388666, "time": 44.39905572157664}, "-65": {"optimal_thrust": 4137.113508107294, "impact_speed": 79.6258080366081, "time": 44.5650036484553}, "-64": {"optimal_thrust": 4130.402922680692, "impact_speed": 80.4434862520136, "time": 44.73835502826333}, "-63": {"optimal_thrust": 4122.82785763831, "impact_speed": 81.35841060730941, "time": 44.91954200818985}, "-62": {"optimal_thrust": 4114.421988528889, "impact_speed": 82.36080192520369, "time": 45.10867312131298}, "-61": {"optimal_thrust": 4105.218756239011, "impact_speed": 83.44105453576596, "time": 45.3004429304693}, "-60": {"optimal_thrust": 4095.2491896177858, "impact_speed": 84.59010116966928, "time": 45.50170958372239}, "-59": {"optimal_thrust": 4084.5449921125023, "impact_speed": 85.79905687354072, "time": 45.711312491739186}, "-58": {"optimal_thrust": 4073.1367989728933, "impact_speed": 87.05948780921518, "time": 45.92880494434227}, "-57": {"optimal_thrust": 4061.054252021209, "impact_speed": 88.36342058288284, "time": 46.154108416727354}, "-56": {"optimal_thrust": 4048.328268392473, "impact_speed": 89.70305705720578, "time": 46.38720852983646}, "-55": {"optimal_thrust": 4034.9884893708568, "impact_speed": 91.07110310310387, "time": 46.62812732188961}, "-54": {"optimal_thrust": 4021.06440145741, "impact_speed": 92.46061215352917, "time": 46.876994959037084}, "-53": {"optimal_thrust": 4006.586290967999, "impact_speed": 93.86484402149779, "time": 47.133915423396395}, "-52": {"optimal_thrust": 3991.584627875856, "impact_speed": 95.27731855156061, "time": 47.3989626002174}, "-51": {"optimal_thrust": 3977.627217092205, "impact_speed": 96.47538318764686, "time": 47.67221556753434}, "-50": {"optimal_thrust": 3964.87660925394, "impact_speed": 97.3866003874364, "time": 47.95374836600018}, "-49": {"optimal_thrust": 3950.562815417011, "impact_speed": 98.37054196258138, "time": 48.24362414115142}, "-48": {"optimal_thrust": 3934.7082117132913, "impact_speed": 99.41088478142744, "time": 48.5419204928617}, "-47": {"optimal_thrust": 3917.337544753452, "impact_speed": 100.48695432104303, "time": 48.848718973461324}, "-46": {"optimal_thrust": 3898.476027188537, "impact_speed": 101.6302134237834, "time": 49.16410670692106}, "-45": {"optimal_thrust": 3878.149479997587, "impact_speed": 103.8210250274844, "time": 49.48817903673626}, "-44": {"optimal_thrust": 3856.386047453023, "impact_speed": 106.1068499284626, "time": 49.82104370614992}, "-43": {"optimal_thrust": 3833.214458285439, "impact_speed": 108.4781515764793, "time": 50.16282503577096}, "-42": {"optimal_thrust": 3808.6645157691414, "impact_speed": 110.92732332078914, "time": 50.5136514415457}, "-41": {"optimal_thrust": 3782.769275353819, "impact_speed": 113.44673509149212, "time": 50.87353518085398}, "-40": {"optimal_thrust": 3755.5607166914137, "impact_speed": 116.02946466082815, "time": 51.24201103379802}, "-39": {"optimal_thrust": 3727.073842378012, "impact_speed": 118.66863383571514, "time": 51.61852838923504}, "-38": {"optimal_thrust": 3702.591497851732, "impact_speed": 120.74756394681897, "time": 52.00372554055829}, "-37": {"optimal_thrust": 3691.584324767751, "impact_speed": 121.16682079046448, "time": 52.39834947664727}, "-36": {"optimal_thrust": 3680.340962479948, "impact_speed": 121.5052690115163, "time": 52.80252467562296}, "-35": {"optimal_thrust": 3664.958879265665, "impact_speed": 122.33195234544303, "time": 53.216256473268466}, "-34": {"optimal_thrust": 3645.849643278224, "impact_speed": 123.67480061053017, "time": 53.63955657804994}, "-33": {"optimal_thrust": 3631.9303412474073, "impact_speed": 124.23097512584594, "time": 54.07249476617161}, "-32": {"optimal_thrust": 3616.727083862721, "impact_speed": 124.9389367547986, "time": 54.515063892012805}, "-31": {"optimal_thrust": 3601.674704986704, "impact_speed": 125.58903878630261, "time": 54.967305283422014}, "-30": {"optimal_thrust": 3586.766803198845, "impact_speed": 126.18240934747834, "time": 55.42925321038984}, "-29": {"optimal_thrust": 3572.0155411395353, "impact_speed": 126.7173557397005, "time": 55.90093708043437}, "-28": {"optimal_thrust": 3557.440475296055, "impact_speed": 127.19121076681759, "time": 56.382392509580875}, "-27": {"optimal_thrust": 3538.7556040304767, "impact_speed": 128.63278639542256, "time": 56.87363170907403}, "-26": {"optimal_thrust": 3524.9205358512695, "impact_speed": 129.01700509373558, "time": 57.37473277921471}, "-25": {"optimal_thrust": 3511.481748261777, "impact_speed": 129.29830130987708, "time": 57.88568102494861}, "-24": {"optimal_thrust": 3498.4597760891975, "impact_speed": 129.4601101449087, "time": 58.40650517623801}, "-23": {"optimal_thrust": 3485.8530860379506, "impact_speed": 129.4872670646279, "time": 58.93721893373541}, "-22": {"optimal_thrust": 3473.6487541032957, "impact_speed": 129.365028880916, "time": 59.47781984565114}, "-21": {"optimal_thrust": 3461.830534406516, "impact_speed": 129.0789854251408, "time": 60.02828760199064}, "-20": {"optimal_thrust": 3450.3899262156574, "impact_speed": 128.61260321187277, "time": 60.588619958072336}, "-19": {"optimal_thrust": 3439.326220225945, "impact_speed": 127.94865955999921, "time": 61.158811924201494}, "-18": {"optimal_thrust": 3428.651313926607, "impact_speed": 127.06597307244375, "time": 61.73884006956088}, "-17": {"optimal_thrust": 3418.385484375109,