{"-90": {"optimal_thrust": 4242.192311623079, "impact_speed": 67.48061415844674, "time": 42.35728660781025}, "-89": {"optimal_thrust": 4259.4326945981675, "impact_speed": 64.91057566550592, "time": 42.36082715229585}, "-88": {"optimal_thrust": 4249.9541875813175, "impact_speed": 66.34792231442557, "time": 42.3691314732813}, "-87": {"optimal_thrust": 4309.411359296765, "impact_speed": 55.71806951027209, "time": 42.387637249619814}, "-86": {"optimal_thrust": 4362.588766054116, "impact_speed": 44.28551168892477, "time": 42.40913297921233}, "-85": {"optimal_thrust": 4437.009496148135, "impact_speed": 19.556704267572925, "time": 42.44005276253633}, "-84": {"optimal_thrust": 4432.688431471066, "impact_speed": 21.831774539503474, "time": 42.479652575840035}, "-83": {"optimal_thrust": 4351.016610555136, "impact_speed": 47.19867296917451, "time": 42.518336631978684}, "-82": {"optimal_thrust": 4214.567316345764, "impact_speed": 71.80249820740354, "time": 42.56568897529518}, "-81": {"optimal_thrust": 4237.738471234002, "impact_speed": 68.2525501823404, "time": 42.621056605241506}, "-80": {"optimal_thrust": 4238.835655469385, "impact_speed": 68.07857071850945, "time": 42.68424055107968}, "-79": {"optimal_thrust": 4239.303906570962, "impact_speed": 67.97624184543531, "time": 42.75227990045039}, "-78": {"optimal_thrust": 4232.117126345936, "impact_speed": 69.0509160414423, "time": 42.82734364897054}, "-77": {"optimal_thrust": 4224.77705520839, "impact_speed": 70.11323808434287, "time": 42.90728246346687}, "-76": {"optimal_thrust": 4218.31186267687, "impact_speed": 71.01375023773046, "time": 42.96132402435917}, "-75": {"optimal_thrust": 4213.30913411808, "impact_speed": 71.67651968858284, "time": 43.07861798834083}, "-74": {"optimal_thrust": 4209.257651911654, "impact_speed": 72.18924113797108, "time": 43.19106598579825}, "-73": {"optimal_thrust": 4205.281706983073, "impact_speed": 72.68736827554393, "time": 43.3040699224936}, "-72": {"optimal_thrust": 4200.725608169935, "impact_speed": 73.26812930551554, "time": 43.421818814701425}, "-71": {"optimal_thrust": 4167.705054079756, "impact_speed": 77.8046851914778, "time": 43.545517410526095}, "-70": {"optimal_thrust": 4166.930854501143, "impact_speed": 77.83454664385565, "time": 43.675977462492}, "-69": {"optimal_thrust": 4165.063858189389, "impact_speed": 78.01855155201807, "time": 43.813311035856216}, "-68": {"optimal_thrust": 4162.1363609379805, "impact_speed": 78.34930447036386, "time": 43.957714759041}, "-67": {"optimal_thrust": 4158.184845409333, "impact_speed": 78.81796266592691, "time": 44.10916077149937}, "-66": {"optimal_thrust": 4153.247495301349, "impact_speed": 79.41482248753421, "time": 44.268024274458924}, "-65": {"optimal_thrust": 4147.3627745693375, "impact_speed": 80.12972703288784, "time": 44.4343111551399}, "-64": {"optimal_thrust": 4140.56661151042, "impact_speed": 80.95262975583262, "time": 44.60802607852517}, "-63": {"optimal_thrust": 4132.895492194575, "impact_speed": 81.87332653913133, "time": 44.789651596899525}, "-62": {"optimal_thrust": 4124.383133696888, "impact_speed": 82.88202893684357, "time": 44.9789495531274}, "-61": {"optimal_thrust": 4115.0624638742065, "impact_speed": 83.96919423212809, "time": 45.17115163266278}, "-60": {"optimal_thrust": 4104.966644335398, "impact_speed": 85.12546821248478, "time": 45.372931522756794}, "-59": {"optimal_thrust": 4094.1265896706136, "impact_speed": 86.34206682963575, "time": 45.58302305924673}, "-58": {"optimal_thrust": 4082.573167474172, "impact_speed": 87.61052234048474, "time": 45.801020546311186}, "-57": {"optimal_thrust": 4070.3376873268526, "impact_speed": 88.9226442080625, "time": 46.02685230788021}, "-56": {"optimal_thrust": 4057.4499540780344, "impact_speed": 90.27077889128816, "time": 46.26050291449387}, "-55": {"optimal_thrust": 4043.9405592635517, "impact_speed": 91.64751215515734, "time": 46.50200540739457}, "-54": {"optimal_thrust": 4029.8398198454124, "impact_speed": 93.0457948709239, "time": 46.7514926391549}, "-53": {"optimal_thrust": 4015.1779013792866, "impact_speed": 94.45890904548381, "time": 47.00906584963033}, "-52": {"optimal_thrust": 3999.985635338033, "impact_speed": 95.88033730295388, "time": 47.27479984270022}, "-51": {"optimal_thrust": 3985.8511805884564, "impact_speed": 97.08595803819193, "time": 47.5487750977174}, "-50": {"optimal_thrust": 3972.9387773919166, "impact_speed": 98.00292191474843, "time": 47.83106716804823}, "-49": {"optimal_thrust": 3958.4426395893856, "impact_speed": 98.99318674836104, "time": 48.12174075059559}, "-48": {"optimal_thrust": 3942.3871972258344, "impact_speed": 100.0400136972258, "time": 48.42087519692943}, "-47": {"optimal_thrust": 3924.7960769789606, "impact_speed": 101.12279674920224, "time": 48.72855392938627}, "-46": {"optimal_thrust": 3905.6948290122946, "impact_speed": 102.27259126891441, "time": 49.04486612565154}, "-45": {"optimal_thrust": 3885.1100838836655, "impact_speed": 104.47810094225268, "time": 49.36990945159442}, "-44": {"optimal_thrust": 3863.0703012562144, "impact_speed": 106.77839871565158, "time": 49.703794361132054}, "-43": {"optimal_thrust": 3839.604113539115, "impact_speed": 109.16478147325273, "time": 50.04664818515966}, "-42": {"optimal_thrust": 3814.7430101908153, "impact_speed": 111.62934995543087, "time": 50.398600542440704}, "-41": {"optimal_thrust": 3788.5185790790715, "impact_speed": 114.16476536099198, "time": 50.75965133862613}, "-40": {"optimal_thrust": 3760.9645315472562, "impact_speed": 116.76383840992423, "time": 51.12930137845849}, "-39": {"optimal_thrust": 3732.1160271321933, "impact_speed": 119.41969777243895, "time": 51.50703757862783}, "-38": {"optimal_thrust": 3707.322911961995, "impact_speed": 121.51177250384976, "time": 51.893555504370504}, "-37": {"optimal_thrust": 3696.175873329696, "impact_speed": 121.93369340089455, "time": 52.28958075269722}, "-36": {"optimal_thrust": 3684.789623944984, "impact_speed": 122.2742991895433, "time": 52.69522146392}, "-35": {"optimal_thrust": 3669.211955764633, "impact_speed": 123.10625349428176, "time": 53.1104808511669}, "-34": {"optimal_thrust": 3649.860324417748, "impact_speed": 124.4575627568497, "time": 53.53537234212015}, "-33": {"optimal_thrust": 3635.764370543001, "impact_speed": 125.01724203176839, "time": 53.96996839600362}, "-32": {"optimal_thrust": 3620.368215416384, "impact_speed": 125.72965674445523, "time": 54.414263829478855}, "-31": {"optimal_thrust": 3605.1242129317197, "impact_speed": 126.38396149818719, "time": 54.86830218047001}, "-30": {"optimal_thrust": 3590.027444809041, "impact_speed": 126.98100278182856, "time": 55.33211965813071}, "-29": {"optimal_thrust": 3575.088977397485, "impact_speed": 127.51930695666489, "time": 55.80574756315847}, "-28": {"optimal_thrust": 3560.3284359783684, "impact_speed": 127.99625446256309, "time": 56.289224658632705}, "-27": {"optimal_thrust": 3541.4065325049833, "impact_speed": 129.44689727944976, "time": 56.78256471421289}, "-26": {"optimal_thrust": 3527.395643364624, "impact_speed": 129.83358085735114, "time": 57.28584562934733}, "-25": {"optimal_thrust": 3513.786281872364, "impact_speed": 130.1166374102836, "time": 57.79905728471549}, "-24": {"optimal_thrust": 3500.598597083506, "impact_speed": 130.27958517082806, "time": 58.322229859953275}, "-23": {"optimal_thrust": 3487.832263699758, "impact_speed": 130.30676460960171, "time": 58.855377974021096}, "-22": {"optimal_thrust": 3475.472772539129, "impact_speed": 130.18382868717723, "time": 59.39849889628257}, "-21": {"optimal_thrust": 3463.504700671677, "impact_speed": 129.8958605731934, "time": 59.95157568395242}, "-20": {"optimal_thrust": 3451.918521382481, "impact_speed": 129.42671225931346, "time": 60.51460965857583}, "-19": {"optimal_thrust": 3440.714490647078, "impact_speed": 128.75844773563998, "time": 61.08759571778285}, "-18": {"optimal_thrust": 3429.904188245584, "impact_speed": 127.86998206312153, "time": 61.67051178708684}, "-17": {"optimal_thrust": 3419.507690246592,