{"-90": {"optimal_thrust": 3339.2042257106814, "impact_speed": 6.86826126557127, "time": 69.52552587729716}, "-89": {"optimal_thrust": 3339.4123647795873, "impact_speed": 6.530677108141884, "time": 69.50372790150747}, "-88": {"optimal_thrust": 3339.3161847513447, "impact_speed": 6.675582425963799, "time": 69.5273103630717}, "-87": {"optimal_thrust": 3339.9180777962374, "impact_speed": 5.606110362511699, "time": 69.53067216290447}, "-86": {"optimal_thrust": 3340.4570357959606, "impact_speed": 4.454366178987303, "time": 69.53474493588692}, "-85": {"optimal_thrust": 3341.210224979539, "impact_speed": 1.9655628199785624, "time": 69.54035229593558}, "-84": {"optimal_thrust": 3341.165077197022, "impact_speed": 2.201533382434124, "time": 69.5487189672463}, "-83": {"optimal_thrust": 3340.337227697446, "impact_speed": 4.753556187786702, "time": 69.55842544508944}, "-82": {"optimal_thrust": 3338.9573401241714, "impact_speed": 7.2253334758209915, "time": 69.5655016415611}, "-81": {"optimal_thrust": 3339.192150996867, "impact_speed": 6.867831529240381, "time": 69.5721117769453}, "-80": {"optimal_thrust": 3339.2027840543815, "impact_speed": 6.851067896855945, "time": 69.56298819580711}, "-79": {"optimal_thrust": 3339.207686719743, "impact_speed": 6.840517414004224, "time": 69.5947002153581}, "-78": {"optimal_thrust": 3339.1348918786102, "impact_speed": 6.948687590499049, "time": 69.61236056216858}, "-77": {"optimal_thrust": 3339.060445533382, "impact_speed": 7.0557643560037695, "time": 69.62887068233292}, "-76": {"optimal_thrust": 3338.994639647396, "impact_speed": 7.146879938268928, "time": 69.64626540356792}, "-75": {"optimal_thrust": 3338.944461580697, "impact_speed": 7.212855802361017, "time": 69.6654169916466}, "-74": {"optimal_thrust": 3338.903231129896, "impact_speed": 7.264748823958602, "time": 69.68318713268606}, "-73": {"optimal_thrust": 3338.8628538957864, "impact_speed": 7.315041605814407, "time": 69.70309252321512}, "-72": {"optimal_thrust": 3338.8170851236923, "impact_speed": 7.372949019574186, "time": 69.7245594917076}, "-71": {"optimal_thrust": 3338.4824918996223, "impact_speed": 7.829754974775138, "time": 69.74722136857412}, "-70": {"optimal_thrust": 3338.4748237722188, "impact_speed": 7.83252878778975, "time": 69.7710634252612}, "-69": {"optimal_thrust": 3338.455989744808, "impact_speed": 7.8509489595488064, "time": 69.79619156941412}, "-68": {"optimal_thrust": 3338.426349481538, "impact_speed": 7.884227709446527, "time": 69.82269898520082}, "-67": {"optimal_thrust": 3338.3861954252093, "impact_speed": 7.931579536098799, "time": 69.85054835505639}, "-66": {"optimal_thrust": 3338.336008022481, "impact_speed": 7.991898856448057, "time": 69.87978819471914}, "-65": {"optimal_thrust": 3338.2765280974063, "impact_speed": 8.063689156169163, "time": 69.91048973873838}, "-64": {"optimal_thrust": 3338.2077174192623, "impact_speed": 8.14648385272654, "time": 69.94170999984264}, "-63": {"optimal_thrust": 3338.1300671129575, "impact_speed": 8.239092229712531, "time": 69.97276446555972}, "-62": {"optimal_thrust": 3338.0436116212863, "impact_speed": 8.340934543855338, "time": 70.00500794698898}, "-61": {"optimal_thrust": 3337.949524767864, "impact_speed": 8.449943076361308, "time": 70.03866456857645}, "-60": {"optimal_thrust": 3337.847068900511, "impact_speed": 8.566586339008149, "time": 70.0736331345236}, "-59": {"optimal_thrust": 3337.7374199766773, "impact_speed": 8.688853699249895, "time": 70.10983289368586}, "-58": {"optimal_thrust": 3337.620624824866, "impact_speed": 8.816242300869789, "time": 70.14719837176173}, "-57": {"optimal_thrust": 3337.496617958033, "impact_speed": 8.948417162625345, "time": 70.18567879867956}, "-56": {"optimal_thrust": 3337.366294998998, "impact_speed": 9.083847489567324, "time": 70.22528496040918}, "-55": {"optimal_thrust": 3337.2293076981914, "impact_speed": 9.222627346830219, "time": 70.26599497211575}, "-54": {"optimal_thrust": 3337.0866799795463, "impact_speed": 9.363131826492648, "time": 70.30776061781431}, "-53": {"optimal_thrust": 3336.9377784782105, "impact_speed": 9.505893101096209, "time": 70.35058426065436}, "-52": {"optimal_thrust": 3336.7840865355497, "impact_speed": 9.64874469096304, "time": 70.39445467763993}, "-51": {"optimal_thrust": 3336.6409444217725, "impact_speed": 9.770099889302669, "time": 70.43933648034694}, "-50": {"optimal_thrust": 3336.5105063878163, "impact_speed": 9.861939231045447, "time": 70.48522266401689}, "-49": {"optimal_thrust": 3336.363667073605, "impact_speed": 9.961677386922329, "time": 70.53210544864102}, "-48": {"optimal_thrust": 3336.201019226108, "impact_speed": 10.06721035531428, "time": 70.57997249626946}, "-47": {"optimal_thrust": 3336.022759042119, "impact_speed": 10.17695003735977, "time": 70.62881118183388}, "-46": {"optimal_thrust": 3335.829247255997, "impact_speed": 10.30074601068674, "time": 70.67860860023774}, "-45": {"optimal_thrust": 3335.620945277632, "impact_speed": 10.514356877394771, "time": 70.72935156693703}, "-44": {"optimal_thrust": 3335.397674251697, "impact_speed": 10.74573082207227, "time": 70.78102661151615}, "-43": {"optimal_thrust": 3335.160061628807, "impact_speed": 10.98567855174011, "time": 70.83361999354716}, "-42": {"optimal_thrust": 3334.907829443512, "impact_speed": 11.234384429368296, "time": 70.88711768632214}, "-41": {"optimal_thrust": 3334.6428744284403, "impact_speed": 11.488519072165898, "time": 70.94150540968931}, "-40": {"optimal_thrust": 3334.3635701204753, "impact_speed": 11.75041308262655, "time": 70.99676857325585}, "-39": {"optimal_thrust": 3334.071734189609, "impact_speed": 11.645095473249633, "time": 71.05289234957549}, "-38": {"optimal_thrust": 3333.8223230277595, "impact_speed": 11.195491520309757, "time": 71.10986218855095}, "-37": {"optimal_thrust": 3333.7092844670597, "impact_speed": 11.267439308669182, "time": 71.16766367857686}, "-36": {"optimal_thrust": 3333.583809291109, "impact_speed": 11.2928044393521, "time": 71.22628395277637}, "-35": {"optimal_thrust": 3333.441014550932, "impact_speed": 11.284617596973662, "time": 71.28570320689354}, "-34": {"optimal_thrust": 3333.2661894092475, "impact_speed": 11.176130053194496, "time": 71.34590418213034}, "-33": {"optimal_thrust": 3333.110907088578, "impact_speed": 11.151331269980385, "time": 71.40687070334658}, "-32": {"optimal_thrust": 3332.92965313059, "impact_speed": 11.047157467913989, "time": 71.46858537552498}, "-31": {"optimal_thrust": 3332.780027321846, "impact_speed": 11.068740897785936, "time": 71.5310316648077}, "-30": {"optimal_thrust": 3332.62963611927, "impact_speed": 11.099638358552898, "time": 71.59419949565917}, "-29": {"optimal_thrust": 3332.4806051579367, "impact_speed": 11.14677414562744, "time": 71.65808045865255}, "-28": {"optimal_thrust": 3332.3324080080715, "impact_speed": 11.207570118120717, "time": 71.72265486206764}, "-27": {"optimal_thrust": 3332.136022580525, "impact_speed": 11.099378732134422, "time": 71.78790234959159}, "-26": {"optimal_thrust": 3332.0166340436786, "impact_speed": 11.286572035927534, "time": 71.85380434637166}, "-25": {"optimal_thrust": 3331.8959326967847, "impact_speed": 11.47459353225226, "time": 71.92034011427158}, "-24": {"optimal_thrust": 3331.773890207265, "impact_speed": 11.662703111889984, "time": 71.98748971144485}, "-23": {"optimal_thrust": 3331.6507174602407, "impact_speed": 11.85104520030583, "time": 72.05523316668173}, "-22": {"optimal_thrust": 3331.526098147808, "impact_speed": 12.038110016238466, "time": 72.12355045679816}, "-21": {"optimal_thrust": 3331.4006966760126, "impact_speed": 12.225558152842728, "time": 72.19242150368935}, "-20": {"optimal_thrust": 3331.273812336833, "impact_speed": 12.410813880215715, "time": 72.26182612782752}, "-19": {"optimal_thrust": 3331.1459745851807, "impact_speed": 12.595126667792593, "time": 72.33174405251562}, "-18": {"optimal_thrust": 3331.0174266284494, "impact_speed": 12.778785961358354, "time": 72.40215486355396}, "-17": {"optimal_thrust": 3330.8873737556182,