{"-90": {"optimal_thrust": 4253.480893793473, "impact_speed": 67.94219661139707, "time": 42.22343273168705}, "-89": {"optimal_thrust": 4271.160591611468, "impact_speed": 65.31879237456279, "time": 42.22751025895909}, "-88": {"optimal_thrust": 4261.561920331733, "impact_speed": 66.7652698156993, "time": 42.23536603565561}, "-87": {"optimal_thrust": 4321.76997183886, "impact_speed": 56.0684538091411, "time": 42.253801391727265}, "-86": {"optimal_thrust": 4375.617774068682, "impact_speed": 44.56412676652329, "time": 42.27541714038866}, "-85": {"optimal_thrust": 4450.977853025839, "impact_speed": 19.6797455443958, "time": 42.30638610384195}, "-84": {"optimal_thrust": 4446.602358596884, "impact_speed": 21.96907391500017, "time": 42.34604258299727}, "-83": {"optimal_thrust": 4363.900034307437, "impact_speed": 47.495506229972094, "time": 42.384800034696326}, "-82": {"optimal_thrust": 4225.728814818512, "impact_speed": 72.25410464148611, "time": 42.43221446071017}, "-81": {"optimal_thrust": 4249.192754919685, "impact_speed": 68.6817671718798, "time": 42.48766448963226}, "-80": {"optimal_thrust": 4250.303576559696, "impact_speed": 68.50672582608321, "time": 42.551364034559136}, "-79": {"optimal_thrust": 4250.7774407753805, "impact_speed": 68.40379960543271, "time": 42.619088262019375}, "-78": {"optimal_thrust": 4243.500496168693, "impact_speed": 69.48515224031222, "time": 42.694241176341315}, "-77": {"optimal_thrust": 4236.067377101958, "impact_speed": 70.55422132477143, "time": 42.774126785160306}, "-76": {"optimal_thrust": 4229.520637869016, "impact_speed": 71.4603920018252, "time": 42.83024682230604}, "-75": {"optimal_thrust": 4224.4552171806035, "impact_speed": 72.12726578023107, "time": 42.946858333161394}, "-74": {"optimal_thrust": 4220.352505932549, "impact_speed": 72.64322788357205, "time": 43.058971596474734}, "-73": {"optimal_thrust": 4216.326045044625, "impact_speed": 73.1445385648533, "time": 43.17195716105742}, "-72": {"optimal_thrust": 4211.712550773154, "impact_speed": 73.72893844907787, "time": 43.28982672835526}, "-71": {"optimal_thrust": 4178.275132054072, "impact_speed": 78.29405383983439, "time": 43.41370977066578}, "-70": {"optimal_thrust": 4177.49132729983, "impact_speed": 78.32408087596004, "time": 43.5443919678403}, "-69": {"optimal_thrust": 4175.6010492950645, "impact_speed": 78.50920539739644, "time": 43.68194168335735}, "-68": {"optimal_thrust": 4172.636354552242, "impact_speed": 78.84207363143476, "time": 43.8266377762158}, "-67": {"optimal_thrust": 4168.634875695427, "impact_speed": 79.31369324896312, "time": 43.97837630793579}, "-66": {"optimal_thrust": 4163.635151799872, "impact_speed": 79.91431675772236, "time": 44.13756161173652}, "-65": {"optimal_thrust": 4157.676393032369, "impact_speed": 80.63368828674652, "time": 44.30418085772497}, "-64": {"optimal_thrust": 4150.794770598214, "impact_speed": 81.4617269446402, "time": 44.478253823434514}, "-63": {"optimal_thrust": 4143.026294482046, "impact_speed": 82.38828906964363, "time": 44.660316203629826}, "-62": {"optimal_thrust": 4134.406616380116, "impact_speed": 83.40332327385563, "time": 44.84973717417556}, "-61": {"optimal_thrust": 4124.968784782504, "impact_speed": 84.49726731544963, "time": 45.04240459833932}, "-60": {"optimal_thrust": 4114.74505139003, "impact_speed": 85.66088161856582, "time": 45.24468433383658}, "-59": {"optimal_thrust": 4103.768189755511, "impact_speed": 86.88513484143365, "time": 45.45525547715341}, "-58": {"optimal_thrust": 4092.0692640962484, "impact_speed": 88.1615320101305, "time": 45.673749517691014}, "-57": {"optimal_thrust": 4079.6795069299815, "impact_speed": 89.48189186564854, "time": 45.90010131823486}, "-56": {"optimal_thrust": 4066.6290741787184, "impact_speed": 90.83851559406484, "time": 46.13429416724074}, "-55": {"optimal_thrust": 4052.9491132933967, "impact_speed": 92.22392061030776, "time": 46.37637201147723}, "-54": {"optimal_thrust": 4038.6704224288596, "impact_speed": 93.631000936562, "time": 46.62647025351397}, "-53": {"optimal_thrust": 4023.8235487826537, "impact_speed": 95.0529960796689, "time": 46.8846871349759}, "-52": {"optimal_thrust": 4008.4397288258456, "impact_speed": 96.48334513267596, "time": 47.15109863907418}, "-51": {"optimal_thrust": 3994.126765457411, "impact_speed": 97.696569548781, "time": 47.42578665807722}, "-50": {"optimal_thrust": 3981.0513900484575, "impact_speed": 98.61930756234462, "time": 47.708828272017975}, "-49": {"optimal_thrust": 3966.372395452594, "impact_speed": 99.6157927610098, "time": 48.00028974004976}, "-48": {"optimal_thrust": 3950.1144071167696, "impact_speed": 100.66919547096334, "time": 48.30025216333922}, "-47": {"optimal_thrust": 3932.3010239724276, "impact_speed": 101.75891354550302, "time": 48.60880084376984}, "-46": {"optimal_thrust": 3912.959045661261, "impact_speed": 102.91581261077873, "time": 48.926027021087414}, "-45": {"optimal_thrust": 3892.1148324191927, "impact_speed": 105.13508040807943, "time": 49.252030682653306}, "-44": {"optimal_thrust": 3869.79669678991, "impact_speed": 107.44995520334841, "time": 49.58692499236109}, "-43": {"optimal_thrust": 3846.0346401184584, "impact_speed": 109.85130337602916, "time": 49.930840276334585}, "-42": {"optimal_thrust": 3820.8596378479497, "impact_speed": 112.33141207298587, "time": 50.28390715963809}, "-41": {"optimal_thrust": 3794.3042819236125, "impact_speed": 114.8827774970335, "time": 50.64611248066718}, "-40": {"optimal_thrust": 3766.4026233184873, "impact_speed": 117.49818819177115, "time": 51.01692443572339}, "-39": {"optimal_thrust": 3737.189748532323, "impact_speed": 120.17079492693561, "time": 51.395871505226054}, "-38": {"optimal_thrust": 3712.0840765527637, "impact_speed": 122.27599290835707, "time": 51.783700782866056}, "-37": {"optimal_thrust": 3700.796324850875, "impact_speed": 122.70057430960775, "time": 52.18111578816712}, "-36": {"optimal_thrust": 3689.266232730947, "impact_speed": 123.04334589472441, "time": 52.588209925808926}, "-35": {"optimal_thrust": 3673.4922197253186, "impact_speed": 123.88050238330052, "time": 53.004984791768116}, "-34": {"optimal_thrust": 3653.8963912738154, "impact_speed": 125.24031257673755, "time": 53.43145561181856}, "-33": {"optimal_thrust": 3639.6229552930895, "impact_speed": 125.80345029005274, "time": 53.86769753968216}, "-32": {"optimal_thrust": 3624.0321718373552, "impact_speed": 126.52040235148097, "time": 54.313707345768336}, "-31": {"optimal_thrust": 3608.595658871188, "impact_speed": 127.17885131058902, "time": 54.769530790724296}, "-30": {"optimal_thrust": 3593.30868068744, "impact_speed": 127.77959183567879, "time": 55.235205998772}, "-29": {"optimal_thrust": 3578.181277791335, "impact_speed": 128.32137679872426, "time": 55.71076629927328}, "-28": {"optimal_thrust": 3563.23487491957, "impact_speed": 128.8012335801397, "time": 56.19625354082805}, "-27": {"optimal_thrust": 3544.0744098904997, "impact_speed": 130.26095732717096, "time": 56.69168299985467}, "-26": {"optimal_thrust": 3529.8864243367975, "impact_speed": 130.65014202061707, "time": 57.19713233033655}, "-25": {"optimal_thrust": 3516.10527265252, "impact_speed": 130.93499689816582, "time": 57.71259632477072}, "-24": {"optimal_thrust": 3502.75154971909, "impact_speed": 131.09885319769052, "time": 58.2381063811571}, "-23": {"optimal_thrust": 3489.8238521085514, "impact_speed": 131.12629120675123, "time": 58.77367800140508}, "-22": {"optimal_thrust": 3477.30823590909, "impact_speed": 131.00265676223015, "time": 59.3193083553813}, "-21": {"optimal_thrust": 3465.189353230138, "impact_speed": 130.71277840266706, "time": 59.87498402091328}, "-20": {"optimal_thrust": 3453.4567111424026, "impact_speed": 130.24085508482068, "time": 60.440709649350545}, "-19": {"optimal_thrust": 3442.1116538942038, "impact_speed": 129.5681157039365, "time": 61.01648013939979}, "-18": {"optimal_thrust": 3431.164477671723, "impact_speed": 128.6745756126744, "time": 61.60227478937047}, "-17": {"optimal_thrust": 3420.637445217817,