{"-90": {"optimal_thrust": 4264.830862178395, "impact_speed": 68.40500829042011, "time": 42.090215781118914}, "-89": {"optimal_thrust": 4282.961618563195, "impact_speed": 65.72707445722168, "time": 42.09506222258213}, "-88": {"optimal_thrust": 4273.242820119313, "impact_speed": 67.18255518343993, "time": 42.10223529264414}, "-87": {"optimal_thrust": 4334.2058181932125, "impact_speed": 56.418885409951045, "time": 42.12060618969596}, "-86": {"optimal_thrust": 4388.728645898304, "impact_speed": 44.842698963375184, "time": 42.14233527152171}, "-85": {"optimal_thrust": 4465.033848184077, "impact_speed": 19.8027525065952, "time": 42.17335186827642}, "-84": {"optimal_thrust": 4460.60360672679, "impact_speed": 22.10633132556756, "time": 42.21306288211232}, "-83": {"optimal_thrust": 4376.864457059857, "impact_speed": 47.7922889665587, "time": 42.25189435032523}, "-82": {"optimal_thrust": 4236.960358583953, "impact_speed": 72.70570103497086, "time": 42.2993684245534}, "-81": {"optimal_thrust": 4260.718506955114, "impact_speed": 69.11103802397236, "time": 42.35489871280484}, "-80": {"optimal_thrust": 4261.843320959838, "impact_speed": 68.93489279806013, "time": 42.4193144298271}, "-79": {"optimal_thrust": 4262.323390549017, "impact_speed": 68.83128229982464, "time": 42.486515308605064}, "-78": {"optimal_thrust": 4254.954742019536, "impact_speed": 69.91946410684781, "time": 42.561753753770766}, "-77": {"optimal_thrust": 4247.4287299766365, "impact_speed": 70.99516758356722, "time": 42.641575373460704}, "-76": {"optimal_thrust": 4240.799613767988, "impact_speed": 71.9070446002191, "time": 42.69970162305896}, "-75": {"optimal_thrust": 4235.670632147479, "impact_speed": 72.57809272153453, "time": 42.81565973646763}, "-74": {"optimal_thrust": 4231.5165746969, "impact_speed": 73.0972651052292, "time": 42.92745673074338}, "-73": {"optimal_thrust": 4227.4397537359255, "impact_speed": 73.60169036426129, "time": 43.040436482051064}, "-72": {"optimal_thrust": 4222.7683904523865, "impact_speed": 74.18974564409817, "time": 43.15842750787907}, "-71": {"optimal_thrust": 4188.911854480242, "impact_speed": 78.78337179183116, "time": 43.28249286506596}, "-70": {"optimal_thrust": 4188.118404673938, "impact_speed": 78.81356166703445, "time": 43.41339335744246}, "-69": {"optimal_thrust": 4186.2040144515795, "impact_speed": 78.99989865843561, "time": 43.55114984264986}, "-68": {"optimal_thrust": 4183.202006124282, "impact_speed": 79.33486611671319, "time": 43.69613769388667}, "-67": {"optimal_thrust": 4179.150602027268, "impact_speed": 79.8093996063478, "time": 43.84816487617836}, "-66": {"optimal_thrust": 4174.088186749202, "impact_speed": 80.41377696140032, "time": 44.00766528092904}, "-65": {"optimal_thrust": 4168.054404115542, "impact_speed": 81.13768557953453, "time": 44.17461042151886}, "-64": {"optimal_thrust": 4161.086491634086, "impact_speed": 81.97089937526817, "time": 44.34903605988075}, "-63": {"optimal_thrust": 4153.221131192204, "impact_speed": 82.90318297362836, "time": 44.531533641388975}, "-62": {"optimal_thrust": 4144.493106844261, "impact_speed": 83.9245959040673, "time": 44.72104336614567}, "-61": {"optimal_thrust": 4134.9369659490285, "impact_speed": 85.0253728900061, "time": 44.914198865019294}, "-60": {"optimal_thrust": 4124.585241250185, "impact_speed": 86.19623339112309, "time": 45.11696575539283}, "-59": {"optimal_thrust": 4113.470742176525, "impact_speed": 87.42813812044865, "time": 45.328007720154375}, "-58": {"optimal_thrust": 4101.624892369555, "impact_speed": 88.71254231683763, "time": 45.546989942450786}, "-57": {"optimal_thrust": 4089.079548638602, "impact_speed": 90.04118369596824, "time": 45.77385356588845}, "-56": {"optimal_thrust": 4075.8656286945247, "impact_speed": 91.40626688850502, "time": 46.00858049978957}, "-55": {"optimal_thrust": 4062.0143148418088, "impact_speed": 92.80030773830046, "time": 46.251225626933405}, "-54": {"optimal_thrust": 4047.556241237992, "impact_speed": 94.21622582630006, "time": 46.50192612092893}, "-53": {"optimal_thrust": 4032.523550004133, "impact_speed": 95.64706383623549, "time": 46.76077766491163}, "-52": {"optimal_thrust": 4016.9467879958142, "impact_speed": 97.08635803517797, "time": 47.02785743998825}, "-51": {"optimal_thrust": 4002.4540926257496, "impact_speed": 98.30720048227434, "time": 47.30324876772311}, "-50": {"optimal_thrust": 3989.214793539667, "impact_speed": 99.23570395599187, "time": 47.58703026519676}, "-49": {"optimal_thrust": 3974.352111466964, "impact_speed": 100.23835570058407, "time": 47.87926976183823}, "-48": {"optimal_thrust": 3957.889841386098, "impact_speed": 101.29842911779662, "time": 48.180050109460666}, "-47": {"optimal_thrust": 3939.853317725556, "impact_speed": 102.39490526045203, "time": 48.489458501414234}, "-46": {"optimal_thrust": 3920.2685562949514, "impact_speed": 103.56062008843516, "time": 48.80758823408124}, "-45": {"optimal_thrust": 3899.162992028924, "impact_speed": 105.79227241987614, "time": 49.134541625044825}, "-44": {"optimal_thrust": 3876.5652337548045, "impact_speed": 108.12151932309882, "time": 49.47043455017229}, "-43": {"optimal_thrust": 3852.5050115079584, "impact_speed": 110.53791604163658, "time": 49.815400299601826}, "-42": {"optimal_thrust": 3827.0144998350775, "impact_speed": 113.03349270593105, "time": 50.16957033028663}, "-41": {"optimal_thrust": 3800.126311657316, "impact_speed": 115.6007821294112, "time": 50.532917751363684}, "-40": {"optimal_thrust": 3771.8743545268812, "impact_speed": 118.23259700589809, "time": 50.90487974429023}, "-39": {"optimal_thrust": 3742.295961689885, "impact_speed": 120.92181020151709, "time": 51.28502971127593}, "-38": {"optimal_thrust": 3716.8745858743387, "impact_speed": 123.04027196166398, "time": 51.67416067653901}, "-37": {"optimal_thrust": 3705.4457502089226, "impact_speed": 123.46745451911757, "time": 52.07295385726008}, "-36": {"optimal_thrust": 3693.771373005667, "impact_speed": 123.81232854023327, "time": 52.48148938815845}, "-35": {"optimal_thrust": 3677.799212782299, "impact_speed": 124.65476681350742, "time": 52.89976767785859}, "-34": {"optimal_thrust": 3657.957526456095, "impact_speed": 126.02309762213437, "time": 53.32780582906859}, "-33": {"optimal_thrust": 3643.505264857481, "impact_speed": 126.58973334152772, "time": 53.765681689563394}, "-32": {"optimal_thrust": 3627.7189665426013, "impact_speed": 127.31117080243313, "time": 54.213393986866386}, "-31": {"optimal_thrust": 3612.0891125036374, "impact_speed": 127.97369591764888, "time": 54.67099070534729}, "-30": {"optimal_thrust": 3596.6105108340416, "impact_speed": 128.57817659058173, "time": 55.13851186640942}, "-29": {"optimal_thrust": 3581.293284329358, "impact_speed": 129.1233751360278, "time": 55.615992970752984}, "-28": {"optimal_thrust": 3566.1592896072693, "impact_speed": 129.6062740387178, "time": 56.10347885792949}, "-27": {"optimal_thrust": 3546.7586018842526, "impact_speed": 131.07511102917397, "time": 56.60098629298781}, "-26": {"optimal_thrust": 3532.3930655348627, "impact_speed": 131.4666420891778, "time": 57.108592662207}, "-25": {"optimal_thrust": 3518.4387118246864, "impact_speed": 131.7533818061277, "time": 57.62629794324698}, "-24": {"optimal_thrust": 3504.9174876298916, "impact_speed": 131.91828680519606, "time": 58.15413454486265}, "-23": {"optimal_thrust": 3491.827655217311, "impact_speed": 131.9459199463825, "time": 58.69211884319262}, "-22": {"optimal_thrust": 3479.1555361202495, "impact_speed": 131.82133670482392, "time": 59.24024808519521}, "-21": {"optimal_thrust": 3466.8845595517346, "impact_speed": 131.52970103626575, "time": 59.79851249798559}, "-20": {"optimal_thrust": 3455.0050701319014, "impact_speed": 131.05463409399883, "time": 60.366919834754945}, "-19": {"optimal_thrust": 3443.517000662547, "impact_speed": 130.37829837132708, "time": 60.94546509771835}, "-18": {"optimal_thrust": 3432.433213662388, "impact_speed": 129.47852132036388, "time": 61.53412901035809}, "-17": {"optimal_thrust": 3421.7737227732723,