{"-90": {"optimal_thrust": 4276.243089340096, "impact_speed": 68.8688903086048, "time": 41.9576328060166}, "-89": {"optimal_thrust": 4294.836246335715, "impact_speed": 66.13534425146396, "time": 41.963573813117186}, "-88": {"optimal_thrust": 4284.996490053961, "impact_speed": 67.59984179960925, "time": 41.969736239125105}, "-87": {"optimal_thrust": 4346.718746940174, "impact_speed": 56.76939178535704, "time": 41.98804808919062}, "-86": {"optimal_thrust": 4401.92157759, "impact_speed": 45.12118254924498, "time": 42.00988432822468}, "-85": {"optimal_thrust": 4479.177626667658, "impact_speed": 19.925647109875868, "time": 42.04094703834979}, "-84": {"optimal_thrust": 4474.692125055703, "impact_speed": 22.2435721127594, "time": 42.080710385780925}, "-83": {"optimal_thrust": 4389.909197888869, "impact_speed": 48.089174205516315, "time": 42.119616595121855}, "-82": {"optimal_thrust": 4248.261589577766, "impact_speed": 73.15734010419504, "time": 42.16714789252961}, "-81": {"optimal_thrust": 4272.316119708876, "impact_speed": 69.5403012312946, "time": 42.2227563005343}, "-80": {"optimal_thrust": 4273.454968177983, "impact_speed": 69.36305913740644, "time": 42.28818442001519}, "-79": {"optimal_thrust": 4273.940729890103, "impact_speed": 69.25884993931545, "time": 42.354558817382575}, "-78": {"optimal_thrust": 4266.480531548956, "impact_speed": 70.35374879716859, "time": 42.42987811766141}, "-77": {"optimal_thrust": 4258.860641388523, "impact_speed": 71.43614811171624, "time": 42.50962561356014}, "-76": {"optimal_thrust": 4252.149148107061, "impact_speed": 72.35365517145819, "time": 42.56968953347125}, "-75": {"optimal_thrust": 4246.9562094872, "impact_speed": 73.02887804065098, "time": 42.68502205981234}, "-74": {"optimal_thrust": 4242.750409903861, "impact_speed": 73.55127208874066, "time": 42.79652022113218}, "-73": {"optimal_thrust": 4238.622676945368, "impact_speed": 74.05884645238716, "time": 42.909505789517624}, "-72": {"optimal_thrust": 4233.89344491033, "impact_speed": 74.6505055704905, "time": 43.02761878843588}, "-71": {"optimal_thrust": 4199.614786513452, "impact_speed": 79.27269828695607, "time": 43.151864197576934}, "-70": {"optimal_thrust": 4198.811217947579, "impact_speed": 79.30310677331565, "time": 43.282979099117426}, "-69": {"optimal_thrust": 4196.873150421153, "impact_speed": 79.49057722592143, "time": 43.42094139707491}, "-68": {"optimal_thrust": 4193.833945230407, "impact_speed": 79.82759686217862, "time": 43.566212046984006}, "-67": {"optimal_thrust": 4189.73166891291, "impact_speed": 80.30512985811903, "time": 43.71852395176091}, "-66": {"optimal_thrust": 4184.606600614468, "impact_speed": 80.91320366726734, "time": 43.878332836264434}, "-65": {"optimal_thrust": 4178.497398714541, "impact_speed": 81.64163972298401, "time": 44.045597519416646}, "-64": {"optimal_thrust": 4171.442642563959, "impact_speed": 82.48003103599233, "time": 44.220370593249186}, "-63": {"optimal_thrust": 4163.479094433222, "impact_speed": 83.41812857557059, "time": 44.40330158685894}, "-62": {"optimal_thrust": 4154.642406628526, "impact_speed": 84.44587305950573, "time": 44.59287476276496}, "-61": {"optimal_thrust": 4144.966971059947, "impact_speed": 85.55351504423761, "time": 44.78653156762107}, "-60": {"optimal_thrust": 4134.486383447361, "impact_speed": 86.73163114317495, "time": 44.98977354532047}, "-59": {"optimal_thrust": 4123.2332976981625, "impact_speed": 87.97119874772618, "time": 45.20127775671188}, "-58": {"optimal_thrust": 4111.2402060705135, "impact_speed": 89.26353377459205, "time": 45.42073990358007}, "-57": {"optimal_thrust": 4098.538410988732, "impact_speed": 90.60044337404716, "time": 45.648107175870486}, "-56": {"optimal_thrust": 4085.1600115514943, "impact_speed": 91.97398288368616, "time": 45.88336012520437}, "-55": {"optimal_thrust": 4071.1360005273705, "impact_speed": 93.3766945473819, "time": 46.12656451093584}, "-54": {"optimal_thrust": 4056.4977575003313, "impact_speed": 94.80140813635482, "time": 46.377858562249244}, "-53": {"optimal_thrust": 4041.2774235426805, "impact_speed": 96.24117441317878, "time": 46.63733582194114}, "-52": {"optimal_thrust": 4025.5064645736024, "impact_speed": 97.6894213332107, "time": 46.90507469530868}, "-51": {"optimal_thrust": 4010.833675351231, "impact_speed": 98.9177806513983, "time": 47.18115994730684}, "-50": {"optimal_thrust": 3997.429426072506, "impact_speed": 99.85204527976387, "time": 47.465671734935796}, "-49": {"optimal_thrust": 3982.3813955859755, "impact_speed": 100.86094512512771, "time": 47.75867946599055}, "-48": {"optimal_thrust": 3965.714013291574, "impact_speed": 101.92759454085703, "time": 48.06026775416859}, "-47": {"optimal_thrust": 3947.4530523154845, "impact_speed": 103.03073464528546, "time": 48.37052568248019}, "-46": {"optimal_thrust": 3927.6240429518216, "impact_speed": 104.20268645778816, "time": 48.68954860807061}, "-45": {"optimal_thrust": 3906.2554186902803, "impact_speed": 106.44931680031436, "time": 49.01744118009321}, "-44": {"optimal_thrust": 3883.37586324555, "impact_speed": 108.79310310737154, "time": 49.35432198363695}, "-43": {"optimal_thrust": 3859.016254223126, "impact_speed": 111.22442225902317, "time": 49.7003272543876}, "-42": {"optimal_thrust": 3833.2078126324404, "impact_speed": 113.73555680866359, "time": 50.05558909462545}, "-41": {"optimal_thrust": 3805.9843510694445, "impact_speed": 116.31882431677032, "time": 50.42006630960025}, "-40": {"optimal_thrust": 3777.3808755847826, "impact_speed": 118.96691570129104, "time": 50.79316684874001}, "-39": {"optimal_thrust": 3747.43332287863, "impact_speed": 121.6729051760597, "time": 51.17451168579229}, "-38": {"optimal_thrust": 3721.695872475294, "impact_speed": 123.80444358530025, "time": 51.56493448240248}, "-37": {"optimal_thrust": 3710.1240782512145, "impact_speed": 124.23434286473862, "time": 51.96509423437124}, "-36": {"optimal_thrust": 3696.3713873500265, "impact_speed": 124.83487808747904, "time": 52.375048960215935}, "-35": {"optimal_thrust": 3682.1334480016794, "impact_speed": 125.42897215660963, "time": 52.7948289001683}, "-34": {"optimal_thrust": 3662.0445050831895, "impact_speed": 126.80580238551613, "time": 53.22442244374325}, "-33": {"optimal_thrust": 3647.411560670974, "impact_speed": 127.37604840313327, "time": 53.66392034551885}, "-32": {"optimal_thrust": 3631.4288469215317, "impact_speed": 128.10191959745853, "time": 54.113323300989386}, "-31": {"optimal_thrust": 3615.604434484152, "impact_speed": 128.76852182561169, "time": 54.572681514864854}, "-30": {"optimal_thrust": 3599.932491509308, "impact_speed": 129.37684642676822, "time": 55.0420368945004}, "-29": {"optimal_thrust": 3584.424598972846, "impact_speed": 129.92539157855904, "time": 55.52142725111959}, "-28": {"optimal_thrust": 3569.102124368429, "impact_speed": 130.41126510801004, "time": 56.01090031699131}, "-27": {"optimal_thrust": 3549.4594155554355, "impact_speed": 131.88928758988288, "time": 56.510474326542266}, "-26": {"optimal_thrust": 3534.9150535895246, "impact_speed": 132.2832099482171, "time": 57.02022639913634}, "-25": {"optimal_thrust": 3520.787121424178, "impact_speed": 132.571645751731, "time": 57.540161940479095}, "-24": {"optimal_thrust": 3507.0971119373394, "impact_speed": 132.7376588068075, "time": 58.07031416804377}, "-23": {"optimal_thrust": 3493.8441862837935, "impact_speed": 132.7654573569575, "time": 58.610700332485095}, "-22": {"optimal_thrust": 3481.014281156289, "impact_speed": 132.64004609526464, "time": 59.16131794315867}, "-21": {"optimal_thrust": 3468.59025206637, "impact_speed": 132.3466652943108, "time": 59.72216099902084}, "-20": {"optimal_thrust": 3456.562571766568, "impact_speed": 131.86876083069004, "time": 60.29324010723125}, "-19": {"optimal_thrust": 3444.931624686804, "impact_speed": 131.1880166796676, "time": 60.87455051467009}, "-18": {"optimal_thrust": 3433.7096869692496, "impact_speed": 130.28266591914283, "time": 61.466074370600126}, "-17": {"optimal_thrust": 3422.9173533814514,