{"-90": {"optimal_thrust": 4287.71662299662, "impact_speed": 69.33396626989767, "time": 41.82568085896147}, "-89": {"optimal_thrust": 4306.784670447654, "impact_speed": 66.5435704342873, "time": 41.83295627565761}, "-88": {"optimal_thrust": 4296.822973126733, "impact_speed": 68.0171229417158, "time": 41.83786587259852}, "-87": {"optimal_thrust": 4359.309785152062, "impact_speed": 57.11978045148217, "time": 41.85612359283156}, "-86": {"optimal_thrust": 4415.195941449525, "impact_speed": 45.39972720100934, "time": 41.878061269671605}, "-85": {"optimal_thrust": 4493.408530174019, "impact_speed": 20.048786328348335, "time": 41.90916859980812}, "-84": {"optimal_thrust": 4488.8678510449445, "impact_speed": 22.380826634948857, "time": 41.94898201209415}, "-83": {"optimal_thrust": 4403.034972065642, "impact_speed": 48.38600127760755, "time": 41.98796379627117}, "-82": {"optimal_thrust": 4259.6334584251945, "impact_speed": 73.60888245633218, "time": 42.035549899949096}, "-81": {"optimal_thrust": 4283.985201498333, "impact_speed": 69.96961696803847, "time": 42.091234282737844}, "-80": {"optimal_thrust": 4285.138555418104, "impact_speed": 69.79121914612577, "time": 42.15800622712163}, "-79": {"optimal_thrust": 4285.630442815048, "impact_speed": 69.68634976417853, "time": 42.22321644527724}, "-78": {"optimal_thrust": 4278.077710364221, "impact_speed": 70.78803012592432, "time": 42.29861102235465}, "-77": {"optimal_thrust": 4270.363545641746, "impact_speed": 71.87709780703652, "time": 42.378274934024915}, "-76": {"optimal_thrust": 4263.568844818979, "impact_speed": 72.80028243520627, "time": 42.44021146886949}, "-75": {"optimal_thrust": 4258.311753152748, "impact_speed": 73.4796508866612, "time": 42.55494501236908}, "-74": {"optimal_thrust": 4254.0534977958, "impact_speed": 74.00532322770793, "time": 42.66616080213852}, "-73": {"optimal_thrust": 4249.874815170566, "impact_speed": 74.51600667921966, "time": 42.77916294886697}, "-72": {"optimal_thrust": 4245.08692204878, "impact_speed": 75.11133148673721, "time": 42.8973981815774}, "-71": {"optimal_thrust": 4210.3838889618855, "impact_speed": 79.76203839028135, "time": 43.02182126548167}, "-70": {"optimal_thrust": 4209.57027990271, "impact_speed": 79.79264650627655, "time": 43.153146663961536}, "-69": {"optimal_thrust": 4207.60849579885, "impact_speed": 79.98123620964131, "time": 43.29130343929171}, "-68": {"optimal_thrust": 4204.531541665493, "impact_speed": 80.32035120101585, "time": 43.43685836840777}, "-67": {"optimal_thrust": 4200.378431844303, "impact_speed": 80.80083618554244, "time": 43.58945101741739}, "-66": {"optimal_thrust": 4195.189841613929, "impact_speed": 81.41267074471982, "time": 43.749561838519675}, "-65": {"optimal_thrust": 4189.004785316033, "impact_speed": 82.14562963197358, "time": 43.91713982546039}, "-64": {"optimal_thrust": 4181.862790550034, "impact_speed": 82.98917948567494, "time": 44.092255226150485}, "-63": {"optimal_thrust": 4173.800697462854, "impact_speed": 83.93305803241677, "time": 44.27561755336632}, "-62": {"optimal_thrust": 4164.854714794002, "impact_speed": 84.9671289077283, "time": 44.46523653910084}, "-61": {"optimal_thrust": 4155.059231391906, "impact_speed": 86.08163774327771, "time": 44.65939992930013}, "-60": {"optimal_thrust": 4144.448913644617, "impact_speed": 87.26701851625839, "time": 44.86310548882148}, "-59": {"optimal_thrust": 4133.056847042888, "impact_speed": 88.51419027630799, "time": 45.07506356388991}, "-58": {"optimal_thrust": 4120.914692369213, "impact_speed": 89.81457127645537, "time": 45.29499747965028}, "-57": {"optimal_thrust": 4108.055932206655, "impact_speed": 91.15969177454717, "time": 45.52286027435904}, "-56": {"optimal_thrust": 4094.5114350362487, "impact_speed": 92.54176284443314, "time": 45.758631251921756}, "-55": {"optimal_thrust": 4080.3137769018053, "impact_speed": 93.95313037919122, "time": 46.00238691819488}, "-54": {"optimal_thrust": 4065.4945339838696, "impact_speed": 95.38660378339024, "time": 46.25426589501509}, "-53": {"optimal_thrust": 4050.0856508993406, "impact_speed": 96.83526566015298, "time": 46.51435999277333}, "-52": {"optimal_thrust": 4034.119620091302, "impact_speed": 98.2924224404123, "time": 46.782748860001334}, "-51": {"optimal_thrust": 4019.264880067001, "impact_speed": 99.52839665705204, "time": 47.059518712701255}, "-50": {"optimal_thrust": 4005.694532715121, "impact_speed": 100.46844489695424, "time": 47.3447512633295}, "-49": {"optimal_thrust": 3990.4602478096294, "impact_speed": 101.48356054736381, "time": 47.638517503762635}, "-48": {"optimal_thrust": 3973.5867267861804, "impact_speed": 102.55673822214214, "time": 47.94090381257879}, "-47": {"optimal_thrust": 3955.0991075990296, "impact_speed": 103.66687283897389, "time": 48.25200116100723}, "-46": {"optimal_thrust": 3935.0250665352596, "impact_speed": 104.84476815036774, "time": 48.57190698052736}, "-45": {"optimal_thrust": 3913.3917213405416, "impact_speed": 107.10637801837692, "time": 48.90072824244145}, "-44": {"optimal_thrust": 3890.2289027759416, "impact_speed": 109.46462764130796, "time": 49.238586242577135}, "-43": {"optimal_thrust": 3865.56734174845, "impact_speed": 111.91101831848981, "time": 49.585620130063916}, "-42": {"optimal_thrust": 3839.439359393491, "impact_speed": 114.43763923359914, "time": 49.94196249360558}, "-41": {"optimal_thrust": 3811.878717370737, "impact_speed": 117.03685872377683, "time": 50.30755733200708}, "-40": {"optimal_thrust": 3782.9209843332324, "impact_speed": 119.70129970499372, "time": 50.681785274297795}, "-39": {"optimal_thrust": 3752.6029797777883, "impact_speed": 122.42394251172256, "time": 51.06431689288345}, "-38": {"optimal_thrust": 3726.546503521924, "impact_speed": 124.5686737692953, "time": 51.45602147244847}, "-37": {"optimal_thrust": 3714.831326388603, "impact_speed": 125.00123705114817, "time": 51.85753619564144}, "-36": {"optimal_thrust": 3702.8650404602295, "impact_speed": 125.35040601862202, "time": 52.26891861302869}, "-35": {"optimal_thrust": 3686.49391503328, "impact_speed": 126.20326499632401, "time": 52.69016784365008}, "-34": {"optimal_thrust": 3666.1564263679734, "impact_speed": 127.58856100209044, "time": 53.12130489821153}, "-33": {"optimal_thrust": 3651.3424819314178, "impact_speed": 128.1622942904579, "time": 53.56241301066157}, "-32": {"optimal_thrust": 3635.161691810426, "impact_speed": 128.89266957981854, "time": 54.013494835014924}, "-31": {"optimal_thrust": 3619.1413074455704, "impact_speed": 129.56338748388, "time": 54.47460280926771}, "-30": {"optimal_thrust": 3603.2751234633597, "impact_speed": 130.17549962284892, "time": 54.94578072354832}, "-29": {"optimal_thrust": 3587.575233400041, "impact_speed": 130.7274232186727, "time": 55.42706881555238}, "-28": {"optimal_thrust": 3572.062865945292, "impact_speed": 131.21633351626974, "time": 55.918517618605605}, "-27": {"optimal_thrust": 3552.177374303349, "impact_speed": 132.70336959663672, "time": 56.420146834779175}, "-26": {"optimal_thrust": 3537.4523295238364, "impact_speed": 133.09985893635022, "time": 56.93203331696021}, "-25": {"optimal_thrust": 3523.149475039966, "impact_speed": 133.3900760891009, "time": 57.45418810548483}, "-24": {"optimal_thrust": 3509.2902946712047, "impact_speed": 133.5570109925335, "time": 57.98664506174671}, "-23": {"optimal_thrust": 3495.8734453079996, "impact_speed": 133.58490511927263, "time": 58.52942229986632}, "-22": {"optimal_thrust": 3482.8843498857027, "impact_speed": 133.4588380867187, "time": 59.08251778926374}, "-21": {"optimal_thrust": 3470.3065658887813, "impact_speed": 133.16359705931913, "time": 59.64592940902183}, "-20": {"optimal_thrust": 3458.1298640643163, "impact_speed": 132.68278672154224, "time": 60.219670371211684}, "-19": {"optimal_thrust": 3446.3550743389824, "impact_speed": 131.99767705377462, "time": 60.8037363004867}, "-18": {"optimal_thrust": 3434.993771317402, "impact_speed": 131.08715346391404, "time": 61.398110794986565}, "-17": {"optimal_thrust": 3424.0680867413444,