{"-90": {"optimal_thrust": 4299.252019007275, "impact_speed": 69.80012797170752, "time": 41.69435700322538}, "-89": {"optimal_thrust": 4318.806658631719, "impact_speed": 66.95179105393399, "time": 41.70227433894764}, "-88": {"optimal_thrust": 4308.722226346568, "impact_speed": 68.43440536855171, "time": 41.70662119215168}, "-87": {"optimal_thrust": 4371.977940985081, "impact_speed": 57.47023698886366, "time": 41.724829246900754}, "-86": {"optimal_thrust": 4428.55188473933, "impact_speed": 45.678297280505994, "time": 41.74686306372033}, "-85": {"optimal_thrust": 4507.727185658192, "impact_speed": 20.171829742246732, "time": 41.778013548262436}, "-84": {"optimal_thrust": 4503.1303331369845, "impact_speed": 22.51831031013055, "time": 41.81787468467292}, "-83": {"optimal_thrust": 4416.241894011159, "impact_speed": 48.68274600136567, "time": 41.85693298577057}, "-82": {"optimal_thrust": 4271.0750933012705, "impact_speed": 74.06045620327102, "time": 41.90457148210126}, "-81": {"optimal_thrust": 4295.726656573678, "impact_speed": 70.39884652330208, "time": 41.96032970008992}, "-80": {"optimal_thrust": 4296.89356890256, "impact_speed": 70.21945130791363, "time": 42.0282107655872}, "-79": {"optimal_thrust": 4297.392058565198, "impact_speed": 70.11385490697955, "time": 42.09248573531943}, "-78": {"optimal_thrust": 4289.746278981372, "impact_speed": 71.22230807715617, "time": 42.16794924818313}, "-77": {"optimal_thrust": 4281.93712552557, "impact_speed": 72.31806403562473, "time": 42.24752079432754}, "-76": {"optimal_thrust": 4275.059021114481, "impact_speed": 73.24687995993871, "time": 42.31126816658769}, "-75": {"optimal_thrust": 4269.736708175666, "impact_speed": 73.93049134429826, "time": 42.425428162669085}, "-74": {"optimal_thrust": 4265.426197197641, "impact_speed": 74.45936645866043, "time": 42.53637712324406}, "-73": {"optimal_thrust": 4261.196323030292, "impact_speed": 74.97314901838449, "time": 42.64940579013656}, "-72": {"optimal_thrust": 4256.349217834845, "impact_speed": 75.57216634565488, "time": 42.76776328485049}, "-71": {"optimal_thrust": 4221.21920101736, "impact_speed": 80.25138666241725, "time": 42.89236155957974}, "-70": {"optimal_thrust": 4220.395947384877, "impact_speed": 80.28213358235163, "time": 43.02389352173838}, "-69": {"optimal_thrust": 4218.409655159904, "impact_speed": 80.47192851846152, "time": 43.162377245632925}, "-68": {"optimal_thrust": 4215.294517153379, "impact_speed": 80.81316565326466, "time": 43.30807419475246}, "-67": {"optimal_thrust": 4211.090495501297, "impact_speed": 81.29657139216097, "time": 43.46094355869564}, "-66": {"optimal_thrust": 4205.838343987562, "impact_speed": 81.91212015841627, "time": 43.621349860089936}, "-65": {"optimal_thrust": 4199.577550742851, "impact_speed": 82.64952511805596, "time": 43.78923502413337}, "-64": {"optimal_thrust": 4192.347369046436, "impact_speed": 83.49828787470497, "time": 43.96468776581724}, "-63": {"optimal_thrust": 4184.1857442340815, "impact_speed": 84.44799703399302, "time": 44.14847883920719}, "-62": {"optimal_thrust": 4175.1298725318775, "impact_speed": 85.4883842554889, "time": 44.33813218473043}, "-61": {"optimal_thrust": 4165.213828329094, "impact_speed": 86.60973095975322, "time": 44.532801249795966}, "-60": {"optimal_thrust": 4154.47279083566, "impact_speed": 87.80240089325989, "time": 44.736959389349146}, "-59": {"optimal_thrust": 4142.9403994882405, "impact_speed": 89.05723859715077, "time": 44.94936311313954}, "-58": {"optimal_thrust": 4130.649223434287, "impact_speed": 90.36554487604134, "time": 45.16976075293221}, "-57": {"optimal_thrust": 4117.631718308195, "impact_speed": 91.71897819996656, "time": 45.39811099073439}, "-56": {"optimal_thrust": 4103.920729201169, "impact_speed": 93.1095023186828, "time": 45.634392094647446}, "-55": {"optimal_thrust": 4089.5485512140017, "impact_speed": 94.52950126786413, "time": 45.878691108785254}, "-54": {"optimal_thrust": 4074.54700738848, "impact_speed": 95.97175779328599, "time": 46.131146440657574}, "-53": {"optimal_thrust": 4058.948308008692, "impact_speed": 97.429328312764, "time": 46.391848562840565}, "-52": {"optimal_thrust": 4042.785424463669, "impact_speed": 98.8954694215566, "time": 46.66087838237375}, "-51": {"optimal_thrust": 4027.7483849110863, "impact_speed": 100.13895670952981, "time": 46.93832358519956}, "-50": {"optimal_thrust": 4014.010596162365, "impact_speed": 101.08483034404702, "time": 47.224267437452454}, "-49": {"optimal_thrust": 3998.5889853486633, "impact_speed": 102.10614653481917, "time": 47.518782527310556}, "-48": {"optimal_thrust": 3981.5076646591788, "impact_speed": 103.1859332925393, "time": 47.82195699868809}, "-47": {"optimal_thrust": 3962.792603267111, "impact_speed": 104.30284908327802, "time": 48.133883720069015}, "-46": {"optimal_thrust": 3942.4713098345233, "impact_speed": 105.4889479372849, "time": 48.454662188630124}, "-45": {"optimal_thrust": 3920.571899979709, "impact_speed": 107.76345576810763, "time": 48.7844017076154}, "-44": {"optimal_thrust": 3897.1240836365137, "impact_speed": 110.13616008171033, "time": 49.12322627330477}, "-43": {"optimal_thrust": 3872.1586648506527, "impact_speed": 112.59762905065341, "time": 49.47127792240773}, "-42": {"optimal_thrust": 3845.7093573333573, "impact_speed": 115.13970524970149, "time": 49.828689573185684}, "-41": {"optimal_thrust": 3817.809483311048, "impact_speed": 117.75487531648874, "time": 50.1953900074323}, "-40": {"optimal_thrust": 3788.4953696734256, "impact_speed": 120.4356602421101, "time": 50.57073454392862}, "-39": {"optimal_thrust": 3757.8038565679576, "impact_speed": 123.17504985088638, "time": 50.954444752122974}, "-38": {"optimal_thrust": 3731.426885619324, "impact_speed": 125.33291518318133, "time": 51.347420919853334}, "-37": {"optimal_thrust": 3719.567990467999, "impact_speed": 125.76807624018168, "time": 51.750279021184966}, "-36": {"optimal_thrust": 3707.454026670955, "impact_speed": 126.11943755523758, "time": 52.163067040438335}, "-35": {"optimal_thrust": 3690.8816242272815, "impact_speed": 126.97749912302508, "time": 52.585783906342584}, "-34": {"optimal_thrust": 3670.2938035682037, "impact_speed": 128.3712973608322, "time": 53.01845264415385}, "-33": {"optimal_thrust": 3655.297515381059, "impact_speed": 128.94855255148158, "time": 53.461159182680596}, "-32": {"optimal_thrust": 3638.917622373005, "impact_speed": 129.68340037115425, "time": 53.913908137862116}, "-31": {"optimal_thrust": 3622.6999921050938, "impact_speed": 130.35824472295084, "time": 54.37675418229963}, "-30": {"optimal_thrust": 3606.6388060322583, "impact_speed": 130.97405709947398, "time": 54.849742994268496}, "-29": {"optimal_thrust": 3590.745504961879, "impact_speed": 131.52940024805602, "time": 55.33291734025286}, "-28": {"optimal_thrust": 3569.81007463409, "impact_speed": 133.1026279920356, "time": 55.82629844558264}, "-27": {"optimal_thrust": 3554.911896140717, "impact_speed": 133.51748807367363, "time": 56.33000354504366}, "-26": {"optimal_thrust": 3540.005851336864, "impact_speed": 133.91635207618043, "time": 56.84401319675534}, "-25": {"optimal_thrust": 3525.526790096556, "impact_speed": 134.20838886648835, "time": 57.368376239632504}, "-24": {"optimal_thrust": 3511.4970358314886, "impact_speed": 134.37634372467585, "time": 57.903127037676484}, "-23": {"optimal_thrust": 3497.9149190321723, "impact_speed": 134.40445411706114, "time": 58.448284573509476}, "-22": {"optimal_thrust": 3484.7658633293813, "impact_speed": 134.27765785013622, "time": 59.00384748578817}, "-21": {"optimal_thrust": 3472.0333050483205, "impact_speed": 133.98060266599475, "time": 59.56981761034497}, "-20": {"optimal_thrust": 3459.707068258608, "impact_speed": 133.49663139275484, "time": 60.146210527039074}, "-19": {"optimal_thrust": 3447.787220770264, "impact_speed": 132.80739337567422, "time": 60.73302236764462}, "-18": {"optimal_thrust": 3436.286106239507, "impact_speed": 131.89123416439892, "time": 61.33023821407349}, "-17": {"optimal_thrust": 3425.2259181707873,