{"-90": {"optimal_thrust": 4310.848367354047, "impact_speed": 70.26749058702508, "time": 41.56365830160803}, "-89": {"optimal_thrust": 4330.901813851867, "impact_speed": 67.36006950136947, "time": 41.57087025955559}, "-88": {"optimal_thrust": 4320.6942491839845, "impact_speed": 68.85168913828912, "time": 41.57599919942797}, "-87": {"optimal_thrust": 4384.723612244818, "impact_speed": 57.82068704090295, "time": 41.594161648233886}, "-86": {"optimal_thrust": 4441.98945624398, "impact_speed": 45.95688095866024, "time": 41.61628668432444}, "-85": {"optimal_thrust": 4522.133397073156, "impact_speed": 20.294883505795838, "time": 41.647478882796406}, "-84": {"optimal_thrust": 4517.480536990733, "impact_speed": 22.655560557518164, "time": 41.68738533939586}, "-83": {"optimal_thrust": 4429.529100264897, "impact_speed": 48.9795992300747, "time": 41.726521199550184}, "-82": {"optimal_thrust": 4282.586377293472, "impact_speed": 74.51207761420707, "time": 41.77420968252332}, "-81": {"optimal_thrust": 4307.539501365459, "impact_speed": 70.82814038912103, "time": 41.83003959420402}, "-80": {"optimal_thrust": 4308.721315846806, "impact_speed": 70.64755612625025, "time": 41.89765128812707}, "-79": {"optimal_thrust": 4309.225497625181, "impact_speed": 70.54137734065942, "time": 41.96236413737226}, "-78": {"optimal_thrust": 4301.486390245017, "impact_speed": 71.65655991134216, "time": 42.037889605626205}, "-77": {"optimal_thrust": 4293.581698250735, "impact_speed": 72.75899997843574, "time": 42.117354395539124}, "-76": {"optimal_thrust": 4286.619359782826, "impact_speed": 73.69349413298809, "time": 42.182860190195136}, "-75": {"optimal_thrust": 4281.231746288909, "impact_speed": 74.38130211180456, "time": 42.29647095256194}, "-74": {"optimal_thrust": 4276.86858298342, "impact_speed": 74.91339129495937, "time": 42.407169130774875}, "-73": {"optimal_thrust": 4272.58704590577, "impact_speed": 75.43029561274358, "time": 42.52023210953271}, "-72": {"optimal_thrust": 4267.680766103763, "impact_speed": 76.03294917517908, "time": 42.63871167982528}, "-71": {"optimal_thrust": 4232.12064426693, "impact_speed": 80.74075327669928, "time": 42.76348256461728}, "-70": {"optimal_thrust": 4231.287350290768, "impact_speed": 80.77168379086541, "time": 42.89521713796984}, "-69": {"optimal_thrust": 4229.276945715055, "impact_speed": 80.96261164571644, "time": 43.033985896674125}, "-68": {"optimal_thrust": 4226.124137093117, "impact_speed": 81.30587211497233, "time": 43.17985707038868}, "-67": {"optimal_thrust": 4221.86837314165, "impact_speed": 81.79226737648372, "time": 43.332999070118}, "-66": {"optimal_thrust": 4216.551868912572, "impact_speed": 82.41158355061135, "time": 43.49369447902234}, "-65": {"optimal_thrust": 4210.214273169019, "impact_speed": 83.15351340132987, "time": 43.66188079626169}, "-64": {"optimal_thrust": 4202.895626768168, "impact_speed": 84.00745434001853, "time": 43.83766601663897}, "-63": {"optimal_thrust": 4194.6344307939235, "impact_speed": 84.96292016617424, "time": 44.02188248375221}, "-62": {"optimal_thrust": 4185.467525393206, "impact_speed": 86.0096844050745, "time": 44.21156360061938}, "-61": {"optimal_thrust": 4175.430603033705, "impact_speed": 87.13781537204704, "time": 44.406732897423026}, "-60": {"optimal_thrust": 4164.557937573555, "impact_speed": 88.33778811383141, "time": 44.61133306804044}, "-59": {"optimal_thrust": 4152.884468731772, "impact_speed": 89.60027844909845, "time": 44.82417438359548}, "-58": {"optimal_thrust": 4140.442968364085, "impact_speed": 90.9165590471451, "time": 45.045027798281}, "-57": {"optimal_thrust": 4127.266359890948, "impact_speed": 92.2782288080152, "time": 45.27385746205175}, "-56": {"optimal_thrust": 4113.387851845956, "impact_speed": 93.67720726162317, "time": 45.510640864846195}, "-55": {"optimal_thrust": 4098.839458701295, "impact_speed": 95.10591551509728, "time": 45.75547533634052}, "-54": {"optimal_thrust": 4083.6541848252823, "impact_speed": 96.55699460443695, "time": 46.008498515532686}, "-53": {"optimal_thrust": 4067.8648051541954, "impact_speed": 98.02343713302952, "time": 46.26979991538597}, "-52": {"optimal_thrust": 4051.504675945851, "impact_speed": 99.49845923877265, "time": 46.539461717580956}, "-51": {"optimal_thrust": 4036.282998487705, "impact_speed": 100.74962096611348, "time": 46.81757307851114}, "-50": {"optimal_thrust": 4022.3777681408606, "impact_speed": 101.70117957239627, "time": 47.10421884279608}, "-49": {"optimal_thrust": 4006.767290992339, "impact_speed": 102.72875824648166, "time": 47.39947318572166}, "-48": {"optimal_thrust": 3989.476902206664, "impact_speed": 103.8151616572461, "time": 47.70342602761017}, "-47": {"optimal_thrust": 3970.5330543735254, "impact_speed": 104.93886654003575, "time": 48.01617213499763}, "-46": {"optimal_thrust": 3949.9632113973626, "impact_speed": 106.13237839906837, "time": 48.33781307208305}, "-45": {"optimal_thrust": 3927.79583294198, "impact_speed": 108.42059946629391, "time": 48.66846046977514}, "-44": {"optimal_thrust": 3904.0609662918664, "impact_speed": 110.80780770929317, "time": 49.008241020680885}, "-43": {"optimal_thrust": 3878.790394955817, "impact_speed": 113.28422212933278, "time": 49.357299626044274}, "-42": {"optimal_thrust": 3852.017588866055, "impact_speed": 115.84178940107704, "time": 49.71576938031804}, "-41": {"optimal_thrust": 3823.7766266878284, "impact_speed": 118.47287750569352, "time": 50.08356353625907}, "-40": {"optimal_thrust": 3794.103907708546, "impact_speed": 121.17001339489248, "time": 50.460014162001904}, "-39": {"optimal_thrust": 3763.036764185165, "impact_speed": 123.92613107896587, "time": 50.84489466290689}, "-38": {"optimal_thrust": 3736.337125131485, "impact_speed": 126.09715559512988, "time": 51.239132089753795}, "-37": {"optimal_thrust": 3724.3331151265, "impact_speed": 126.53497773550703, "time": 51.6433219853247}, "-36": {"optimal_thrust": 3710.066201730101, "impact_speed": 127.14665351447404, "time": 52.057493345111716}, "-35": {"optimal_thrust": 3695.2960621306866, "impact_speed": 127.7517486481479, "time": 52.48167648009491}, "-34": {"optimal_thrust": 3674.456194049706, "impact_speed": 129.15407626253412, "time": 52.91586512940025}, "-33": {"optimal_thrust": 3659.276661019895, "impact_speed": 129.7348229612872, "time": 53.36015836303823}, "-32": {"optimal_thrust": 3642.696391551039, "impact_speed": 130.47415357692813, "time": 53.81456275692433}, "-31": {"optimal_thrust": 3626.28017141033, "impact_speed": 131.15315103996434, "time": 54.2791352246672}, "-30": {"optimal_thrust": 3610.0226264232465, "impact_speed": 131.77270095147819, "time": 54.753923340025935}, "-29": {"optimal_thrust": 3593.935153778046, "impact_speed": 132.3313802531478, "time": 55.238972497169215}, "-28": {"optimal_thrust": 3578.0396785128896, "impact_speed": 132.82630708701925, "time": 55.734338572029465}, "-27": {"optimal_thrust": 3557.662732748057, "impact_speed": 134.3316971904806, "time": 56.240043740436015}, "-26": {"optimal_thrust": 3542.574788560115, "impact_speed": 134.7328951078985, "time": 56.756165806952886}, "-25": {"optimal_thrust": 3527.9185624271972, "impact_speed": 135.026724576465, "time": 57.282726133396864}, "-24": {"optimal_thrust": 3513.717018207448, "impact_speed": 135.19575691289361, "time": 57.81975990535469}, "-23": {"optimal_thrust": 3499.968675491826, "impact_speed": 135.22407757602002, "time": 58.36728698666539}, "-22": {"optimal_thrust": 3486.659213835487, "impact_speed": 135.09633307403266, "time": 58.925306897424484}, "-21": {"optimal_thrust": 3473.770530375441, "impact_speed": 134.797648146785, "time": 59.493825486884376}, "-20": {"optimal_thrust": 3461.293543659971, "impact_speed": 134.31073001547102, "time": 60.07286046932284}, "-19": {"optimal_thrust": 3449.2277467699055, "impact_speed": 133.61744070693166, "time": 60.66240862706893}, "-18": {"optimal_thrust": 3437.5863074720924, "impact_speed": 132.69535944739485, "time": 61.26245655054119}, "-17": {"optimal_thrust": 3426.3906563049254,