{"-90": {"optimal_thrust": 4322.506498505425, "impact_speed": 70.73590605162838, "time": 41.43358182446889}, "-89": {"optimal_thrust": 4343.070649365853, "impact_speed": 67.7683234081655, "time": 41.43987091354151}, "-88": {"optimal_thrust": 4332.7390058309975, "impact_speed": 69.26897970594443, "time": 41.445996898916974}, "-87": {"optimal_thrust": 4397.546994978294, "impact_speed": 58.17109490556233, "time": 41.46411743568121}, "-86": {"optimal_thrust": 4455.508891563687, "impact_speed": 46.2354234261491, "time": 41.48632911254642}, "-85": {"optimal_thrust": 4536.627443877581, "impact_speed": 20.41779949331593, "time": 41.51756161011617}, "-84": {"optimal_thrust": 4531.918009356244, "impact_speed": 22.792795464503047, "time": 41.557510916869674}, "-83": {"optimal_thrust": 4442.897225839584, "impact_speed": 49.276420584018204, "time": 41.59672548524488}, "-82": {"optimal_thrust": 4294.167743844165, "impact_speed": 74.96368377112553, "time": 41.644461552444724}, "-81": {"optimal_thrust": 4319.424682724826, "impact_speed": 71.25735490143282, "time": 41.70036101955263}, "-80": {"optimal_thrust": 4320.620568890147, "impact_speed": 71.07572085957057, "time": 41.76705002674312}, "-79": {"optimal_thrust": 4321.130840210314, "impact_speed": 70.9689046502137, "time": 41.832754423079415}, "-78": {"optimal_thrust": 4313.29757409981, "impact_speed": 72.09085579959809, "time": 41.90842893639897}, "-77": {"optimal_thrust": 4305.296750559481, "impact_speed": 73.19998099780388, "time": 41.98776373813794}, "-76": {"optimal_thrust": 4298.249860824018, "impact_speed": 74.14012465349052, "time": 42.05498794092575}, "-75": {"optimal_thrust": 4292.796946776038, "impact_speed": 74.832072454801, "time": 42.16807269970107}, "-74": {"optimal_thrust": 4288.380777002931, "impact_speed": 75.36738087332293, "time": 42.27853889420081}, "-73": {"optimal_thrust": 4284.046984303857, "impact_speed": 75.887446314307, "time": 42.39163967375504}, "-72": {"optimal_thrust": 4279.081095818329, "impact_speed": 76.49374654183461, "time": 42.51024093081619}, "-71": {"optimal_thrust": 4243.088811026119, "impact_speed": 81.2300604020729, "time": 42.63518176282412}, "-70": {"optimal_thrust": 4242.245001393506, "impact_speed": 81.26122872528363, "time": 42.76711498305873}, "-69": {"optimal_thrust": 4240.210050253564, "impact_speed": 81.4533274056882, "time": 42.90610091864188}, "-68": {"optimal_thrust": 4237.019057758456, "impact_speed": 81.79864881825489, "time": 43.05220453376538}, "-67": {"optimal_thrust": 4232.7116304114525, "impact_speed": 82.28798169067123, "time": 43.205615049315846}, "-66": {"optimal_thrust": 4227.330577021417, "impact_speed": 82.91103972891895, "time": 43.36659328245611}, "-65": {"optimal_thrust": 4220.915783063034, "impact_speed": 83.65748510753674, "time": 43.53507483482504}, "-64": {"optimal_thrust": 4213.5082370051405, "impact_speed": 84.51659106191781, "time": 43.71118778893535}, "-63": {"optimal_thrust": 4205.146639590357, "impact_speed": 85.47784275914853, "time": 43.895825216671035}, "-62": {"optimal_thrust": 4195.868383142771, "impact_speed": 86.53093839625656, "time": 44.085531355750945}, "-61": {"optimal_thrust": 4185.709160542924, "impact_speed": 87.6659409231263, "time": 44.28119230126205}, "-60": {"optimal_thrust": 4174.704549905321, "impact_speed": 88.87315556149659, "time": 44.48622436290627}, "-59": {"optimal_thrust": 4162.8890955292545, "impact_speed": 90.14330492028047, "time": 44.6994953550663}, "-58": {"optimal_thrust": 4150.296399293767, "impact_speed": 91.46755470616647, "time": 44.920796694775504}, "-57": {"optimal_thrust": 4136.959624935387, "impact_speed": 92.83747281056971, "time": 45.150097063033456}, "-56": {"optimal_thrust": 4122.911972923366, "impact_speed": 94.24498033426838, "time": 45.387375771268424}, "-55": {"optimal_thrust": 4108.186927925446, "impact_speed": 95.68231956980546, "time": 45.63273786004437}, "-54": {"optimal_thrust": 4092.817178401299, "impact_speed": 97.14217502294689, "time": 45.886320444802415}, "-53": {"optimal_thrust": 4076.836125588844, "impact_speed": 98.61746824601163, "time": 46.148212440353866}, "-52": {"optimal_thrust": 4060.2765762827007, "impact_speed": 100.1014945133308, "time": 46.41849731468143}, "-51": {"optimal_thrust": 4044.870380879221, "impact_speed": 101.3601671349826, "time": 46.69726571802919}, "-50": {"optimal_thrust": 4030.7958519502477, "impact_speed": 102.31752198051329, "time": 46.98460406327953}, "-49": {"optimal_thrust": 4014.995557625992, "impact_speed": 103.35132796997169, "time": 47.28058813071052}, "-48": {"optimal_thrust": 3997.494802213127, "impact_speed": 104.44434053527175, "time": 47.58530961512876}, "-47": {"optimal_thrust": 3978.3207033428207, "impact_speed": 105.57482498571433, "time": 47.89886518361524}, "-46": {"optimal_thrust": 3957.5005284379668, "impact_speed": 106.77658951412592, "time": 48.22135846683548}, "-45": {"optimal_thrust": 3935.063689177741, "impact_speed": 109.07773929577343, "time": 48.55290342363242}, "-44": {"optimal_thrust": 3911.0403070778125, "impact_speed": 111.47938470478182, "time": 48.89362943438584}, "-43": {"optimal_thrust": 3885.4629476489336, "impact_speed": 113.97072062115626, "time": 49.24368423672669}, "-42": {"optimal_thrust": 3858.3643946463367, "impact_speed": 116.5438380674675, "time": 49.60320096766134}, "-41": {"optimal_thrust": 3829.780169703628, "impact_speed": 119.19086248331352, "time": 49.97207712952604}, "-40": {"optimal_thrust": 3799.746208745915, "impact_speed": 121.90440824165567, "time": 50.34962361481073}, "-39": {"optimal_thrust": 3768.3021113881564, "impact_speed": 124.6771391501535, "time": 50.735665996535005}, "-38": {"optimal_thrust": 3741.2776292426165, "impact_speed": 126.86134925626033, "time": 51.13115424372229}, "-37": {"optimal_thrust": 3729.1272136218704, "impact_speed": 127.30187830462238, "time": 51.536664371711545}, "-36": {"optimal_thrust": 3714.68709528874, "impact_speed": 127.91722997052301, "time": 51.95221767855452}, "-35": {"optimal_thrust": 3699.7372454945425, "impact_speed": 128.52601092477343, "time": 52.37784496141977}, "-34": {"optimal_thrust": 3678.643969885187, "impact_speed": 129.93684313385788, "time": 52.81354180742445}, "-33": {"optimal_thrust": 3663.2799188479285, "impact_speed": 130.5211053003238, "time": 53.25941005396516}, "-32": {"optimal_thrust": 3646.49798493402, "impact_speed": 131.26493118398116, "time": 53.71545824138321}, "-31": {"optimal_thrust": 3629.8823449390043, "impact_speed": 131.9480157356078, "time": 54.18174553200768}, "-30": {"optimal_thrust": 3613.4269843714796, "impact_speed": 132.57135111167833, "time": 54.65832140192996}, "-29": {"optimal_thrust": 3597.1440531364524, "impact_speed": 133.13339060812606, "time": 55.1452339583288}, "-28": {"optimal_thrust": 3581.055293905899, "impact_speed": 133.63132388214115, "time": 55.64254162629197}, "-27": {"optimal_thrust": 3560.431021177851, "impact_speed": 135.14574574410528, "time": 56.15026687311316}, "-26": {"optimal_thrust": 3545.1589451465693, "impact_speed": 135.54953474159208, "time": 56.668490918932996}, "-25": {"optimal_thrust": 3530.324792138317, "impact_speed": 135.84508277565917, "time": 57.1972375797281}, "-24": {"optimal_thrust": 3515.9504907372607, "impact_speed": 136.01517144472382, "time": 57.73654347808868}, "-23": {"optimal_thrust": 3502.0352198851924, "impact_speed": 136.04359012307535, "time": 58.286429376634906}, "-22": {"optimal_thrust": 3488.5634956861227, "impact_speed": 135.91526058877173, "time": 58.84689588039055}, "-21": {"optimal_thrust": 3475.5188227234607, "impact_speed": 135.61442314923798, "time": 59.417952925900224}, "-20": {"optimal_thrust": 3462.889681232685, "impact_speed": 135.12481604416104, "time": 59.99962009991287}, "-19": {"optimal_thrust": 3450.677415502005, "impact_speed": 134.4271528709698, "time": 60.591894997475045}, "-18": {"optimal_thrust": 3438.894375015158, "impact_speed": 133.49952851014513, "time": 61.19476572986134}, "-17": {"optimal_thrust": 3427.56243028105,