{"-90": {"optimal_thrust": 4334.225581992921, "impact_speed": 71.20547674459317, "time": 41.30412463794645}, "-89": {"optimal_thrust": 4355.313165173675, "impact_speed": 68.1765532151841, "time": 41.30975415495249}, "-88": {"optimal_thrust": 4344.856612303354, "impact_speed": 69.68625930309358, "time": 41.31661129900319}, "-87": {"optimal_thrust": 4410.4478931384865, "impact_speed": 58.52149694543794, "time": 41.33469328613669}, "-86": {"optimal_thrust": 4469.110273108656, "impact_speed": 46.513906451906735, "time": 41.35698733566614}, "-85": {"optimal_thrust": 4551.209075836517, "impact_speed": 20.540711854650763, "time": 41.388258741641906}, "-84": {"optimal_thrust": 4546.442607522444, "impact_speed": 22.93008224276571, "time": 41.42824836894329}, "-83": {"optimal_thrust": 4456.346099554301, "impact_speed": 49.57324772605205, "time": 41.4675428952924}, "-82": {"optimal_thrust": 4305.819352411315, "impact_speed": 75.41525225493325, "time": 41.51532414842731}, "-81": {"optimal_thrust": 4331.38137018329, "impact_speed": 71.68661572347844, "time": 41.57129103213827}, "-80": {"optimal_thrust": 4332.591725628631, "impact_speed": 71.50388487462254, "time": 41.637259484366936}, "-79": {"optimal_thrust": 4333.108122114632, "impact_speed": 71.39643137994949, "time": 41.70393866926632}, "-78": {"optimal_thrust": 4325.1801482820565, "impact_speed": 72.52514811917213, "time": 41.77956412066138}, "-77": {"optimal_thrust": 4317.082875864841, "impact_speed": 73.64092030309118, "time": 41.85874702950622}, "-76": {"optimal_thrust": 4309.950524238053, "impact_speed": 74.58677122777763, "time": 41.92765166477325}, "-75": {"optimal_thrust": 4304.4319124586755, "impact_speed": 75.28285922431402, "time": 42.04023260581825}, "-74": {"optimal_thrust": 4299.962223369017, "impact_speed": 75.82141380542521, "time": 42.15048472440593}, "-73": {"optimal_thrust": 4295.575778065008, "impact_speed": 76.34465126131836, "time": 42.26362622096318}, "-72": {"optimal_thrust": 4290.550281043271, "impact_speed": 76.95454792736098, "time": 42.38234859118823}, "-71": {"optimal_thrust": 4254.123146910889, "impact_speed": 81.71938120939534, "time": 42.50745662894535}, "-70": {"optimal_thrust": 4253.2691797838015, "impact_speed": 81.75073208845322, "time": 42.639584527402874}, "-69": {"optimal_thrust": 4251.209682375124, "impact_speed": 81.94398208078641, "time": 42.77878303133155}, "-68": {"optimal_thrust": 4247.979792407155, "impact_speed": 82.29142757131578, "time": 42.92511413248403}, "-67": {"optimal_thrust": 4243.620543856917, "impact_speed": 82.7836780309287, "time": 43.07878900294364}, "-66": {"optimal_thrust": 4238.174151582981, "impact_speed": 83.41052986415421, "time": 43.240043863418386}, "-65": {"optimal_thrust": 4231.682276471913, "impact_speed": 84.16141526288662, "time": 43.408814834736624}, "-64": {"optimal_thrust": 4224.1852002295855, "impact_speed": 85.02569851411225, "time": 43.585250891342845}, "-63": {"optimal_thrust": 4215.722409837275, "impact_speed": 85.99275983441211, "time": 43.77030341632936}, "-62": {"optimal_thrust": 4206.331972010279, "impact_speed": 87.05220687355639, "time": 43.96003497316371}, "-61": {"optimal_thrust": 4196.049896427558, "impact_speed": 88.19405731203979, "time": 44.15617694768}, "-60": {"optimal_thrust": 4184.912627830959, "impact_speed": 89.40850359144702, "time": 44.361631125383}, "-59": {"optimal_thrust": 4172.954161405993, "impact_speed": 90.68633288666088, "time": 44.57532400950677}, "-58": {"optimal_thrust": 4160.208925575559, "impact_speed": 92.01860474563075, "time": 44.79706551737427}, "-57": {"optimal_thrust": 4146.711309831545, "impact_speed": 93.39673524325133, "time": 45.026828707391516}, "-56": {"optimal_thrust": 4132.493964540522, "impact_speed": 94.81271374734625, "time": 45.26459502942821}, "-55": {"optimal_thrust": 4117.590924178859, "impact_speed": 96.258717862924, "time": 45.510476937940226}, "-54": {"optimal_thrust": 4102.035312843645, "impact_speed": 97.72738317128989, "time": 45.76461054734143}, "-53": {"optimal_thrust": 4085.861045306883, "impact_speed": 99.21157529797958, "time": 46.02708451956968}, "-52": {"optimal_thrust": 4069.1015626451835, "impact_speed": 100.70451912608124, "time": 46.2979836280407}, "-51": {"optimal_thrust": 4053.5089923123664, "impact_speed": 101.97080054851722, "time": 46.57740001632489}, "-50": {"optimal_thrust": 4039.2644103673333, "impact_speed": 102.93392120053463, "time": 46.86542168177316}, "-49": {"optimal_thrust": 4023.2729238043544, "impact_speed": 103.9740030240137, "time": 47.162126008478246}, "-48": {"optimal_thrust": 4005.561364321795, "impact_speed": 105.07347089566201, "time": 47.46760647498602}, "-47": {"optimal_thrust": 3986.155308211086, "impact_speed": 106.210824175888, "time": 47.781961641042464}, "-46": {"optimal_thrust": 3965.0839705965086, "impact_speed": 107.41717555189493, "time": 48.10529721229223}, "-45": {"optimal_thrust": 3942.3758129943612, "impact_speed": 109.73473632424424, "time": 48.43772946398609}, "-44": {"optimal_thrust": 3918.062254155586, "impact_speed": 112.15085656093885, "time": 48.77939046080695}, "-43": {"optimal_thrust": 3892.1752714984486, "impact_speed": 114.65732050472306, "time": 49.13043074364802}, "-42": {"optimal_thrust": 3864.7492616988543, "impact_speed": 117.24593165639932, "time": 49.49098338696006}, "-41": {"optimal_thrust": 3835.8195993678237, "impact_speed": 119.90890102737272, "time": 49.86093000455458}, "-40": {"optimal_thrust": 3805.423248133703, "impact_speed": 122.63872226456363, "time": 50.23956237690087}, "-39": {"optimal_thrust": 3773.598534685347, "impact_speed": 125.4282329338854, "time": 50.62675809280101}, "-38": {"optimal_thrust": 3746.2474772185324, "impact_speed": 127.62559987609562, "time": 51.023486632819676}, "-37": {"optimal_thrust": 3733.950603164851, "impact_speed": 128.06873981020104, "time": 51.43030546477153}, "-36": {"optimal_thrust": 3721.389891791226, "impact_speed": 128.4264651004767, "time": 51.84723961264414}, "-35": {"optimal_thrust": 3704.2051575678015, "impact_speed": 129.30028807825968, "time": 52.274288748282984}, "-34": {"optimal_thrust": 3682.857201636491, "impact_speed": 130.7195880483325, "time": 52.71148213112255}, "-33": {"optimal_thrust": 3667.307606075895, "impact_speed": 131.30735062810228, "time": 53.15891376009036}, "-32": {"optimal_thrust": 3650.3228044088214, "impact_speed": 132.05566644618946, "time": 53.61659414312033}, "-31": {"optimal_thrust": 3633.506330324129, "impact_speed": 132.7428721465583, "time": 54.08458469619499}, "-30": {"optimal_thrust": 3616.8520629673635, "impact_speed": 133.36997172411535, "time": 54.56293681953775}, "-29": {"optimal_thrust": 3600.3722030370964, "impact_speed": 133.93543076775597, "time": 55.05170139581927}, "-28": {"optimal_thrust": 3584.089271802068, "impact_speed": 134.43630682488757, "time": 55.5509393364742}, "-27": {"optimal_thrust": 3563.2156243776167, "impact_speed": 135.95988468941485, "time": 56.06067332593045}, "-26": {"optimal_thrust": 3547.7594163561052, "impact_speed": 136.3660048431449, "time": 56.58098831115659}, "-25": {"optimal_thrust": 3532.7455383413026, "impact_speed": 136.66344703272839, "time": 57.11191037122429}, "-24": {"optimal_thrust": 3518.1975899327254, "impact_speed": 136.8345449659758, "time": 57.65347756852994}, "-23": {"optimal_thrust": 3504.114364224778, "impact_speed": 136.86306181789473, "time": 58.20571157710829}, "-22": {"optimal_thrust": 3490.480060074828, "impact_speed": 136.7338512715173, "time": 58.768614306932456}, "-21": {"optimal_thrust": 3477.277087877908, "impact_speed": 136.43151232930344, "time": 59.342199802560714}, "-20": {"optimal_thrust": 3464.495920386551, "impact_speed": 135.9385970570619, "time": 59.92648932074802}, "-19": {"optimal_thrust": 3452.1359156220237, "impact_speed": 135.23680360757962, "time": 60.521481389472164}, "-18": {"optimal_thrust": 3440.209991657965, "impact_speed": 134.3041027262479, "time": 61.12716576172821}, "-17": {"optimal_thrust": 3428.741624288946,