{"-90": {"optimal_thrust": 4346.0059350272695, "impact_speed": 71.67613303489901, "time": 41.175283811171404}, "-89": {"optimal_thrust": 4367.628848017583, "impact_speed": 68.58483970794956, "time": 41.180466054251326}, "-88": {"optimal_thrust": 4357.046872554035, "impact_speed": 70.10355776744338, "time": 41.187839411034496}, "-87": {"optimal_thrust": 4423.425989514658, "impact_speed": 58.8719505314271, "time": 41.205885912203094}, "-86": {"optimal_thrust": 4482.792801839944, "impact_speed": 46.792513946894076, "time": 41.22825834518844}, "-85": {"optimal_thrust": 4565.877917725644, "impact_speed": 20.663816925815794, "time": 41.25956729490952}, "-84": {"optimal_thrust": 4561.054528182663, "impact_speed": 23.067328259661405, "time": 41.29959465988737}, "-83": {"optimal_thrust": 4469.8756578007915, "impact_speed": 49.87009425298252, "time": 41.338970489924634}, "-82": {"optimal_thrust": 4317.540610093553, "impact_speed": 75.8668676143804, "time": 41.38679453111929}, "-81": {"optimal_thrust": 4343.409880951586, "impact_speed": 72.11587485617444, "time": 41.442826698538184}, "-80": {"optimal_thrust": 4344.6347409533455, "impact_speed": 71.9320549009961, "time": 41.50832004659087}, "-79": {"optimal_thrust": 4345.157342805181, "impact_speed": 71.82395761967304, "time": 41.57560438913306}, "-78": {"optimal_thrust": 4337.134148465328, "impact_speed": 72.9594317071401, "time": 41.65129207587904}, "-77": {"optimal_thrust": 4328.93959682139, "impact_speed": 74.08188739110413, "time": 41.730302605778554}, "-76": {"optimal_thrust": 4321.721747459753, "impact_speed": 75.03337715344729, "time": 41.80085146157725}, "-75": {"optimal_thrust": 4316.136491145681, "impact_speed": 75.7336835049706, "time": 41.91294976637002}, "-74": {"optimal_thrust": 4311.613318851225, "impact_speed": 76.27543399066194, "time": 42.02300467082641}, "-73": {"optimal_thrust": 4307.1743006065235, "impact_speed": 76.80178844152408, "time": 42.13618946821806}, "-72": {"optimal_thrust": 4302.088364506426, "impact_speed": 77.41534737789743, "time": 42.25503220296517}, "-71": {"optimal_thrust": 4265.223179789764, "impact_speed": 82.20877649343183, "time": 42.380304635109276}, "-70": {"optimal_thrust": 4264.359172157452, "impact_speed": 82.24028708003084, "time": 42.512623239444636}, "-69": {"optimal_thrust": 4262.275166170624, "impact_speed": 82.43466444912625, "time": 42.65202973475801}, "-68": {"optimal_thrust": 4259.0066582499485, "impact_speed": 82.78416721877451, "time": 42.79858341656386}, "-67": {"optimal_thrust": 4254.594836931832, "impact_speed": 83.27939247854287, "time": 42.952518442709845}, "-66": {"optimal_thrust": 4249.0831440941, "impact_speed": 83.90998231384067, "time": 43.11404382510085}, "-65": {"optimal_thrust": 4242.5132401379005, "impact_speed": 84.66537037743258, "time": 43.28309849246313}, "-64": {"optimal_thrust": 4234.925841734899, "impact_speed": 85.53486313689496, "time": 43.4598531305539}, "-63": {"optimal_thrust": 4226.361741064085, "impact_speed": 86.50767154986855, "time": 43.64531307885557}, "-62": {"optimal_thrust": 4216.858291530135, "impact_speed": 87.5734896368827, "time": 43.83507320893681}, "-61": {"optimal_thrust": 4206.45296770144, "impact_speed": 88.72214514691093, "time": 44.031684370327326}, "-60": {"optimal_thrust": 4195.1814620456935, "impact_speed": 89.94392024032464, "time": 44.23755121674686}, "-59": {"optimal_thrust": 4183.079270983559, "impact_speed": 91.22941087362311, "time": 44.45165833086795}, "-58": {"optimal_thrust": 4170.1814556543295, "impact_speed": 92.56959725811015, "time": 44.673832346686716}, "-57": {"optimal_thrust": 4156.52130040182, "impact_speed": 93.95602966632039, "time": 44.90405062437228}, "-56": {"optimal_thrust": 4142.133390573652, "impact_speed": 95.38046118316453, "time": 45.14229685034234}, "-55": {"optimal_thrust": 4127.051524379739, "impact_speed": 96.83510113935905, "time": 45.388690829248674}, "-54": {"optimal_thrust": 4111.3090247171085, "impact_speed": 98.3125651437691, "time": 45.64336714706384}, "-53": {"optimal_thrust": 4094.940592800902, "impact_speed": 99.80562976330671, "time": 45.90641454427987}, "-52": {"optimal_thrust": 4077.9794389862855, "impact_speed": 101.30755792002226, "time": 46.1779191099092}, "-51": {"optimal_thrust": 4062.199739630384, "impact_speed": 102.581400680799, "time": 46.45797449602193}, "-50": {"optimal_thrust": 4047.7842418039418, "impact_speed": 103.55026093370368, "time": 46.746670286123745}, "-49": {"optimal_thrust": 4031.60076423045, "impact_speed": 104.59654903146615, "time": 47.044085474208856}, "-48": {"optimal_thrust": 4013.6760301768563, "impact_speed": 105.7026785809261, "time": 47.35031531816502}, "-47": {"optimal_thrust": 3994.036839284857, "impact_speed": 106.84687542089858, "time": 47.66546028275723}, "-46": {"optimal_thrust": 3972.7121653908894, "impact_speed": 108.06272484824186, "time": 47.98962813821682}, "-45": {"optimal_thrust": 3949.731691459447, "impact_speed": 110.39179894943679, "time": 48.322937481265214}, "-44": {"optimal_thrust": 3925.1257069805038, "impact_speed": 112.82248932652175, "time": 48.66552304036911}, "-43": {"optimal_thrust": 3898.928075510455, "impact_speed": 115.34388974157066, "time": 49.017538144323346}, "-42": {"optimal_thrust": 3871.172752531487, "impact_speed": 117.94798241373168, "time": 49.37911569795186}, "-41": {"optimal_thrust": 3841.8954790413313, "impact_speed": 120.62691525387005, "time": 49.75012139088883}, "-40": {"optimal_thrust": 3811.1339269581563, "impact_speed": 123.37309328587689, "time": 50.12982989358829}, "-39": {"optimal_thrust": 3778.926936482688, "impact_speed": 126.17930724470574, "time": 50.51817028277576}, "-38": {"optimal_thrust": 3751.247590087408, "impact_speed": 128.389804147489, "time": 50.916128514391495}, "-37": {"optimal_thrust": 3738.8029665447016, "impact_speed": 128.8356008766793, "time": 51.32424454751707}, "-36": {"optimal_thrust": 3726.0910593796966, "impact_speed": 129.1955082941436, "time": 51.74253736350002}, "-35": {"optimal_thrust": 3708.700311409412, "impact_speed": 130.07450815853335, "time": 52.17100724290036}, "-34": {"optimal_thrust": 3687.095818492558, "impact_speed": 131.5023215159019, "time": 52.6096855535737}, "-33": {"optimal_thrust": 3671.3590882823196, "impact_speed": 132.09365647786214, "time": 53.05866898138674}, "-32": {"optimal_thrust": 3654.1704478623333, "impact_speed": 132.84642606989743, "time": 53.51797000980584}, "-31": {"optimal_thrust": 3637.1518105162204, "impact_speed": 133.53777674010777, "time": 53.9876523084684}, "-30": {"optimal_thrust": 3620.297666011473, "impact_speed": 134.16860139026966, "time": 54.46776922976665}, "-29": {"optimal_thrust": 3603.6201167377435, "impact_speed": 134.73739042389576, "time": 54.95837448409018}, "-28": {"optimal_thrust": 3587.1412139945105, "impact_speed": 135.24135123036615, "time": 55.4595314018786}, "-27": {"optimal_thrust": 3566.016790666836, "impact_speed": 136.77405855893417, "time": 55.9712628457298}, "-26": {"optimal_thrust": 3550.375165487132, "impact_speed": 137.18255721281403, "time": 56.493657747555815}, "-25": {"optimal_thrust": 3535.181118139176, "impact_speed": 137.48173177306725, "time": 57.026744301492606}, "-24": {"optimal_thrust": 3520.458315893831, "impact_speed": 137.65387817828358, "time": 57.57056198859912}, "-23": {"optimal_thrust": 3506.205919311348, "impact_speed": 137.6825614888644, "time": 58.12513342284606}, "-22": {"optimal_thrust": 3492.407691484268, "impact_speed": 137.55263389748188, "time": 58.6904616371057}, "-21": {"optimal_thrust": 3479.0463594041225, "impact_speed": 137.24836567425191, "time": 59.26656600672682}, "-20": {"optimal_thrust": 3466.1112410156734, "impact_speed": 136.75275385689136, "time": 59.853468023065325}, "-19": {"optimal_thrust": 3453.602728005995, "impact_speed": 136.04683775371197, "time": 60.451167712000846}, "-18": {"optimal_thrust": 3441.5337918219907, "impact_speed": 135.10835485172151, "time": 61.059656798529915}, "-17": {"optimal_thrust": 3429.9274029699964,