{"-90": {"optimal_thrust": 4357.847321157643, "impact_speed": 72.14788817930857, "time": 41.047056410119694}, "-89": {"optimal_thrust": 4380.018211155327, "impact_speed": 68.99310200050542, "time": 41.05192258682782}, "-88": {"optimal_thrust": 4369.309982630062, "impact_speed": 70.52084529765416, "time": 41.05967825183812}, "-87": {"optimal_thrust": 4436.48171543832, "impact_speed": 59.222377339861, "time": 41.07769206185204}, "-86": {"optimal_thrust": 4496.557390434522, "impact_speed": 47.07103608338749, "time": 41.100139144682934}, "-85": {"optimal_thrust": 4580.634539948591, "impact_speed": 20.786814686844696, "time": 41.13148429686922}, "-84": {"optimal_thrust": 4575.75371606203, "impact_speed": 23.2045598575207, "time": 41.171546765696476}, "-83": {"optimal_thrust": 4483.485963387006, "impact_speed": 50.16694637296312, "time": 41.21100533740349}, "-82": {"optimal_thrust": 4329.332030148637, "impact_speed": 76.31845683792673, "time": 41.25886977100961}, "-81": {"optimal_thrust": 4355.509897818975, "impact_speed": 72.54517922251256, "time": 41.31496509055728}, "-80": {"optimal_thrust": 4356.749659973202, "impact_speed": 72.36022415496194, "time": 41.3801143116748}, "-79": {"optimal_thrust": 4357.278351902983, "impact_speed": 72.25150566381514, "time": 41.44786459790348}, "-78": {"optimal_thrust": 4349.159654748753, "impact_speed": 73.39369505235304, "time": 41.523609759432674}, "-77": {"optimal_thrust": 4340.866912901538, "impact_speed": 74.52288184419379, "time": 41.602428805917796}, "-76": {"optimal_thrust": 4333.563168653152, "impact_speed": 75.47999421063395, "time": 41.67458728901429}, "-75": {"optimal_thrust": 4327.911267970072, "impact_speed": 76.18446292489571, "time": 41.7862231789223}, "-74": {"optimal_thrust": 4323.334179248575, "impact_speed": 76.72942560357632, "time": 41.89609673624655}, "-73": {"optimal_thrust": 4318.842155052389, "impact_speed": 77.25891373396274, "time": 42.00932710582388}, "-72": {"optimal_thrust": 4313.695150674188, "impact_speed": 77.87617168650374, "time": 42.12828929756414}, "-71": {"optimal_thrust": 4276.389936672195, "impact_speed": 82.69811294181055, "time": 42.25372325604295}, "-70": {"optimal_thrust": 4275.515808982957, "impact_speed": 82.7297857765237, "time": 42.38622859422986}, "-69": {"optimal_thrust": 4273.406743798875, "impact_speed": 82.92534278915511, "time": 42.525838534990314}, "-68": {"optimal_thrust": 4270.098824818345, "impact_speed": 83.27697546818398, "time": 42.672610067840154}, "-67": {"optimal_thrust": 4265.634827335264, "impact_speed": 83.77508387334782, "time": 42.82680088936761}, "-66": {"optimal_thrust": 4260.0570408116, "impact_speed": 84.40946352852939, "time": 42.98859077419148}, "-65": {"optimal_thrust": 4253.408557224812, "impact_speed": 85.16936489083929, "time": 43.157923509594006}, "-64": {"optimal_thrust": 4245.7309153246415, "impact_speed": 86.04398849361826, "time": 43.334992318080324}, "-63": {"optimal_thrust": 4237.0642774736125, "impact_speed": 87.02262272460584, "time": 43.52084981017174}, "-62": {"optimal_thrust": 4227.447620046405, "impact_speed": 88.09475170629725, "time": 43.710644278091024}, "-61": {"optimal_thrust": 4216.917900140001, "impact_speed": 89.25026364809547, "time": 43.90771214324478}, "-60": {"optimal_thrust": 4205.511761854299, "impact_speed": 90.47931711895805, "time": 44.11398251331841}, "-59": {"optimal_thrust": 4193.265410914743, "impact_speed": 91.77241755033069, "time": 44.32849631121929}, "-58": {"optimal_thrust": 4180.213199304646, "impact_speed": 93.1206291936419, "time": 44.55109525769457}, "-57": {"optimal_thrust": 4166.390345825587, "impact_speed": 94.51526491546261, "time": 44.78176096549688}, "-56": {"optimal_thrust": 4151.830686576328, "impact_speed": 95.94816980099628, "time": 45.02047944880741}, "-55": {"optimal_thrust": 4136.568215270324, "impact_speed": 97.41153173977199, "time": 45.26737779183501}, "-54": {"optimal_thrust": 4120.638074052479, "impact_speed": 98.89775058980466, "time": 45.522588566096964}, "-53": {"optimal_thrust": 4104.074099115319, "impact_speed": 100.3997148001162, "time": 45.78620089978527}, "-52": {"optimal_thrust": 4086.91047809429, "impact_speed": 101.91057654380877, "time": 46.05830221483624}, "-51": {"optimal_thrust": 4070.9422725453073, "impact_speed": 103.19201380468165, "time": 46.33898767491464}, "-50": {"optimal_thrust": 4056.354428089278, "impact_speed": 104.16667402799655, "time": 46.6283484572122}, "-49": {"optimal_thrust": 4039.978052759317, "impact_speed": 105.21914080232179, "time": 46.926465172960654}, "-48": {"optimal_thrust": 4021.839433668066, "impact_speed": 106.33182117466772, "time": 47.23343486024594}, "-47": {"optimal_thrust": 4001.9657189496684, "impact_speed": 107.48280755179964, "time": 47.54935988562972}, "-46": {"optimal_thrust": 3980.38636441745, "impact_speed": 108.70539983955403, "time": 47.874350085158675}, "-45": {"optimal_thrust": 3957.130979289545, "impact_speed": 111.0490637611906, "time": 48.208526366163625}, "-44": {"optimal_thrust": 3932.231766515089, "impact_speed": 113.49401743685908, "time": 48.55202612302924}, "-43": {"optimal_thrust": 3905.7211153962344, "impact_speed": 116.03047348042647, "time": 48.90500543226237}, "-42": {"optimal_thrust": 3877.634427237855, "impact_speed": 118.6500586977484, "time": 49.26759695860195}, "-41": {"optimal_thrust": 3848.0072951960365, "impact_speed": 121.34497530217268, "time": 49.63965051846285}, "-40": {"optimal_thrust": 3816.878758477029, "impact_speed": 124.10745697361281, "time": 50.02042559829702}, "-39": {"optimal_thrust": 3784.287440574556, "impact_speed": 126.93034829280325, "time": 50.4099018764288}, "-38": {"optimal_thrust": 3756.2774355732367, "impact_speed": 129.1540216583389, "time": 50.809079136432615}, "-37": {"optimal_thrust": 3743.6839149002813, "impact_speed": 129.60250773048642, "time": 51.218480904433406}, "-36": {"optimal_thrust": 3730.820687546851, "impact_speed": 129.9644997855826, "time": 51.63812080159301}, "-35": {"optimal_thrust": 3713.22213991053, "impact_speed": 130.84875094612505, "time": 52.06799984312769}, "-34": {"optimal_thrust": 3691.3594487545056, "impact_speed": 132.28509653595103, "time": 52.50815152708947}, "-33": {"optimal_thrust": 3675.435070526781, "impact_speed": 132.8799147539698, "time": 52.958675225622216}, "-32": {"optimal_thrust": 3658.041247255156, "impact_speed": 133.6371555002349, "time": 53.41958539343152}, "-31": {"optimal_thrust": 3640.819284609244, "impact_speed": 134.33264052861497, "time": 53.890947964770334}, "-30": {"optimal_thrust": 3623.7639330929605, "impact_speed": 134.96721302152244, "time": 54.37281827094832}, "-29": {"optimal_thrust": 3606.886894148518, "impact_speed": 135.5394623783459, "time": 54.86525288859008}, "-28": {"optimal_thrust": 3590.211645543636, "impact_speed": 136.0463318647439, "time": 55.368317527074474}, "-27": {"optimal_thrust": 3568.835102360235, "impact_speed": 137.58814119246847, "time": 55.88203518040087}, "-26": {"optimal_thrust": 3553.006271547918, "impact_speed": 137.9991715435727, "time": 56.40649899817583}, "-25": {"optimal_thrust": 3537.6308381426948, "impact_speed": 138.3001241867336, "time": 56.941739157084186}, "-24": {"optimal_thrust": 3522.7326596493226, "impact_speed": 138.47317454537617, "time": 57.48779655038586}, "-23": {"optimal_thrust": 3508.309689097886, "impact_speed": 138.5021587870098, "time": 58.04469474959672}, "-22": {"optimal_thrust": 3494.3465110781635, "impact_speed": 138.37155325783542, "time": 58.61243808338237}, "-21": {"optimal_thrust": 3480.8257320322073, "impact_speed": 138.0654613745694, "time": 59.19105141435923}, "-20": {"optimal_thrust": 3467.736352496713, "impact_speed": 137.56681290913858, "time": 59.78055611029197}, "-19": {"optimal_thrust": 3455.0786830571433, "impact_speed": 136.8565428935866, "time": 60.380953883710355}, "-18": {"optimal_thrust": 3442.865654343514, "impact_speed": 135.91242730795622, "time": 60.99223876867952}, "-17": {"optimal_thrust": 3431.120668697151,