{"-90": {"optimal_thrust": 3340.4246927983954, "impact_speed": 7.248616941374474, "time": 69.27159853840897}, "-89": {"optimal_thrust": 3340.625737212853, "impact_speed": 6.938748774008108, "time": 69.26304413864649}, "-88": {"optimal_thrust": 3340.517304072338, "impact_speed": 7.092503384729054, "time": 69.2735751139285}, "-87": {"optimal_thrust": 3341.196281190385, "impact_speed": 5.957026699255314, "time": 69.27663034197835}, "-86": {"optimal_thrust": 3341.8052634836913, "impact_speed": 4.732196361367742, "time": 69.28118838061954}, "-85": {"optimal_thrust": 3342.655153551237, "impact_speed": 2.0891294296039056, "time": 69.28719079389955}, "-84": {"optimal_thrust": 3342.6046191648943, "impact_speed": 2.337778434474028, "time": 69.29736019794171}, "-83": {"optimal_thrust": 3341.6701845079388, "impact_speed": 5.0497527152111505, "time": 69.30283316315436}, "-82": {"optimal_thrust": 3340.111890977508, "impact_speed": 7.677065371892473, "time": 69.3120320774538}, "-81": {"optimal_thrust": 3340.376917566174, "impact_speed": 7.2973046284802106, "time": 69.2706607618671}, "-80": {"optimal_thrust": 3340.3893460524905, "impact_speed": 7.27886867964469, "time": 69.32720667741224}, "-79": {"optimal_thrust": 3340.394269462869, "impact_speed": 7.268558899688761, "time": 69.34770701344732}, "-78": {"optimal_thrust": 3340.3124688064304, "impact_speed": 7.3829339510329195, "time": 69.36430395700845}, "-77": {"optimal_thrust": 3340.2282440431186, "impact_speed": 7.4969626760327985, "time": 69.3813127459407}, "-76": {"optimal_thrust": 3340.1545221022666, "impact_speed": 7.59297502611188, "time": 69.40025725146269}, "-75": {"optimal_thrust": 3340.097328828071, "impact_speed": 7.663839706219182, "time": 69.41831501420549}, "-74": {"optimal_thrust": 3340.0509276194034, "impact_speed": 7.718776148787822, "time": 69.43793927514469}, "-73": {"optimal_thrust": 3340.005764607492, "impact_speed": 7.771638360127791, "time": 69.45939612796246}, "-72": {"optimal_thrust": 3339.9537124814683, "impact_speed": 7.833690562479105, "time": 69.48212714360604}, "-71": {"optimal_thrust": 3339.575851607013, "impact_speed": 8.31922536604906, "time": 69.50610715042463}, "-70": {"optimal_thrust": 3339.5674950947955, "impact_speed": 8.321788343025288, "time": 69.53150054765385}, "-69": {"optimal_thrust": 3339.546102655561, "impact_speed": 8.341526869096475, "time": 69.55836502131717}, "-68": {"optimal_thrust": 3339.5125095847898, "impact_speed": 8.37705463922021, "time": 69.58667790404525}, "-67": {"optimal_thrust": 3339.467192477616, "impact_speed": 8.427349057518683, "time": 69.61653432924064}, "-66": {"optimal_thrust": 3339.4107551114766, "impact_speed": 8.491158714353531, "time": 69.64777864261559}, "-65": {"optimal_thrust": 3339.3436962073038, "impact_speed": 8.56732520162745, "time": 69.67879359838338}, "-64": {"optimal_thrust": 3339.2655468775997, "impact_speed": 8.655886280412062, "time": 69.7104057359173}, "-63": {"optimal_thrust": 3339.1780901847897, "impact_speed": 8.75402700637725, "time": 69.7435457564701}, "-62": {"optimal_thrust": 3339.080919525837, "impact_speed": 8.861701880751701, "time": 69.7781470753602}, "-61": {"optimal_thrust": 3338.974084301434, "impact_speed": 8.978290633221727, "time": 69.81410173979562}, "-60": {"optimal_thrust": 3338.858549807234, "impact_speed": 9.102065368505901, "time": 69.851332787248}, "-59": {"optimal_thrust": 3338.7349223441624, "impact_speed": 9.231784836697154, "time": 69.8897708404135}, "-58": {"optimal_thrust": 3338.602556855408, "impact_speed": 9.367757050117335, "time": 69.92942462630543}, "-57": {"optimal_thrust": 3338.4629050933295, "impact_speed": 9.507781796119895, "time": 69.97027408532215}, "-56": {"optimal_thrust": 3338.315487961408, "impact_speed": 9.652030180460455, "time": 70.01226660357726}, "-55": {"optimal_thrust": 3338.1611865136138, "impact_speed": 9.799070498468517, "time": 70.05540642739763}, "-54": {"optimal_thrust": 3337.999851579098, "impact_speed": 9.948745506153942, "time": 70.09967787602547}, "-53": {"optimal_thrust": 3337.832178827546, "impact_speed": 10.099916919166752, "time": 70.14503989767869}, "-52": {"optimal_thrust": 3337.658902312451, "impact_speed": 10.251412737668163, "time": 70.19149674354678}, "-51": {"optimal_thrust": 3337.4971019389795, "impact_speed": 10.38060391512569, "time": 70.23903670516906}, "-50": {"optimal_thrust": 3337.349580028025, "impact_speed": 10.478555062505844, "time": 70.28764748400451}, "-49": {"optimal_thrust": 3337.1836333031574, "impact_speed": 10.584867230924889, "time": 70.33731612329478}, "-48": {"optimal_thrust": 3337.000389907079, "impact_speed": 10.696365785022826, "time": 70.38802970602143}, "-47": {"optimal_thrust": 3336.799252170718, "impact_speed": 10.812527417829473, "time": 70.439774998812}, "-46": {"optimal_thrust": 3336.5805161776866, "impact_speed": 10.946860394334314, "time": 70.49253847892194}, "-45": {"optimal_thrust": 3336.3453310857435, "impact_speed": 11.172243530106181, "time": 70.54630633446246}, "-44": {"optimal_thrust": 3336.093613221448, "impact_speed": 11.416996036474199, "time": 70.60106444392817}, "-43": {"optimal_thrust": 3335.8253396038854, "impact_speed": 11.67207722039546, "time": 70.65679839003982}, "-42": {"optimal_thrust": 3335.5407044540634, "impact_speed": 11.936190199403613, "time": 70.71349346237376}, "-41": {"optimal_thrust": 3335.241077821765, "impact_speed": 12.206945553416693, "time": 70.77113466853453}, "-40": {"optimal_thrust": 3334.9262716244803, "impact_speed": 12.484556392271896, "time": 70.82970869426919}, "-39": {"optimal_thrust": 3334.596604135636, "impact_speed": 12.76835865186376, "time": 70.88920116752477}, "-38": {"optimal_thrust": 3334.31365527803, "impact_speed": 12.356966018780358, "time": 70.94959307040985}, "-37": {"optimal_thrust": 3334.1861686339275, "impact_speed": 12.392501795755313, "time": 71.01086895623618}, "-36": {"optimal_thrust": 3334.0559257816008, "impact_speed": 12.431099223856148, "time": 71.0730104170576}, "-35": {"optimal_thrust": 3333.877770754543, "impact_speed": 12.290260117829819, "time": 71.13600341518531}, "-34": {"optimal_thrust": 3333.662319898372, "impact_speed": 12.040145489987216, "time": 71.1998485338469}, "-33": {"optimal_thrust": 3333.5003774434485, "impact_speed": 12.00809738960541, "time": 71.26452952867079}, "-32": {"optimal_thrust": 3333.32724948737, "impact_speed": 11.948941917673316, "time": 71.33002552748381}, "-31": {"optimal_thrust": 3333.1080866144384, "impact_speed": 11.728148437240886, "time": 71.39631598957011}, "-30": {"optimal_thrust": 3332.953214878669, "impact_speed": 11.767876053695856, "time": 71.46338197051898}, "-29": {"optimal_thrust": 3332.7877708655296, "impact_speed": 11.780215865352412, "time": 71.5312027164079}, "-28": {"optimal_thrust": 3332.623952985694, "impact_speed": 11.81152064908625, "time": 71.59975849009544}, "-27": {"optimal_thrust": 3332.4614177232247, "impact_speed": 11.859687666130093, "time": 71.66902952178901}, "-26": {"optimal_thrust": 3332.300466236058, "impact_speed": 11.925003744828665, "time": 71.73899611881733}, "-25": {"optimal_thrust": 3332.0953418121967, "impact_speed": 11.818568841705897, "time": 71.8096381367438}, "-24": {"optimal_thrust": 3331.9619122292893, "impact_speed": 12.01689230702556, "time": 71.8809371107207}, "-23": {"optimal_thrust": 3331.8320430973927, "impact_speed": 12.233102784914763, "time": 71.95287255547781}, "-22": {"optimal_thrust": 3331.700900200679, "impact_speed": 12.448030063652869, "time": 72.02542446347988}, "-21": {"optimal_thrust": 3331.5683992682025, "impact_speed": 12.66098988716106, "time": 72.09857255335247}, "-20": {"optimal_thrust": 3331.4344368109523, "impact_speed": 12.871295120402545, "time": 72.17229602650075}, "-19": {"optimal_thrust": 3331.2995702235194, "impact_speed": 13.080508046717219, "time": 72.24657331327161}, "-18": {"optimal_thrust": 3331.163378714305, "impact_speed": 13.286840537367434, "time": 72.32138172704089}, "-17": {"optimal_thrust": 3331.0257528461248,