{"-90": {"optimal_thrust": 4369.750092298525, "impact_speed": 72.62066940398634, "time": 40.919439500133954}, "-89": {"optimal_thrust": 4392.481139813505, "impact_speed": 69.40135827734339, "time": 40.92397275947277}, "-88": {"optimal_thrust": 4381.6458275973155, "impact_speed": 70.9381392599945, "time": 40.93212484202716}, "-87": {"optimal_thrust": 4449.614924594177, "impact_speed": 59.57280394727646, "time": 40.95010851187678}, "-86": {"optimal_thrust": 4510.403442611943, "impact_speed": 47.34960921321337, "time": 40.97262674035677}, "-85": {"optimal_thrust": 4595.478801947836, "impact_speed": 20.90977968881276, "time": 41.004006779085664}, "-84": {"optimal_thrust": 4590.540030388397, "impact_speed": 23.34184215274245, "time": 41.04410167561843}, "-83": {"optimal_thrust": 4497.177188694322, "impact_speed": 50.46376729602211, "time": 41.083644514119335}, "-82": {"optimal_thrust": 4341.193497042444, "impact_speed": 76.7700365387826, "time": 41.13154694336578}, "-81": {"optimal_thrust": 4367.682251253955, "impact_speed": 72.97440597894244, "time": 41.18770329063135}, "-80": {"optimal_thrust": 4368.936483227281, "impact_speed": 72.7883925708254, "time": 41.252508843292084}, "-79": {"optimal_thrust": 4369.471732112449, "impact_speed": 72.67898928043881, "time": 41.32075492082436}, "-78": {"optimal_thrust": 4361.256586321854, "impact_speed": 73.82795021254647, "time": 41.39651416902942}, "-77": {"optimal_thrust": 4352.865186793158, "impact_speed": 74.9638515561926, "time": 41.47512396963354}, "-76": {"optimal_thrust": 4345.474636396461, "impact_speed": 75.92664344430044, "time": 41.54885897293604}, "-75": {"optimal_thrust": 4339.756091261527, "impact_speed": 76.63521932988634, "time": 41.660051745052634}, "-74": {"optimal_thrust": 4335.124255577408, "impact_speed": 77.18346479930162, "time": 41.769758879620404}, "-73": {"optimal_thrust": 4330.579145355588, "impact_speed": 77.7160541981933, "time": 41.88303680409212}, "-72": {"optimal_thrust": 4325.370791325504, "impact_speed": 78.33699976578527, "time": 42.00211739891244}, "-71": {"optimal_thrust": 4287.623258621392, "impact_speed": 83.18741189906336, "time": 42.127709961233876}, "-70": {"optimal_thrust": 4286.7386567077565, "impact_speed": 83.21928470660481, "time": 42.260398064775885}, "-69": {"optimal_thrust": 4284.604172442592, "impact_speed": 83.416048302629, "time": 42.40020693980459}, "-68": {"optimal_thrust": 4281.257202204733, "impact_speed": 83.76973452514282, "time": 42.54719266800849}, "-67": {"optimal_thrust": 4276.74015572696, "impact_speed": 84.27079854195125, "time": 42.70163386868578}, "-66": {"optimal_thrust": 4271.096121354359, "impact_speed": 84.90893740780871, "time": 42.863682326849265}, "-65": {"optimal_thrust": 4264.36877877832, "impact_speed": 85.67332832827158, "time": 43.03328759353227}, "-64": {"optimal_thrust": 4256.599983766841, "impact_speed": 86.55313029952167, "time": 43.21066626098023}, "-63": {"optimal_thrust": 4247.830770882491, "impact_speed": 87.53751871446617, "time": 43.39690885904176}, "-62": {"optimal_thrust": 4238.099640819543, "impact_speed": 88.61603273110332, "time": 43.58674602715368}, "-61": {"optimal_thrust": 4227.444932593906, "impact_speed": 89.77838287636327, "time": 43.784257880691214}, "-60": {"optimal_thrust": 4215.903923122063, "impact_speed": 91.01464621210526, "time": 43.99092289676319}, "-59": {"optimal_thrust": 4203.511989924287, "impact_speed": 92.3154259288885, "time": 44.2058359403549}, "-58": {"optimal_thrust": 4190.304986548618, "impact_speed": 93.67159968911527, "time": 44.42885233211563}, "-57": {"optimal_thrust": 4176.317774407093, "impact_speed": 95.07452278376412, "time": 44.659957878912266}, "-56": {"optimal_thrust": 4161.584981296725, "impact_speed": 96.51594486803984, "time": 44.89914103542821}, "-55": {"optimal_thrust": 4146.14182731912, "impact_speed": 97.98790898188759, "time": 45.14653608953797}, "-54": {"optimal_thrust": 4130.022425172187, "impact_speed": 99.4829437616376, "time": 45.40227312824254}, "-53": {"optimal_thrust": 4113.261598784238, "impact_speed": 100.99382564913513, "time": 45.666441974852496}, "-52": {"optimal_thrust": 4095.894526619916, "impact_speed": 102.5135944098698, "time": 45.939131396201354}, "-51": {"optimal_thrust": 4079.7369413451033, "impact_speed": 103.8025942775815, "time": 46.220438073849905}, "-50": {"optimal_thrust": 4064.975963303092, "impact_speed": 104.78301734042962, "time": 46.510454783666276}, "-49": {"optimal_thrust": 4048.404953349548, "impact_speed": 105.84175012601638, "time": 46.80926375453908}, "-48": {"optimal_thrust": 4030.051061537667, "impact_speed": 106.96101335687008, "time": 47.11696381169009}, "-47": {"optimal_thrust": 4009.941524350974, "impact_speed": 108.11879210194486, "time": 47.43365922250018}, "-46": {"optimal_thrust": 3988.106146094401, "impact_speed": 109.34783091757643, "time": 47.75946188593567}, "-45": {"optimal_thrust": 3964.5750482836197, "impact_speed": 111.70598313361887, "time": 48.0944950163856}, "-44": {"optimal_thrust": 3939.379892207567, "impact_speed": 114.16557096462984, "time": 48.43889865120499}, "-43": {"optimal_thrust": 3912.5549047158206, "impact_speed": 116.71697824585036, "time": 48.79283160482424}, "-42": {"optimal_thrust": 3884.134603028701, "impact_speed": 119.35211160065408, "time": 49.156426233062625}, "-41": {"optimal_thrust": 3854.1560246047684, "impact_speed": 122.0629485539563, "time": 49.52951662800174}, "-40": {"optimal_thrust": 3822.6574254795833, "impact_speed": 124.84185236100987, "time": 49.91134890083662}, "-39": {"optimal_thrust": 3789.679482081479, "impact_speed": 127.68142078670789, "time": 50.30195216550667}, "-38": {"optimal_thrust": 3761.336768153699, "impact_speed": 129.9182791220979, "time": 50.70233774691442}, "-37": {"optimal_thrust": 3748.594101557245, "impact_speed": 130.36938236849525, "time": 51.113013827008345}, "-36": {"optimal_thrust": 3735.5779458241936, "impact_speed": 130.73354857180416, "time": 51.53398926804199}, "-35": {"optimal_thrust": 3717.7706432723658, "impact_speed": 131.62301601260594, "time": 51.96526595100308}, "-34": {"optimal_thrust": 3695.648534931899, "impact_speed": 133.06784989079352, "time": 52.40687950904547}, "-33": {"optimal_thrust": 3679.5352197312523, "impact_speed": 133.66617655657754, "time": 52.85893199527407}, "-32": {"optimal_thrust": 3661.9348855487874, "impact_speed": 134.4279066555402, "time": 53.32143984253735}, "-31": {"optimal_thrust": 3644.5086408993593, "impact_speed": 135.12748384130919, "time": 53.794471257590445}, "-30": {"optimal_thrust": 3627.2507944426507, "impact_speed": 135.7658203159856, "time": 54.27808357959372}, "-29": {"optimal_thrust": 3610.173378555012, "impact_speed": 136.3414664088258, "time": 54.772336284458156}, "-28": {"optimal_thrust": 3593.3003705390506, "impact_speed": 136.8512959007432, "time": 55.277297411973784}, "-27": {"optimal_thrust": 3571.669717865429, "impact_speed": 138.4023145703488, "time": 55.79299006811478}, "-26": {"optimal_thrust": 3555.653237493755, "impact_speed": 138.8157274690919, "time": 56.31951183478971}, "-25": {"optimal_thrust": 3540.0952642516627, "impact_speed": 139.11847164486542, "time": 56.85689473215653}, "-24": {"optimal_thrust": 3525.020116912699, "impact_speed": 139.29258833194362, "time": 57.405181063022376}, "-23": {"optimal_thrust": 3510.426186842146, "impact_speed": 139.321669422828, "time": 57.964394857044866}, "-22": {"optimal_thrust": 3496.297296142347, "impact_speed": 139.19027658451512, "time": 58.5345436869693}, "-21": {"optimal_thrust": 3482.6160433591954, "impact_speed": 138.88235916489927, "time": 59.11565591333588}, "-20": {"optimal_thrust": 3469.3714369497975, "impact_speed": 138.38065678903013, "time": 59.70775348182306}, "-19": {"optimal_thrust": 3456.563469626773, "impact_speed": 137.66618766179334, "time": 60.31083981471189}, "-18": {"optimal_thrust": 3444.205254336909, "impact_speed": 136.71668762787965, "time": 60.924911587114025}, "-17": {"optimal_thrust": 3432.320903269761,