{"-90": {"optimal_thrust": 4381.713302518662, "impact_speed": 73.09459343793792, "time": 40.7924301397532}, "-89": {"optimal_thrust": 4405.0177822653095, "impact_speed": 69.80958583776123, "time": 40.796704121267574}, "-88": {"optimal_thrust": 4394.054441461063, "impact_speed": 71.35543449028854, "time": 40.80516918070891}, "-87": {"optimal_thrust": 4462.825363769794, "impact_speed": 59.92327526819522, "time": 40.82313206698082}, "-86": {"optimal_thrust": 4524.331441421735, "impact_speed": 47.62812384170522, "time": 40.845718148828446}, "-85": {"optimal_thrust": 4610.410619877872, "impact_speed": 21.03275559448712, "time": 40.87713178017531}, "-84": {"optimal_thrust": 4605.413583434817, "impact_speed": 23.479122827785407, "time": 40.91725639407523}, "-83": {"optimal_thrust": 4510.949213168242, "impact_speed": 50.76058307935139, "time": 40.956885103597564}, "-82": {"optimal_thrust": 4353.124728762428, "impact_speed": 77.2216460795722, "time": 41.00482312980276}, "-81": {"optimal_thrust": 4379.926110788029, "impact_speed": 73.40367781863391, "time": 41.06103838356225}, "-80": {"optimal_thrust": 4381.1951639894305, "impact_speed": 73.21656699879894, "time": 41.125612490278556}, "-79": {"optimal_thrust": 4381.736584239709, "impact_speed": 73.1065412992429, "time": 41.19424299116576}, "-78": {"optimal_thrust": 4373.424591367347, "impact_speed": 74.26224797294309, "time": 41.270002342896}, "-77": {"optimal_thrust": 4364.93456906614, "impact_speed": 75.40477565508981, "time": 41.34838643403519}, "-76": {"optimal_thrust": 4357.456347266726, "impact_speed": 76.37329687543789, "time": 41.423666214766946}, "-75": {"optimal_thrust": 4351.670246457335, "impact_speed": 77.0860517358624, "time": 41.534434277043665}, "-74": {"optimal_thrust": 4346.983981021331, "impact_speed": 77.6374913986696, "time": 41.64398902474842}, "-73": {"optimal_thrust": 4342.38503483595, "impact_speed": 78.17324179321358, "time": 41.75731621452375}, "-72": {"optimal_thrust": 4337.115728391595, "impact_speed": 78.79777177880479, "time": 41.876514024413744}, "-71": {"optimal_thrust": 4298.922394554922, "impact_speed": 83.67676942234726, "time": 42.002262217567576}, "-70": {"optimal_thrust": 4298.027238878152, "impact_speed": 83.70884453988013, "time": 42.135120349814095}, "-69": {"optimal_thrust": 4295.867811787862, "impact_speed": 83.90673466855547, "time": 42.275132462360695}, "-68": {"optimal_thrust": 4292.481314117062, "impact_speed": 84.2625059093856, "time": 42.422328944989175}, "-67": {"optimal_thrust": 4287.910864236438, "impact_speed": 84.76653072390368, "time": 42.577014915085414}, "-66": {"optimal_thrust": 4282.200582260612, "impact_speed": 85.40837920922704, "time": 42.73931610558064}, "-65": {"optimal_thrust": 4275.3939043107275, "impact_speed": 86.17726129630947, "time": 42.909188453302}, "-64": {"optimal_thrust": 4267.5334055160865, "impact_speed": 87.0622434210088, "time": 43.0868727681299}, "-63": {"optimal_thrust": 4258.660274063942, "impact_speed": 88.05247816192357, "time": 43.2734851814298}, "-62": {"optimal_thrust": 4248.814392087962, "impact_speed": 89.13732766382837, "time": 43.46337606729773}, "-61": {"optimal_thrust": 4238.034340092973, "impact_speed": 90.30646916590392, "time": 43.66131923051921}, "-60": {"optimal_thrust": 4226.356958226436, "impact_speed": 91.5500286646999, "time": 43.86837024640844}, "-59": {"optimal_thrust": 4213.818573378056, "impact_speed": 92.85848841557873, "time": 44.083675212194485}, "-58": {"optimal_thrust": 4200.456025695293, "impact_speed": 94.22260480527495, "time": 44.30710164705163}, "-57": {"optimal_thrust": 4186.303585704592, "impact_speed": 95.63380292708767, "time": 44.53863951704668}, "-56": {"optimal_thrust": 4171.397027642984, "impact_speed": 97.08369537044777, "time": 44.77827982751033}, "-55": {"optimal_thrust": 4155.7716483419945, "impact_speed": 98.56431892692285, "time": 45.02616398147543}, "-54": {"optimal_thrust": 4139.4623124382615, "impact_speed": 100.06811635426605, "time": 45.28241915926554}, "-53": {"optimal_thrust": 4122.503845415781, "impact_speed": 101.58787031118786, "time": 45.5471361617426}, "-52": {"optimal_thrust": 4104.9315841634, "impact_speed": 103.11661158083744, "time": 45.82040510854024}, "-51": {"optimal_thrust": 4088.583352444284, "impact_speed": 104.41319340058047, "time": 46.10232421105571}, "-50": {"optimal_thrust": 4073.647897090789, "impact_speed": 105.39942691119532, "time": 46.392987846402455}, "-49": {"optimal_thrust": 4056.881815300307, "impact_speed": 106.46431865561216, "time": 46.69247986935636}, "-48": {"optimal_thrust": 4038.310913785661, "impact_speed": 107.5902542568665, "time": 47.000900884816026}, "-47": {"optimal_thrust": 4017.9642858857555, "impact_speed": 108.75481604516003, "time": 47.31835706772947}, "-46": {"optimal_thrust": 3995.8710266007497, "impact_speed": 109.99295333247669, "time": 47.644962372704185}, "-45": {"optimal_thrust": 3972.0624800088435, "impact_speed": 112.36312239160249, "time": 47.98084231714463}, "-44": {"optimal_thrust": 3946.5701113519576, "impact_speed": 114.83714302758219, "time": 48.326139569717945}, "-43": {"optimal_thrust": 3919.428586582267, "impact_speed": 117.40356005300478, "time": 48.68101565372586}, "-42": {"optimal_thrust": 3890.6729626932815, "impact_speed": 120.05418970665, "time": 49.045602585074356}, "-41": {"optimal_thrust": 3860.3405676449074, "impact_speed": 122.780984051781, "time": 49.4197189528383}, "-40": {"optimal_thrust": 3828.4707584343128, "impact_speed": 125.57617763604576, "time": 49.80259919713587}, "-39": {"optimal_thrust": 3795.103502088077, "impact_speed": 128.4324743983887, "time": 50.19432043379185}, "-38": {"optimal_thrust": 3766.426346309577, "impact_speed": 130.6824930782839, "time": 50.595903597773045}, "-37": {"optimal_thrust": 3753.533314651214, "impact_speed": 131.13625024279452, "time": 51.00784260407054}, "-36": {"optimal_thrust": 3740.36366468022, "impact_speed": 131.5025461950874, "time": 51.43014211403757}, "-35": {"optimal_thrust": 3722.3459997908353, "impact_speed": 132.39727849264426, "time": 51.862804970545355}, "-34": {"optimal_thrust": 3699.963077024738, "impact_speed": 133.8505819605298, "time": 52.30586895506386}, "-33": {"optimal_thrust": 3683.659426476092, "impact_speed": 134.45245823843317, "time": 52.759438794363895}, "-32": {"optimal_thrust": 3665.8513474766596, "impact_speed": 135.2186816146137, "time": 53.22353290744419}, "-31": {"optimal_thrust": 3648.219477614413, "impact_speed": 135.92237715439097, "time": 53.69822177780394}, "-30": {"optimal_thrust": 3630.7581239889623, "impact_speed": 136.56444738562445, "time": 54.18356479125491}, "-29": {"optimal_thrust": 3613.479170210248, "impact_speed": 137.14348770501843, "time": 54.67962433891674}, "-28": {"optimal_thrust": 3596.4071290234215, "impact_speed": 137.65630437429346, "time": 55.18647075584573}, "-27": {"optimal_thrust": 3574.5212827277846, "impact_speed": 139.2164395561877, "time": 55.704127255231725}, "-26": {"optimal_thrust": 3558.3158671598403, "impact_speed": 139.6322722612874, "time": 56.232696023918884}, "-25": {"optimal_thrust": 3542.574275302359, "impact_speed": 139.93680701974947, "time": 56.77221081602902}, "-24": {"optimal_thrust": 3527.3211326022924, "impact_speed": 140.11198274073885, "time": 57.32271534214871}, "-23": {"optimal_thrust": 3512.5548992863737, "impact_speed": 140.1412764151197, "time": 57.88423415860475}, "-22": {"optimal_thrust": 3498.2595255229044, "impact_speed": 140.0090275172284, "time": 58.456778308005916}, "-21": {"optimal_thrust": 3484.4169084491623, "impact_speed": 139.69926171244433, "time": 59.04037938270011}, "-20": {"optimal_thrust": 3471.0158598806925, "impact_speed": 139.19470196418854, "time": 59.63506003101949}, "-19": {"optimal_thrust": 3458.0565683950736, "impact_speed": 138.47620923984314, "time": 60.24082546997975}, "-18": {"optimal_thrust": 3445.552849499381, "impact_speed": 137.5208451940997, "time": 60.85767517300883}, "-17": {"optimal_thrust": 3433.528302681437,