{"-90": {"optimal_thrust": 4393.737579830588, "impact_speed": 73.56954783252529, "time": 40.666025388532276}, "-89": {"optimal_thrust": 4417.62755862639, "impact_speed": 70.21787385741588, "time": 40.670098045373756}, "-88": {"optimal_thrust": 4406.535823669154, "impact_speed": 71.77273104798171, "time": 40.67881525869117}, "-87": {"optimal_thrust": 4476.113400492025, "impact_speed": 60.273725715277564, "time": 40.696759559794906}, "-86": {"optimal_thrust": 4538.340986835844, "impact_speed": 47.90667040135404, "time": 40.71941039151845}, "-85": {"optimal_thrust": 4625.429872574981, "impact_speed": 21.155804117620928, "time": 40.75085634566157}, "-84": {"optimal_thrust": 4620.374057990554, "impact_speed": 23.61654636886517, "time": 40.7910079394991}, "-83": {"optimal_thrust": 4524.802300974185, "impact_speed": 51.05733823882772, "time": 40.83072419865324}, "-82": {"optimal_thrust": 4365.126122856301, "impact_speed": 77.6732300078401, "time": 40.87869542090627}, "-81": {"optimal_thrust": 4392.241793631934, "impact_speed": 73.83294788015034, "time": 40.93496746493341}, "-80": {"optimal_thrust": 4393.525748985804, "impact_speed": 73.644740538252, "time": 40.999370763845725}, "-79": {"optimal_thrust": 4394.0732934953285, "impact_speed": 73.53410443574501, "time": 41.068318589257814}, "-78": {"optimal_thrust": 4385.663987637413, "impact_speed": 74.69654211824466, "time": 41.14407136258116}, "-77": {"optimal_thrust": 4377.07443092375, "impact_speed": 75.84574339568029, "time": 41.22221453047888}, "-76": {"optimal_thrust": 4369.508572259368, "impact_speed": 76.8199168577476, "time": 41.299008597363525}, "-75": {"optimal_thrust": 4363.654564025988, "impact_speed": 77.5368448760028, "time": 41.40936950997276}, "-74": {"optimal_thrust": 4358.913436356067, "impact_speed": 78.09149461978102, "time": 41.51878505943063}, "-73": {"optimal_thrust": 4354.260608417282, "impact_speed": 78.63036944710339, "time": 41.63216297483997}, "-72": {"optimal_thrust": 4348.929086616352, "impact_speed": 79.25860639280212, "time": 41.75147668110903}, "-71": {"optimal_thrust": 4310.288094886799, "impact_speed": 84.16608972979596, "time": 41.8773774964388}, "-70": {"optimal_thrust": 4309.382385460326, "impact_speed": 84.1983591370469, "time": 42.01039858360094}, "-69": {"optimal_thrust": 4307.197582327225, "impact_speed": 84.39741229567956, "time": 42.15061261806516}, "-68": {"optimal_thrust": 4303.77167331365, "impact_speed": 84.75522448479879, "time": 42.29801640587552}, "-67": {"optimal_thrust": 4299.147270571503, "impact_speed": 85.26223998607797, "time": 42.45294157125876}, "-66": {"optimal_thrust": 4293.369947209508, "impact_speed": 85.90784941832344, "time": 42.61548973717559}, "-65": {"optimal_thrust": 4286.483463128037, "impact_speed": 86.68122323781822, "time": 42.78562379976987}, "-64": {"optimal_thrust": 4278.530467053948, "impact_speed": 87.57141710528116, "time": 42.963609643541}, "-63": {"optimal_thrust": 4269.553454503563, "impact_speed": 88.56741752030125, "time": 43.15057357781255}, "-62": {"optimal_thrust": 4259.592269888177, "impact_speed": 89.65858771418198, "time": 43.340531867174946}, "-61": {"optimal_thrust": 4248.685568478073, "impact_speed": 90.83459050477599, "time": 43.538893867570586}, "-60": {"optimal_thrust": 4236.8708667022875, "impact_speed": 92.08546360203587, "time": 43.74632244797487}, "-59": {"optimal_thrust": 4224.186147967716, "impact_speed": 93.40148571999052, "time": 43.962012129275365}, "-58": {"optimal_thrust": 4210.66659517786, "impact_speed": 94.77361072760193, "time": 44.18584128491704}, "-57": {"optimal_thrust": 4196.348057163837, "impact_speed": 96.19307199124415, "time": 44.417804035120696}, "-56": {"optimal_thrust": 4181.267021662117, "impact_speed": 97.65139847751598, "time": 44.65789411216961}, "-55": {"optimal_thrust": 4165.457954884292, "impact_speed": 99.14072814205224, "time": 44.90625973157219}, "-54": {"optimal_thrust": 4148.95706533407, "impact_speed": 100.65334885173776, "time": 45.1630249825728}, "-53": {"optimal_thrust": 4131.800008541452, "impact_speed": 102.1819502373009, "time": 45.42828184751766}, "-52": {"optimal_thrust": 4114.021685703417, "impact_speed": 103.71962377273903, "time": 45.70212180712711}, "-51": {"optimal_thrust": 4097.481386693893, "impact_speed": 105.02382611593038, "time": 45.98464460622457}, "-50": {"optimal_thrust": 4082.3710599208753, "impact_speed": 106.01578446057634, "time": 46.27594623356873}, "-49": {"optimal_thrust": 4065.4077320979522, "impact_speed": 107.08699685144477, "time": 46.57611216269567}, "-48": {"optimal_thrust": 4046.619503669803, "impact_speed": 108.21943081502569, "time": 46.88524479378664}, "-47": {"optimal_thrust": 4026.034245283418, "impact_speed": 109.39078295976054, "time": 47.20345219619826}, "-46": {"optimal_thrust": 4003.6819572907466, "impact_speed": 110.6350450009588, "time": 47.53085038331268}, "-45": {"optimal_thrust": 3979.5937877229726, "impact_speed": 113.02027650260736, "time": 47.86756716174224}, "-44": {"optimal_thrust": 3953.8024242682045, "impact_speed": 115.5087332271673, "time": 48.213747823218654}, "-43": {"optimal_thrust": 3926.3427006717834, "impact_speed": 118.09012073676705, "time": 48.56955657751104}, "-42": {"optimal_thrust": 3897.2495062315975, "impact_speed": 120.75629257606845, "time": 48.93512508208564}, "-41": {"optimal_thrust": 3866.561511047175, "impact_speed": 123.49900245472534, "time": 49.310256734954066}, "-40": {"optimal_thrust": 3834.317730825707, "impact_speed": 126.31055845312788, "time": 49.694175855657186}, "-39": {"optimal_thrust": 3800.5589873365966, "impact_speed": 129.18356704153447, "time": 50.08700594947585}, "-38": {"optimal_thrust": 3771.5456046356003, "impact_speed": 131.44672561970916, "time": 50.489775933912846}, "-37": {"optimal_thrust": 3758.5013772578295, "impact_speed": 131.90313213315395, "time": 50.9029665262863}, "-36": {"optimal_thrust": 3745.177013646435, "impact_speed": 132.27160037560836, "time": 51.32657868376103}, "-35": {"optimal_thrust": 3726.948544427778, "impact_speed": 133.17149271887874, "time": 51.76061630750583}, "-34": {"optimal_thrust": 3704.302950052286, "impact_speed": 134.63331055901043, "time": 52.205119320641856}, "-33": {"optimal_thrust": 3687.8077999369693, "impact_speed": 135.2387431700098, "time": 52.66019512832976}, "-32": {"optimal_thrust": 3669.791036070465, "impact_speed": 136.0094153985567, "time": 53.12586414079813}, "-31": {"optimal_thrust": 3651.9523225033076, "impact_speed": 136.71722802891864, "time": 53.6021991214797}, "-30": {"optimal_thrust": 3634.286173927388, "impact_speed": 137.3630460833172, "time": 54.089261542986776}, "-29": {"optimal_thrust": 3616.8046690567626, "impact_speed": 137.9454424154201, "time": 54.58711672331632}, "-28": {"optimal_thrust": 3599.5319208585033, "impact_speed": 138.46135654242318, "time": 55.09583725926054}, "-27": {"optimal_thrust": 3577.389606726612, "impact_speed": 140.03055728813086, "time": 55.61544648206269}, "-26": {"optimal_thrust": 3560.993981097598, "impact_speed": 140.44884817464518, "time": 56.14605133140054}, "-25": {"optimal_thrust": 3545.0677439522074, "impact_speed": 140.75516404559988, "time": 56.68768719762941}, "-24": {"optimal_thrust": 3529.6357067181025, "impact_speed": 140.93135811002978, "time": 57.24039920080055}, "-23": {"optimal_thrust": 3514.6963396883243, "impact_speed": 140.96079764065084, "time": 57.80421253842417}, "-22": {"optimal_thrust": 3500.2335243267307, "impact_speed": 140.82766900598213, "time": 58.37914181205785}, "-21": {"optimal_thrust": 3486.2283273021094, "impact_speed": 140.51616893438947, "time": 58.96522170390746}, "-20": {"optimal_thrust": 3472.6698776407397, "impact_speed": 140.00877915393085, "time": 59.56247565737057}, "-19": {"optimal_thrust": 3459.5588772002397, "impact_speed": 139.28585144651325, "time": 60.17091097446896}, "-18": {"optimal_thrust": 3446.9083109724493, "impact_speed": 138.32504463612878, "time": 60.79052944256316}, "-17": {"optimal_thrust": 3434.742926130955,