{"-90": {"optimal_thrust": 4405.8221812877555, "impact_speed": 74.04561865573702, "time": 40.540222298151}, "-89": {"optimal_thrust": 4430.311048035134, "impact_speed": 70.6261332390736, "time": 40.54413091792184}, "-88": {"optimal_thrust": 4419.090022620809, "impact_speed": 72.19002180371434, "time": 40.55306005964304}, "-87": {"optimal_thrust": 4489.479352562892, "impact_speed": 60.62409993519122, "time": 40.570987847070974}, "-86": {"optimal_thrust": 4552.432162500342, "impact_speed": 48.18522975037598, "time": 40.593700498759084}, "-85": {"optimal_thrust": 4640.536681202883, "impact_speed": 21.27886245272552, "time": 40.62517752890438}, "-84": {"optimal_thrust": 4635.422088477085, "impact_speed": 23.75382305280698, "time": 40.66535334904096}, "-83": {"optimal_thrust": 4538.735562084874, "impact_speed": 51.35421998276939, "time": 40.705158897126665}, "-82": {"optimal_thrust": 4377.197598277135, "impact_speed": 78.12479990182783, "time": 40.75316091297948}, "-81": {"optimal_thrust": 4404.629381239473, "impact_speed": 74.26220443149073, "time": 40.80948763707559}, "-80": {"optimal_thrust": 4405.928238765073, "impact_speed": 74.07291312525625, "time": 40.87375855835816}, "-79": {"optimal_thrust": 4406.482420432781, "impact_speed": 73.96159734552525, "time": 40.942978307466205}, "-78": {"optimal_thrust": 4397.974809016676, "impact_speed": 75.13082789007771, "time": 41.01871834966155}, "-77": {"optimal_thrust": 4389.28496841301, "impact_speed": 76.28672660066893, "time": 41.09660658791762}, "-76": {"optimal_thrust": 4381.631357589705, "impact_speed": 77.26649760060873, "time": 41.174885590547845}, "-75": {"optimal_thrust": 4375.708928945309, "impact_speed": 77.98761512117144, "time": 41.284856099478105}, "-74": {"optimal_thrust": 4370.912258090723, "impact_speed": 78.54552408911529, "time": 41.39414483823949}, "-73": {"optimal_thrust": 4366.204966012636, "impact_speed": 79.08755933376027, "time": 41.50757470241274}, "-72": {"optimal_thrust": 4360.811695942606, "impact_speed": 79.71939157088272, "time": 41.62700287599522}, "-71": {"optimal_thrust": 4321.720006298683, "impact_speed": 84.65541782500951, "time": 41.753053266196225}, "-70": {"optimal_thrust": 4320.8038233196985, "impact_speed": 84.68786366259216, "time": 41.88623190782904}, "-69": {"optimal_thrust": 4318.593564238368, "impact_speed": 84.88807123456917, "time": 42.02664492665625}, "-68": {"optimal_thrust": 4315.127297105468, "impact_speed": 85.24801486769795, "time": 42.17425255543429}, "-67": {"optimal_thrust": 4310.449411168316, "impact_speed": 85.75792215061067, "time": 42.32941138641796}, "-66": {"optimal_thrust": 4304.604612884974, "impact_speed": 86.4072979240582, "time": 42.49220085754785}, "-65": {"optimal_thrust": 4297.637528846646, "impact_speed": 87.1852044899349, "time": 42.66259134887927}, "-64": {"optimal_thrust": 4289.591998848917, "impact_speed": 88.08054760609366, "time": 42.840874694490346}, "-63": {"optimal_thrust": 4280.510671231268, "impact_speed": 89.0822930512257, "time": 43.02816886321107}, "-62": {"optimal_thrust": 4270.432877546097, "impact_speed": 90.17986183184864, "time": 43.2182108136664}, "-61": {"optimal_thrust": 4259.398975861317, "impact_speed": 91.36270297270285, "time": 43.4169794964485}, "-60": {"optimal_thrust": 4247.446715914747, "impact_speed": 92.62082197171743, "time": 43.624777402458804}, "-59": {"optimal_thrust": 4234.613727001599, "impact_speed": 93.94453663498403, "time": 43.84084469098969}, "-58": {"optimal_thrust": 4220.936456060432, "impact_speed": 95.324645776887, "time": 44.06506932802031}, "-57": {"optimal_thrust": 4206.451189231778, "impact_speed": 96.75233011557779, "time": 44.29744958915055}, "-56": {"optimal_thrust": 4191.194015126662, "impact_speed": 98.21916685939307, "time": 44.5379822664348}, "-55": {"optimal_thrust": 4175.200865373217, "impact_speed": 99.7171226483436, "time": 44.78682160435987}, "-54": {"optimal_thrust": 4158.5075139056125, "impact_speed": 101.23854160010525, "time": 45.04408892824842}, "-53": {"optimal_thrust": 4141.150088161253, "impact_speed": 102.7760648159565, "time": 45.309877423311185}, "-52": {"optimal_thrust": 4123.1649150293, "impact_speed": 104.32262083998577, "time": 45.58427994807162}, "-51": {"optimal_thrust": 4106.43171875154, "impact_speed": 105.63440589139398, "time": 45.86739778252809}, "-50": {"optimal_thrust": 4091.1451345826085, "impact_speed": 106.63213536943546, "time": 46.15932852892302}, "-49": {"optimal_thrust": 4073.9841240182723, "impact_speed": 107.70954955034922, "time": 46.46015928914675}, "-48": {"optimal_thrust": 4054.976635143075, "impact_speed": 108.84858675978577, "time": 46.76999424966004}, "-47": {"optimal_thrust": 4034.15128138024, "impact_speed": 110.02674154149011, "time": 47.088943380977014}, "-46": {"optimal_thrust": 4011.538500529958, "impact_speed": 111.27668269912657, "time": 47.41712474939568}, "-45": {"optimal_thrust": 3987.1692886367455, "impact_speed": 113.67732158581751, "time": 47.75466844236211}, "-44": {"optimal_thrust": 3961.0773159602113, "impact_speed": 116.18022819459976, "time": 48.10172235847737}, "-43": {"optimal_thrust": 3933.297051245006, "impact_speed": 118.77669557750734, "time": 48.45845337204615}, "-42": {"optimal_thrust": 3903.8645508543914, "impact_speed": 121.45837216250095, "time": 48.824992794946226}, "-41": {"optimal_thrust": 3872.818904005471, "impact_speed": 124.21699753591504, "time": 49.20112921328022}, "-40": {"optimal_thrust": 3840.1990519585383, "impact_speed": 127.04490836599663, "time": 49.586078235083384}, "-39": {"optimal_thrust": 3806.0465236601744, "impact_speed": 129.93463269237418, "time": 49.98000797659562}, "-38": {"optimal_thrust": 3776.694739406581, "impact_speed": 132.21095525568768, "time": 50.38395400377822}, "-37": {"optimal_thrust": 3763.498413700884, "impact_speed": 132.67001336151154, "time": 50.79838488739396}, "-36": {"optimal_thrust": 3750.018823191334, "impact_speed": 133.0406039223497, "time": 51.223298331132156}, "-35": {"optimal_thrust": 3731.5772508724667, "impact_speed": 133.94579877982986, "time": 51.6586993614748}, "-34": {"optimal_thrust": 3708.66781965198, "impact_speed": 135.4160821413642, "time": 52.1046300606447}, "-33": {"optimal_thrust": 3691.980673557868, "impact_speed": 136.024981851646, "time": 52.56120050396988}, "-32": {"optimal_thrust": 3673.7535480654606, "impact_speed": 136.80017294901978, "time": 53.02843309080934}, "-31": {"optimal_thrust": 3655.7069093396367, "impact_speed": 137.51208312527993, "time": 53.506402880180396}, "-30": {"optimal_thrust": 3637.834430843185, "impact_speed": 138.16171365338, "time": 53.995173466810314}, "-29": {"optimal_thrust": 3620.1490315156243, "impact_speed": 138.74750690481233, "time": 54.49481310123009}, "-28": {"optimal_thrust": 3602.675006185956, "impact_speed": 139.2663915623845, "time": 55.0053966240728}, "-27": {"optimal_thrust": 3580.274493814893, "impact_speed": 140.84470918016248, "time": 55.526947488004545}, "-26": {"optimal_thrust": 3563.687700589918, "impact_speed": 141.2654264067282, "time": 56.0595775241912}, "-25": {"optimal_thrust": 3547.576173392656, "impact_speed": 141.57341064474963, "time": 56.60332366956605}, "-24": {"optimal_thrust": 3531.9639077702095, "impact_speed": 141.7506942627296, "time": 57.15823245277625}, "-23": {"optimal_thrust": 3516.8500630761473, "impact_speed": 141.78039011759785, "time": 57.724329834686465}, "-22": {"optimal_thrust": 3502.218394104276, "impact_speed": 141.64657818222028, "time": 58.30163405606492}, "-21": {"optimal_thrust": 3488.050171729752, "impact_speed": 141.33314631907396, "time": 58.89018275724743}, "-20": {"optimal_thrust": 3474.333422648255, "impact_speed": 140.8229312488248, "time": 59.49000025783542}, "-19": {"optimal_thrust": 3461.0694981152196, "impact_speed": 140.09586620514548, "time": 60.10109624645242}, "-18": {"optimal_thrust": 3448.271638756115, "impact_speed": 139.12928522827673, "time": 60.72347431285074}, "-17": {"optimal_thrust": 3435.964268211722,