{"-90": {"optimal_thrust": 4417.967735081039, "impact_speed": 74.52269528820635, "time": 40.415017920022024}, "-89": {"optimal_thrust": 4443.068185361236, "impact_speed": 71.03437432162875, "time": 40.41879034336111}, "-88": {"optimal_thrust": 4431.716908061233, "impact_speed": 72.60732587258853, "time": 40.42789967764057}, "-87": {"optimal_thrust": 4502.922103124912, "impact_speed": 60.97459391831661, "time": 40.44581380417245}, "-86": {"optimal_thrust": 4566.605230734773, "impact_speed": 48.46374371000535, "time": 40.46858550900671}, "-85": {"optimal_thrust": 4655.73113093982, "impact_speed": 21.40188741252639, "time": 40.50009239041489}, "-84": {"optimal_thrust": 4650.557442785174, "impact_speed": 23.8910598991686, "time": 40.54028967389584}, "-83": {"optimal_thrust": 4552.749969354091, "impact_speed": 51.651023817182725, "time": 40.58018631073393}, "-82": {"optimal_thrust": 4389.338884907938, "impact_speed": 78.5763928984823, "time": 40.62821670907386}, "-81": {"optimal_thrust": 4417.088393677103, "impact_speed": 74.6915166150091, "time": 40.68459104663416}, "-80": {"optimal_thrust": 4418.402666613155, "impact_speed": 74.50107999083433, "time": 40.74876292192561}, "-79": {"optimal_thrust": 4418.963370680067, "impact_speed": 74.38910679242521, "time": 40.81821975370431}, "-78": {"optimal_thrust": 4410.357136496092, "impact_speed": 75.56509397573859, "time": 40.8939404658823}, "-77": {"optimal_thrust": 4401.5664173362875, "impact_speed": 76.727692212009, "time": 40.97156092919949}, "-76": {"optimal_thrust": 4393.823873328662, "impact_speed": 77.71315352635618, "time": 41.05129655536128}, "-75": {"optimal_thrust": 4387.833058181725, "impact_speed": 78.43840125228287, "time": 41.160892629188766}, "-74": {"optimal_thrust": 4382.980694801876, "impact_speed": 78.99954588728222, "time": 41.27006618846021}, "-73": {"optimal_thrust": 4378.219007002346, "impact_speed": 79.54469003648228, "time": 41.38354900642367}, "-72": {"optimal_thrust": 4372.763008496071, "impact_speed": 80.18020098730508, "time": 41.50309010751154}, "-71": {"optimal_thrust": 4333.218129299264, "impact_speed": 85.14475351022033, "time": 41.62928699720393}, "-70": {"optimal_thrust": 4332.290995122344, "impact_speed": 85.1774280398204, "time": 41.76261738160935}, "-69": {"optimal_thrust": 4330.055280125191, "impact_speed": 85.37877160548679, "time": 41.90322691014636}, "-68": {"optimal_thrust": 4326.549168181544, "impact_speed": 85.74075283038799, "time": 42.05103490776934}, "-67": {"optimal_thrust": 4321.8164550554675, "impact_speed": 86.25368143273232, "time": 42.20642191450601}, "-66": {"optimal_thrust": 4315.904181938472, "impact_speed": 86.90677451661716, "time": 42.36944710620698}, "-65": {"optimal_thrust": 4308.856345720755, "impact_speed": 87.68917450047684, "time": 42.54008882032382}, "-64": {"optimal_thrust": 4300.718000900997, "impact_speed": 88.58963566807044, "time": 42.718665723115585}, "-63": {"optimal_thrust": 4291.530898219094, "impact_speed": 89.59723112119003, "time": 42.90626607725637}, "-62": {"optimal_thrust": 4281.336494990411, "impact_speed": 90.70111585394386, "time": 43.0964102606725}, "-61": {"optimal_thrust": 4270.174679306926, "impact_speed": 91.89079264530491, "time": 43.29557384480547}, "-60": {"optimal_thrust": 4258.083872476266, "impact_speed": 93.15618069805534, "time": 43.50373302462637}, "-59": {"optimal_thrust": 4245.101824201468, "impact_speed": 94.48757932731549, "time": 43.72017090578302}, "-58": {"optimal_thrust": 4231.265846671348, "impact_speed": 95.8756813505878, "time": 43.9447838622915}, "-57": {"optimal_thrust": 4216.612703866732, "impact_speed": 97.31161014553719, "time": 44.177574335978626}, "-56": {"optimal_thrust": 4201.178878124142, "impact_speed": 98.78689734919273, "time": 44.4185425057708}, "-55": {"optimal_thrust": 4185.0002619579245, "impact_speed": 100.29351654287701, "time": 44.66784786479571}, "-54": {"optimal_thrust": 4168.113617569841, "impact_speed": 101.82370007852234, "time": 44.925609324261444}, "-53": {"optimal_thrust": 4150.554597532938, "impact_speed": 103.37015217545508, "time": 45.191921283105685}, "-52": {"optimal_thrust": 4132.360675634842, "impact_speed": 104.92567546620013, "time": 45.46687798561587}, "-51": {"optimal_thrust": 4115.433751123953, "impact_speed": 106.24500932141802, "time": 45.750582258664096}, "-50": {"optimal_thrust": 4099.970044141014, "impact_speed": 107.24849047796926, "time": 46.04313331741506}, "-49": {"optimal_thrust": 4082.610007621637, "impact_speed": 108.33213950433878, "time": 46.34461989369167}, "-48": {"optimal_thrust": 4063.381990994739, "impact_speed": 109.47779099885645, "time": 46.65514796288687}, "-47": {"optimal_thrust": 4042.3155153399434, "impact_speed": 110.66264449134714, "time": 46.97482939589292}, "-46": {"optimal_thrust": 4019.4403082847, "impact_speed": 111.92003672064666, "time": 47.30378430273606}, "-45": {"optimal_thrust": 3994.7886655394236, "impact_speed": 114.33438243479456, "time": 47.64214504830772}, "-44": {"optimal_thrust": 3968.3941803604444, "impact_speed": 116.851770034034, "time": 47.990062117626046}, "-43": {"optimal_thrust": 3940.2918070075334, "impact_speed": 119.4632544120117, "time": 48.347705035465324}, "-42": {"optimal_thrust": 3910.518218483734, "impact_speed": 122.16041067074566, "time": 48.715204795304146}, "-41": {"optimal_thrust": 3879.1122329836026, "impact_speed": 124.93503740314354, "time": 49.09233562241053}, "-40": {"optimal_thrust": 3846.114402908456, "impact_speed": 127.7792661223204, "time": 49.478305672245014}, "-39": {"optimal_thrust": 3811.5661620369333, "impact_speed": 130.68566616259082, "time": 49.87332576860057}, "-38": {"optimal_thrust": 3781.8737302494624, "impact_speed": 132.97518422093688, "time": 50.27843705482388}, "-37": {"optimal_thrust": 3768.5242999521984, "impact_speed": 133.43690825719386, "time": 50.69409698140444}, "-36": {"optimal_thrust": 3754.8882628464216, "impact_speed": 133.80966330807328, "time": 51.120300402905265}, "-35": {"optimal_thrust": 3736.233198814842, "impact_speed": 134.72004943975014, "time": 51.5570535436089}, "-34": {"optimal_thrust": 3717.374807734133, "impact_speed": 135.61654105506807, "time": 52.00442307443743}, "-33": {"optimal_thrust": 3696.1772170559657, "impact_speed": 136.81129748815346, "time": 52.46245442199343}, "-32": {"optimal_thrust": 3677.739216288528, "impact_speed": 137.59090115178148, "time": 52.931239309656696}, "-31": {"optimal_thrust": 3659.483116959681, "impact_speed": 138.30696315156982, "time": 53.410832646222644}, "-30": {"optimal_thrust": 3641.4036692656873, "impact_speed": 138.96030378830199, "time": 53.901300201402755}, "-29": {"optimal_thrust": 3623.5131577744887, "impact_speed": 139.54949338734465, "time": 54.4027131458524}, "-28": {"optimal_thrust": 3605.836581192657, "impact_speed": 140.07136467756575, "time": 54.915148551487626}, "-27": {"optimal_thrust": 3583.1761400396463, "impact_speed": 141.65885359238882, "time": 55.438630013964314}, "-26": {"optimal_thrust": 3566.3968935782377, "impact_speed": 142.08203751421513, "time": 55.97327436696917}, "-25": {"optimal_thrust": 3550.0985471745016, "impact_speed": 142.3918132318793, "time": 56.5191200145692}, "-24": {"optimal_thrust": 3534.305726275391, "impact_speed": 142.56999469666835, "time": 57.07621491168526}, "-23": {"optimal_thrust": 3519.0165738968994, "impact_speed": 142.5998773122728, "time": 57.64458589194388}, "-22": {"optimal_thrust": 3504.21522946955, "impact_speed": 142.46529589823274, "time": 58.22425491011}, "-21": {"optimal_thrust": 3489.8826302499233, "impact_speed": 142.15009678328786, "time": 58.815262424919304}, "-20": {"optimal_thrust": 3476.007204208011, "impact_speed": 141.63670357061343, "time": 59.417633734623955}, "-19": {"optimal_thrust": 3462.5893965030696, "impact_speed": 140.9054503803489, "time": 60.031381197731676}, "-18": {"optimal_thrust": 3449.642832850377, "impact_speed": 139.933566260335, "time": 60.65650970086857}, "-17": {"optimal_thrust": 3437.1930304496136,