{"-90": {"optimal_thrust": 4430.173923999701, "impact_speed": 75.0008030927637, "time": 40.29040929855409}, "-89": {"optimal_thrust": 4455.899034980311, "impact_speed": 71.44258774334182, "time": 40.29406891537974}, "-88": {"optimal_thrust": 4444.41672499529, "impact_speed": 73.02460746406834, "time": 40.30333110488278}, "-87": {"optimal_thrust": 4516.442882371414, "impact_speed": 61.32499240554157, "time": 40.321234334361435}, "-86": {"optimal_thrust": 4580.859817240294, "impact_speed": 48.74229528533687, "time": 40.344062466666315}, "-85": {"optimal_thrust": 4671.013358345101, "impact_speed": 21.524810995907888, "time": 40.375597998229296}, "-84": {"optimal_thrust": 4665.779950937599, "impact_speed": 24.028333671584587, "time": 40.41581398246126}, "-83": {"optimal_thrust": 4566.845008900485, "impact_speed": 51.94785733211469, "time": 40.45580355561093}, "-82": {"optimal_thrust": 4401.550171457572, "impact_speed": 79.02798297351528, "time": 40.50385992098031}, "-81": {"optimal_thrust": 4429.619742683394, "impact_speed": 75.12075331658276, "time": 40.560306291377195}, "-80": {"optimal_thrust": 4430.948917772133, "impact_speed": 74.92925763713167, "time": 40.62437629991623}, "-79": {"optimal_thrust": 4431.5161442371855, "impact_speed": 74.81663249296136, "time": 40.69404011347551}, "-78": {"optimal_thrust": 4422.81057114145, "impact_speed": 75.99939682392184, "time": 40.76973491042392}, "-77": {"optimal_thrust": 4413.918508660939, "impact_speed": 77.16867773004049, "time": 40.847075868255104}, "-76": {"optimal_thrust": 4406.086983586578, "impact_speed": 78.15976559238588, "time": 40.92824075754043}, "-75": {"optimal_thrust": 4400.0268365342645, "impact_speed": 78.88921853176441, "time": 41.03747761644429}, "-74": {"optimal_thrust": 4395.118814409736, "impact_speed": 79.4535510536772, "time": 41.14654691022444}, "-73": {"optimal_thrust": 4390.3019475225265, "impact_speed": 80.00186685726273, "time": 41.26008347881082}, "-72": {"optimal_thrust": 4384.78333574315, "impact_speed": 80.64099306387914, "time": 41.379735873244684}, "-71": {"optimal_thrust": 4344.782499317888, "impact_speed": 85.63409225808557, "time": 41.506076161327144}, "-70": {"optimal_thrust": 4343.84481137783, "impact_speed": 85.66693794469211, "time": 41.63955225858822}, "-69": {"optimal_thrust": 4341.583242735435, "impact_speed": 85.86944883898532, "time": 41.780356097773954}, "-68": {"optimal_thrust": 4338.03633998419, "impact_speed": 86.23355706206027, "time": 41.92836097474248}, "-67": {"optimal_thrust": 4333.2497101936015, "impact_speed": 86.74935414266201, "time": 42.083970723647084}, "-66": {"optimal_thrust": 4327.268935640749, "impact_speed": 87.40624393431375, "time": 42.247226130840794}, "-65": {"optimal_thrust": 4320.140182090231, "impact_speed": 88.193100453018, "time": 42.41811393701191}, "-64": {"optimal_thrust": 4311.90744669467, "impact_speed": 89.09880750717713, "time": 42.596980525286654}, "-63": {"optimal_thrust": 4302.614801489993, "impact_speed": 90.11214980915287, "time": 42.78486071925746}, "-62": {"optimal_thrust": 4292.302921754846, "impact_speed": 91.22237427768064, "time": 42.9751275542378}, "-61": {"optimal_thrust": 4281.012165557144, "impact_speed": 92.41892128090227, "time": 43.17467465969623}, "-60": {"optimal_thrust": 4268.781943888146, "impact_speed": 93.69158635782688, "time": 43.38318724852781}, "-59": {"optimal_thrust": 4255.650398351462, "impact_speed": 95.03061879658328, "time": 43.59998878405457}, "-58": {"optimal_thrust": 4241.655320868569, "impact_speed": 96.42665250981449, "time": 43.824982976861726}, "-57": {"optimal_thrust": 4226.832996643927, "impact_speed": 97.87086550959, "time": 44.05817643663534}, "-56": {"optimal_thrust": 4211.221175537596, "impact_speed": 99.35464133419254, "time": 44.299573034754374}, "-55": {"optimal_thrust": 4194.856184439275, "impact_speed": 100.86990518763517, "time": 44.54933677978202}, "-54": {"optimal_thrust": 4177.774546285691, "impact_speed": 102.40892236201901, "time": 44.80758449692944}, "-53": {"optimal_thrust": 4160.01334060949, "impact_speed": 103.96423605337839, "time": 45.074411819216856}, "-52": {"optimal_thrust": 4141.60995824556, "impact_speed": 105.52866706643776, "time": 45.34991438075905}, "-51": {"optimal_thrust": 4124.487448765699, "impact_speed": 106.85564041416863, "time": 45.63419655603541}, "-50": {"optimal_thrust": 4108.845429076635, "impact_speed": 107.86489954944793, "time": 45.9273591831862}, "-49": {"optimal_thrust": 4091.2854593303796, "impact_speed": 108.95475366708669, "time": 46.22949262563917}, "-48": {"optimal_thrust": 4071.836084482552, "impact_speed": 110.10693241802122, "time": 46.54070464717192}, "-47": {"optimal_thrust": 4050.5263127410512, "impact_speed": 111.29873974514236, "time": 46.86110901150407}, "-46": {"optimal_thrust": 4027.387532541639, "impact_speed": 112.56415991408464, "time": 47.190827877003095}, "-45": {"optimal_thrust": 4002.451918431006, "impact_speed": 114.99145878107805, "time": 47.529995870135835}, "-44": {"optimal_thrust": 3975.752792635082, "impact_speed": 117.52340975327353, "time": 47.878766044648565}, "-43": {"optimal_thrust": 3947.326799253767, "impact_speed": 120.14982726285656, "time": 48.237310565099946}, "-42": {"optimal_thrust": 3917.210022189689, "impact_speed": 122.86248106332197, "time": 48.60576015349752}, "-41": {"optimal_thrust": 3885.4422796274125, "impact_speed": 125.65301882366673, "time": 48.98387519995445}, "-40": {"optimal_thrust": 3852.063639049704, "impact_speed": 128.5136488182856, "time": 49.37085748874899}, "-39": {"optimal_thrust": 3817.1172656560793, "impact_speed": 131.43673822531005, "time": 49.76695856892188}, "-38": {"optimal_thrust": 3787.0829147480395, "impact_speed": 133.7393765343641, "time": 50.173224336500716}, "-37": {"optimal_thrust": 3773.5792120492924, "impact_speed": 134.20379638010866, "time": 50.59010210521935}, "-36": {"optimal_thrust": 3757.5307561722693, "impact_speed": 134.85252330498878, "time": 51.01757304597973}, "-35": {"optimal_thrust": 3740.9159463993096, "impact_speed": 135.49430491495954, "time": 51.455678257905134}, "-34": {"optimal_thrust": 3721.8401570754727, "impact_speed": 136.395950671946, "time": 51.90445309549162}, "-33": {"optimal_thrust": 3700.398315117867, "impact_speed": 137.59755907757355, "time": 52.363956392309895}, "-32": {"optimal_thrust": 3681.7476529745413, "impact_speed": 138.38166156326628, "time": 52.834282345501386}, "-31": {"optimal_thrust": 3663.28113698499, "impact_speed": 139.10183500310333, "time": 53.31548801355745}, "-30": {"optimal_thrust": 3644.9935019563927, "impact_speed": 139.7588899558492, "time": 53.80764137817464}, "-29": {"optimal_thrust": 3626.8965345755923, "impact_speed": 140.35150858472943, "time": 54.310816521671065}, "-28": {"optimal_thrust": 3609.0165067141947, "impact_speed": 140.87630872385412, "time": 54.825092740477594}, "-27": {"optimal_thrust": 3586.0948626116087, "impact_speed": 142.4729246108702, "time": 55.350493800716826}, "-26": {"optimal_thrust": 3569.122274440104, "impact_speed": 142.89851636464329, "time": 55.887141628954694}, "-25": {"optimal_thrust": 3552.6358919255085, "impact_speed": 143.21010349955253, "time": 56.43507602803999}, "-24": {"optimal_thrust": 3536.660658459113, "impact_speed": 143.38940909871158, "time": 56.994346388274764}, "-23": {"optimal_thrust": 3521.1956849142625, "impact_speed": 143.41932572468312, "time": 57.56498055022582}, "-22": {"optimal_thrust": 3506.223380997583, "impact_speed": 143.2840935642926, "time": 58.14700423214911}, "-21": {"optimal_thrust": 3491.72551434479, "impact_speed": 142.96711611374803, "time": 58.74046058624145}, "-20": {"optimal_thrust": 3477.6900674625485, "impact_speed": 142.4508366014268, "time": 59.34537597841732}, "-19": {"optimal_thrust": 3464.117991669893, "impact_speed": 141.7150878527437, "time": 59.961765728786226}, "-18": {"optimal_thrust": 3451.0220219927373, "impact_speed": 140.73774678279256, "time": 60.58963552449104}, "-17": {"optimal_thrust": 3438.4283771099513,