{"-90": {"optimal_thrust": 4442.440437964332, "impact_speed": 75.47996574098266, "time": 40.16639347386577}, "-89": {"optimal_thrust": 4468.803020018041, "impact_speed": 71.85086018530268, "time": 40.16996145695259}, "-88": {"optimal_thrust": 4457.189195707673, "impact_speed": 73.44190704245914, "time": 40.17935140604849}, "-87": {"optimal_thrust": 4530.040859833893, "impact_speed": 61.67544013617084, "time": 40.19724635507952}, "-86": {"optimal_thrust": 4595.1959782617105, "impact_speed": 49.02087154935017, "time": 40.22012842524328}, "-85": {"optimal_thrust": 4686.382713601661, "impact_speed": 21.647959382761556, "time": 40.251691425697096}, "-84": {"optimal_thrust": 4681.089295046266, "impact_speed": 24.165785216947306, "time": 40.29192336006326}, "-83": {"optimal_thrust": 4581.020736256576, "impact_speed": 52.24470860452783, "time": 40.33200775837361}, "-82": {"optimal_thrust": 4413.83126993959, "impact_speed": 79.47959556179975, "time": 40.380087666984934}, "-81": {"optimal_thrust": 4442.2225977898415, "impact_speed": 75.55003370745793, "time": 40.436660348125564}, "-80": {"optimal_thrust": 4443.567106257689, "impact_speed": 75.35742967502352, "time": 40.50059356381841}, "-79": {"optimal_thrust": 4444.140937151154, "impact_speed": 75.24414627201826, "time": 40.57043633807885}, "-78": {"optimal_thrust": 4435.335714588379, "impact_speed": 76.43365166705767, "time": 40.64609892262718}, "-77": {"optimal_thrust": 4426.341625690784, "impact_speed": 77.60963011774739, "time": 40.723149712296674}, "-76": {"optimal_thrust": 4418.420174560029, "impact_speed": 78.60640416533187, "time": 40.8057173640093}, "-75": {"optimal_thrust": 4412.290378482511, "impact_speed": 79.34005107890277, "time": 40.914609516884276}, "-74": {"optimal_thrust": 4407.326232501428, "impact_speed": 79.90759103867961, "time": 41.02358477807525}, "-73": {"optimal_thrust": 4402.454537157796, "impact_speed": 80.45898984982605, "time": 41.13717570527719}, "-72": {"optimal_thrust": 4396.872285589805, "impact_speed": 81.10181961998913, "time": 41.25693766602104}, "-71": {"optimal_thrust": 4356.4130005315865, "impact_speed": 86.12344830982889, "time": 41.383418231822446}, "-70": {"optimal_thrust": 4355.4647588283915, "impact_speed": 86.15645780935908, "time": 41.51703413979264}, "-69": {"optimal_thrust": 4353.176903629706, "impact_speed": 86.36017124569537, "time": 41.65803001982369}, "-68": {"optimal_thrust": 4349.5897583915, "impact_speed": 86.72630939594143, "time": 41.80622827845086}, "-67": {"optimal_thrust": 4344.74826605734, "impact_speed": 87.24505414474199, "time": 41.962055382427195}, "-66": {"optimal_thrust": 4338.698672857891, "impact_speed": 87.90573102908722, "time": 42.12553558349504}, "-65": {"optimal_thrust": 4331.488372703055, "impact_speed": 88.6970644680987, "time": 42.296664422011354}, "-64": {"optimal_thrust": 4323.161442990889, "impact_speed": 89.60792716581226, "time": 42.47581690015106}, "-63": {"optimal_thrust": 4313.761795127029, "impact_speed": 90.62712016622986, "time": 42.66394894067135}, "-62": {"optimal_thrust": 4303.331961792383, "impact_speed": 91.7436605140668, "time": 42.854360052757634}, "-61": {"optimal_thrust": 4291.911947869727, "impact_speed": 92.94702719662995, "time": 43.05427971104032}, "-60": {"optimal_thrust": 4279.541835273936, "impact_speed": 94.22693133884606, "time": 43.26313802530552}, "-59": {"optimal_thrust": 4266.259490667441, "impact_speed": 95.5736502667015, "time": 43.4802963404191}, "-58": {"optimal_thrust": 4252.104007583391, "impact_speed": 96.97766188954938, "time": 43.70566475824364}, "-57": {"optimal_thrust": 4237.111988594248, "impact_speed": 98.43010579797426, "time": 43.93925405229652}, "-56": {"optimal_thrust": 4221.320907367023, "impact_speed": 99.92239858439684, "time": 44.181072061040524}, "-55": {"optimal_thrust": 4204.768315167968, "impact_speed": 101.44632556101529, "time": 44.43128661639047}, "-54": {"optimal_thrust": 4187.491092301677, "impact_speed": 102.99411484285073, "time": 44.690012779787516}, "-53": {"optimal_thrust": 4169.526513437927, "impact_speed": 104.55829337034854, "time": 44.957347426471316}, "-52": {"optimal_thrust": 4150.911813624936, "impact_speed": 106.13171065367372, "time": 45.23338758799374}, "-51": {"optimal_thrust": 4133.593401965366, "impact_speed": 107.46622477868341, "time": 45.51823919897006}, "-50": {"optimal_thrust": 4117.772043053885, "impact_speed": 108.48125778756012, "time": 45.812004715011106}, "-49": {"optimal_thrust": 4100.010796355242, "impact_speed": 109.57734041623442, "time": 46.114776135351335}, "-48": {"optimal_thrust": 4080.338402348757, "impact_speed": 110.73612174807705, "time": 46.4266630120599}, "-47": {"optimal_thrust": 4058.7843080050397, "impact_speed": 111.9347784448082, "time": 46.747781003406686}, "-46": {"optimal_thrust": 4035.3803697014223, "impact_speed": 113.20784516238, "time": 47.07825430587818}, "-45": {"optimal_thrust": 4010.1590473114948, "impact_speed": 115.64855036144982, "time": 47.41821979835338}, "-44": {"optimal_thrust": 3983.154208521797, "impact_speed": 118.19490378363356, "time": 47.76783308921978}, "-43": {"optimal_thrust": 3954.402149567914, "impact_speed": 120.8363925737489, "time": 48.127268960261574}, "-42": {"optimal_thrust": 3923.9403745781624, "impact_speed": 123.56452191552296, "time": 48.49665794497726}, "-41": {"optimal_thrust": 3891.8084097970846, "impact_speed": 126.37102545001129, "time": 48.875747173237954}, "-40": {"optimal_thrust": 3858.047418265794, "impact_speed": 129.24797809420835, "time": 49.26373299485869}, "-39": {"optimal_thrust": 3822.6999577422393, "impact_speed": 132.18783471185384, "time": 49.660905618852055}, "-38": {"optimal_thrust": 3792.3214626656, "impact_speed": 134.50362083615863, "time": 50.068315093138736}, "-37": {"optimal_thrust": 3778.663487212402, "impact_speed": 134.970639359114, "time": 50.48639955786311}, "-36": {"optimal_thrust": 3764.712206681909, "impact_speed": 135.34767246730655, "time": 50.915149239673056}, "-35": {"optimal_thrust": 3745.625810836613, "impact_speed": 136.26852281733062, "time": 51.35457291280442}, "-34": {"optimal_thrust": 3721.9146678378042, "impact_speed": 137.7643392273012, "time": 51.80471911039242}, "-33": {"optimal_thrust": 3704.6435253693207, "impact_speed": 138.38383201858352, "time": 52.26570591778277}, "-32": {"optimal_thrust": 3685.778928915027, "impact_speed": 139.17244255166884, "time": 52.73756174886611}, "-31": {"optimal_thrust": 3667.101150136109, "impact_speed": 139.89666817594858, "time": 53.2203685759279}, "-30": {"optimal_thrust": 3648.60348589767, "impact_speed": 140.5575542870933, "time": 53.71419662760979}, "-29": {"optimal_thrust": 3630.299605208063, "impact_speed": 141.15346150631618, "time": 54.21912289821214}, "-28": {"optimal_thrust": 3612.214021840958, "impact_speed": 141.6813969488934, "time": 54.7352288861455}, "-27": {"optimal_thrust": 3589.0297043717733, "impact_speed": 143.2871216316823, "time": 55.26253858057146}, "-26": {"optimal_thrust": 3571.863001691616, "impact_speed": 143.7150579609899, "time": 55.80117906916977}, "-25": {"optimal_thrust": 3555.1872395816363, "impact_speed": 144.02853241948367, "time": 56.35119149261663}, "-24": {"optimal_thrust": 3539.0291490690524, "impact_speed": 144.2088046664135, "time": 56.912626699690904}, "-23": {"optimal_thrust": 3523.3866934208554, "impact_speed": 144.23897744915928, "time": 57.48551364623231}, "-22": {"optimal_thrust": 3508.2434300150207, "impact_speed": 144.10273116865986, "time": 58.069881888086506}, "-21": {"optimal_thrust": 3493.578952202636, "impact_speed": 143.78413868486598, "time": 58.66577712243686}, "-20": {"optimal_thrust": 3479.3830318591886, "impact_speed": 143.26467995725918, "time": 59.27322704284886}, "-19": {"optimal_thrust": 3465.6549664049526, "impact_speed": 142.52503655308402, "time": 59.89224974188887}, "-18": {"optimal_thrust": 3452.409016017712, "impact_speed": 141.54203451196744, "time": 60.52285390247975}, "-17": {"optimal_thrust": 3439.6711439274145,