{"-90": {"optimal_thrust": 4454.767105814342, "impact_speed": 75.96018693349328, "time": 40.042967482215}, "-89": {"optimal_thrust": 4481.78060313645, "impact_speed": 72.25912189637617, "time": 40.04646369536608}, "-88": {"optimal_thrust": 4470.0344026222965, "impact_speed": 73.85921247430157, "time": 40.0559577268521}, "-87": {"optimal_thrust": 4543.716352723089, "impact_speed": 62.02588192065807, "time": 40.0738468058867}, "-86": {"optimal_thrust": 4609.614087165905, "impact_speed": 49.29939098823777, "time": 40.096780447103015}, "-85": {"optimal_thrust": 4701.840223908919, "impact_speed": 21.770818782941593, "time": 40.12836975848158}, "-84": {"optimal_thrust": 4696.486366195755, "impact_speed": 24.303017185297076, "time": 40.1686149128692}, "-83": {"optimal_thrust": 4595.277524866029, "impact_speed": 52.5415009895097, "time": 40.20879605553063}, "-82": {"optimal_thrust": 4426.182449387363, "impact_speed": 79.93119415762165, "time": 40.25689707436605}, "-81": {"optimal_thrust": 4454.89739005481, "impact_speed": 75.97929620430284, "time": 40.31363539291504}, "-80": {"optimal_thrust": 4456.25719989726, "impact_speed": 75.78560074650777, "time": 40.37741058143904}, "-79": {"optimal_thrust": 4456.837553374953, "impact_speed": 75.67167607210612, "time": 40.447404707623996}, "-78": {"optimal_thrust": 4447.9320469236645, "impact_speed": 76.86793161974839, "time": 40.52302977406264}, "-77": {"optimal_thrust": 4438.8357030676925, "impact_speed": 78.05055887150584, "time": 40.59978075756188}, "-76": {"optimal_thrust": 4430.823609381745, "impact_speed": 79.05304681674524, "time": 40.683725454274445}, "-75": {"optimal_thrust": 4424.624481399877, "impact_speed": 79.79079232482461, "time": 40.79228672988675}, "-74": {"optimal_thrust": 4419.603332767627, "impact_speed": 80.36161446992338, "time": 40.90117754671413}, "-73": {"optimal_thrust": 4414.676027042479, "impact_speed": 80.9161584318945, "time": 41.014823257550255}, "-72": {"optimal_thrust": 4409.030250130073, "impact_speed": 81.56262883851203, "time": 41.13469297911334}, "-71": {"optimal_thrust": 4368.109748075255, "impact_speed": 86.61280724391261, "time": 41.261310684903734}, "-70": {"optimal_thrust": 4367.150952623147, "impact_speed": 86.64597329848745, "time": 41.39506128218062}, "-69": {"optimal_thrust": 4364.8372089758295, "impact_speed": 86.85082155285667, "time": 41.536246215585905}, "-68": {"optimal_thrust": 4361.208875201219, "impact_speed": 87.2190781596704, "time": 41.68463434121782}, "-67": {"optimal_thrust": 4356.312122646678, "impact_speed": 87.74078097644171, "time": 41.84067346971269}, "-66": {"optimal_thrust": 4350.193791447025, "impact_speed": 88.40518686072133, "time": 42.004373123870636}, "-65": {"optimal_thrust": 4342.901033572985, "impact_speed": 89.20105179071054, "time": 42.17573800400022}, "-64": {"optimal_thrust": 4334.479431842607, "impact_speed": 90.1170629652085, "time": 42.35517263720013}, "-63": {"optimal_thrust": 4324.9727815984, "impact_speed": 91.14203300329234, "time": 42.54352769852436}, "-62": {"optimal_thrust": 4314.424128360779, "impact_speed": 92.26491295179494, "time": 42.73410514064265}, "-61": {"optimal_thrust": 4302.873910142181, "impact_speed": 93.47512450232716, "time": 42.93438678429852}, "-60": {"optimal_thrust": 4290.362642146633, "impact_speed": 94.76232280345491, "time": 43.14358330820202}, "-59": {"optimal_thrust": 4276.92910162148, "impact_speed": 96.11667381807396, "time": 43.36109159331742}, "-58": {"optimal_thrust": 4262.612223561614, "impact_speed": 97.52867212879174, "time": 43.58682729951419}, "-57": {"optimal_thrust": 4247.44932424484, "impact_speed": 98.98937230984717, "time": 43.82080534503987}, "-56": {"optimal_thrust": 4231.478507984627, "impact_speed": 100.49011879638738, "time": 44.06303779540541}, "-55": {"optimal_thrust": 4214.737445396388, "impact_speed": 102.02268575541856, "time": 44.313695647167215}, "-54": {"optimal_thrust": 4197.26285895808, "impact_speed": 103.579324087039, "time": 44.57289250337027}, "-53": {"optimal_thrust": 4179.093602760491, "impact_speed": 105.15238481218881, "time": 44.840726498203935}, "-52": {"optimal_thrust": 4160.266677201418, "impact_speed": 106.73475337670965, "time": 45.11729606788195}, "-51": {"optimal_thrust": 4142.751019895664, "impact_speed": 108.07683677585447, "time": 45.402708707912616}, "-50": {"optimal_thrust": 4126.749450147182, "impact_speed": 109.09762579739775, "time": 45.69706849742856}, "-49": {"optimal_thrust": 4108.78582046677, "impact_speed": 110.19993203726354, "time": 46.000469071332134}, "-48": {"optimal_thrust": 4088.889261804092, "impact_speed": 111.3652907859941, "time": 46.31302177042951}, "-47": {"optimal_thrust": 4067.0897736262054, "impact_speed": 112.57065668227364, "time": 46.63484414559652}, "-46": {"optimal_thrust": 4043.4188639763943, "impact_speed": 113.85085815989349, "time": 46.96606242230041}, "-45": {"optimal_thrust": 4017.909856133871, "impact_speed": 116.30573159850181, "time": 47.30681572266157}, "-44": {"optimal_thrust": 3990.5973718450637, "impact_speed": 118.86649522757115, "time": 47.65726219227477}, "-43": {"optimal_thrust": 3961.5173446922163, "impact_speed": 121.52303995303478, "time": 48.01757921824391}, "-42": {"optimal_thrust": 3930.708863441413, "impact_speed": 124.26659420703751, "time": 48.387897242336166}, "-41": {"optimal_thrust": 3898.210401950308, "impact_speed": 127.08908556860852, "time": 48.76795076679355}, "-40": {"optimal_thrust": 3864.065032965566, "impact_speed": 129.98233820501713, "time": 49.15693148056572}, "-39": {"optimal_thrust": 3828.3150911840794, "impact_speed": 132.93886222249316, "time": 49.55516615824864}, "-38": {"optimal_thrust": 3797.589866191498, "impact_speed": 135.26786436173012, "time": 49.96370857598264}, "-37": {"optimal_thrust": 3783.7762951992563, "impact_speed": 135.73753217873346, "time": 50.38298863396582}, "-36": {"optimal_thrust": 3769.6662696403287, "impact_speed": 136.11667863277123, "time": 50.8129947094458}, "-35": {"optimal_thrust": 3750.3620859558164, "impact_speed": 137.0427974328719, "time": 51.25373691207773}, "-34": {"optimal_thrust": 3726.3807942545372, "impact_speed": 138.54710493284927, "time": 51.7052659273963}, "-33": {"optimal_thrust": 3708.912847810329, "impact_speed": 139.1701161187794, "time": 52.16770250360705}, "-32": {"optimal_thrust": 3689.8335410401814, "impact_speed": 139.96316641115047, "time": 52.64107707237361}, "-31": {"optimal_thrust": 3670.9426584817556, "impact_speed": 140.69154727874786, "time": 53.12547392318401}, "-30": {"optimal_thrust": 3652.234119673919, "impact_speed": 141.35620362257288, "time": 53.62096558484979}, "-29": {"optimal_thrust": 3633.721553062279, "impact_speed": 141.95551898372972, "time": 54.12763193730403}, "-28": {"optimal_thrust": 3615.4304005511285, "impact_speed": 142.48633930777902, "time": 54.64555669528034}, "-27": {"optimal_thrust": 3591.981749213448, "impact_speed": 144.101219406163, "time": 55.17476409729746}, "-26": {"optimal_thrust": 3574.6190752108187, "impact_speed": 144.5316612681927, "time": 55.715386451250005}, "-25": {"optimal_thrust": 3557.753489390451, "impact_speed": 144.84686759654016, "time": 56.26746620247561}, "-24": {"optimal_thrust": 3541.4112667554155, "impact_speed": 145.02816163437984, "time": 56.8310556609158}, "-23": {"optimal_thrust": 3525.5908155114603, "impact_speed": 145.05841358113784, "time": 57.406185029228354}, "-22": {"optimal_thrust": 3510.274477864983, "impact_speed": 144.92157826268325, "time": 57.99288773357455}, "-21": {"optimal_thrust": 3495.443329002593, "impact_speed": 144.6009718776469, "time": 58.59121191619596}, "-20": {"optimal_thrust": 3481.085273997628, "impact_speed": 144.078755956263, "time": 59.201186909351314}, "-19": {"optimal_thrust": 3467.200637918986, "impact_speed": 143.33503383122596, "time": 59.822833143740475}, "-18": {"optimal_thrust": 3453.8043223015275, "impact_speed": 142.34588109307956, "time": 60.4561651175148}, "-17": {"optimal_thrust": 3440.920946586864,