{"-90": {"optimal_thrust": 4467.153863880777, "impact_speed": 76.44145537452252, "time": 39.92012835605024}, "-89": {"optimal_thrust": 4494.831979805084, "impact_speed": 72.66734417417936, "time": 39.923571581626106}, "-88": {"optimal_thrust": 4482.952807772192, "impact_speed": 74.27645772745674, "time": 39.93314737768275}, "-87": {"optimal_thrust": 4557.469473365238, "impact_speed": 62.3762987199711, "time": 39.95103264368155}, "-86": {"optimal_thrust": 4624.1138273837, "impact_speed": 49.57792293233342, "time": 39.97401560080273}, "-85": {"optimal_thrust": 4717.38499725895, "impact_speed": 21.893834439505053, "time": 40.005630084654264}, "-84": {"optimal_thrust": 4711.970590512227, "impact_speed": 24.440285810146346, "time": 40.04588576044186}, "-83": {"optimal_thrust": 4609.6150021286285, "impact_speed": 52.83831122310429, "time": 40.08616559066916}, "-82": {"optimal_thrust": 4438.6037912090205, "impact_speed": 80.38276812724736, "time": 40.13428527770736}, "-81": {"optimal_thrust": 4467.64389159399, "impact_speed": 76.4085730933086, "time": 40.191208388284956}, "-80": {"optimal_thrust": 4469.019116846664, "impact_speed": 76.21378236990218, "time": 40.254823489410434}, "-79": {"optimal_thrust": 4469.606075326148, "impact_speed": 76.09921002672253, "time": 40.324944747007436}, "-78": {"optimal_thrust": 4460.599689311026, "impact_speed": 77.30221950400836, "time": 40.40052477152301}, "-77": {"optimal_thrust": 4451.400374300405, "impact_speed": 78.49151420977581, "time": 40.47696728879543}, "-76": {"optimal_thrust": 4443.297523787045, "impact_speed": 79.49966189526614, "time": 40.562264023693466}, "-75": {"optimal_thrust": 4437.027916221595, "impact_speed": 80.24160675324937, "time": 40.670507594644135}, "-74": {"optimal_thrust": 4431.950163642715, "impact_speed": 80.81561525203355, "time": 40.77932294974148}, "-73": {"optimal_thrust": 4426.966685625877, "impact_speed": 81.37333672180564, "time": 40.89302370202062}, "-72": {"optimal_thrust": 4421.257350527673, "impact_speed": 82.02340526881584, "time": 41.012999303781974}, "-71": {"optimal_thrust": 4379.873024762393, "impact_speed": 87.10213450261227, "time": 41.13975099991914}, "-70": {"optimal_thrust": 4378.902926151028, "impact_speed": 87.13554156936164, "time": 41.273632928481504}, "-69": {"optimal_thrust": 4376.563328305311, "impact_speed": 87.34150266151045, "time": 41.415002223555696}, "-68": {"optimal_thrust": 4372.894123205032, "impact_speed": 87.71181012697758, "time": 41.56357669364828}, "-67": {"optimal_thrust": 4367.941793219375, "impact_speed": 88.23647154447616, "time": 41.71982257330313}, "-66": {"optimal_thrust": 4361.754130286839, "impact_speed": 88.90463154359222, "time": 41.88373641560366}, "-65": {"optimal_thrust": 4354.378481910763, "impact_speed": 89.70502366466314, "time": 42.05533241536918}, "-64": {"optimal_thrust": 4345.8613424742225, "impact_speed": 90.62622313945857, "time": 42.235045522504706}, "-63": {"optimal_thrust": 4336.247291917385, "impact_speed": 91.65694526085909, "time": 42.42359480717166}, "-62": {"optimal_thrust": 4325.578590991539, "impact_speed": 92.78623053121096, "time": 42.61436022816129}, "-61": {"optimal_thrust": 4313.897691377213, "impact_speed": 94.00325577813896, "time": 42.8149936802395}, "-60": {"optimal_thrust": 4301.244951142318, "impact_speed": 95.297691518252, "time": 43.02452106112481}, "-59": {"optimal_thrust": 4287.659188581498, "impact_speed": 96.65969452531489, "time": 43.2423725650356}, "-58": {"optimal_thrust": 4273.179693587519, "impact_speed": 98.07971493345639, "time": 43.468468694298814}, "-57": {"optimal_thrust": 4257.845438036804, "impact_speed": 99.54861472350012, "time": 43.70282848154703}, "-56": {"optimal_thrust": 4241.693425705233, "impact_speed": 101.05786584061454, "time": 43.94546844686669}, "-55": {"optimal_thrust": 4224.762549052606, "impact_speed": 102.59910460511259, "time": 44.19656213979233}, "-54": {"optimal_thrust": 4207.0904383835195, "impact_speed": 104.16448143924137, "time": 44.4562220031792}, "-53": {"optimal_thrust": 4188.715004039197, "impact_speed": 105.74646365334773, "time": 44.72454743225288}, "-52": {"optimal_thrust": 4169.6750996737, "impact_speed": 107.33772989145434, "time": 45.00163828228006}, "-51": {"optimal_thrust": 4151.960457559038, "impact_speed": 108.6874567477208, "time": 45.28760360680664}, "-50": {"optimal_thrust": 4135.77781045404, "impact_speed": 109.71398159620038, "time": 45.58254911770394}, "-49": {"optimal_thrust": 4117.610293571498, "impact_speed": 110.82256645336986, "time": 45.88657008217165}, "-48": {"optimal_thrust": 4097.488422535984, "impact_speed": 111.99449064131878, "time": 46.19977963300487}, "-47": {"optimal_thrust": 4075.441726365377, "impact_speed": 113.20675345979461, "time": 46.52229720699982}, "-46": {"optimal_thrust": 4051.5030150088633, "impact_speed": 114.49319996163463, "time": 46.85425105897296}, "-45": {"optimal_thrust": 4025.7050542029083, "impact_speed": 116.96273229958668, "time": 47.195782536577504}, "-44": {"optimal_thrust": 3998.0826293755445, "impact_speed": 119.53810388008596, "time": 47.54705230108428}, "-43": {"optimal_thrust": 3968.673411142187, "impact_speed": 122.20959006215219, "time": 47.908240343714645}, "-42": {"optimal_thrust": 3937.5154618543675, "impact_speed": 124.9687013362096, "time": 48.27947712039173}, "-41": {"optimal_thrust": 3904.649308097887, "impact_speed": 127.80706269520873, "time": 48.660485205417864}, "-40": {"optimal_thrust": 3870.1162871020024, "impact_speed": 130.71675159431092, "time": 49.050452225270256}, "-39": {"optimal_thrust": 3833.9614228927635, "impact_speed": 133.68995668553322, "time": 49.449739413176964}, "-38": {"optimal_thrust": 3802.8885361334146, "impact_speed": 136.03206406278892, "time": 49.85940403654317}, "-37": {"optimal_thrust": 3788.918445790182, "impact_speed": 136.50438261791552, "time": 50.27986863731598}, "-36": {"optimal_thrust": 3774.648014684402, "impact_speed": 136.88573289251636, "time": 50.711120017727126}, "-35": {"optimal_thrust": 3755.125425379734, "impact_speed": 137.8170416122057, "time": 51.15316966679682}, "-34": {"optimal_thrust": 3735.3897854382235, "impact_speed": 138.73417321574874, "time": 51.60609347467636}, "-33": {"optimal_thrust": 3713.206724500308, "impact_speed": 139.95634748253713, "time": 52.06994565721553}, "-32": {"optimal_thrust": 3693.91079637279, "impact_speed": 140.75394137424627, "time": 52.54482786206198}, "-31": {"optimal_thrust": 3674.805979403607, "impact_speed": 141.4864183262663, "time": 53.030803649447094}, "-30": {"optimal_thrust": 3655.885805517373, "impact_speed": 142.154764544331, "time": 53.527947883830464}, "-29": {"optimal_thrust": 3637.163320724442, "impact_speed": 142.75748897973384, "time": 54.03634331038292}, "-28": {"optimal_thrust": 3618.6647557773845, "impact_speed": 143.29133738954792, "time": 54.55607586176101}, "-27": {"optimal_thrust": 3594.9504837475197, "impact_speed": 144.91532469123126, "time": 55.087170084324136}, "-26": {"optimal_thrust": 3577.3909504528615, "impact_speed": 145.34822209181746, "time": 55.62976354104612}, "-25": {"optimal_thrust": 3560.3345724210662, "impact_speed": 145.66512814523534, "time": 56.18389994554329}, "-24": {"optimal_thrust": 3543.807001614599, "impact_speed": 145.84748353417692, "time": 56.74963308667098}, "-23": {"optimal_thrust": 3527.80676670861, "impact_speed": 145.8780741087234, "time": 57.32699453209875}, "-22": {"optimal_thrust": 3512.3172953154053, "impact_speed": 145.74031844934305, "time": 57.91602163510553}, "-21": {"optimal_thrust": 3497.3178064180056, "impact_speed": 145.41803563973482, "time": 58.51676484157889}, "-20": {"optimal_thrust": 3482.797111164354, "impact_speed": 144.89286241880598, "time": 59.129255470306894}, "-19": {"optimal_thrust": 3468.7555194697493, "impact_speed": 144.14466480050692, "time": 59.7535158422955}, "-18": {"optimal_thrust": 3455.2071776851976, "impact_speed": 143.1501114129551, "time": 60.38956764997022}, "-17": {"optimal_thrust": 3442.1777850883,