{"-90": {"optimal_thrust": 4479.601092310209, "impact_speed": 76.92369906066223, "time": 39.79787312513136}, "-89": {"optimal_thrust": 4507.956410060923, "impact_speed": 73.07563640823362, "time": 39.80128093744543}, "-88": {"optimal_thrust": 4495.943631913588, "impact_speed": 74.69375438968076, "time": 39.81091796297601}, "-87": {"optimal_thrust": 4571.299763617917, "impact_speed": 62.726768579584245, "time": 39.828800840885364}, "-86": {"optimal_thrust": 4638.695029712803, "impact_speed": 49.85650351216242, "time": 39.85183096354896}, "-85": {"optimal_thrust": 4733.016985468745, "impact_speed": 22.01702738757635, "time": 39.883469502519915}, "-84": {"optimal_thrust": 4727.542163353696, "impact_speed": 24.577504990049018, "time": 39.923733041860345}, "-83": {"optimal_thrust": 4624.033111246677, "impact_speed": 53.1351504877745, "time": 39.96411351759512}, "-82": {"optimal_thrust": 4451.094896050826, "impact_speed": 80.83437090700147, "time": 40.01224941824795}, "-81": {"optimal_thrust": 4480.462412490023, "impact_speed": 76.83782085488993, "time": 40.06946140922406}, "-80": {"optimal_thrust": 4481.853370363655, "impact_speed": 76.64190264027282, "time": 40.13282831547634}, "-79": {"optimal_thrust": 4482.446534407089, "impact_speed": 76.52674367248534, "time": 40.20305346695345}, "-78": {"optimal_thrust": 4473.3388377974825, "impact_speed": 77.73648822852779, "time": 40.2785812531043}, "-77": {"optimal_thrust": 4464.035638829825, "impact_speed": 78.93249576259359, "time": 40.35470758023903}, "-76": {"optimal_thrust": 4455.841600565189, "impact_speed": 79.94629212387622, "time": 40.44133198651834}, "-75": {"optimal_thrust": 4449.501399488499, "impact_speed": 80.69239867197516, "time": 40.54927040533551}, "-74": {"optimal_thrust": 4444.36621241833, "impact_speed": 81.26966086437524, "time": 40.658018700902645}, "-73": {"optimal_thrust": 4439.327156895634, "impact_speed": 81.8304407935647, "time": 40.77177459889725}, "-72": {"optimal_thrust": 4433.552838196919, "impact_speed": 82.48424618101677, "time": 40.89185412822782}, "-71": {"optimal_thrust": 4391.702628690646, "impact_speed": 87.59145511546583, "time": 41.01873665779177}, "-70": {"optimal_thrust": 4390.721463233842, "impact_speed": 87.62506638311005, "time": 41.152749166609844}, "-69": {"optimal_thrust": 4388.355578828889, "impact_speed": 87.83217543186248, "time": 41.29429559043883}, "-68": {"optimal_thrust": 4384.6447530918285, "impact_speed": 88.20459707591199, "time": 41.44305286841234}, "-67": {"optimal_thrust": 4379.636764517674, "impact_speed": 88.73218874776403, "time": 41.59950028518069}, "-66": {"optimal_thrust": 4373.379371652191, "impact_speed": 89.40410367452479, "time": 41.76362312747729}, "-65": {"optimal_thrust": 4365.920913763405, "impact_speed": 90.20895677139063, "time": 41.9354453912103}, "-64": {"optimal_thrust": 4357.307758245706, "impact_speed": 91.13533755977488, "time": 42.11543333844344}, "-63": {"optimal_thrust": 4347.585009374925, "impact_speed": 92.1718945351726, "time": 42.30414891161885}, "-62": {"optimal_thrust": 4336.796577811575, "impact_speed": 93.30746749920499, "time": 42.495122765679646}, "-61": {"optimal_thrust": 4324.983732844583, "impact_speed": 94.53136887368133, "time": 42.696098216994926}, "-60": {"optimal_thrust": 4312.188413396787, "impact_speed": 95.83307834335741, "time": 42.90594924937361}, "-59": {"optimal_thrust": 4298.449794179573, "impact_speed": 97.20270752259292, "time": 43.12413728214842}, "-58": {"optimal_thrust": 4283.80720613459, "impact_speed": 98.63069938879066, "time": 43.350587042494176}, "-57": {"optimal_thrust": 4268.299700097069, "impact_speed": 100.10790535676702, "time": 43.58532162674649}, "-56": {"optimal_thrust": 4251.965857030395, "impact_speed": 101.62561686590448, "time": 43.828362228857614}, "-55": {"optimal_thrust": 4234.8442951305815, "impact_speed": 103.175504738077, "time": 44.07988436962724}, "-54": {"optimal_thrust": 4216.972647102623, "impact_speed": 104.7497236610619, "time": 44.33999960983463}, "-53": {"optimal_thrust": 4198.3903613565035, "impact_speed": 106.34057140852033, "time": 44.608808624938874}, "-52": {"optimal_thrust": 4179.136135023147, "impact_speed": 107.94075295680648, "time": 44.88641268849118}, "-51": {"optimal_thrust": 4161.221954732533, "impact_speed": 109.29805503758814, "time": 45.17292242060581}, "-50": {"optimal_thrust": 4144.856963876946, "impact_speed": 110.33034708481733, "time": 45.468445162356026}, "-49": {"optimal_thrust": 4126.4847293198545, "impact_speed": 111.44516141475877, "time": 45.7730778196337}, "-48": {"optimal_thrust": 4106.135849896958, "impact_speed": 112.62372807520782, "time": 46.08693531144479}, "-47": {"optimal_thrust": 4083.8409963194076, "impact_speed": 113.84274919826636, "time": 46.410138963832644}, "-46": {"optimal_thrust": 4059.632583016391, "impact_speed": 115.13629649766801, "time": 46.7428190476337}, "-45": {"optimal_thrust": 4033.543615003094, "impact_speed": 117.61994215680036, "time": 47.085119126541166}, "-44": {"optimal_thrust": 4005.610419168681, "impact_speed": 120.2096307653515, "time": 47.43720236366138}, "-43": {"optimal_thrust": 3975.86983566007, "impact_speed": 122.89613301173449, "time": 47.799251335438534}, "-42": {"optimal_thrust": 3944.360682771906, "impact_speed": 125.67076829953331, "time": 48.171396656529275}, "-41": {"optimal_thrust": 3911.1240278768737, "impact_speed": 128.52509924277288, "time": 48.55334969827908}, "-40": {"optimal_thrust": 3876.2022808065735, "impact_speed": 131.45108922897563, "time": 48.94429450224812}, "-39": {"optimal_thrust": 3839.6396099597846, "impact_speed": 134.44104614016808, "time": 49.34462461521895}, "-38": {"optimal_thrust": 3808.216937930756, "impact_speed": 136.7962763941036, "time": 49.7554007226285}, "-37": {"optimal_thrust": 3794.089005555859, "impact_speed": 137.27129613295793, "time": 50.17703886443689}, "-36": {"optimal_thrust": 3779.6581684798975, "impact_speed": 137.65474462095682, "time": 50.609524523632345}, "-35": {"optimal_thrust": 3759.915616852165, "impact_speed": 138.59128369938196, "time": 51.05287058403532}, "-34": {"optimal_thrust": 3735.389396700112, "impact_speed": 140.11257736033704, "time": 51.50713201192935}, "-33": {"optimal_thrust": 3717.524271256384, "impact_speed": 140.74265370623047, "time": 51.97243487901295}, "-32": {"optimal_thrust": 3698.0113334261014, "impact_speed": 141.54466829770448, "time": 52.44881367086141}, "-31": {"optimal_thrust": 3678.6908505380247, "impact_speed": 142.2813251946627, "time": 52.93635734541332}, "-30": {"optimal_thrust": 3659.557627722013, "impact_speed": 142.9534053135369, "time": 53.435143150542814}, "-29": {"optimal_thrust": 3640.6242129009315, "impact_speed": 143.55951253175482, "time": 53.945256679081126}, "-28": {"optimal_thrust": 3621.9170178193444, "impact_speed": 144.09640581961656, "time": 54.466786084023525}, "-27": {"optimal_thrust": 3597.935724212917, "impact_speed": 145.7294747647455, "time": 54.99975627634096}, "-26": {"optimal_thrust": 3580.1785583158644, "impact_speed": 146.16475670707683, "time": 55.544310100675254}, "-25": {"optimal_thrust": 3562.929796028256, "impact_speed": 146.48349052902535, "time": 56.100492505742004}, "-24": {"optimal_thrust": 3546.2158502924494, "impact_speed": 146.66691657459953, "time": 56.66835878876735}, "-23": {"optimal_thrust": 3530.035890639951, "impact_speed": 146.69750137303075, "time": 57.24794200480407}, "-22": {"optimal_thrust": 3514.371496997301, "impact_speed": 146.55910907350352, "time": 57.83928345111427}, "-21": {"optimal_thrust": 3499.20329079969, "impact_speed": 146.23487805065432, "time": 58.44243578427548}, "-20": {"optimal_thrust": 3484.5190493216837, "impact_speed": 145.70668445282325, "time": 59.05743261919303}, "-19": {"optimal_thrust": 3470.3187805887487, "impact_speed": 144.95460184238388, "time": 59.68429773580408}, "-18": {"optimal_thrust": 3456.6178319869464, "impact_speed": 143.9544529455422, "time": 60.323061369747336}, "-17": {"optimal_thrust": 3443.4420438395487,