{"-90": {"optimal_thrust": 3341.718419531348, "impact_speed": 7.632039025393619, "time": 69.01871497050969}, "-89": {"optimal_thrust": 3341.912669113465, "impact_speed": 7.346793640564545, "time": 69.01458442360115}, "-88": {"optimal_thrust": 3341.790743513007, "impact_speed": 7.510111236053857, "time": 69.0210942523583}, "-87": {"optimal_thrust": 3342.552575877888, "impact_speed": 6.306862088664051, "time": 69.02373873290452}, "-86": {"optimal_thrust": 3343.234889316339, "impact_speed": 5.010725140226215, "time": 69.02861642839429}, "-85": {"optimal_thrust": 3344.1877255113354, "impact_speed": 2.2123053986599395, "time": 69.03530103015139}, "-84": {"optimal_thrust": 3344.1311137287116, "impact_speed": 2.4753662443511013, "time": 69.0450949760481}, "-83": {"optimal_thrust": 3343.0832482756905, "impact_speed": 5.347360317182921, "time": 69.05381783335653}, "-82": {"optimal_thrust": 3341.336681210626, "impact_speed": 8.128437260564015, "time": 69.05919762125332}, "-81": {"optimal_thrust": 3341.633434310439, "impact_speed": 7.726839874981235, "time": 69.05258185720331}, "-80": {"optimal_thrust": 3341.6474326607995, "impact_speed": 7.707230050804114, "time": 69.0827718876917}, "-79": {"optimal_thrust": 3341.653301321725, "impact_speed": 7.695828587843661, "time": 69.10003699238449}, "-78": {"optimal_thrust": 3341.5613118364377, "impact_speed": 7.817322574427209, "time": 69.11672880503446}, "-77": {"optimal_thrust": 3341.4670780452084, "impact_speed": 7.937800277190439, "time": 69.1351867082872}, "-76": {"optimal_thrust": 3341.384344843886, "impact_speed": 8.039572743673265, "time": 69.15397725490044}, "-75": {"optimal_thrust": 3341.320447918794, "impact_speed": 8.1143142839043, "time": 69.17266918363629}, "-74": {"optimal_thrust": 3341.2684893572145, "impact_speed": 8.172403850528088, "time": 69.19396950868997}, "-73": {"optimal_thrust": 3341.21726925464, "impact_speed": 8.229138060501391, "time": 69.21661115433126}, "-72": {"optimal_thrust": 3341.159134989014, "impact_speed": 8.294553149221034, "time": 69.24058056979645}, "-71": {"optimal_thrust": 3340.735914966859, "impact_speed": 8.808159585200464, "time": 69.26604828837223}, "-70": {"optimal_thrust": 3340.7259329897643, "impact_speed": 8.811614211057115, "time": 69.29309085710581}, "-69": {"optimal_thrust": 3340.7022299625296, "impact_speed": 8.832174748559826, "time": 69.32169113423754}, "-68": {"optimal_thrust": 3340.6647157743596, "impact_speed": 8.869614196844957, "time": 69.35197654385351}, "-67": {"optimal_thrust": 3340.6140500472325, "impact_speed": 8.922699071135767, "time": 69.38339977929337}, "-66": {"optimal_thrust": 3340.550734353806, "impact_speed": 8.990315784295083, "time": 69.41439167049396}, "-65": {"optimal_thrust": 3340.4750922907847, "impact_speed": 9.071516632886842, "time": 69.44657641511183}, "-64": {"optimal_thrust": 3340.387726134968, "impact_speed": 9.164991432103346, "time": 69.48040701356871}, "-63": {"optimal_thrust": 3340.289374938696, "impact_speed": 9.269263004969599, "time": 69.51574916552528}, "-62": {"optimal_thrust": 3340.180298431894, "impact_speed": 9.383430885145934, "time": 69.5525009744424}, "-61": {"optimal_thrust": 3340.061213150256, "impact_speed": 9.506074097525754, "time": 69.5905689314631}, "-60": {"optimal_thrust": 3339.931990789151, "impact_speed": 9.636781314603937, "time": 69.6299307050551}, "-59": {"optimal_thrust": 3339.792905948339, "impact_speed": 9.774692120722095, "time": 69.6705998619972}, "-58": {"optimal_thrust": 3339.6448643833687, "impact_speed": 9.918259651582929, "time": 69.71249847742175}, "-57": {"optimal_thrust": 3339.487907101933, "impact_speed": 10.066969065288614, "time": 69.75563192285335}, "-56": {"optimal_thrust": 3339.3229946001243, "impact_speed": 10.219297069656227, "time": 69.79998645689145}, "-55": {"optimal_thrust": 3339.149506275989, "impact_speed": 10.375553594297642, "time": 69.84551749676328}, "-54": {"optimal_thrust": 3338.968949496993, "impact_speed": 10.533671491978254, "time": 69.89223016115326}, "-53": {"optimal_thrust": 3338.7811294354765, "impact_speed": 10.693548674686584, "time": 69.94011277599189}, "-52": {"optimal_thrust": 3338.5862612018454, "impact_speed": 10.854659800945823, "time": 69.98915312064999}, "-51": {"optimal_thrust": 3338.404950655699, "impact_speed": 10.991356111162707, "time": 70.039338861164}, "-50": {"optimal_thrust": 3338.239772109707, "impact_speed": 11.09480000043544, "time": 70.09065716811261}, "-49": {"optimal_thrust": 3338.0541508336337, "impact_speed": 11.206674852319736, "time": 70.14309450401572}, "-48": {"optimal_thrust": 3337.8481927689872, "impact_speed": 11.325553962722925, "time": 70.19663738115487}, "-47": {"optimal_thrust": 3337.622786443536, "impact_speed": 11.448199890177179, "time": 70.25127200358277}, "-46": {"optimal_thrust": 3337.3774893854866, "impact_speed": 11.590469922030287, "time": 70.30698424589359}, "-45": {"optimal_thrust": 3337.1141859335, "impact_speed": 11.827993134934397, "time": 70.36375969011021}, "-44": {"optimal_thrust": 3336.831628728069, "impact_speed": 12.08850659125877, "time": 70.42158357111121}, "-43": {"optimal_thrust": 3336.5309440716687, "impact_speed": 12.358475579113563, "time": 70.48044271553768}, "-42": {"optimal_thrust": 3336.2122353157865, "impact_speed": 12.637582121753793, "time": 70.54032330444336}, "-41": {"optimal_thrust": 3335.8760168206163, "impact_speed": 12.924738287682374, "time": 70.60120530756792}, "-40": {"optimal_thrust": 3335.5228351443275, "impact_speed": 13.218992742461687, "time": 70.66307220139645}, "-39": {"optimal_thrust": 3335.153000772048, "impact_speed": 13.51974460368541, "time": 70.72590834442077}, "-38": {"optimal_thrust": 3334.8362783530106, "impact_speed": 13.666229156749402, "time": 70.78971887862983}, "-37": {"optimal_thrust": 3334.6931267060054, "impact_speed": 13.656981001356986, "time": 70.85449351481493}, "-36": {"optimal_thrust": 3334.5474191791054, "impact_speed": 13.653238202922688, "time": 70.92020978928593}, "-35": {"optimal_thrust": 3334.347766255003, "impact_speed": 13.44258199018855, "time": 70.98684664182097}, "-34": {"optimal_thrust": 3334.0995822738982, "impact_speed": 13.074013966808959, "time": 71.05438386398392}, "-33": {"optimal_thrust": 3333.9190141238973, "impact_speed": 12.988551272549385, "time": 71.12280272869926}, "-32": {"optimal_thrust": 3333.7217981255185, "impact_speed": 12.854393699525213, "time": 71.19208281484516}, "-31": {"optimal_thrust": 3333.526952002234, "impact_speed": 12.746123824136154, "time": 71.2622051282113}, "-30": {"optimal_thrust": 3333.336591315996, "impact_speed": 12.67170928600308, "time": 71.33315083930287}, "-29": {"optimal_thrust": 3333.1052142973144, "impact_speed": 12.445089349720579, "time": 71.40490089886839}, "-28": {"optimal_thrust": 3332.9251161472457, "impact_speed": 12.441378956721238, "time": 71.47743783064423}, "-27": {"optimal_thrust": 3332.746692994353, "impact_speed": 12.45841138940402, "time": 71.55074256010793}, "-26": {"optimal_thrust": 3332.5707779082954, "impact_speed": 12.498660480350948, "time": 71.62479589217881}, "-25": {"optimal_thrust": 3332.3962808079673, "impact_speed": 12.556770446664519, "time": 71.69957702407633}, "-24": {"optimal_thrust": 3332.224063967905, "impact_speed": 12.635250138381311, "time": 71.77506202168259}, "-23": {"optimal_thrust": 3332.0113187918055, "impact_speed": 12.544649132240124, "time": 71.85122114206868}, "-22": {"optimal_thrust": 3331.873563724388, "impact_speed": 12.79303463441328, "time": 71.92801879415993}, "-21": {"optimal_thrust": 3331.734413413081, "impact_speed": 13.037990882545055, "time": 72.005409677385}, "-20": {"optimal_thrust": 3331.593418985854, "impact_speed": 13.27773181270281, "time": 72.08334611296924}, "-19": {"optimal_thrust": 3331.4512864028625, "impact_speed": 13.51491394067503, "time": 72.16178662654953}, "-18": {"optimal_thrust": 3331.307981140847, "impact_speed": 13.74914339198683, "time": 72.24070456753874}, "-17": {"optimal_thrust": 3331.1631771890725,