{"-90": {"optimal_thrust": 4492.108328941434, "impact_speed": 77.40696269950382, "time": 39.676198813322806}, "-89": {"optimal_thrust": 4521.154520610601, "impact_speed": 73.4839058572167, "time": 39.67958728441646}, "-88": {"optimal_thrust": 4509.007192835285, "impact_speed": 75.11105675862312, "time": 39.6892675749467}, "-87": {"optimal_thrust": 4585.208110749096, "impact_speed": 63.077141113464066, "time": 39.707148389900766}, "-86": {"optimal_thrust": 4653.358206762152, "impact_speed": 50.13502243410557, "time": 39.73022362273038}, "-85": {"optimal_thrust": 4748.737066264953, "impact_speed": 22.139966166148156, "time": 39.7618851208607}, "-84": {"optimal_thrust": 4743.2008648806095, "impact_speed": 24.71477121483158, "time": 39.80215391216043}, "-83": {"optimal_thrust": 4638.531936501748, "impact_speed": 53.432001356948206, "time": 39.84263699996824}, "-82": {"optimal_thrust": 4463.656049176179, "impact_speed": 81.28596435171198, "time": 39.89078664724025}, "-81": {"optimal_thrust": 4493.352839465668, "impact_speed": 77.26705569681914, "time": 39.94833418615777}, "-80": {"optimal_thrust": 4494.75912997974, "impact_speed": 77.07007799389157, "time": 40.01142077953263}, "-79": {"optimal_thrust": 4495.3592472571445, "impact_speed": 76.95423295713849, "time": 40.081727884832176}, "-78": {"optimal_thrust": 4486.149061788212, "impact_speed": 78.17079699467517, "time": 40.15719658382298}, "-77": {"optimal_thrust": 4476.741978348112, "impact_speed": 79.3734383402655, "time": 40.20953571810364}, "-76": {"optimal_thrust": 4468.456239327423, "impact_speed": 80.3928843070418, "time": 40.320928184108396}, "-75": {"optimal_thrust": 4462.044563678787, "impact_speed": 81.14321663948633, "time": 40.428573405819535}, "-74": {"optimal_thrust": 4456.852024498053, "impact_speed": 81.72367957762958, "time": 40.53726250045824}, "-73": {"optimal_thrust": 4451.75636502789, "impact_speed": 82.28761103886454, "time": 40.65107349723028}, "-72": {"optimal_thrust": 4445.917690051925, "impact_speed": 82.94502498001123, "time": 40.77125494575165}, "-71": {"optimal_thrust": 4403.598363812993, "impact_speed": 88.08079284928371, "time": 40.898265142830105}, "-70": {"optimal_thrust": 4402.606246134958, "impact_speed": 88.11458690288595, "time": 41.03240949501642}, "-69": {"optimal_thrust": 4400.213643335825, "impact_speed": 88.32287841188213, "time": 41.174123865907596}, "-68": {"optimal_thrust": 4396.461547904976, "impact_speed": 88.69734335416702, "time": 41.32306040875879}, "-67": {"optimal_thrust": 4391.397036541576, "impact_speed": 89.22793214233722, "time": 41.479704206199855}, "-66": {"optimal_thrust": 4385.069994561003, "impact_speed": 89.90354520897927, "time": 41.644030936262034}, "-65": {"optimal_thrust": 4377.527700877956, "impact_speed": 90.7129268935788, "time": 41.816074667193796}, "-64": {"optimal_thrust": 4368.818096474289, "impact_speed": 91.64447624121321, "time": 41.99633385724012}, "-63": {"optimal_thrust": 4358.986718663443, "impact_speed": 92.68678760077518, "time": 42.18518937613271}, "-62": {"optimal_thrust": 4348.0768958456365, "impact_speed": 93.82876493930529, "time": 42.3763902303756}, "-61": {"optimal_thrust": 4336.132105876403, "impact_speed": 95.05945579992438, "time": 42.57769822504183}, "-60": {"optimal_thrust": 4323.193024034391, "impact_speed": 96.36848353955568, "time": 42.78786584337865}, "-59": {"optimal_thrust": 4309.300521645269, "impact_speed": 97.74575841315463, "time": 43.0063837737941}, "-58": {"optimal_thrust": 4294.4939302614375, "impact_speed": 99.1817211744537, "time": 43.23318044131076}, "-57": {"optimal_thrust": 4278.812777482315, "impact_speed": 100.66716766977967, "time": 43.468282951934256}, "-56": {"optimal_thrust": 4262.296156992223, "impact_speed": 102.19333155666959, "time": 43.71171735721175}, "-55": {"optimal_thrust": 4244.982606979968, "impact_speed": 103.75189516995619, "time": 43.96366061112319}, "-54": {"optimal_thrust": 4226.91102532841, "impact_speed": 105.33487346643497, "time": 44.22422366518074}, "-53": {"optimal_thrust": 4208.120543887704, "impact_speed": 106.93460729001157, "time": 44.49350847827105}, "-52": {"optimal_thrust": 4188.6501383200775, "impact_speed": 108.5437801243398, "time": 44.771617749644186}, "-51": {"optimal_thrust": 4170.535194205414, "impact_speed": 109.90867084706127, "time": 45.05866367294996}, "-50": {"optimal_thrust": 4153.9865936091555, "impact_speed": 110.94676479640921, "time": 45.35475521785709}, "-49": {"optimal_thrust": 4135.409091774111, "impact_speed": 112.06772325171094, "time": 45.659990933662314}, "-48": {"optimal_thrust": 4114.832290111379, "impact_speed": 113.25284657125127, "time": 45.97448752059634}, "-47": {"optimal_thrust": 4092.287540707478, "impact_speed": 114.47866177473323, "time": 46.29836818885585}, "-46": {"optimal_thrust": 4067.807370739073, "impact_speed": 115.78127900816499, "time": 46.63176522026119}, "-45": {"optimal_thrust": 4041.426445069555, "impact_speed": 118.27701811149036, "time": 46.97482438714075}, "-44": {"optimal_thrust": 4013.1802279667168, "impact_speed": 120.88119223365047, "time": 47.327711324462626}, "-43": {"optimal_thrust": 3983.1064221988463, "impact_speed": 123.58270253003478, "time": 47.69061119432386}, "-42": {"optimal_thrust": 3951.2444792987326, "impact_speed": 126.37280253217835, "time": 48.06365492563068}, "-41": {"optimal_thrust": 3917.6352705920417, "impact_speed": 129.24310382175221, "time": 48.44654345609551}, "-40": {"optimal_thrust": 3882.3219627629064, "impact_speed": 132.18547414557722, "time": 48.83845756399229}, "-39": {"optimal_thrust": 3845.349971573499, "impact_speed": 135.1920964505778, "time": 49.239820991594506}, "-38": {"optimal_thrust": 3813.5747541356836, "impact_speed": 137.56053405076173, "time": 49.65169788393619}, "-37": {"optimal_thrust": 3799.2889800948337, "impact_speed": 138.03815945494762, "time": 50.07449862222762}, "-36": {"optimal_thrust": 3782.3103132837914, "impact_speed": 138.70542522091483, "time": 50.50819599938786}, "-35": {"optimal_thrust": 3764.73235965495, "impact_speed": 139.3655629445054, "time": 50.952839070769585}, "-34": {"optimal_thrust": 3739.931377806414, "impact_speed": 140.89535074055195, "time": 51.40845019289575}, "-33": {"optimal_thrust": 3721.866443459412, "impact_speed": 141.5288973868806, "time": 51.87516967885944}, "-32": {"optimal_thrust": 3702.1347099764803, "impact_speed": 142.3354156757888, "time": 52.35303404568013}, "-31": {"optimal_thrust": 3682.5981021806365, "impact_speed": 143.07612962941155, "time": 52.84213460739936}, "-30": {"optimal_thrust": 3663.2499889533456, "impact_speed": 143.75205166843958, "time": 53.342551017730585}, "-29": {"optimal_thrust": 3644.1044257927665, "impact_speed": 144.36154958108088, "time": 53.854371709677125}, "-28": {"optimal_thrust": 3625.187699934764, "impact_speed": 144.90142948822694, "time": 54.37768706361529}, "-27": {"optimal_thrust": 3600.937780884603, "impact_speed": 146.5436060762732, "time": 54.91252241025696}, "-26": {"optimal_thrust": 3582.9814548088643, "impact_speed": 146.98136499120764, "time": 55.45902588950714}, "-25": {"optimal_thrust": 3565.5394085301564, "impact_speed": 147.30189058446217, "time": 56.01724367271745}, "-24": {"optimal_thrust": 3548.6383261539195, "impact_speed": 147.486311211103, "time": 56.58723258565745}, "-23": {"optimal_thrust": 3532.276852976645, "impact_speed": 147.51714751405484, "time": 57.16902727981682}, "-22": {"optimal_thrust": 3516.4370829106697, "impact_speed": 147.37794929381099, "time": 57.762673042284504}, "-21": {"optimal_thrust": 3501.0992609483137, "impact_speed": 147.05175902271094, "time": 58.36822462243177}, "-20": {"optimal_thrust": 3486.250265296562, "impact_speed": 146.52073544260776, "time": 58.98571824005944}, "-19": {"optimal_thrust": 3471.8912517444774, "impact_speed": 145.76417731157474, "time": 59.61517873424798}, "-18": {"optimal_thrust": 3458.0364199707687, "impact_speed": 144.75876108388175, "time": 60.256646144443366}, "-17": {"optimal_thrust": 3444.7128868278683,