{"-90": {"optimal_thrust": 4504.675174182525, "impact_speed": 77.89128135133286, "time": 39.555102441428026}, "-89": {"optimal_thrust": 4534.426311454116, "impact_speed": 73.89215289880651, "time": 39.55848575926859}, "-88": {"optimal_thrust": 4522.143520775197, "impact_speed": 75.52836049618524, "time": 39.56819497019716}, "-87": {"optimal_thrust": 4599.193543974008, "impact_speed": 63.427580605025064, "time": 39.58607229378456}, "-86": {"optimal_thrust": 4668.102904656101, "impact_speed": 50.41357712329077, "time": 39.60919067155752}, "-85": {"optimal_thrust": 4764.544472105793, "impact_speed": 22.26302763130213, "time": 39.64087405207635}, "-84": {"optimal_thrust": 4758.946805127578, "impact_speed": 24.852036086472822, "time": 39.6811455440029}, "-83": {"optimal_thrust": 4653.11190601221, "impact_speed": 53.7287780510886, "time": 39.72173321196988}, "-82": {"optimal_thrust": 4476.287364674378, "impact_speed": 81.73753363544999, "time": 39.769894123694804}, "-81": {"optimal_thrust": 4506.314689962882, "impact_speed": 77.69634443989366, "time": 39.8276518508759}, "-80": {"optimal_thrust": 4507.736795888791, "impact_speed": 77.49825220841066, "time": 39.89059621167507}, "-79": {"optimal_thrust": 4508.343548814312, "impact_speed": 77.3817706418508, "time": 39.960965023988656}, "-78": {"optimal_thrust": 4499.030626552168, "impact_speed": 78.60510906475875, "time": 40.03636815673644}, "-77": {"optimal_thrust": 4489.518797449981, "impact_speed": 79.81442218556627, "time": 40.09018493247462}, "-76": {"optimal_thrust": 4481.140641039397, "impact_speed": 80.83954435162785, "time": 40.201051383865185}, "-75": {"optimal_thrust": 4474.657972361284, "impact_speed": 81.59398674651524, "time": 40.30841479862608}, "-74": {"optimal_thrust": 4469.407485693897, "impact_speed": 82.17768661665262, "time": 40.41705203184227}, "-73": {"optimal_thrust": 4464.254822727334, "impact_speed": 82.74478041041306, "time": 40.53091794543058}, "-72": {"optimal_thrust": 4458.351246389312, "impact_speed": 83.40582699005961, "time": 40.65119924555105}, "-71": {"optimal_thrust": 4415.5602301294375, "impact_speed": 88.57014742028824, "time": 40.778333943587995}, "-70": {"optimal_thrust": 4414.557241477685, "impact_speed": 88.60410721535254, "time": 40.91261367823503}, "-69": {"optimal_thrust": 4412.137839036855, "impact_speed": 88.81357290406663, "time": 41.05448460650429}, "-68": {"optimal_thrust": 4408.344123320745, "impact_speed": 89.19009587604637, "time": 41.203596860657086}, "-67": {"optimal_thrust": 4403.223122548836, "impact_speed": 89.72363969134003, "time": 41.36043194598591}, "-66": {"optimal_thrust": 4396.825404937662, "impact_speed": 90.40302767864505, "time": 41.52495752094876}, "-65": {"optimal_thrust": 4389.198992192998, "impact_speed": 91.21691570362235, "time": 41.69721798455436}, "-64": {"optimal_thrust": 4380.392506998283, "impact_speed": 92.15362107158384, "time": 41.8777448461737}, "-63": {"optimal_thrust": 4370.45151999036, "impact_speed": 93.20173099495918, "time": 42.066716103539804}, "-62": {"optimal_thrust": 4359.420224811217, "impact_speed": 94.35004266995224, "time": 42.258160139752675}, "-61": {"optimal_thrust": 4347.342543753118, "impact_speed": 95.58754782373424, "time": 42.45979154632463}, "-60": {"optimal_thrust": 4334.259301839629, "impact_speed": 96.9038472725302, "time": 42.670268819038554}, "-59": {"optimal_thrust": 4320.2120054000625, "impact_speed": 98.28877425824543, "time": 42.889110076524155}, "-58": {"optimal_thrust": 4305.240226592475, "impact_speed": 99.73273879637033, "time": 43.11624699482724}, "-57": {"optimal_thrust": 4289.384712440639, "impact_speed": 101.22639736195157, "time": 43.3517106282274}, "-56": {"optimal_thrust": 4272.683891370026, "impact_speed": 102.76105946984755, "time": 43.59553204700941}, "-55": {"optimal_thrust": 4255.177047393532, "impact_speed": 104.32832543229954, "time": 43.8478891393033}, "-54": {"optimal_thrust": 4236.904188928213, "impact_speed": 105.9200895632278, "time": 44.108892502278785}, "-53": {"optimal_thrust": 4217.9042083395, "impact_speed": 107.52872665331996, "time": 44.37864538765533}, "-52": {"optimal_thrust": 4198.217227642644, "impact_speed": 109.14679754435717, "time": 44.657251929050126}, "-51": {"optimal_thrust": 4179.900689235437, "impact_speed": 110.51924138813747, "time": 44.94482589136374}, "-50": {"optimal_thrust": 4163.167492957678, "impact_speed": 111.56312754557908, "time": 45.24147787541873}, "-49": {"optimal_thrust": 4144.382663997221, "impact_speed": 112.69036505643102, "time": 45.54730807199831}, "-48": {"optimal_thrust": 4123.576560467736, "impact_speed": 113.88209381090367, "time": 45.862434968020594}, "-47": {"optimal_thrust": 4100.781042694693, "impact_speed": 115.11461180965352, "time": 46.186983653870186}, "-46": {"optimal_thrust": 4076.028208645405, "impact_speed": 116.42332632181784, "time": 46.521088413046236}, "-45": {"optimal_thrust": 4049.3531950386773, "impact_speed": 118.93409252432636, "time": 46.86489720799291}, "-44": {"optimal_thrust": 4020.7922518166706, "impact_speed": 121.55274403307102, "time": 47.21857813140728}, "-43": {"optimal_thrust": 3990.383442115077, "impact_speed": 124.26925191427013, "time": 47.58231892402315}, "-42": {"optimal_thrust": 3958.166021272652, "impact_speed": 127.07492368604224, "time": 47.95625099893775}, "-41": {"optimal_thrust": 3924.182840196373, "impact_speed": 129.9611018096738, "time": 48.34006567866042}, "-40": {"optimal_thrust": 3888.47587102962, "impact_speed": 132.91984358144038, "time": 48.73294066003153}, "-39": {"optimal_thrust": 3851.09218888339, "impact_speed": 135.94314225979505, "time": 49.1353277643654}, "-38": {"optimal_thrust": 3818.9628372308193, "impact_speed": 138.32474840424211, "time": 49.548294776491886}, "-37": {"optimal_thrust": 3804.517928470678, "impact_speed": 138.8050223493073, "time": 49.972247211665874}, "-36": {"optimal_thrust": 3787.3498820642503, "impact_speed": 139.4760184071558, "time": 50.40715689191049}, "-35": {"optimal_thrust": 3769.576467479016, "impact_speed": 140.13977320835326, "time": 50.853074539768414}, "-34": {"optimal_thrust": 3744.498867685707, "impact_speed": 141.67809678018315, "time": 51.31002441232523}, "-33": {"optimal_thrust": 3726.2326031961693, "impact_speed": 142.3151699705105, "time": 51.77814955816683}, "-32": {"optimal_thrust": 3706.280908968581, "impact_speed": 143.1261857658414, "time": 52.25748853542325}, "-31": {"optimal_thrust": 3686.526406791194, "impact_speed": 143.87105220984577, "time": 52.74813501971134}, "-30": {"optimal_thrust": 3666.963070097604, "impact_speed": 144.55067093537696, "time": 53.25017111629653}, "-29": {"optimal_thrust": 3647.6044581845426, "impact_speed": 145.16350088588402, "time": 53.76368806969748}, "-28": {"optimal_thrust": 3628.4768720652414, "impact_speed": 145.70639369725308, "time": 54.2887784992318}, "-27": {"optimal_thrust": 3603.9563436652265, "impact_speed": 147.3577813578149, "time": 54.825468218625986}, "-26": {"optimal_thrust": 3585.8002107448583, "impact_speed": 147.7979185848952, "time": 55.37391067257891}, "-25": {"optimal_thrust": 3568.1639922315376, "impact_speed": 148.1201820144019, "time": 55.934153238012584}, "-24": {"optimal_thrust": 3551.07441897382, "impact_speed": 148.3056710062005, "time": 56.50625429260469}, "-23": {"optimal_thrust": 3534.5309880475306, "impact_speed": 148.33656312805016, "time": 57.090250206794316}, "-22": {"optimal_thrust": 3518.514566313268, "impact_speed": 148.1966334051599, "time": 57.6861902723556}, "-21": {"optimal_thrust": 3503.005271602311, "impact_speed": 147.86889560487904, "time": 58.2941313646633}, "-20": {"optimal_thrust": 3487.9910085189076, "impact_speed": 147.33485831871548, "time": 58.914112224251134}, "-19": {"optimal_thrust": 3473.4721024684422, "impact_speed": 146.57405608961201, "time": 59.54616239480394}, "-18": {"optimal_thrust": 3459.462874265071, "impact_speed": 145.56310734982893, "time": 60.190321839225774}, "-17": {"optimal_thrust": 3445.9912173009,