{"-90": {"optimal_thrust": 4517.302541626988, "impact_speed": 78.37651220189488, "time": 39.434581030866354}, "-89": {"optimal_thrust": 4547.771782591468, "impact_speed": 74.3003779023572, "time": 39.437971065374136}, "-88": {"optimal_thrust": 4535.352615148791, "impact_speed": 75.94566566136811, "time": 39.44769946733988}, "-87": {"optimal_thrust": 4613.256175413752, "impact_speed": 63.77806726614723, "time": 39.46556957364178}, "-86": {"optimal_thrust": 4682.929174477896, "impact_speed": 50.69215619964673, "time": 39.48872921316654}, "-85": {"optimal_thrust": 4780.439433877423, "impact_speed": 22.386098280836254, "time": 39.520433419477996}, "-84": {"optimal_thrust": 4774.779666883863, "impact_speed": 24.989436148847567, "time": 39.56070512511414}, "-83": {"optimal_thrust": 4667.772369844438, "impact_speed": 54.025611010305596, "time": 39.6013993346184}, "-82": {"optimal_thrust": 4488.988411992714, "impact_speed": 82.18913538016945, "time": 39.649569013537246}, "-81": {"optimal_thrust": 4519.348476662653, "impact_speed": 78.12561581997193, "time": 39.70731533824266}, "-80": {"optimal_thrust": 4520.7863151884285, "impact_speed": 77.92643257388245, "time": 39.77034951896671}, "-79": {"optimal_thrust": 4521.400074077839, "impact_speed": 77.80926854552997, "time": 39.84076192254469}, "-78": {"optimal_thrust": 4511.98418033502, "impact_speed": 79.03933671359242, "time": 39.916093389359034}, "-77": {"optimal_thrust": 4502.366692296669, "impact_speed": 80.25536735832284, "time": 39.9713434573855}, "-76": {"optimal_thrust": 4493.895522335998, "impact_speed": 81.28617723804078, "time": 40.08170029100728}, "-75": {"optimal_thrust": 4487.341030158868, "impact_speed": 82.04478698011506, "time": 40.18879274209853}, "-74": {"optimal_thrust": 4482.032278795123, "impact_speed": 82.63172300394824, "time": 40.29738496449965}, "-73": {"optimal_thrust": 4476.822580961518, "impact_speed": 83.2019424025538, "time": 40.41130548624728}, "-72": {"optimal_thrust": 4470.853703809361, "impact_speed": 83.86662684564173, "time": 40.53168452048065}, "-71": {"optimal_thrust": 4427.588309434314, "impact_speed": 89.05950878967026, "time": 40.658940552811856}, "-70": {"optimal_thrust": 4426.574368014509, "impact_speed": 89.09363704502599, "time": 40.79335378552261}, "-69": {"optimal_thrust": 4424.1282476749975, "impact_speed": 89.304249259361, "time": 40.93537537316948}, "-68": {"optimal_thrust": 4420.292032491335, "impact_speed": 89.68290800614753, "time": 41.084659776394844}, "-67": {"optimal_thrust": 4415.114826492434, "impact_speed": 90.21933538650978, "time": 41.24168111921922}, "-66": {"optimal_thrust": 4408.646197553302, "impact_speed": 90.90247969184308, "time": 41.406400569580626}, "-65": {"optimal_thrust": 4400.935152027703, "impact_speed": 91.72087980126102, "time": 41.57887308834573}, "-64": {"optimal_thrust": 4392.0313065134, "impact_speed": 92.6627347234589, "time": 41.7596640650283}, "-63": {"optimal_thrust": 4381.979880330024, "impact_speed": 93.71666938217234, "time": 41.94872934744828}, "-62": {"optimal_thrust": 4370.826761260084, "impact_speed": 94.87127824577792, "time": 42.14043004300525}, "-61": {"optimal_thrust": 4358.614995320278, "impact_speed": 96.11565074208774, "time": 42.34237603515173}, "-60": {"optimal_thrust": 4345.386567207912, "impact_speed": 97.4392477809446, "time": 42.55315615210057}, "-59": {"optimal_thrust": 4331.183691386905, "impact_speed": 98.83181843936373, "time": 42.77231422699637}, "-58": {"optimal_thrust": 4316.04616762115, "impact_speed": 100.28374415157631, "time": 42.99978480906766}, "-57": {"optimal_thrust": 4300.014796137675, "impact_speed": 101.78567456565948, "time": 43.23560282625763}, "-56": {"optimal_thrust": 4283.129060163804, "impact_speed": 103.32880038754972, "time": 43.47980451687835}, "-55": {"optimal_thrust": 4265.428371392417, "impact_speed": 104.90471007778606, "time": 43.7325682351885}, "-54": {"optimal_thrust": 4246.953087892029, "impact_speed": 106.50526357469073, "time": 43.994004464074564}, "-53": {"optimal_thrust": 4227.742658432496, "impact_speed": 108.12277932184683, "time": 44.264217759348284}, "-52": {"optimal_thrust": 4207.837402990845, "impact_speed": 109.74980537759788, "time": 44.54331369070853}, "-51": {"optimal_thrust": 4189.3178087780425, "impact_speed": 111.12984382492908, "time": 44.83140760002325}, "-50": {"optimal_thrust": 4172.399185826241, "impact_speed": 112.1794996945917, "time": 45.12861172210942}, "-49": {"optimal_thrust": 4153.4065573335965, "impact_speed": 113.31291201297722, "time": 45.435027889749286}, "-48": {"optimal_thrust": 4132.369885671708, "impact_speed": 114.51121463547408, "time": 45.75077637086036}, "-47": {"optimal_thrust": 4109.321467487065, "impact_speed": 115.75061171663579, "time": 46.075984131961015}, "-46": {"optimal_thrust": 4084.294266266891, "impact_speed": 117.06723684836639, "time": 46.41078745566198}, "-45": {"optimal_thrust": 4057.3237010163175, "impact_speed": 119.591226136019, "time": 46.755336479750284}, "-44": {"optimal_thrust": 4028.446611882262, "impact_speed": 122.2242594755838, "time": 47.10980173261142}, "-43": {"optimal_thrust": 3997.7003522694, "impact_speed": 124.95587358518621, "time": 47.474373525511716}, "-42": {"optimal_thrust": 3965.126502859795, "impact_speed": 127.77695993419167, "time": 47.849183955896116}, "-41": {"optimal_thrust": 3930.766297857387, "impact_speed": 130.6791486288425, "time": 48.23391555752528}, "-40": {"optimal_thrust": 3894.663931990752, "impact_speed": 133.65420622498752, "time": 48.62774302781871}, "-39": {"optimal_thrust": 3856.865994324341, "impact_speed": 136.69421201178696, "time": 49.03114415404856}, "-38": {"optimal_thrust": 3824.3807751439813, "impact_speed": 139.08896241295562, "time": 49.44519065130016}, "-37": {"optimal_thrust": 3809.7753374256276, "impact_speed": 139.57194146960333, "time": 49.870283934382435}, "-36": {"optimal_thrust": 3794.857077700534, "impact_speed": 139.96177533239097, "time": 50.30640678260531}, "-35": {"optimal_thrust": 3774.446809709281, "impact_speed": 140.9140614459962, "time": 50.753576394405144}, "-34": {"optimal_thrust": 3749.091689028164, "impact_speed": 142.4608393161054, "time": 51.21185412731301}, "-33": {"optimal_thrust": 3730.6229283860393, "impact_speed": 143.10144590330842, "time": 51.68137402239566}, "-32": {"optimal_thrust": 3710.4502646684873, "impact_speed": 143.91692758776395, "time": 52.16217669053543}, "-31": {"optimal_thrust": 3690.4770210487345, "impact_speed": 144.66588492878094, "time": 52.6543581802203}, "-30": {"optimal_thrust": 3670.6966749425515, "impact_speed": 145.34929870830544, "time": 53.158003074489876}, "-29": {"optimal_thrust": 3651.123298033909, "impact_speed": 145.9655676652927, "time": 53.67320541774432}, "-28": {"optimal_thrust": 3631.7840071752426, "impact_speed": 146.51141513627582, "time": 54.20006008587874}, "-27": {"optimal_thrust": 3606.992109307205, "impact_speed": 148.17186040263445, "time": 54.73859343926074}, "-26": {"optimal_thrust": 3588.634312740665, "impact_speed": 148.6145321078132, "time": 55.288964207940495}, "-25": {"optimal_thrust": 3570.803022780618, "impact_speed": 148.93849706343124, "time": 55.8512209862071}, "-24": {"optimal_thrust": 3553.5240117601898, "impact_speed": 149.12502982189358, "time": 56.42542372431688}, "-23": {"optimal_thrust": 3536.796952026054, "impact_speed": 149.15619849778875, "time": 57.01161061796451}, "-22": {"optimal_thrust": 3520.603433947339, "impact_speed": 149.015367738035, "time": 57.60983499795548}, "-21": {"optimal_thrust": 3504.922349277206, "impact_speed": 148.68578448427866, "time": 58.22015596831834}, "-20": {"optimal_thrust": 3489.7418601303034, "impact_speed": 148.14869675219208, "time": 58.842614465211085}, "-19": {"optimal_thrust": 3475.062034848209, "impact_speed": 147.38367919802243, "time": 59.47724598814711}, "-18": {"optimal_thrust": 3460.8977081276093, "impact_speed": 146.36695343119888, "time": 60.12408832293447}, "-17": {"optimal_thrust": 3447.2761319353813,