{"-90": {"optimal_thrust": 4529.98911753374, "impact_speed": 78.86281421876129, "time": 39.314631594690375}, "-89": {"optimal_thrust": 4561.190420764904, "impact_speed": 74.70865499766333, "time": 39.31803064897572}, "-88": {"optimal_thrust": 4548.63444649753, "impact_speed": 76.36297631974703, "time": 39.32777965711319}, "-87": {"optimal_thrust": 4627.3968355368215, "impact_speed": 64.12846268633096, "time": 39.34563726705535}, "-86": {"optimal_thrust": 4697.837393476491, "impact_speed": 50.97068001154233, "time": 39.36883636020167}, "-85": {"optimal_thrust": 4796.422147626867, "impact_speed": 22.50908382375688, "time": 39.400560354571994}, "-84": {"optimal_thrust": 4790.70008457094, "impact_speed": 25.12669763482439, "time": 39.4408298613885}, "-83": {"optimal_thrust": 4682.513575145824, "impact_speed": 54.322450443788036, "time": 39.48163256123394}, "-82": {"optimal_thrust": 4501.759539168273, "impact_speed": 82.64072385367444, "time": 39.52980849329458}, "-81": {"optimal_thrust": 4532.454056937023, "impact_speed": 78.55488959323026, "time": 39.58806292737011}, "-80": {"optimal_thrust": 4533.907740781031, "impact_speed": 78.35461175792847, "time": 39.6506697885622}, "-79": {"optimal_thrust": 4534.52802244939, "impact_speed": 78.23683688994959, "time": 39.72111562815209}, "-78": {"optimal_thrust": 4525.00875691397, "impact_speed": 79.4736112859988, "time": 39.79636971551879}, "-77": {"optimal_thrust": 4515.285180062089, "impact_speed": 80.69633833370791, "time": 39.8530104837239}, "-76": {"optimal_thrust": 4506.720679085448, "impact_speed": 81.73281001281659, "time": 39.962873545641926}, "-75": {"optimal_thrust": 4500.094137152051, "impact_speed": 82.49556525439712, "time": 40.06970535931141}, "-74": {"optimal_thrust": 4494.726721012468, "impact_speed": 83.08574765144115, "time": 40.17825895761868}, "-73": {"optimal_thrust": 4489.459702097871, "impact_speed": 83.65908920146308, "time": 40.292233658985275}, "-72": {"optimal_thrust": 4483.425011050891, "impact_speed": 84.32743106048174, "time": 40.41270826435387}, "-71": {"optimal_thrust": 4439.683065649387, "impact_speed": 89.54882178452245, "time": 40.54008246855724}, "-70": {"optimal_thrust": 4438.65770770395, "impact_speed": 89.58316648330742, "time": 40.6746162157622}, "-69": {"optimal_thrust": 4436.184820068223, "impact_speed": 89.79491363258239, "time": 40.81679373168567}, "-68": {"optimal_thrust": 4432.306553439978, "impact_speed": 90.17562668136287, "time": 40.96624671998246}, "-67": {"optimal_thrust": 4427.071912948313, "impact_speed": 90.71504736963928, "time": 41.1234493476346}, "-66": {"optimal_thrust": 4420.531810657047, "impact_speed": 91.40196817370857, "time": 41.28835777213744}, "-65": {"optimal_thrust": 4412.736180904298, "impact_speed": 92.22481953011918, "time": 41.46103772572618}, "-64": {"optimal_thrust": 4403.73382691144, "impact_speed": 93.17189581182555, "time": 41.64208926187428}, "-63": {"optimal_thrust": 4393.571799169453, "impact_speed": 94.2316029039143, "time": 41.83122951402546}, "-62": {"optimal_thrust": 4382.295945124217, "impact_speed": 95.39253688633363, "time": 42.02319751866635}, "-61": {"optimal_thrust": 4369.949114249129, "impact_speed": 96.64380397485995, "time": 42.2254495557939}, "-60": {"optimal_thrust": 4356.575182533093, "impact_speed": 97.9746433322453, "time": 42.436525825427225}, "-59": {"optimal_thrust": 4342.215851770271, "impact_speed": 99.37485981001319, "time": 42.65599426858848}, "-58": {"optimal_thrust": 4326.911681493356, "impact_speed": 100.83474549634496, "time": 42.88379199256313}, "-57": {"optimal_thrust": 4310.70369421887, "impact_speed": 102.34492416543384, "time": 43.11995772332971}, "-56": {"optimal_thrust": 4293.6315835661135, "impact_speed": 103.89656299579664, "time": 43.364532987300905}, "-55": {"optimal_thrust": 4275.735823348959, "impact_speed": 105.48113424938265, "time": 43.617696176535425}, "-54": {"optimal_thrust": 4257.057168111008, "impact_speed": 107.09045842528622, "time": 43.87955788994098}, "-53": {"optimal_thrust": 4237.634986633696, "impact_speed": 108.71686940444968, "time": 44.150223993179445}, "-52": {"optimal_thrust": 4217.510151106925, "impact_speed": 110.35286303190162, "time": 44.42980149796651}, "-51": {"optimal_thrust": 4198.78671014662, "impact_speed": 111.74045868840365, "time": 44.71840732693104}, "-50": {"optimal_thrust": 4181.681790525695, "impact_speed": 112.7958654065301, "time": 45.016155347905816}, "-49": {"optimal_thrust": 4162.479623702463, "impact_speed": 113.93554392983665, "time": 45.323149033942116}, "-48": {"optimal_thrust": 4141.211435254787, "impact_speed": 115.14038176257206, "time": 45.63951043863529}, "-47": {"optimal_thrust": 4117.908849878581, "impact_speed": 116.38664772408765, "time": 45.96536839669054}, "-46": {"optimal_thrust": 4092.6062548507584, "impact_speed": 117.70891129632231, "time": 46.30086118412084}, "-45": {"optimal_thrust": 4065.3384766149047, "impact_speed": 120.24822874493654, "time": 46.646141096095775}, "-44": {"optimal_thrust": 4036.142749730276, "impact_speed": 122.89586221749778, "time": 47.00138107396301}, "-43": {"optimal_thrust": 4005.0580130119133, "impact_speed": 125.6424212833992, "time": 47.366774006424556}, "-42": {"optimal_thrust": 3972.125168320673, "impact_speed": 128.4790199147398, "time": 47.74245286686808}, "-41": {"optimal_thrust": 3937.386204127495, "impact_speed": 131.39717320873186, "time": 48.12809228118199}, "-40": {"optimal_thrust": 3900.886219628387, "impact_speed": 134.38855375870662, "time": 48.522863896918544}, "-39": {"optimal_thrust": 3862.6713876394338, "impact_speed": 137.44530534113068, "time": 48.92726938097962}, "-38": {"optimal_thrust": 3829.82839408202, "impact_speed": 139.85319380204677, "time": 49.342384761423496}, "-37": {"optimal_thrust": 3815.062160766102, "impact_speed": 140.33881120100838, "time": 49.76860809983581}, "-36": {"optimal_thrust": 3799.9790235550267, "impact_speed": 140.730845356163, "time": 50.20592163829154}, "-35": {"optimal_thrust": 3779.34432062563, "impact_speed": 141.68830654138384, "time": 50.65434404843391}, "-34": {"optimal_thrust": 3753.709453028311, "impact_speed": 143.24362940683932, "time": 51.113938793864556}, "-33": {"optimal_thrust": 3735.037312631783, "impact_speed": 143.8877400448923, "time": 51.584842575329326}, "-32": {"optimal_thrust": 3714.64238883134, "impact_speed": 144.70770006151366, "time": 52.06709805734667}, "-31": {"optimal_thrust": 3694.4491308455854, "impact_speed": 145.46076202043622, "time": 52.56080367523515}, "-30": {"optimal_thrust": 3674.450944568143, "impact_speed": 146.14790971428297, "time": 53.06604652185187}, "-29": {"optimal_thrust": 3654.6619016829854, "impact_speed": 146.76756024906524, "time": 53.58292342305476}, "-28": {"optimal_thrust": 3635.109436253285, "impact_speed": 147.3164205963231, "time": 54.11153152322222}, "-27": {"optimal_thrust": 3610.044051159943, "impact_speed": 148.9860491891725, "time": 54.65189779922546}, "-26": {"optimal_thrust": 3591.4846032696855, "impact_speed": 149.43101898351037, "time": 55.20418626134878}, "-25": {"optimal_thrust": 3573.456511271424, "impact_speed": 149.75683259963995, "time": 55.768446705057485}, "-24": {"optimal_thrust": 3555.9872213600574, "impact_speed": 149.94435460924078, "time": 56.34474069704983}, "-23": {"optimal_thrust": 3539.075712510457, "impact_speed": 149.97573029505705, "time": 56.93310836030185}, "-22": {"optimal_thrust": 3522.7036858128836, "impact_speed": 149.83415147005695, "time": 57.533607078791825}, "-21": {"optimal_thrust": 3506.849912577657, "impact_speed": 149.50271085416807, "time": 58.14629830243772}, "-20": {"optimal_thrust": 3491.501982057794, "impact_speed": 148.9627647684905, "time": 58.771224846424964}, "-19": {"optimal_thrust": 3476.6602791538267, "impact_speed": 148.19365486879758, "time": 59.40842934944853}, "-18": {"optimal_thrust": 3462.339962520263, "impact_speed": 147.17130672942855, "time": 60.05794545360063}, "-17": {"optimal_thrust": 3448.568466857487,