{"-90": {"optimal_thrust": 4542.735731806752, "impact_speed": 79.35005711150217, "time": 39.195251149618926}, "-89": {"optimal_thrust": 4574.6827392321775, "impact_speed": 75.116909967802, "time": 39.198655685957505}, "-88": {"optimal_thrust": 4561.98964092937, "impact_speed": 76.78020594784823, "time": 39.208435142856885}, "-87": {"optimal_thrust": 4641.614582796563, "impact_speed": 64.47892355182339, "time": 39.22627242109291}, "-86": {"optimal_thrust": 4712.827159079406, "impact_speed": 51.24923357216838, "time": 39.24950923200097}, "-85": {"optimal_thrust": 4812.4925048104915, "impact_speed": 22.632037486370898, "time": 39.28125199646355}, "-84": {"optimal_thrust": 4806.707740978073, "impact_speed": 25.26395784121602, "time": 39.32151697111764}, "-83": {"optimal_thrust": 4697.335471688193, "impact_speed": 54.6193061236267, "time": 39.36243009429193}, "-82": {"optimal_thrust": 4514.600828717718, "impact_speed": 83.0922886140323, "time": 39.410609747405196}, "-81": {"optimal_thrust": 4545.631685915768, "impact_speed": 78.9841310796983, "time": 39.469810750953144}, "-80": {"optimal_thrust": 4547.101073250462, "impact_speed": 78.7827897004337, "time": 39.53154621533701}, "-79": {"optimal_thrust": 4547.728419860319, "impact_speed": 78.66433488109048, "time": 39.60202320881092}, "-78": {"optimal_thrust": 4538.104296766924, "impact_speed": 79.90793997938515, "time": 39.677194589524746}, "-77": {"optimal_thrust": 4528.274260171409, "impact_speed": 81.13733476661294, "time": 39.735185134573975}, "-76": {"optimal_thrust": 4519.616285308624, "impact_speed": 82.17942012359484, "time": 39.84456973012642}, "-75": {"optimal_thrust": 4512.916606357059, "impact_speed": 82.94641003528437, "time": 39.95115073496226}, "-74": {"optimal_thrust": 4507.490925413474, "impact_speed": 83.53974635514253, "time": 40.059671659059696}, "-73": {"optimal_thrust": 4502.165928469642, "impact_speed": 84.11625365877362, "time": 40.17369999938125}, "-72": {"optimal_thrust": 4496.065023328062, "impact_speed": 84.78825776213841, "time": 40.294267972860716}, "-71": {"optimal_thrust": 4451.844034852894, "impact_speed": 90.03814195576804, "time": 40.42175719072519}, "-70": {"optimal_thrust": 4450.8072928561905, "impact_speed": 90.07269171276711, "time": 40.55649005989326}, "-69": {"optimal_thrust": 4448.307288187823, "impact_speed": 90.28559796746232, "time": 40.698737252553116}, "-68": {"optimal_thrust": 4444.386407432601, "impact_speed": 90.6684047688898, "time": 40.848355254785055}, "-67": {"optimal_thrust": 4439.094332603458, "impact_speed": 91.21078119742019, "time": 41.00573426064038}, "-66": {"optimal_thrust": 4432.4828059997735, "impact_speed": 91.90142646479471, "time": 41.17082682735286}, "-65": {"optimal_thrust": 4424.601712936931, "impact_speed": 92.72877809468345, "time": 41.34370964604258}, "-64": {"optimal_thrust": 4415.500621519572, "impact_speed": 93.68103922919718, "time": 41.52501817916321}, "-63": {"optimal_thrust": 4405.227324331003, "impact_speed": 94.74652611824838, "time": 41.71421699849211}, "-62": {"optimal_thrust": 4393.82782321388, "impact_speed": 95.91381285165872, "time": 41.90646017708264}, "-61": {"optimal_thrust": 4381.346042498101, "impact_speed": 97.17187684228828, "time": 42.109009987396135}, "-60": {"optimal_thrust": 4367.825661570796, "impact_speed": 98.5099760157382, "time": 42.32037582612245}, "-59": {"optimal_thrust": 4353.308416241992, "impact_speed": 99.91790629898998, "time": 42.54014824756901}, "-58": {"optimal_thrust": 4337.8368394203235, "impact_speed": 101.38573495626977, "time": 42.768266657352775}, "-57": {"optimal_thrust": 4321.450937085795, "impact_speed": 102.9041987691615, "time": 43.004773495076904}, "-56": {"optimal_thrust": 4304.191621035207, "impact_speed": 104.46432925651789, "time": 43.24971568176354}, "-55": {"optimal_thrust": 4286.100355547717, "impact_speed": 106.05749152114572, "time": 43.503271248949936}, "-54": {"optimal_thrust": 4267.216508551183, "impact_speed": 107.67566495440386, "time": 43.76555112323821}, "-53": {"optimal_thrust": 4247.581665757439, "impact_speed": 109.31094291291134, "time": 44.03666249536795}, "-52": {"optimal_thrust": 4227.236302459377, "impact_speed": 110.95587434633012, "time": 44.31671382020147}, "-51": {"optimal_thrust": 4208.307749285537, "impact_speed": 112.3510431404491, "time": 44.60582360175821}, "-50": {"optimal_thrust": 4191.015189294414, "impact_speed": 113.41224031153243, "time": 44.904107342639804}, "-49": {"optimal_thrust": 4171.602653114275, "impact_speed": 114.55813742950566, "time": 45.211670159434085}, "-48": {"optimal_thrust": 4150.101327585455, "impact_speed": 115.769570247654, "time": 45.52863588488518}, "-47": {"optimal_thrust": 4126.543430132977, "impact_speed": 117.02263028483999, "time": 45.85513522265926}, "-46": {"optimal_thrust": 4100.963386447987, "impact_speed": 118.35291282338409, "time": 46.191308428727964}, "-45": {"optimal_thrust": 4073.396658149052, "impact_speed": 120.90541896983804, "time": 46.537309945508255}, "-44": {"optimal_thrust": 4043.881343967467, "impact_speed": 123.5674021057719, "time": 46.89331510702344}, "-43": {"optimal_thrust": 4012.45603182234, "impact_speed": 126.32896204277222, "time": 47.25951936989532}, "-42": {"optimal_thrust": 3979.1619425121858, "impact_speed": 129.1811138464045, "time": 47.636056804286994}, "-41": {"optimal_thrust": 3944.042437287306, "impact_speed": 132.11519108759367, "time": 48.02259502755881}, "-40": {"optimal_thrust": 3907.1427080432945, "impact_speed": 135.1228893635995, "time": 48.418302488601974}, "-39": {"optimal_thrust": 3868.5092234959516, "impact_speed": 138.1963322286177, "time": 48.82370266822046}, "-38": {"optimal_thrust": 3835.305890334361, "impact_speed": 140.61742238375734, "time": 49.23987636257259}, "-37": {"optimal_thrust": 3820.3779073146375, "impact_speed": 141.1056859690879, "time": 49.66721901151342}, "-36": {"optimal_thrust": 3802.636030006235, "impact_speed": 141.78780713775598, "time": 50.105700601610565}, "-35": {"optimal_thrust": 3784.2685794957038, "impact_speed": 142.4625628709237, "time": 50.55537690908187}, "-34": {"optimal_thrust": 3763.180093594092, "impact_speed": 143.41059961667054, "time": 51.01630186685736}, "-33": {"optimal_thrust": 3739.4763753272064, "impact_speed": 144.67396574493242, "time": 51.488554724214644}, "-32": {"optimal_thrust": 3718.857794714895, "impact_speed": 145.49842582809057, "time": 51.97225218656685}, "-31": {"optimal_thrust": 3698.443178636888, "impact_speed": 146.25561099982872, "time": 52.46747109736185}, "-30": {"optimal_thrust": 3678.2258084619375, "impact_speed": 146.94651672022735, "time": 52.974301086210666}, "-29": {"optimal_thrust": 3658.219755874015, "impact_speed": 147.5695800769536, "time": 53.492841746205656}, "-28": {"optimal_thrust": 3638.452968194048, "impact_speed": 148.12145183865618, "time": 54.02319250765135}, "-27": {"optimal_thrust": 3613.1131389828192, "impact_speed": 149.8001539035014, "time": 54.56538103665509}, "-26": {"optimal_thrust": 3594.350239858517, "impact_speed": 150.24756586220218, "time": 55.119576588058855}, "-25": {"optimal_thrust": 3576.1243886569405, "impact_speed": 150.57520528078183, "time": 55.68583018169237}, "-24": {"optimal_thrust": 3558.4636138613887, "impact_speed": 150.7637680426756, "time": 56.26420502365821}, "-23": {"optimal_thrust": 3541.367004905565, "impact_speed": 150.79524716424962, "time": 56.854743272668806}, "-22": {"optimal_thrust": 3524.815321909901, "impact_speed": 150.65298379530142, "time": 57.45750637425055}, "-21": {"optimal_thrust": 3508.787901703059, "impact_speed": 150.31970286328263, "time": 58.07255823936383}, "-20": {"optimal_thrust": 3493.271699116579, "impact_speed": 149.77686227985666, "time": 58.69994325925203}, "-19": {"optimal_thrust": 3478.267416285569, "impact_speed": 149.00352397083583, "time": 59.3397123454922}, "-18": {"optimal_thrust": 3463.790144315633, "impact_speed": 147.97563373750242, "time": 59.99189310002025}, "-17": {"optimal_thrust": 3449.867708866958,