{"-90": {"optimal_thrust": 4555.541524745059, "impact_speed": 79.83833722853329, "time": 39.076436706412714}, "-89": {"optimal_thrust": 4588.248626123585, "impact_speed": 75.52515907633267, "time": 39.079843698112434}, "-88": {"optimal_thrust": 4575.416975881779, "impact_speed": 77.19752372156819, "time": 39.08982742530049}, "-87": {"optimal_thrust": 4655.909956772067, "impact_speed": 64.82936034128068, "time": 39.10747210050218}, "-86": {"optimal_thrust": 4727.898557535296, "impact_speed": 51.527798476001294, "time": 39.1307449580574}, "-85": {"optimal_thrust": 4828.6505267081975, "impact_speed": 22.754949677400486, "time": 39.16250549311606}, "-84": {"optimal_thrust": 4822.80263610526, "impact_speed": 25.401216788766234, "time": 39.20276368767385}, "-83": {"optimal_thrust": 4712.238426033476, "impact_speed": 54.916106089590144, "time": 39.24378914746878}, "-82": {"optimal_thrust": 4527.511880153862, "impact_speed": 83.54388149531144, "time": 39.29196996778484}, "-81": {"optimal_thrust": 4558.881025507074, "impact_speed": 79.41338646016062, "time": 39.352436906403916}, "-80": {"optimal_thrust": 4560.366771200504, "impact_speed": 79.21090440997011, "time": 39.412976405084855}, "-79": {"optimal_thrust": 4561.000611687734, "impact_speed": 79.09185228272166, "time": 39.48348174511907}, "-78": {"optimal_thrust": 4551.27177273848, "impact_speed": 80.34219247917181, "time": 39.5585643174891}, "-77": {"optimal_thrust": 4541.334733427895, "impact_speed": 81.57825150352737, "time": 39.61786646864721}, "-76": {"optimal_thrust": 4532.582083632999, "impact_speed": 82.62604111466051, "time": 39.72678737037223}, "-75": {"optimal_thrust": 4525.809638015422, "impact_speed": 83.3971671415257, "time": 39.833126926083175}, "-74": {"optimal_thrust": 4520.324665672709, "impact_speed": 83.9937481950353, "time": 39.94162070622287}, "-73": {"optimal_thrust": 4514.941516991778, "impact_speed": 84.57340315506937, "time": 40.05570204267289}, "-72": {"optimal_thrust": 4508.774050298849, "impact_speed": 85.24906787436522, "time": 40.176361145524844}, "-71": {"optimal_thrust": 4464.071135250493, "impact_speed": 90.52747879002091, "time": 40.303960320850926}, "-70": {"optimal_thrust": 4463.023009203505, "impact_speed": 90.56222625182517, "time": 40.43887869890513}, "-69": {"optimal_thrust": 4460.495773736932, "impact_speed": 90.77628760231997, "time": 40.58120351284998}, "-68": {"optimal_thrust": 4456.532043449527, "impact_speed": 91.16118845382651, "time": 40.730982956217055}, "-67": {"optimal_thrust": 4451.182534125915, "impact_speed": 91.70648382940456, "time": 40.88853349616162}, "-66": {"optimal_thrust": 4444.498670855504, "impact_speed": 92.40091502803651, "time": 41.05380543615771}, "-65": {"optimal_thrust": 4436.532114011456, "impact_speed": 93.2327126137715, "time": 41.22688660417412}, "-64": {"optimal_thrust": 4427.331886384813, "impact_speed": 94.19014259144947, "time": 41.40844854830842}, "-63": {"optimal_thrust": 4416.946326355828, "impact_speed": 95.26145405811937, "time": 41.59769205869139}, "-62": {"optimal_thrust": 4405.422396042209, "impact_speed": 96.43510580230175, "time": 41.790215656461164}, "-61": {"optimal_thrust": 4392.8046387830755, "impact_speed": 97.6999997288475, "time": 41.99305521155722}, "-60": {"optimal_thrust": 4379.1370122044755, "impact_speed": 99.04535823321167, "time": 42.20470414038863}, "-59": {"optimal_thrust": 4364.461535311932, "impact_speed": 100.46094103925893, "time": 42.4247742149208}, "-58": {"optimal_thrust": 4348.821253626494, "impact_speed": 101.9367557265801, "time": 42.653206917079004}, "-57": {"optimal_thrust": 4332.2567620470745, "impact_speed": 103.46347175624788, "time": 42.89004832164992}, "-56": {"optimal_thrust": 4314.809490251718, "impact_speed": 105.03206406901923, "time": 43.13535082653808}, "-55": {"optimal_thrust": 4296.521015090901, "impact_speed": 106.63388825542378, "time": 43.389291733629676}, "-54": {"optimal_thrust": 4277.431542903169, "impact_speed": 108.26083478945183, "time": 43.65198251035308}, "-53": {"optimal_thrust": 4257.5823781503905, "impact_speed": 109.90503578352131, "time": 43.92353167090855}, "-52": {"optimal_thrust": 4237.015539837464, "impact_speed": 111.55887629541331, "time": 44.20404912396211}, "-51": {"optimal_thrust": 4217.880530723839, "impact_speed": 112.96164478822324, "time": 44.49365495247846}, "-50": {"optimal_thrust": 4200.399421747825, "impact_speed": 114.02861906602057, "time": 44.792466297506024}, "-49": {"optimal_thrust": 4180.775250630728, "impact_speed": 115.18075379106803, "time": 45.10058991720359}, "-48": {"optimal_thrust": 4159.039720816034, "impact_speed": 116.3987475977907, "time": 45.41815142369275}, "-47": {"optimal_thrust": 4135.225087086535, "impact_speed": 117.6586048843009, "time": 45.74528338335898}, "-46": {"optimal_thrust": 4109.366173944463, "impact_speed": 118.99625603165697, "time": 46.08212802520011}, "-45": {"optimal_thrust": 4081.4991859651514, "impact_speed": 121.56245105714153, "time": 46.42884192407667}, "-44": {"optimal_thrust": 4051.662077038751, "impact_speed": 124.23894938156698, "time": 46.78560277989248}, "-43": {"optimal_thrust": 4019.893971190175, "impact_speed": 127.0155689526912, "time": 47.152608619680116}, "-42": {"optimal_thrust": 3986.237292826332, "impact_speed": 129.8831755683993, "time": 47.52999484186817}, "-41": {"optimal_thrust": 3950.735118662377, "impact_speed": 132.83318732934632, "time": 47.917422967970474}, "-40": {"optimal_thrust": 3913.432984045129, "impact_speed": 135.85725979951067, "time": 48.314058015249145}, "-39": {"optimal_thrust": 3874.378256426962, "impact_speed": 138.94742366628068, "time": 48.720443228587335}, "-38": {"optimal_thrust": 3840.8132409199143, "impact_speed": 141.38165052137265, "time": 49.13766471038183}, "-37": {"optimal_thrust": 3825.7225549909354, "impact_speed": 141.87256808957696, "time": 49.566115975936995}, "-36": {"optimal_thrust": 3807.7873903541554, "impact_speed": 142.5583868592307, "time": 50.005766711012015}, "-35": {"optimal_thrust": 3789.219565828545, "impact_speed": 143.23683285233435, "time": 50.45667438566935}, "-34": {"optimal_thrust": 3763.02142071216, "impact_speed": 144.80914003954675, "time": 50.91887082110865}, "-33": {"optimal_thrust": 3743.938984083376, "impact_speed": 145.46028113321302, "time": 51.39250996713659}, "-32": {"optimal_thrust": 3723.096040406425, "impact_speed": 146.28917146267176, "time": 51.87763862357409}, "-31": {"optimal_thrust": 3702.458651164888, "impact_speed": 147.05051511785868, "time": 52.37436003364667}, "-30": {"optimal_thrust": 3682.0212666239345, "impact_speed": 147.74511979097826, "time": 52.88276639523975}, "-29": {"optimal_thrust": 3661.7972482535556, "impact_speed": 148.37155141597833, "time": 53.40296005238486}, "-28": {"optimal_thrust": 3641.8147943006857, "impact_speed": 148.92646712607015, "time": 53.93504273744298}, "-27": {"optimal_thrust": 3616.1988596546357, "impact_speed": 150.614276964148, "time": 54.47904288041961}, "-26": {"optimal_thrust": 3597.2312918578004, "impact_speed": 151.06415665871276, "time": 55.03513494840322}, "-25": {"optimal_thrust": 3578.8068509841846, "impact_speed": 151.39356652016497, "time": 55.60337120470562}, "-24": {"optimal_thrust": 3560.954009180497, "impact_speed": 151.58303917553386, "time": 56.183816524824614}, "-23": {"optimal_thrust": 3543.670708047658, "impact_speed": 151.61478895087419, "time": 56.776515194667326}, "-22": {"optimal_thrust": 3526.9388554961474, "impact_speed": 151.471663471392, "time": 57.381532746741236}, "-21": {"optimal_thrust": 3510.736512786668, "impact_speed": 151.13666563238792, "time": 57.99893565292567}, "-20": {"optimal_thrust": 3495.0514566805878, "impact_speed": 150.59072104764618, "time": 58.62876982483626}, "-19": {"optimal_thrust": 3479.8836957165704, "impact_speed": 149.81309458157315, "time": 59.271094839666}, "-18": {"optimal_thrust": 3465.2485771096117, "impact_speed": 148.7796013797011, "time": 59.92593113006477}, "-17": {"optimal_thrust": 3451.174561438394,