{"-90": {"optimal_thrust": 4568.406926293234, "impact_speed": 80.32757899538258, "time": 38.95818527815514}, "-89": {"optimal_thrust": 4601.88822100122, "impact_speed": 75.93338268262148, "time": 38.96159214788974}, "-88": {"optimal_thrust": 4588.917160659532, "impact_speed": 77.61483135290139, "time": 38.971997431906}, "-87": {"optimal_thrust": 4670.282956827231, "impact_speed": 65.17977354676424, "time": 38.98923338204544}, "-86": {"optimal_thrust": 4743.0518433559455, "impact_speed": 51.80632193511622, "time": 39.01254067724384}, "-85": {"optimal_thrust": 4844.8958953902675, "impact_speed": 22.877971271973095, "time": 39.04431800023116}, "-84": {"optimal_thrust": 4838.984769952502, "impact_speed": 25.538474497773674, "time": 39.084567257862375}, "-83": {"optimal_thrust": 4727.22207250152, "impact_speed": 55.21292238004378, "time": 39.12570694267645}, "-82": {"optimal_thrust": 4540.492551211995, "impact_speed": 83.9955202220488, "time": 39.1738863559358}, "-81": {"optimal_thrust": 4572.201955136779, "impact_speed": 79.84267170577961, "time": 39.23574067568872}, "-80": {"optimal_thrust": 4573.703862769622, "impact_speed": 79.63908761324339, "time": 39.294957935849546}, "-79": {"optimal_thrust": 4574.344739296763, "impact_speed": 79.51936974664146, "time": 39.365488338420654}, "-78": {"optimal_thrust": 4564.510241552426, "impact_speed": 80.77649484240393, "time": 39.440468726058064}, "-77": {"optimal_thrust": 4554.465369057226, "impact_speed": 82.01924994295233, "time": 39.501053475238834}, "-76": {"optimal_thrust": 4545.618014987533, "impact_speed": 83.0726803841785, "time": 39.6095249409283}, "-75": {"optimal_thrust": 4538.772001578138, "impact_speed": 83.84799411208967, "time": 39.7156319526004}, "-74": {"optimal_thrust": 4533.227821197521, "impact_speed": 84.44776830892721, "time": 39.824103728425676}, "-73": {"optimal_thrust": 4527.786324271749, "impact_speed": 85.03055588076161, "time": 39.9382373217476}, "-72": {"optimal_thrust": 4521.552213126968, "impact_speed": 85.70984659900856, "time": 40.058985284293186}, "-71": {"optimal_thrust": 4476.364049631454, "impact_speed": 91.01686906006611, "time": 40.18668611503417}, "-70": {"optimal_thrust": 4475.3053700036635, "impact_speed": 91.05170986085524, "time": 40.32178090602282}, "-69": {"optimal_thrust": 4472.750104751552, "impact_speed": 91.26700260197862, "time": 40.46419009437206}, "-68": {"optimal_thrust": 4468.743842260282, "impact_speed": 91.65393306481627, "time": 40.61412740657826}, "-67": {"optimal_thrust": 4463.336467667706, "impact_speed": 92.2021615908362, "time": 40.77184469768878}, "-66": {"optimal_thrust": 4456.579868393539, "impact_speed": 92.90037948970536, "time": 40.93729130774248}, "-65": {"optimal_thrust": 4448.526871400976, "impact_speed": 93.73668281723717, "time": 41.110566355796415}, "-64": {"optimal_thrust": 4439.226791038667, "impact_speed": 94.69930206290378, "time": 41.292378087278266}, "-63": {"optimal_thrust": 4428.729049631938, "impact_speed": 95.77635873521889, "time": 41.481654733027256}, "-62": {"optimal_thrust": 4417.080128517287, "impact_speed": 96.9563627636543, "time": 41.67446162254032}, "-61": {"optimal_thrust": 4404.325564620608, "impact_speed": 98.22809741136234, "time": 41.87758312461444}, "-60": {"optimal_thrust": 4390.5093151751735, "impact_speed": 99.58078017003521, "time": 42.08950876178601}, "-59": {"optimal_thrust": 4375.6752084838035, "impact_speed": 101.00396427538611, "time": 42.30987022514339}, "-58": {"optimal_thrust": 4359.865195980306, "impact_speed": 102.48777731533194, "time": 42.5386108906572}, "-57": {"optimal_thrust": 4343.121445691217, "impact_speed": 104.02271276257441, "time": 42.77578038553225}, "-56": {"optimal_thrust": 4325.485227177895, "impact_speed": 105.59976399509256, "time": 43.02143664929245}, "-55": {"optimal_thrust": 4306.998162229425, "impact_speed": 107.21028422866966, "time": 43.27575591837537}, "-54": {"optimal_thrust": 4287.701720844152, "impact_speed": 108.84602933465551, "time": 43.53885039618395}, "-53": {"optimal_thrust": 4267.637403372613, "impact_speed": 110.49911648250341, "time": 43.81082992848763}, "-52": {"optimal_thrust": 4246.847429096947, "impact_speed": 112.16191833971453, "time": 44.09180587675162}, "-51": {"optimal_thrust": 4227.505054461527, "impact_speed": 113.57226335438193, "time": 44.38189990957764}, "-50": {"optimal_thrust": 4209.834566032883, "impact_speed": 114.64499141613594, "time": 44.68123080466535}, "-49": {"optimal_thrust": 4189.997733462561, "impact_speed": 115.8033441894269, "time": 44.98990696150026}, "-48": {"optimal_thrust": 4168.026378849787, "impact_speed": 117.02796172425094, "time": 45.308055768104744}, "-47": {"optimal_thrust": 4143.953506232569, "impact_speed": 118.2946868422578, "time": 45.635811651898194}, "-46": {"optimal_thrust": 4117.81457531654, "impact_speed": 119.63919912950435, "time": 45.97331880737385}, "-45": {"optimal_thrust": 4089.6454364481456, "impact_speed": 122.21955361175584, "time": 46.320735922047255}, "-44": {"optimal_thrust": 4059.484905217977, "impact_speed": 124.91051340633062, "time": 46.67824304245474}, "-43": {"optimal_thrust": 4027.372630389172, "impact_speed": 127.70210834421513, "time": 47.04604076541843}, "-42": {"optimal_thrust": 3993.3508270136476, "impact_speed": 130.58526036624912, "time": 47.424266048579696}, "-41": {"optimal_thrust": 3957.4637631123105, "impact_speed": 133.55122211844943, "time": 47.81257526343698}, "-40": {"optimal_thrust": 3919.7574604520387, "impact_speed": 136.59161823033995, "time": 48.21012968623138}, "-39": {"optimal_thrust": 3880.2796585702404, "impact_speed": 139.69845700465038, "time": 48.61749028515326}, "-38": {"optimal_thrust": 3846.350272772752, "impact_speed": 142.14589558278502, "time": 49.03574906076525}, "-37": {"optimal_thrust": 3831.096176504102, "impact_speed": 142.6394495918127, "time": 49.46529830084157}, "-36": {"optimal_thrust": 3815.514600245091, "impact_speed": 143.03789368550437, "time": 49.90611954443941}, "-35": {"optimal_thrust": 3794.197792661604, "impact_speed": 144.01105152084725, "time": 50.35823589017966}, "-34": {"optimal_thrust": 3767.7155525282697, "impact_speed": 145.59187060448636, "time": 50.82171709684228}, "-33": {"optimal_thrust": 3748.4261466988746, "impact_speed": 146.2465457705356, "time": 51.29670781278963}, "-32": {"optimal_thrust": 3727.357107917863, "impact_speed": 147.07993930956462, "time": 51.783256915605364}, "-31": {"optimal_thrust": 3706.4961327861524, "impact_speed": 147.84537972785864, "time": 52.28147007647389}, "-30": {"optimal_thrust": 3685.836805796379, "impact_speed": 148.5438089526963, "time": 52.7914420733167}, "-29": {"optimal_thrust": 3665.3937291396887, "impact_speed": 149.17360055526635, "time": 53.313278000619945}, "-28": {"optimal_thrust": 3645.1951664385065, "impact_speed": 149.73141260852822, "time": 53.847081910898886}, "-27": {"optimal_thrust": 3619.301199943952, "impact_speed": 151.42842066708855, "time": 54.39288306173742}, "-26": {"optimal_thrust": 3600.128076478277, "impact_speed": 151.88072191083177, "time": 54.95086110378694}, "-25": {"optimal_thrust": 3581.5037022061397, "impact_speed": 152.21196422822163, "time": 55.521069560149776}, "-24": {"optimal_thrust": 3563.4571324575163, "impact_speed": 152.40252524085463, "time": 56.10357500816596}, "-23": {"optimal_thrust": 3545.987011818532, "impact_speed": 152.43429352203984, "time": 56.69842396766833}, "-22": {"optimal_thrust": 3529.0736457340604, "impact_speed": 152.29044189628897, "time": 57.3056860887518}, "-21": {"optimal_thrust": 3512.6960545005572, "impact_speed": 151.9534527805454, "time": 57.92543041746697}, "-20": {"optimal_thrust": 3496.840424281326, "impact_speed": 151.40484152182663, "time": 58.55770729765372}, "-19": {"optimal_thrust": 3481.508294144126, "impact_speed": 150.62300717197425, "time": 59.20257668717393}, "-18": {"optimal_thrust": 3466.7145590033324, "impact_speed": 149.58393496015316, "time": 59.86005940489766}, "-17": {"optimal_thrust": 3452.4878751707006,