{"-90": {"optimal_thrust": 4581.331936451274, "impact_speed": 80.81776481589114, "time": 38.84049387626184}, "-89": {"optimal_thrust": 4615.6010670922515, "impact_speed": 76.34164544165414, "time": 38.84389844555625}, "-88": {"optimal_thrust": 4602.490512473368, "impact_speed": 78.03208591630013, "time": 38.85451200036782}, "-87": {"optimal_thrust": 4684.733129839511, "impact_speed": 65.5302370382219, "time": 38.87155335448226}, "-86": {"optimal_thrust": 4758.28665268194, "impact_speed": 52.084879418236746, "time": 38.894893535888215}, "-85": {"optimal_thrust": 4861.228799925424, "impact_speed": 23.001011666951435, "time": 38.9266866835419}, "-84": {"optimal_thrust": 4855.253825309061, "impact_speed": 25.675863859842373, "time": 38.966924940337805}, "-83": {"optimal_thrust": 4742.286458675162, "impact_speed": 55.50974552580025, "time": 39.00818071315349}, "-82": {"optimal_thrust": 4553.543814625334, "impact_speed": 84.44708043083895, "time": 39.05635612523437}, "-81": {"optimal_thrust": 4585.595137593421, "impact_speed": 80.27189778919663, "time": 39.11891519107935}, "-80": {"optimal_thrust": 4587.112777648572, "impact_speed": 80.06728073082708, "time": 39.17748833609635}, "-79": {"optimal_thrust": 4587.760690216689, "impact_speed": 79.9469023353017, "time": 39.248040109233514}, "-78": {"optimal_thrust": 4577.820132443892, "impact_speed": 81.21078977021394, "time": 39.32290430735024}, "-77": {"optimal_thrust": 4567.666997527897, "impact_speed": 82.46022131512173, "time": 39.384745087937716}, "-76": {"optimal_thrust": 4558.724538622068, "impact_speed": 83.51927907217483, "time": 39.49278086898799}, "-75": {"optimal_thrust": 4551.804844724435, "impact_speed": 84.2987449939917, "time": 39.598663812671866}, "-74": {"optimal_thrust": 4546.200225457869, "impact_speed": 84.9018272655897, "time": 39.707118347549304}, "-73": {"optimal_thrust": 4540.700350881113, "impact_speed": 85.48771171287969, "time": 39.82130336930863}, "-72": {"optimal_thrust": 4534.398681343927, "impact_speed": 86.17069714944506, "time": 39.94213789185141}, "-71": {"optimal_thrust": 4488.724008376128, "impact_speed": 91.50616900215195, "time": 40.069937369065066}, "-70": {"optimal_thrust": 4487.653544788154, "impact_speed": 91.5412400637865, "time": 40.205157273936464}, "-69": {"optimal_thrust": 4485.071049100381, "impact_speed": 91.75765306369907, "time": 40.34769458721747}, "-68": {"optimal_thrust": 4481.0213412310195, "impact_speed": 92.14669310493845, "time": 40.49778619298004}, "-67": {"optimal_thrust": 4475.555701936067, "impact_speed": 92.69786498484015, "time": 40.655665514631416}, "-66": {"optimal_thrust": 4468.726252655317, "impact_speed": 93.39983712654272, "time": 40.82128215489296}, "-65": {"optimal_thrust": 4460.586130884809, "impact_speed": 94.24067135048303, "time": 40.99474666202464}, "-64": {"optimal_thrust": 4451.186052046961, "impact_speed": 95.20843476665927, "time": 41.176804507974566}, "-63": {"optimal_thrust": 4440.575216649645, "impact_speed": 96.29127204817867, "time": 41.36610479201447}, "-62": {"optimal_thrust": 4428.80044149633, "impact_speed": 97.47764961196631, "time": 41.559195762180444}, "-61": {"optimal_thrust": 4415.908354541163, "impact_speed": 98.75622237654433, "time": 41.762591628059866}, "-60": {"optimal_thrust": 4401.943400951396, "impact_speed": 100.11614895138162, "time": 41.974787690191775}, "-59": {"optimal_thrust": 4386.949286736597, "impact_speed": 101.54699263228804, "time": 42.195434336277245}, "-58": {"optimal_thrust": 4370.968746944866, "impact_speed": 103.03879088196207, "time": 42.42447669954417}, "-57": {"optimal_thrust": 4354.044429183011, "impact_speed": 104.58198337482709, "time": 42.661967868779165}, "-56": {"optimal_thrust": 4336.218000870208, "impact_speed": 106.16752027054396, "time": 42.9079713772822}, "-55": {"optimal_thrust": 4317.531400056823, "impact_speed": 107.78672283493096, "time": 43.1626620906475}, "-54": {"optimal_thrust": 4298.027238878152, "impact_speed": 109.43122659541133, "time": 43.426153130131354}, "-53": {"optimal_thrust": 4277.746662299705, "impact_speed": 111.0931939945395, "time": 43.69855567720502}, "-52": {"optimal_thrust": 4256.732759412788, "impact_speed": 112.76491068187272, "time": 43.97998255174788}, "-51": {"optimal_thrust": 4237.181716679489, "impact_speed": 114.18285187371127, "time": 44.27055700606398}, "-50": {"optimal_thrust": 4219.320543444358, "impact_speed": 115.26136767430941, "time": 44.5703994565903}, "-49": {"optimal_thrust": 4199.269784399036, "impact_speed": 116.42595723829672, "time": 44.87961994489912}, "-48": {"optimal_thrust": 4177.061734362214, "impact_speed": 117.65712503102206, "time": 45.1983476341722}, "-47": {"optimal_thrust": 4152.729360160815, "impact_speed": 118.93062941406575, "time": 45.52671880553162}, "-46": {"optimal_thrust": 4126.308513614508, "impact_speed": 120.28218165819911, "time": 45.86487960930805}, "-45": {"optimal_thrust": 4097.83563958105, "impact_speed": 122.87664258252198, "time": 46.212990833516216}, "-44": {"optimal_thrust": 4067.3497524021027, "impact_speed": 125.58211032310547, "time": 46.57123484515048}, "-43": {"optimal_thrust": 4034.891210145578, "impact_speed": 128.38871319334717, "time": 46.93981481095338}, "-42": {"optimal_thrust": 4000.502862284869, "impact_speed": 131.2873238175412, "time": 47.3188694951858}, "-41": {"optimal_thrust": 3964.2287808558995, "impact_speed": 134.26924451213645, "time": 47.70805107112355}, "-40": {"optimal_thrust": 3926.1160420308333, "impact_speed": 137.32597546663823, "time": 48.10651670256382}, "-39": {"optimal_thrust": 3886.212525955439, "impact_speed": 140.4495264604824, "time": 48.51484305134904}, "-38": {"optimal_thrust": 3851.917622188277, "impact_speed": 142.91009380923595, "time": 48.934128674246864}, "-37": {"optimal_thrust": 3836.49908906488, "impact_speed": 143.40629641233792, "time": 49.36476529581253}, "-36": {"optimal_thrust": 3818.173780851633, "impact_speed": 144.09955725067317, "time": 49.80672239242987}, "-35": {"optimal_thrust": 3799.202695415139, "impact_speed": 144.7852905677774, "time": 50.2600608294463}, "-34": {"optimal_thrust": 3772.434627002439, "impact_speed": 146.37464783493073, "time": 50.72481615496356}, "-33": {"optimal_thrust": 3752.937545763297, "impact_speed": 147.03280401328811, "time": 51.201147762856884}, "-32": {"optimal_thrust": 3731.6413324480127, "impact_speed": 147.87067962231467, "time": 51.68910661133883}, "-31": {"optimal_thrust": 3710.555481363267, "impact_speed": 148.64022814698808, "time": 52.18880081386826}, "-30": {"optimal_thrust": 3689.6734524947824, "impact_speed": 149.34240386127325, "time": 52.70032775259807}, "-29": {"optimal_thrust": 3669.009848214334, "impact_speed": 149.97560141080714, "time": 53.223795256713565}, "-28": {"optimal_thrust": 3648.5934453922973, "impact_speed": 150.53642599205727, "time": 53.75930972098606}, "-27": {"optimal_thrust": 3622.420242933973, "impact_speed": 152.24256849352327, "time": 54.3069013118206}, "-26": {"optimal_thrust": 3603.040593719947, "impact_speed": 152.69726202838936, "time": 54.866754813346866}, "-25": {"optimal_thrust": 3584.215524865658, "impact_speed": 153.03025676376052, "time": 55.43892503861935}, "-24": {"optimal_thrust": 3565.9742584041805, "impact_speed": 153.22186979198713, "time": 56.023480297071735}, "-23": {"optimal_thrust": 3548.315657652854, "impact_speed": 153.25384508561686, "time": 56.62046942045064}, "-22": {"optimal_thrust": 3531.2199478150883, "impact_speed": 153.10921888563286, "time": 57.229966387757436}, "-21": {"optimal_thrust": 3514.6657049148976, "impact_speed": 152.77045607205315, "time": 57.85204239959421}, "-20": {"optimal_thrust": 3498.6395004030874, "impact_speed": 152.21868510390647, "time": 58.486753316946256}, "-19": {"optimal_thrust": 3483.1417176601976, "impact_speed": 151.4328675981301, "time": 59.13415775217809}, "-18": {"optimal_thrust": 3468.1887244182712, "impact_speed": 150.38798174163773, "time": 59.794277796116866}, "-17": {"optimal_thrust": 3453.80828612949,