{"-90": {"optimal_thrust": 4594.31623800844, "impact_speed": 81.30891867295398, "time": 38.723359511317014}, "-89": {"optimal_thrust": 4629.387482217606, "impact_speed": 76.74990226438454, "time": 38.726759960629025}, "-88": {"optimal_thrust": 4616.1362854457475, "impact_speed": 78.4493890358168, "time": 38.736624839680324}, "-87": {"optimal_thrust": 4699.261246142193, "impact_speed": 65.8806257380303, "time": 38.754429122585115}, "-86": {"optimal_thrust": 4773.603031260494, "impact_speed": 52.36346102749657, "time": 38.777800690525574}, "-85": {"optimal_thrust": 4877.648962775126, "impact_speed": 23.12420028973136, "time": 38.80960871639141}, "-84": {"optimal_thrust": 4871.610436596412, "impact_speed": 25.813118444412105, "time": 38.8498340080322}, "-83": {"optimal_thrust": 4757.431768386971, "impact_speed": 55.80654003489779, "time": 38.89120770279621}, "-82": {"optimal_thrust": 4566.6648393446385, "impact_speed": 84.898668433638, "time": 38.93935496314987}, "-81": {"optimal_thrust": 4599.059826150219, "impact_speed": 80.70116488618991, "time": 39.00152242405557}, "-80": {"optimal_thrust": 4600.593711884371, "impact_speed": 80.49545751841569, "time": 39.06056508843621}, "-79": {"optimal_thrust": 4601.248660494534, "impact_speed": 80.37442369000598, "time": 39.13113419975468}, "-78": {"optimal_thrust": 4591.201501433766, "impact_speed": 81.64507004662104, "time": 39.20586902902725}, "-77": {"optimal_thrust": 4580.939618839905, "impact_speed": 82.90116605196853, "time": 39.26894017938027}, "-76": {"optimal_thrust": 4571.900823484911, "impact_speed": 83.9659432439945, "time": 39.37655353256967}, "-75": {"optimal_thrust": 4564.907019775083, "impact_speed": 84.74956506320605, "time": 39.48222047216064}, "-74": {"optimal_thrust": 4559.242708345017, "impact_speed": 85.35582103412489, "time": 39.5906621818216}, "-73": {"optimal_thrust": 4553.683738497727, "impact_speed": 85.94485305604667, "time": 39.70489771846358}, "-72": {"optimal_thrust": 4547.3145650354, "impact_speed": 86.63148181776118, "time": 39.82581647989987}, "-71": {"optimal_thrust": 4501.149811748928, "impact_speed": 91.99551866362988, "time": 39.95371156339865}, "-70": {"optimal_thrust": 4500.067850767721, "impact_speed": 92.03077937484123, "time": 40.08905294972068}, "-69": {"optimal_thrust": 4497.457838185701, "impact_speed": 92.24832912164166, "time": 40.23171458291468}, "-68": {"optimal_thrust": 4493.364654185114, "impact_speed": 92.63945514315031, "time": 40.38195691150469}, "-67": {"optimal_thrust": 4487.84035029, "impact_speed": 93.19358050336193, "time": 40.53999360495098}, "-66": {"optimal_thrust": 4480.937620431957, "impact_speed": 93.89931143752462, "time": 40.70577569564621}, "-65": {"optimal_thrust": 4472.710259941396, "impact_speed": 94.7446358424029, "time": 40.879425288159815}, "-64": {"optimal_thrust": 4463.209301812926, "impact_speed": 95.71758296012065, "time": 41.061725508231206}, "-63": {"optimal_thrust": 4452.484510198209, "impact_speed": 96.80622970288948, "time": 41.25104172444404}, "-62": {"optimal_thrust": 4440.583913428618, "impact_speed": 97.99890099652242, "time": 41.44441578835129}, "-61": {"optimal_thrust": 4427.553244477064, "impact_speed": 99.28434793038092, "time": 41.64807863380706}, "-60": {"optimal_thrust": 4413.438952322402, "impact_speed": 100.65150046982045, "time": 41.86053892596835}, "-59": {"optimal_thrust": 4398.283919091324, "impact_speed": 102.09000967521357, "time": 42.081464611310885}, "-58": {"optimal_thrust": 4382.132021447088, "impact_speed": 103.58978401295742, "time": 42.31080246851087}, "-57": {"optimal_thrust": 4365.026156177039, "impact_speed": 105.14123489262643, "time": 42.54860895904649}, "-56": {"optimal_thrust": 4347.008606468284, "impact_speed": 106.73524568865675, "time": 42.79495324560384}, "-55": {"optimal_thrust": 4328.121639360596, "impact_speed": 108.36310437441777, "time": 43.05000854451112}, "-54": {"optimal_thrust": 4308.407937413864, "impact_speed": 110.01644397610791, "time": 43.31388906238596}, "-53": {"optimal_thrust": 4287.910033767945, "impact_speed": 111.68728175818742, "time": 43.586707327743405}, "-52": {"optimal_thrust": 4266.670741610024, "impact_speed": 113.36794279494629, "time": 43.86857761805311}, "-51": {"optimal_thrust": 4246.909646045796, "impact_speed": 114.79351297434873, "time": 44.15962477163972}, "-50": {"optimal_thrust": 4228.857394050917, "impact_speed": 115.87774260809734, "time": 44.459970847116175}, "-49": {"optimal_thrust": 4208.591799196985, "impact_speed": 117.04853276457082, "time": 44.76972752330905}, "-48": {"optimal_thrust": 4186.145354143197, "impact_speed": 118.2863249790838, "time": 45.089025735255944}, "-47": {"optimal_thrust": 4161.552054129919, "impact_speed": 119.56665033145242, "time": 45.41800361711776}, "-46": {"optimal_thrust": 4134.84798883837, "impact_speed": 120.92520378077806, "time": 45.75680926575776}, "-45": {"optimal_thrust": 4106.069599681287, "impact_speed": 123.53378836469643, "time": 46.10560555137656}, "-44": {"optimal_thrust": 4075.257131848885, "impact_speed": 126.25362951013348, "time": 46.46457714147301}, "-43": {"optimal_thrust": 4042.4505412624558, "impact_speed": 129.07524608916088, "time": 46.83392976759835}, "-42": {"optimal_thrust": 4007.6930814292596, "impact_speed": 131.9894100807841, "time": 47.213804248569254}, "-41": {"optimal_thrust": 3971.030079285381, "impact_speed": 134.9872660086115, "time": 47.60384953839794}, "-40": {"optimal_thrust": 3932.5083848318222, "impact_speed": 138.0603696719081, "time": 48.003218258524626}, "-39": {"optimal_thrust": 3892.1770546295757, "impact_speed": 141.20061133409098, "time": 48.41250074531505}, "-38": {"optimal_thrust": 3857.514335989754, "impact_speed": 143.67434054675135, "time": 48.83280280512893}, "-37": {"optimal_thrust": 3841.930585144154, "impact_speed": 144.1731846999905, "time": 49.26451626642676}, "-36": {"optimal_thrust": 3826.011901265581, "impact_speed": 144.5759365738466, "time": 49.70762285182221}, "-35": {"optimal_thrust": 3804.2338845526133, "impact_speed": 145.559598304014, "time": 50.16214861122826}, "-34": {"optimal_thrust": 3777.1795985029776, "impact_speed": 147.1573491277608, "time": 50.62816745750693}, "-33": {"optimal_thrust": 3757.4729326906318, "impact_speed": 147.81908988301933, "time": 51.105829319103684}, "-32": {"optimal_thrust": 3735.9483254411093, "impact_speed": 148.66144978777572, "time": 51.595187255346275}, "-31": {"optimal_thrust": 3714.6366967156036, "impact_speed": 149.43506066216813, "time": 52.09635183409896}, "-30": {"optimal_thrust": 3693.5307643678925, "impact_speed": 150.1409827299215, "time": 52.609423056791584}, "-29": {"optimal_thrust": 3672.6452884276546, "impact_speed": 150.77761534987243, "time": 53.134511480719894}, "-28": {"optimal_thrust": 3652.010074129167, "impact_speed": 151.34141204412998, "time": 53.67172586646291}, "-27": {"optimal_thrust": 3625.556418614692, "impact_speed": 153.05663704571788, "time": 54.22109736331633}, "-26": {"optimal_thrust": 3605.968526372068, "impact_speed": 153.5138454348339, "time": 54.782815833993844}, "-25": {"optimal_thrust": 3586.941793896711, "impact_speed": 153.84857226747334, "time": 55.3569374238335}, "-24": {"optimal_thrust": 3568.5050117542623, "impact_speed": 154.04117845435476, "time": 55.943532204581615}, "-23": {"optimal_thrust": 3550.6566454470058, "impact_speed": 154.07344292474824, "time": 56.54265136569193}, "-22": {"optimal_thrust": 3533.377634127758, "impact_speed": 153.92804350603933, "time": 57.154373507132675}, "-21": {"optimal_thrust": 3516.645781328075, "impact_speed": 153.5875227057079, "time": 57.778771473304275}, "-20": {"optimal_thrust": 3500.447846576997, "impact_speed": 153.03275226586322, "time": 58.41590773284902}, "-19": {"optimal_thrust": 3484.7838379553723, "impact_speed": 152.24277470343426, "time": 59.065837894304494}, "-18": {"optimal_thrust": 3469.6704389329525, "impact_speed": 151.19238973132047, "time": 59.72858616724465}, "-17": {"optimal_thrust": 3455.136117472265,