{"-90": {"optimal_thrust": 4607.359634917717, "impact_speed": 81.80104829477919, "time": 38.60677919471165}, "-89": {"optimal_thrust": 4643.247090851055, "impact_speed": 77.15820550446993, "time": 38.6101740249181}, "-88": {"optimal_thrust": 4629.854739061558, "impact_speed": 78.866705066618, "time": 38.620065707744885}, "-87": {"optimal_thrust": 4713.86656066085, "impact_speed": 66.23106039766795, "time": 38.63785779993813}, "-86": {"optimal_thrust": 4789.0013603534935, "impact_speed": 52.64198882797018, "time": 38.66125930776239}, "-85": {"optimal_thrust": 4894.157283039639, "impact_speed": 23.247116752080355, "time": 38.69308128400175}, "-84": {"optimal_thrust": 4888.0542866038195, "impact_speed": 25.950371856251323, "time": 38.73329174250351}, "-83": {"optimal_thrust": 4772.657477023866, "impact_speed": 56.103406800840105, "time": 38.77478516401541}, "-82": {"optimal_thrust": 4579.855914052329, "impact_speed": 85.35024748790806, "time": 38.82289743461818}, "-81": {"optimal_thrust": 4612.5964495264825, "impact_speed": 81.13041567514753, "time": 38.88427948528181}, "-80": {"optimal_thrust": 4614.14698268776, "impact_speed": 80.92357625034431, "time": 38.944185637482434}, "-79": {"optimal_thrust": 4614.808454083277, "impact_speed": 80.80195996822664, "time": 39.0147677728523}, "-78": {"optimal_thrust": 4604.6544041275265, "impact_speed": 82.07932866245719, "time": 39.08936085953512}, "-77": {"optimal_thrust": 4594.282915782515, "impact_speed": 83.34212518761724, "time": 39.15363756524079}, "-76": {"optimal_thrust": 4585.147988881475, "impact_speed": 84.41253062908454, "time": 39.26084127199566}, "-75": {"optimal_thrust": 4578.079245178037, "impact_speed": 85.20036351589587, "time": 39.366299972728065}, "-74": {"optimal_thrust": 4572.354494584699, "impact_speed": 85.80984674347646, "time": 39.47473283976626}, "-73": {"optimal_thrust": 4566.736345443734, "impact_speed": 86.4019975932164, "time": 39.58901790215157}, "-72": {"optimal_thrust": 4560.299183995898, "impact_speed": 87.09228488523398, "time": 39.71001855926534}, "-71": {"optimal_thrust": 4513.642146227687, "impact_speed": 92.48483836585693, "time": 39.838006106341865}, "-70": {"optimal_thrust": 4512.5484009348875, "impact_speed": 92.52031463087138, "time": 39.97346549305048}, "-69": {"optimal_thrust": 4509.9106450650415, "impact_speed": 92.73901041295062, "time": 40.116247898278345}, "-68": {"optimal_thrust": 4505.773781122567, "impact_speed": 93.13221914773806, "time": 40.26663716530304}, "-67": {"optimal_thrust": 4500.190585910265, "impact_speed": 93.68928804799693, "time": 40.42482663371673}, "-66": {"optimal_thrust": 4493.2142889342, "impact_speed": 94.39876583912215, "time": 40.590769654957235}, "-65": {"optimal_thrust": 4484.899259110225, "impact_speed": 95.24857661304786, "time": 40.76460000206001}, "-64": {"optimal_thrust": 4475.297103980351, "impact_speed": 96.22668259749882, "time": 40.94713877785482}, "-63": {"optimal_thrust": 4464.457843087327, "impact_speed": 97.32112839686991, "time": 41.1364647477004}, "-62": {"optimal_thrust": 4452.429763235587, "impact_speed": 98.52020461568382, "time": 41.33011943094098}, "-61": {"optimal_thrust": 4439.260512442795, "impact_speed": 99.81244328526233, "time": 41.53404206178899}, "-60": {"optimal_thrust": 4424.995374274549, "impact_speed": 101.18690038621186, "time": 41.746760472806855}, "-59": {"optimal_thrust": 4409.678990525305, "impact_speed": 102.63302813917002, "time": 41.96795911641704}, "-58": {"optimal_thrust": 4393.354789466687, "impact_speed": 104.14078200101959, "time": 42.19758632448916}, "-57": {"optimal_thrust": 4376.0661823689225, "impact_speed": 105.70051566217373, "time": 42.435701843540265}, "-56": {"optimal_thrust": 4357.856531194509, "impact_speed": 107.30299610356546, "time": 42.68238048763166}, "-55": {"optimal_thrust": 4338.768402449905, "impact_speed": 108.93948141205398, "time": 42.93779357173509}, "-54": {"optimal_thrust": 4318.844329247132, "impact_speed": 110.60162539130197, "time": 43.2020565474412}, "-53": {"optimal_thrust": 4298.12763894105, "impact_speed": 112.28136629386071, "time": 43.47528329338686}, "-52": {"optimal_thrust": 4276.6616933416135, "impact_speed": 113.97097854165351, "time": 43.75758955012802}, "-51": {"optimal_thrust": 4256.690227150133, "impact_speed": 115.40408404384318, "time": 44.04910174517588}, "-50": {"optimal_thrust": 4238.44551205276, "impact_speed": 116.4940656437113, "time": 44.349943572312895}, "-49": {"optimal_thrust": 4217.963421054407, "impact_speed": 117.67112500285161, "time": 44.66022835065683}, "-48": {"optimal_thrust": 4195.277475893332, "impact_speed": 118.91551369388392, "time": 44.98008878780965}, "-47": {"optimal_thrust": 4170.422064292104, "impact_speed": 120.20257672633572, "time": 45.30966486404185}, "-46": {"optimal_thrust": 4143.432683777388, "impact_speed": 121.57003325121838, "time": 45.6491066106997}, "-45": {"optimal_thrust": 4114.347872125527, "impact_speed": 124.19079193250786, "time": 45.998578971959596}, "-44": {"optimal_thrust": 4083.206213089828, "impact_speed": 126.92524939914551, "time": 46.35826888028892}, "-43": {"optimal_thrust": 4050.0497610728657, "impact_speed": 129.76184902108403, "time": 46.72838464057786}, "-42": {"optimal_thrust": 4014.9218773310613, "impact_speed": 132.69146481002718, "time": 47.10906937730877}, "-41": {"optimal_thrust": 3977.867946653093, "impact_speed": 135.70525163443645, "time": 47.49996980667538}, "-40": {"optimal_thrust": 3938.9353935855, "impact_speed": 138.79470045451467, "time": 47.90023354848775}, "-39": {"optimal_thrust": 3898.173561803389, "impact_speed": 141.95167899276152, "time": 48.310462585658584}, "-38": {"optimal_thrust": 3863.141294098606, "impact_speed": 144.43854815897745, "time": 48.73177071691926}, "-37": {"optimal_thrust": 3847.391005228537, "impact_speed": 144.94007761000017, "time": 49.16455052377164}, "-36": {"optimal_thrust": 3831.30263244695, "impact_speed": 145.34496044942549, "time": 49.60878399626705}, "-35": {"optimal_thrust": 3809.2927038002767, "impact_speed": 146.3338067545108, "time": 50.06449865158635}, "-34": {"optimal_thrust": 3781.949143698249, "impact_speed": 147.94014376392124, "time": 50.531770455184564}, "-33": {"optimal_thrust": 3762.0324318071634, "impact_speed": 148.60538606662402, "time": 51.01075198486918}, "-32": {"optimal_thrust": 3740.278600154909, "impact_speed": 149.45217450606546, "time": 51.501498396428836}, "-31": {"optimal_thrust": 3718.7390907529198, "impact_speed": 150.22998617463364, "time": 52.00412272134508}, "-30": {"optimal_thrust": 3697.4082114854605, "impact_speed": 150.93963722413426, "time": 52.51872760867126}, "-29": {"optimal_thrust": 3676.3004218981773, "impact_speed": 151.57957141911263, "time": 53.04542633606509}, "-28": {"optimal_thrust": 3655.4447502633143, "impact_speed": 152.14643512839518, "time": 53.58433004157011}, "-27": {"optimal_thrust": 3628.708713978874, "impact_speed": 153.8708228639606, "time": 54.13547094007187}, "-26": {"optimal_thrust": 3608.9121916453823, "impact_speed": 154.33040378057964, "time": 54.69904392601123}, "-25": {"optimal_thrust": 3589.6825211075716, "impact_speed": 154.6669075460822, "time": 55.2751065025777}, "-24": {"optimal_thrust": 3571.0488793626087, "impact_speed": 154.8605923962936, "time": 55.86373054279073}, "-23": {"optimal_thrust": 3553.010233904478, "impact_speed": 154.89300353494534, "time": 56.46496972830555}, "-22": {"optimal_thrust": 3535.5471493666046, "impact_speed": 154.74674500039708, "time": 57.0789073027993}, "-21": {"optimal_thrust": 3518.6368565086445, "impact_speed": 154.40438350581135, "time": 57.70561751405242}, "-20": {"optimal_thrust": 3502.265788014174, "impact_speed": 153.84684807420948, "time": 58.34517040225332}, "-19": {"optimal_thrust": 3486.4351682874126, "impact_speed": 153.05233776720476, "time": 58.99761697777473}, "-18": {"optimal_thrust": 3471.1600197581133, "impact_speed": 151.99683317192094, "time": 59.662984389744985}, "-17": {"optimal_thrust": 3456.4709846570263,