{"-90": {"optimal_thrust": 3343.084949777234, "impact_speed": 8.018611048092396, "time": 68.76688991650674}, "-89": {"optimal_thrust": 3343.2730331276275, "impact_speed": 7.754992271764427, "time": 68.76422743423865}, "-88": {"optimal_thrust": 3343.137320308578, "impact_speed": 7.927204795652046, "time": 68.76990577416404}, "-87": {"optimal_thrust": 3343.985898388007, "impact_speed": 6.657484970530359, "time": 68.77188541472148}, "-86": {"optimal_thrust": 3344.746191961013, "impact_speed": 5.2892780417963685, "time": 68.77702780253149}, "-85": {"optimal_thrust": 3345.807714308186, "impact_speed": 2.3362009549710017, "time": 68.78465840827798}, "-84": {"optimal_thrust": 3345.745031754483, "impact_speed": 2.6121468346784593, "time": 68.79461168562636}, "-83": {"optimal_thrust": 3344.577796732008, "impact_speed": 5.643534276995384, "time": 68.80079835106707}, "-82": {"optimal_thrust": 3342.6314184961657, "impact_speed": 8.579871638561578, "time": 68.8027589086403}, "-81": {"optimal_thrust": 3342.9622243786325, "impact_speed": 8.155739571548873, "time": 68.81534471195533}, "-80": {"optimal_thrust": 3342.9775298469685, "impact_speed": 8.135423691633882, "time": 68.83609325951431}, "-79": {"optimal_thrust": 3342.984159591141, "impact_speed": 8.123269117492686, "time": 68.8527912018666}, "-78": {"optimal_thrust": 3342.8811883261224, "impact_speed": 8.252132355074984, "time": 68.87039547472733}, "-77": {"optimal_thrust": 3342.776693125817, "impact_speed": 8.378658092491172, "time": 68.89027284195778}, "-76": {"optimal_thrust": 3342.684212542856, "impact_speed": 8.48646237562966, "time": 68.90758294311354}, "-75": {"optimal_thrust": 3342.613070052723, "impact_speed": 8.565289967984867, "time": 68.9285234225941}, "-74": {"optimal_thrust": 3342.5552869295875, "impact_speed": 8.626471048243406, "time": 68.95092049185729}, "-73": {"optimal_thrust": 3342.498293148193, "impact_speed": 8.686264303955774, "time": 68.97472187569008}, "-72": {"optimal_thrust": 3342.433106606336, "impact_speed": 8.755817143595241, "time": 69.00008149438236}, "-71": {"optimal_thrust": 3341.9616967646443, "impact_speed": 9.297768498349587, "time": 69.02711591758764}, "-70": {"optimal_thrust": 3341.950813183457, "impact_speed": 9.301142522837303, "time": 69.05581725659324}, "-69": {"optimal_thrust": 3341.924069471202, "impact_speed": 9.323228197911185, "time": 69.08632669690746}, "-68": {"optimal_thrust": 3341.882505287122, "impact_speed": 9.362479005333473, "time": 69.1177905849969}, "-67": {"optimal_thrust": 3341.8257286093185, "impact_speed": 9.418884371957013, "time": 69.14887324318839}, "-66": {"optimal_thrust": 3341.755426722625, "impact_speed": 9.489977424190077, "time": 69.18146347767718}, "-65": {"optimal_thrust": 3341.671590613677, "impact_speed": 9.575185212394505, "time": 69.21578347635995}, "-64": {"optimal_thrust": 3341.574035023519, "impact_speed": 9.674094132358826, "time": 69.25167914826713}, "-63": {"optimal_thrust": 3341.4650141684147, "impact_speed": 9.783530887059685, "time": 69.28904314946722}, "-62": {"optimal_thrust": 3341.3434177054037, "impact_speed": 9.90411727559923, "time": 69.32778768116525}, "-61": {"optimal_thrust": 3341.2098318824683, "impact_speed": 10.034571219231303, "time": 69.36792969746513}, "-60": {"optimal_thrust": 3341.0656501075077, "impact_speed": 10.172758545167936, "time": 69.4094152771905}, "-59": {"optimal_thrust": 3340.911234073791, "impact_speed": 10.317727761139977, "time": 69.45221732893711}, "-58": {"optimal_thrust": 3340.7462546949755, "impact_speed": 10.469305674427861, "time": 69.496334522239}, "-57": {"optimal_thrust": 3340.5716079440112, "impact_speed": 10.626024220918268, "time": 69.54172075864071}, "-56": {"optimal_thrust": 3340.387380208951, "impact_speed": 10.787333587945659, "time": 69.58837163787223}, "-55": {"optimal_thrust": 3340.1946391682845, "impact_speed": 10.951669979215282, "time": 69.63627994843773}, "-54": {"optimal_thrust": 3339.9932528370014, "impact_speed": 11.118798135299777, "time": 69.68543365478001}, "-53": {"optimal_thrust": 3339.78366357573, "impact_speed": 11.287907080747452, "time": 69.73582039514086}, "-52": {"optimal_thrust": 3339.566868119807, "impact_speed": 11.457610757624074, "time": 69.78742748189315}, "-51": {"optimal_thrust": 3339.365212517982, "impact_speed": 11.601480025460182, "time": 69.84024210793798}, "-50": {"optimal_thrust": 3339.1806974858746, "impact_speed": 11.711224236030839, "time": 69.89425093323733}, "-49": {"optimal_thrust": 3338.9734454491604, "impact_speed": 11.829969845882934, "time": 69.94943986806952}, "-48": {"optimal_thrust": 3338.7442092019473, "impact_speed": 11.955201378071255, "time": 70.00579489209733}, "-47": {"optimal_thrust": 3338.4930336210373, "impact_speed": 12.08512046123242, "time": 70.06330164383384}, "-46": {"optimal_thrust": 3338.2204365603516, "impact_speed": 12.22724462546276, "time": 70.12194543194944}, "-45": {"optimal_thrust": 3337.9261826724855, "impact_speed": 12.486598062276967, "time": 70.18171627136341}, "-44": {"optimal_thrust": 3337.611861309535, "impact_speed": 12.75992620217756, "time": 70.24259340481318}, "-43": {"optimal_thrust": 3337.2762860036455, "impact_speed": 13.045829220795165, "time": 70.30455979385609}, "-42": {"optimal_thrust": 3336.9214821328924, "impact_speed": 13.339909240565582, "time": 70.36760187557394}, "-41": {"optimal_thrust": 3336.547173792589, "impact_speed": 13.642621968231218, "time": 70.43173030270962}, "-40": {"optimal_thrust": 3336.153682872701, "impact_speed": 13.953212728155693, "time": 70.49693127789742}, "-39": {"optimal_thrust": 3335.7415261930364, "impact_speed": 14.270775055788905, "time": 70.56318363747177}, "-38": {"optimal_thrust": 3335.388042931723, "impact_speed": 14.520214643902614, "time": 70.6304673777338}, "-37": {"optimal_thrust": 3335.228590567897, "impact_speed": 14.57092167419664, "time": 70.69876367791804}, "-36": {"optimal_thrust": 3335.039428777318, "impact_speed": 14.641361344338282, "time": 70.76805076800608}, "-35": {"optimal_thrust": 3334.8437606992243, "impact_speed": 14.7108280432918, "time": 70.83831015180942}, "-34": {"optimal_thrust": 3334.5675183963426, "impact_speed": 14.245385823414876, "time": 70.90952312583698}, "-33": {"optimal_thrust": 3334.366768946704, "impact_speed": 14.098279959757136, "time": 70.98167407513284}, "-32": {"optimal_thrust": 3334.1467599167167, "impact_speed": 13.891567808784762, "time": 71.05474531700636}, "-31": {"optimal_thrust": 3333.9287549330625, "impact_speed": 13.711014744185713, "time": 71.12872020019215}, "-30": {"optimal_thrust": 3333.7134483203567, "impact_speed": 13.558972680078007, "time": 71.20358012898367}, "-29": {"optimal_thrust": 3333.5000462397124, "impact_speed": 13.431547913277992, "time": 71.27930144106458}, "-28": {"optimal_thrust": 3333.23293069381, "impact_speed": 13.087104467122671, "time": 71.35584910036908}, "-27": {"optimal_thrust": 3333.0393558232677, "impact_speed": 13.073879725030766, "time": 71.4331725319601}, "-26": {"optimal_thrust": 3332.8474192830004, "impact_speed": 13.082615447614808, "time": 71.51120184817658}, "-25": {"optimal_thrust": 3332.6579659812883, "impact_speed": 13.115903372257453, "time": 71.58986859813307}, "-24": {"optimal_thrust": 3332.4705855897937, "impact_speed": 13.170920104488273, "time": 71.66913397872044}, "-23": {"optimal_thrust": 3332.2861149302166, "impact_speed": 13.25021606595737, "time": 71.7489985339318}, "-22": {"optimal_thrust": 3332.1045773188193, "impact_speed": 13.352868007952003, "time": 71.82948254923605}, "-21": {"optimal_thrust": 3331.8982366235828, "impact_speed": 13.3495655285497, "time": 71.91060222159567}, "-20": {"optimal_thrust": 3331.750951804538, "impact_speed": 13.626793130063087, "time": 71.99236158008691}, "-19": {"optimal_thrust": 3331.602061292802, "impact_speed": 13.898023786829519, "time": 72.07475093133908}, "-18": {"optimal_thrust": 3331.4516408919794, "impact_speed": 14.163827152132793, "time": 72.15775313669447}, "-17": {"optimal_thrust": 3331.2994451092495,