{"-90": {"optimal_thrust": 4620.461698576459, "impact_speed": 82.29419101315922, "time": 38.49074971559849}, "-89": {"optimal_thrust": 4657.180781776581, "impact_speed": 77.56643139397637, "time": 38.494063648849284}, "-88": {"optimal_thrust": 4643.646444304408, "impact_speed": 79.2839574700293, "time": 38.504101132564024}, "-87": {"optimal_thrust": 4728.549073395486, "impact_speed": 66.58154029140788, "time": 38.52183651450449}, "-86": {"optimal_thrust": 4804.48123605081, "impact_speed": 52.92054539567711, "time": 38.545266561543286}, "-85": {"optimal_thrust": 4910.753248195778, "impact_speed": 23.370002393615803, "time": 38.57710157699821}, "-84": {"optimal_thrust": 4904.58537533128, "impact_speed": 26.087624113868287, "time": 38.617295436408774}, "-83": {"optimal_thrust": 4787.964219007324, "impact_speed": 56.400223859865804, "time": 38.65891036249549}, "-82": {"optimal_thrust": 4593.116833922128, "impact_speed": 85.80184335597092, "time": 38.706985073694746}, "-81": {"optimal_thrust": 4626.204467292495, "impact_speed": 81.55972147471257, "time": 38.7676414767477}, "-80": {"optimal_thrust": 4627.771563543224, "impact_speed": 81.35177299410961, "time": 38.82827794531837}, "-79": {"optimal_thrust": 4628.44058424068, "impact_speed": 81.22944327798308, "time": 38.89893801553588}, "-78": {"optimal_thrust": 4618.178701094476, "impact_speed": 82.51358402277903, "time": 38.97337776707208}, "-77": {"optimal_thrust": 4607.697093985225, "impact_speed": 83.78307230727219, "time": 39.03883600896122}, "-76": {"optimal_thrust": 4598.464999440143, "impact_speed": 84.85917239286059, "time": 39.14564238172233}, "-75": {"optimal_thrust": 4591.321231913029, "impact_speed": 85.65117659059636, "time": 39.2509021094918}, "-74": {"optimal_thrust": 4585.5359581033545, "impact_speed": 86.26385778556596, "time": 39.35932792847927}, "-73": {"optimal_thrust": 4579.858172299937, "impact_speed": 86.85914520278718, "time": 39.473661454834726}, "-72": {"optimal_thrust": 4573.352733694659, "impact_speed": 87.55308226802184, "time": 39.59474164749854}, "-71": {"optimal_thrust": 4526.200294689805, "impact_speed": 92.97421055924872, "time": 39.7228183762059}, "-70": {"optimal_thrust": 4525.0951651655305, "impact_speed": 93.00984934841519, "time": 39.858392469302345}, "-69": {"optimal_thrust": 4522.429349128797, "impact_speed": 93.22971069018739, "time": 40.00129260748601}, "-68": {"optimal_thrust": 4518.24852599636, "impact_speed": 93.62500755787639, "time": 40.15182456444525}, "-67": {"optimal_thrust": 4512.606235616104, "impact_speed": 94.18500754581868, "time": 40.31016227194557}, "-66": {"optimal_thrust": 4505.555940951309, "impact_speed": 94.89823677332768, "time": 40.47626176141495}, "-65": {"optimal_thrust": 4497.152646073512, "impact_speed": 95.75254868432728, "time": 40.65026857393702}, "-64": {"optimal_thrust": 4487.44834988937, "impact_speed": 96.73585927624056, "time": 40.83304199132804}, "-63": {"optimal_thrust": 4476.49433387192, "impact_speed": 97.8360676128532, "time": 41.022372819457836}, "-62": {"optimal_thrust": 4464.339056784151, "impact_speed": 99.04144136474739, "time": 41.21630444490017}, "-61": {"optimal_thrust": 4451.029994677996, "impact_speed": 100.34052695195803, "time": 41.42047983820741}, "-60": {"optimal_thrust": 4436.613147358016, "impact_speed": 101.72229540589402, "time": 41.63345034192114}, "-59": {"optimal_thrust": 4421.1341838278, "impact_speed": 103.17608244430032, "time": 41.85491592117729}, "-58": {"optimal_thrust": 4404.636848885415, "impact_speed": 104.69180659352915, "time": 42.0848263978065}, "-57": {"optimal_thrust": 4387.16495271631, "impact_speed": 106.25977736107757, "time": 42.32324471478433}, "-56": {"optimal_thrust": 4368.762005784585, "impact_speed": 107.87074633929068, "time": 42.570251341794716}, "-55": {"optimal_thrust": 4349.471371640263, "impact_speed": 109.51588819349217, "time": 42.8260154670352}, "-54": {"optimal_thrust": 4329.335945617388, "impact_speed": 111.18682211784696, "time": 43.090653938617926}, "-53": {"optimal_thrust": 4308.399557845502, "impact_speed": 112.87543890328081, "time": 43.36428198909825}, "-52": {"optimal_thrust": 4286.705768034386, "impact_speed": 114.57400080556067, "time": 43.64701682339223}, "-51": {"optimal_thrust": 4266.522550553856, "impact_speed": 116.01467199736133, "time": 43.93898645875325}, "-50": {"optimal_thrust": 4248.084107474419, "impact_speed": 117.11043845874683, "time": 44.24031622507554}, "-49": {"optimal_thrust": 4227.384889551125, "impact_speed": 118.29369786199766, "time": 44.55112108385456}, "-48": {"optimal_thrust": 4204.457939856435, "impact_speed": 119.54472297032356, "time": 44.87153550745356}, "-47": {"optimal_thrust": 4179.338637896383, "impact_speed": 120.8386799864105, "time": 45.20170131959411}, "-46": {"optimal_thrust": 4152.063428900053, "impact_speed": 122.21205091440709, "time": 45.541770482949104}, "-45": {"optimal_thrust": 4122.669943287655, "impact_speed": 124.84783779438, "time": 45.891909987961625}, "-44": {"optimal_thrust": 4091.197826593427, "impact_speed": 127.59679213514909, "time": 46.252309017810646}, "-43": {"optimal_thrust": 4057.689732243746, "impact_speed": 130.44838077718998, "time": 46.62317844293023}, "-42": {"optimal_thrust": 4022.1889018060406, "impact_speed": 133.3935360932722, "time": 47.004663945691206}, "-41": {"optimal_thrust": 3984.7420198854347, "impact_speed": 136.42324579337117, "time": 47.396411007180575}, "-40": {"optimal_thrust": 3945.3961631810894, "impact_speed": 139.529068137137, "time": 47.797561754097195}, "-39": {"optimal_thrust": 3904.202121508144, "impact_speed": 142.70272218931734, "time": 48.2087277899668}, "-38": {"optimal_thrust": 3868.797665795957, "impact_speed": 145.20279884108513, "time": 48.63103166641712}, "-37": {"optimal_thrust": 3852.880766029873, "impact_speed": 145.70693101479384, "time": 49.06486737990092}, "-36": {"optimal_thrust": 3836.6214339677995, "impact_speed": 146.113983983573, "time": 49.51021728187817}, "-35": {"optimal_thrust": 3814.377882130837, "impact_speed": 147.1080745119416, "time": 49.96711035409377}, "-34": {"optimal_thrust": 3786.7445136308, "impact_speed": 148.72287221163563, "time": 50.435624611099165}, "-33": {"optimal_thrust": 3766.616556370647, "impact_speed": 149.39162310470422, "time": 50.915915265096174}, "-32": {"optimal_thrust": 3744.6316433316542, "impact_speed": 150.24292892699506, "time": 51.40803957775197}, "-31": {"optimal_thrust": 3722.8637399954273, "impact_speed": 151.02483412934754, "time": 51.912113068464315}, "-30": {"optimal_thrust": 3701.3061987525493, "impact_speed": 151.73829667281322, "time": 52.42824103551119}, "-29": {"optimal_thrust": 3679.9744179947634, "impact_speed": 152.38162761751627, "time": 52.956539479214065}, "-28": {"optimal_thrust": 3658.8973885769874, "impact_speed": 152.9515125814091, "time": 53.497121941446174}, "-27": {"optimal_thrust": 3631.878155682314, "impact_speed": 154.6849272252212, "time": 54.05002177710031}, "-26": {"optimal_thrust": 3611.87120263385, "impact_speed": 155.14701955548404, "time": 54.615438845201595}, "-25": {"optimal_thrust": 3592.4376372131424, "impact_speed": 155.48527879925854, "time": 55.193432060952865}, "-24": {"optimal_thrust": 3573.6063632645814, "impact_speed": 155.67997312486912, "time": 55.78407497615523}, "-23": {"optimal_thrust": 3555.376619177021, "impact_speed": 155.71246507778628, "time": 56.38742434589524}, "-22": {"optimal_thrust": 3537.7281173679735, "impact_speed": 155.56546835817375, "time": 57.00356762510766}, "-21": {"optimal_thrust": 3520.6380998995146, "impact_speed": 155.22142854346248, "time": 57.63258038782168}, "-20": {"optimal_thrust": 3504.0937699565748, "impact_speed": 154.66071143802125, "time": 58.27454118197544}, "-19": {"optimal_thrust": 3488.0948781878137, "impact_speed": 153.86218990573695, "time": 58.929494857823144}, "-18": {"optimal_thrust": 3472.657980151511, "impact_speed": 152.8007964693583, "time": 59.597472337692984}, "-17": {"optimal_thrust": 3457.8128876837736,