{"-90": {"optimal_thrust": 4633.623482432193, "impact_speed": 82.7881942794902, "time": 38.37526733788303}, "-89": {"optimal_thrust": 4671.187835785211, "impact_speed": 77.9746801872061, "time": 38.37868832259714}, "-88": {"optimal_thrust": 4657.5104861148475, "impact_speed": 79.70126893926444, "time": 38.38852373463629}, "-87": {"optimal_thrust": 4743.3095283373605, "impact_speed": 66.93194656851811, "time": 38.40636240838126}, "-86": {"optimal_thrust": 4820.043063178567, "impact_speed": 53.199048795925506, "time": 38.429819637249096}, "-85": {"optimal_thrust": 4927.436470197327, "impact_speed": 23.493036231699318, "time": 38.46166679543509}, "-84": {"optimal_thrust": 4921.203278636869, "impact_speed": 26.22504917761356, "time": 38.501842390930065}, "-83": {"optimal_thrust": 4803.351568447393, "impact_speed": 56.697072676991034, "time": 38.543580571545256}, "-82": {"optimal_thrust": 4606.4477201177515, "impact_speed": 86.25344069712398, "time": 38.59161508586758}, "-81": {"optimal_thrust": 4639.884821626093, "impact_speed": 81.98895818243598, "time": 38.651717602868764}, "-80": {"optimal_thrust": 4641.4681637555395, "impact_speed": 81.7799536263966, "time": 38.71304150399953}, "-79": {"optimal_thrust": 4642.144135521525, "impact_speed": 81.6569944911447, "time": 38.78364213393031}, "-78": {"optimal_thrust": 4631.773990902763, "impact_speed": 82.947887911416, "time": 38.857917718938545}, "-77": {"optimal_thrust": 4621.181974933993, "impact_speed": 84.2240302148657, "time": 38.924534221825716}, "-76": {"optimal_thrust": 4611.852489582395, "impact_speed": 85.30578846971885, "time": 39.03095512299091}, "-75": {"optimal_thrust": 4604.633296601567, "impact_speed": 86.10196493815994, "time": 39.13602539869902}, "-74": {"optimal_thrust": 4598.786725754531, "impact_speed": 86.7179001574747, "time": 39.24444504939469}, "-73": {"optimal_thrust": 4593.049247203283, "impact_speed": 87.31629240666908, "time": 39.35882591268649}, "-72": {"optimal_thrust": 4586.474989755755, "impact_speed": 88.01390122439466, "time": 39.47998326564742}, "-71": {"optimal_thrust": 4538.824975000998, "impact_speed": 93.46355278666479, "time": 39.60814578690456}, "-70": {"optimal_thrust": 4537.708461228692, "impact_speed": 93.49934730714372, "time": 39.743831451003125}, "-69": {"optimal_thrust": 4535.014214031552, "impact_speed": 93.72039956950172, "time": 39.8868463148004}, "-68": {"optimal_thrust": 4530.789598111267, "impact_speed": 94.11773911779956, "time": 40.03751672901855}, "-67": {"optimal_thrust": 4525.08718604851, "impact_speed": 94.68075170238433, "time": 40.19599819774622}, "-66": {"optimal_thrust": 4517.962780781807, "impact_speed": 95.39770083444688, "time": 40.36224975057569}, "-65": {"optimal_thrust": 4509.4710165526285, "impact_speed": 96.25648442183694, "time": 40.53642878091926}, "-64": {"optimal_thrust": 4499.664148918892, "impact_speed": 97.24498752857995, "time": 40.71943281971192}, "-63": {"optimal_thrust": 4488.594350739309, "impact_speed": 98.3510057640504, "time": 40.908764674994295}, "-62": {"optimal_thrust": 4476.310646395082, "impact_speed": 99.56273898592211, "time": 41.10296859681936}, "-61": {"optimal_thrust": 4462.86125971872, "impact_speed": 100.86864638058344, "time": 41.307389895833346}, "-60": {"optimal_thrust": 4448.292386035358, "impact_speed": 102.25767315906332, "time": 41.52060654766403}, "-59": {"optimal_thrust": 4432.650247597897, "impact_speed": 103.71909117047286, "time": 41.74233310247813}, "-58": {"optimal_thrust": 4415.978402489124, "impact_speed": 105.24283559101471, "time": 41.972520823386574}, "-57": {"optimal_thrust": 4398.322021604809, "impact_speed": 106.81906796900428, "time": 42.211235765012624}, "-56": {"optimal_thrust": 4379.724833706224, "impact_speed": 108.43851739594565, "time": 42.45856404783968}, "-55": {"optimal_thrust": 4360.230829207156, "impact_speed": 110.09229404505388, "time": 42.71467252953769}, "-54": {"optimal_thrust": 4339.882742027436, "impact_speed": 111.7720387036061, "time": 42.97967959283628}, "-53": {"optimal_thrust": 4318.72550941778, "impact_speed": 113.46953034141718, "time": 43.25370183051146}, "-52": {"optimal_thrust": 4296.8028122615115, "impact_speed": 115.17702676820294, "time": 43.5368579138116}, "-51": {"optimal_thrust": 4276.406616256963, "impact_speed": 116.62527656975914, "time": 43.829277448992855}, "-50": {"optimal_thrust": 4257.77349795553, "impact_speed": 117.72681992980993, "time": 44.1310874033296}, "-49": {"optimal_thrust": 4236.855530257377, "impact_speed": 118.91635197413142, "time": 44.44240437739969}, "-48": {"optimal_thrust": 4213.687062834738, "impact_speed": 120.17389011534098, "time": 44.76336461223347}, "-47": {"optimal_thrust": 4188.302922622007, "impact_speed": 121.47454799609014, "time": 45.09411176470572}, "-46": {"optimal_thrust": 4160.739275527181, "impact_speed": 122.85650047256995, "time": 45.43479971505629}, "-45": {"optimal_thrust": 4131.035454329163, "impact_speed": 125.50505196973347, "time": 45.78559749328184}, "-44": {"optimal_thrust": 4099.231459101927, "impact_speed": 128.26836729696683, "time": 46.146696505690684}, "-43": {"optimal_thrust": 4065.3696246465493, "impact_speed": 131.13497659117806, "time": 46.518310181710774}, "-42": {"optimal_thrust": 4029.4943828810633, "impact_speed": 134.09559266676015, "time": 46.90058701918189}, "-41": {"optimal_thrust": 3991.6521027962012, "impact_speed": 137.14127191501208, "time": 47.29317226455568}, "-40": {"optimal_thrust": 3951.8911600175416, "impact_speed": 140.26342122838906, "time": 47.69520205822039}, "-39": {"optimal_thrust": 3910.2621944393063, "impact_speed": 143.45379579570593, "time": 48.1072955733518}, "-38": {"optimal_thrust": 3874.484232431214, "impact_speed": 145.96701558904329, "time": 48.53058491855813}, "-37": {"optimal_thrust": 3858.3990605985123, "impact_speed": 146.4738303985992, "time": 48.96546614194799}, "-36": {"optimal_thrust": 3841.968255759567, "impact_speed": 146.8830129815463, "time": 49.411922069199015}, "-35": {"optimal_thrust": 3819.4902279629346, "impact_speed": 147.88230129412435, "time": 49.86998313222739}, "-34": {"optimal_thrust": 3796.7662166270984, "impact_speed": 148.8664607329145, "time": 50.33975443172387}, "-33": {"optimal_thrust": 3771.2247931233264, "impact_speed": 150.17787085994632, "time": 50.82131865931231}, "-32": {"optimal_thrust": 3749.0074549713468, "impact_speed": 151.03371258401086, "time": 51.314810344710274}, "-31": {"optimal_thrust": 3727.0098139746315, "impact_speed": 151.81973550121225, "time": 51.82032245787141}, "-30": {"optimal_thrust": 3705.225222581893, "impact_speed": 152.53687626615329, "time": 52.33796296454281}, "-29": {"optimal_thrust": 3683.668248541995, "impact_speed": 153.1835995474632, "time": 52.8678505760344}, "-28": {"optimal_thrust": 3662.3689049607556, "impact_speed": 153.7564519423835, "time": 53.41010126643337}, "-27": {"optimal_thrust": 3635.064286577436, "impact_speed": 155.4990386124651, "time": 53.96474960042139}, "-26": {"optimal_thrust": 3614.846015894685, "impact_speed": 155.9635954919521, "time": 54.53200035194311}, "-25": {"optimal_thrust": 3595.2073382604412, "impact_speed": 156.30363898508656, "time": 55.111913886428795}, "-24": {"optimal_thrust": 3576.1774746825754, "impact_speed": 156.49931811930523, "time": 55.70456541747543}, "-23": {"optimal_thrust": 3557.7552774818546, "impact_speed": 156.5319949336632, "time": 56.31001505119534}, "-22": {"optimal_thrust": 3539.9203421818906, "impact_speed": 156.38428736214817, "time": 56.92835432532678}, "-21": {"optimal_thrust": 3522.6501549014274, "impact_speed": 156.03835683855306, "time": 57.5596621582314}, "-20": {"optimal_thrust": 3505.9310300596558, "impact_speed": 155.47478994072938, "time": 58.204019920090516}, "-19": {"optimal_thrust": 3489.7634130301917, "impact_speed": 154.67199171682287, "time": 58.861471399047325}, "-18": {"optimal_thrust": 3474.163361250392, "impact_speed": 153.60524432680586, "time": 59.53204987604772}, "-17": {"optimal_thrust": 3459.1616979357377,