{"-90": {"optimal_thrust": 4646.843531172408, "impact_speed": 83.2832270857354, "time": 38.26032917241067}, "-89": {"optimal_thrust": 4685.268374040657, "impact_speed": 78.38293492822412, "time": 38.26409798562413}, "-88": {"optimal_thrust": 4671.447267114962, "impact_speed": 80.11858528553539, "time": 38.273642082672545}, "-87": {"optimal_thrust": 4758.147267752374, "impact_speed": 67.28238427852646, "time": 38.291432632332004}, "-86": {"optimal_thrust": 4835.686032316542, "impact_speed": 53.47766192987113, "time": 38.314915726745205}, "-85": {"optimal_thrust": 4944.207337090499, "impact_speed": 23.616038347658208, "time": 38.34677415047195}, "-84": {"optimal_thrust": 4937.908845052224, "impact_speed": 26.36229817409407, "time": 38.38692991930638}, "-83": {"optimal_thrust": 4818.81997254543, "impact_speed": 56.993868475529524, "time": 38.428793076900504}, "-82": {"optimal_thrust": 4619.848451475484, "impact_speed": 86.70505448643155, "time": 38.47678468689632}, "-81": {"optimal_thrust": 4653.636571158943, "impact_speed": 82.4182493690769, "time": 38.536478681035824}, "-80": {"optimal_thrust": 4655.236672448596, "impact_speed": 82.20813284481653, "time": 38.59857054880601}, "-79": {"optimal_thrust": 4655.9195948856595, "impact_speed": 82.08454902552496, "time": 38.66887736079134}, "-78": {"optimal_thrust": 4645.440786810145, "impact_speed": 83.3821737708723, "time": 38.742978684055245}, "-77": {"optimal_thrust": 4634.737419932126, "impact_speed": 84.66501622122874, "time": 38.81073086649104}, "-76": {"optimal_thrust": 4625.3101420974945, "impact_speed": 85.75241866048444, "time": 38.91677771937468}, "-75": {"optimal_thrust": 4618.015094628084, "impact_speed": 86.55277130141309, "time": 39.02166757701553}, "-74": {"optimal_thrust": 4612.107571642512, "impact_speed": 87.1718789196771, "time": 39.130081804036855}, "-73": {"optimal_thrust": 4606.309252356067, "impact_speed": 87.7734777482828, "time": 39.24450881308787}, "-72": {"optimal_thrust": 4599.666064463445, "impact_speed": 88.47472789192256, "time": 39.365740940558}, "-71": {"optimal_thrust": 4551.516328922574, "impact_speed": 93.95284947977883, "time": 39.49398581244769}, "-70": {"optimal_thrust": 4550.387600466862, "impact_speed": 93.98888718621951, "time": 39.62978001428425}, "-69": {"optimal_thrust": 4547.665293329461, "impact_speed": 94.21107114951288, "time": 39.772906611413674}, "-68": {"optimal_thrust": 4543.395970951777, "impact_speed": 94.61053114589777, "time": 39.923711281891954}, "-67": {"optimal_thrust": 4537.633950465254, "impact_speed": 95.17646205897272, "time": 40.08233209785999}, "-66": {"optimal_thrust": 4530.434951115311, "impact_speed": 95.89714204803802, "time": 40.24873136332642}, "-65": {"optimal_thrust": 4521.853774097288, "impact_speed": 96.76045126812717, "time": 40.423078400658824}, "-64": {"optimal_thrust": 4511.9439352679965, "impact_speed": 97.75413115451109, "time": 40.60630892022393}, "-63": {"optimal_thrust": 4500.757894227916, "impact_speed": 98.86594280752112, "time": 40.79563885373801}, "-62": {"optimal_thrust": 4488.345362536869, "impact_speed": 100.0840053304481, "time": 40.99010967614883}, "-61": {"optimal_thrust": 4474.754820822736, "impact_speed": 101.39674507846742, "time": 41.19477017738054}, "-60": {"optimal_thrust": 4460.032894259548, "impact_speed": 102.79305512288468, "time": 41.408227107792875}, "-59": {"optimal_thrust": 4444.226400928323, "impact_speed": 104.26213893751367, "time": 41.630208736555026}, "-58": {"optimal_thrust": 4427.379679296692, "impact_speed": 105.79384445361255, "time": 41.860667739583285}, "-57": {"optimal_thrust": 4409.538267040179, "impact_speed": 107.37829357812032, "time": 42.099673193225065}, "-56": {"optimal_thrust": 4390.745575423396, "impact_speed": 109.00624938071483, "time": 42.34731685068416}, "-55": {"optimal_thrust": 4371.046775629349, "impact_speed": 110.66869893022188, "time": 42.60376305994572}, "-54": {"optimal_thrust": 4350.485311916445, "impact_speed": 112.35721131070335, "time": 42.86913187132268}, "-53": {"optimal_thrust": 4329.105810409143, "impact_speed": 114.06360604455278, "time": 43.14354123719849}, "-52": {"optimal_thrust": 4306.95294251427, "impact_speed": 115.78004355433832, "time": 43.42711129992461}, "-51": {"optimal_thrust": 4286.34230791176, "impact_speed": 117.23591085695348, "time": 43.71997325349854}, "-50": {"optimal_thrust": 4267.5137211364245, "impact_speed": 118.34320516604612, "time": 44.022255705130725}, "-49": {"optimal_thrust": 4246.376173220244, "impact_speed": 119.5389632355439, "time": 44.3340768920892}, "-48": {"optimal_thrust": 4222.964371388467, "impact_speed": 120.80310850953673, "time": 44.65557481804621}, "-47": {"optimal_thrust": 4197.313770789728, "impact_speed": 122.11059163889966, "time": 44.98689497237357}, "-46": {"optimal_thrust": 4169.461212712325, "impact_speed": 123.49794781894705, "time": 45.32819314744095}, "-45": {"optimal_thrust": 4139.445236090799, "impact_speed": 126.16214005217037, "time": 45.679640386976736}, "-44": {"optimal_thrust": 4107.307623873082, "impact_speed": 128.93986657507395, "time": 46.041430300396435}, "-43": {"optimal_thrust": 4073.090235531489, "impact_speed": 131.8215073288881, "time": 46.41377887135299}, "-42": {"optimal_thrust": 4036.837972048527, "impact_speed": 134.79768189853615, "time": 46.796837659778404}, "-41": {"optimal_thrust": 3998.598588027522, "impact_speed": 137.8592825860821, "time": 47.19025269874237}, "-40": {"optimal_thrust": 3958.419796290657, "impact_speed": 140.9978237864059, "time": 47.59315363481985}, "-39": {"optimal_thrust": 3916.35431990141, "impact_speed": 144.2048451328216, "time": 48.006165155872296}, "-38": {"optimal_thrust": 3880.20067704667, "impact_speed": 146.7312297343955, "time": 48.43042973434033}, "-37": {"optimal_thrust": 3863.9466462143287, "impact_speed": 147.24069581762873, "time": 48.86634612475078}, "-36": {"optimal_thrust": 3847.343611317935, "impact_speed": 147.65198818485686, "time": 49.31389772160912}, "-35": {"optimal_thrust": 3824.6288096819135, "impact_speed": 148.6566016358919, "time": 49.77311639121579}, "-34": {"optimal_thrust": 3796.41061554809, "impact_speed": 150.2883987510504, "time": 50.244084214420354}, "-33": {"optimal_thrust": 3775.8570181457835, "impact_speed": 150.96414572153472, "time": 50.726961668677994}, "-32": {"optimal_thrust": 3753.406548331741, "impact_speed": 151.82445136345413, "time": 51.22181024487146}, "-31": {"optimal_thrust": 3731.1783392060433, "impact_speed": 152.61452990289328, "time": 51.72875048107203}, "-30": {"optimal_thrust": 3709.1645234690027, "impact_speed": 153.3355062156979, "time": 52.24789301587013}, "-29": {"optimal_thrust": 3687.3812043994544, "impact_speed": 153.98562123814528, "time": 52.77935928286051}, "-28": {"optimal_thrust": 3665.858383318646, "impact_speed": 154.56144602063884, "time": 53.32326766501406}, "-27": {"optimal_thrust": 3638.2671065224654, "impact_speed": 156.31315694287315, "time": 53.879654138181735}, "-26": {"optimal_thrust": 3617.8366315602593, "impact_speed": 156.7801321848925, "time": 54.448728203589305}, "-25": {"optimal_thrust": 3597.9918149026216, "impact_speed": 157.1219433140098, "time": 55.030551766200034}, "-24": {"optimal_thrust": 3578.7621445267855, "impact_speed": 157.31864657204954, "time": 55.62520176505197}, "-23": {"optimal_thrust": 3560.1465365547406, "impact_speed": 157.35148881720448, "time": 56.232741703190314}, "-22": {"optimal_thrust": 3542.124078678893, "impact_speed": 157.20310460499883, "time": 56.85326725735869}, "-21": {"optimal_thrust": 3524.6728229694677, "impact_speed": 156.85526172124545, "time": 57.48686170819504}, "-20": {"optimal_thrust": 3507.7778772093216, "impact_speed": 156.2889012833345, "time": 58.133606471563745}, "-19": {"optimal_thrust": 3491.440584372946, "impact_speed": 155.48188493249717, "time": 58.793546462303304}, "-18": {"optimal_thrust": 3475.677054287201, "impact_speed": 154.40928415492306, "time": 59.46671688427804}, "-17": {"optimal_thrust": 3460.5176052162083,