{"-90": {"optimal_thrust": 4660.122786069248, "impact_speed": 83.77915247184954, "time": 38.145932427555884}, "-89": {"optimal_thrust": 4699.4225925899445, "impact_speed": 78.7911688074948, "time": 38.15048343164724}, "-88": {"optimal_thrust": 4685.457325994631, "impact_speed": 80.53583553506097, "time": 38.159307661527116}, "-87": {"optimal_thrust": 4773.062522592956, "impact_speed": 67.63281663936905, "time": 38.177044351351675}, "-86": {"optimal_thrust": 4851.411378528551, "impact_speed": 53.75613707607124, "time": 38.20055203650271}, "-85": {"optimal_thrust": 4961.065532410808, "impact_speed": 23.739153325084445, "time": 38.232420860776884}, "-84": {"optimal_thrust": 4954.701650188927, "impact_speed": 26.49954607950793, "time": 38.27255533988248}, "-83": {"optimal_thrust": 4834.369180147098, "impact_speed": 57.29065916736842, "time": 38.31454517271214}, "-82": {"optimal_thrust": 4633.31923400486, "impact_speed": 87.15665909974395, "time": 38.36249110418935}, "-81": {"optimal_thrust": 4667.460255106509, "impact_speed": 82.84752438843425, "time": 38.421878840239835}, "-80": {"optimal_thrust": 4669.077432743624, "impact_speed": 82.63626619829209, "time": 38.485794661236056}, "-79": {"optimal_thrust": 4669.767390817382, "impact_speed": 82.51205122575529, "time": 38.55464095185573}, "-78": {"optimal_thrust": 4659.178892769604, "impact_speed": 83.81646688424335, "time": 38.628558628395446}, "-77": {"optimal_thrust": 4648.3638577715965, "impact_speed": 85.10597613064498, "time": 38.697424560665695}, "-76": {"optimal_thrust": 4638.837956985436, "impact_speed": 86.19906274576847, "time": 38.80310836240038}, "-75": {"optimal_thrust": 4631.467055027443, "impact_speed": 87.00354294116077, "time": 38.90782637228946}, "-74": {"optimal_thrust": 4625.497347495327, "impact_speed": 87.62593443794775, "time": 39.01623578675174}, "-73": {"optimal_thrust": 4619.638879468349, "impact_speed": 88.23061719063196, "time": 39.130707698611864}, "-72": {"optimal_thrust": 4612.926471075486, "impact_speed": 88.935500646002, "time": 39.25201220526431}, "-71": {"optimal_thrust": 4564.273468046441, "impact_speed": 94.44220132551727, "time": 39.38033599085779}, "-70": {"optimal_thrust": 4563.133271537548, "impact_speed": 94.47839063390165, "time": 39.51623574540803}, "-69": {"optimal_thrust": 4560.382503821464, "impact_speed": 94.70173509480577, "time": 39.659471093906696}, "-68": {"optimal_thrust": 4556.068474986382, "impact_speed": 95.10328899638967, "time": 39.81040585864391}, "-67": {"optimal_thrust": 4550.246445252677, "impact_speed": 95.6721485525938, "time": 39.969161664248425}, "-66": {"optimal_thrust": 4542.971992051469, "impact_speed": 96.39661233369034, "time": 40.135704344439304}, "-65": {"optimal_thrust": 4534.300972238034, "impact_speed": 97.2644427687341, "time": 40.31021521669672}, "-64": {"optimal_thrust": 4524.288078690585, "impact_speed": 98.26324892937151, "time": 40.49366794498024}, "-63": {"optimal_thrust": 4512.984994806874, "impact_speed": 99.38087540664652, "time": 40.682993731617174}, "-62": {"optimal_thrust": 4500.443092037446, "impact_speed": 100.60525324800531, "time": 40.87772548546259}, "-61": {"optimal_thrust": 4486.710164732276, "impact_speed": 101.92487901174108, "time": 41.08261862943858}, "-60": {"optimal_thrust": 4471.83475448121, "impact_speed": 103.32843235891974, "time": 41.296310045307195}, "-59": {"optimal_thrust": 4455.8630253018855, "impact_speed": 104.80518436093068, "time": 41.518540907261134}, "-58": {"optimal_thrust": 4438.840564715008, "impact_speed": 106.34484567532364, "time": 41.74926528709033}, "-57": {"optimal_thrust": 4420.812859053006, "impact_speed": 107.93754308415558, "time": 41.98855519573884}, "-56": {"optimal_thrust": 4401.824183729897, "impact_speed": 109.57394789212678, "time": 42.23650799611703}, "-55": {"optimal_thrust": 4381.919360133809, "impact_speed": 111.24508706068085, "time": 42.49328536200013}, "-54": {"optimal_thrust": 4361.143061217859, "impact_speed": 112.9424038879829, "time": 42.75900913368695}, "-53": {"optimal_thrust": 4339.540425285013, "impact_speed": 114.65767008183478, "time": 43.03379862953347}, "-52": {"optimal_thrust": 4317.156158792666, "impact_speed": 116.38305130672165, "time": 43.31777546157313}, "-51": {"optimal_thrust": 4296.330291772075, "impact_speed": 117.84649831379623, "time": 43.61107241397768}, "-50": {"optimal_thrust": 4277.304776583695, "impact_speed": 118.95959416338522, "time": 43.91381972958104}, "-49": {"optimal_thrust": 4255.946780463802, "impact_speed": 120.16153790334911, "time": 44.2261372865514}, "-48": {"optimal_thrust": 4232.290338957397, "impact_speed": 121.43228511470848, "time": 44.548164844996506}, "-47": {"optimal_thrust": 4206.371934354879, "impact_speed": 122.7465427606265, "time": 44.88004972326508}, "-46": {"optimal_thrust": 4178.22825140193, "impact_speed": 124.14183543808889, "time": 45.22194961364909}, "-45": {"optimal_thrust": 4147.89893484739, "impact_speed": 126.81922757904826, "time": 45.57403756415219}, "-44": {"optimal_thrust": 4115.425371555592, "impact_speed": 129.61148951509145, "time": 45.93650935349186}, "-43": {"optimal_thrust": 4080.8507676483505, "impact_speed": 132.50810147142323, "time": 46.30958352081276}, "-42": {"optimal_thrust": 4044.220258347489, "impact_speed": 135.49972402190642, "time": 46.69341493225022}, "-41": {"optimal_thrust": 4005.581007609443, "impact_speed": 138.57733367121844, "time": 47.087651419147726}, "-40": {"optimal_thrust": 3964.9831734487416, "impact_speed": 141.73215605485916, "time": 47.491415660737545}, "-39": {"optimal_thrust": 3922.4779106054343, "impact_speed": 144.9559292988253, "time": 47.90533575305006}, "-38": {"optimal_thrust": 3885.946852377022, "impact_speed": 147.49545555440338, "time": 48.33056537647678}, "-37": {"optimal_thrust": 3869.522765925716, "impact_speed": 148.00760658051274, "time": 48.767506636915286}, "-36": {"optimal_thrust": 3852.7466466576752, "impact_speed": 148.42100832954043, "time": 49.21614359643857}, "-35": {"optimal_thrust": 3829.7946315259624, "impact_speed": 149.43085225681355, "time": 49.676509545378096}, "-34": {"optimal_thrust": 3801.2818397547244, "impact_speed": 151.07113489994532, "time": 50.148688577221954}, "-33": {"optimal_thrust": 3780.5134071492557, "impact_speed": 151.75042391346645, "time": 50.63284379550302}, "-32": {"optimal_thrust": 3757.828410155081, "impact_speed": 152.61521923808024, "time": 51.12903882022095}, "-31": {"optimal_thrust": 3735.3678474434455, "impact_speed": 153.40944602645914, "time": 51.637396716214276}, "-30": {"optimal_thrust": 3713.124347427496, "impact_speed": 154.134144182034, "time": 52.15803081444833}, "-29": {"optimal_thrust": 3691.1135360859525, "impact_speed": 154.78764527548023, "time": 52.69106526082671}, "-28": {"optimal_thrust": 3669.365838936539, "impact_speed": 155.3664908012946, "time": 53.23662047736339}, "-27": {"optimal_thrust": 3641.486559596255, "impact_speed": 157.12729266536047, "time": 53.794735117735314}, "-26": {"optimal_thrust": 3620.843036326254, "impact_speed": 157.59663302291483, "time": 54.36562215707131}, "-25": {"optimal_thrust": 3600.790420296927, "impact_speed": 157.9403444115933, "time": 54.949345482260576}, "-24": {"optimal_thrust": 3581.3599287821985, "impact_speed": 158.13807787635565, "time": 55.54598382920484}, "-23": {"optimal_thrust": 3562.5496931168545, "impact_speed": 158.1711676332172, "time": 56.1556042413796}, "-22": {"optimal_thrust": 3544.3396439716566, "impact_speed": 158.02180139884783, "time": 56.778306275229234}, "-21": {"optimal_thrust": 3526.705985557497, "impact_speed": 157.67219790868995, "time": 57.41417839777915}, "-20": {"optimal_thrust": 3509.634832988161, "impact_speed": 157.10274437614444, "time": 58.06330069261714}, "-19": {"optimal_thrust": 3493.1265127236466, "impact_speed": 156.29177846356714, "time": 58.72571991134819}, "-18": {"optimal_thrust": 3477.1986136346063, "impact_speed": 155.2133625182785, "time": 59.401473233827936}, "-17": {"optimal_thrust": 3461.8809329796522,