{"-90": {"optimal_thrust": 4673.460708106859, "impact_speed": 84.27602205114388, "time": 38.03207431696192}, "-89": {"optimal_thrust": 4713.650064212631, "impact_speed": 79.19944006866643, "time": 38.03572823757034}, "-88": {"optimal_thrust": 4699.539635614931, "impact_speed": 80.95315519682231, "time": 38.045507216106245}, "-87": {"optimal_thrust": 4788.055292859109, "impact_speed": 67.98324373378658, "time": 38.06319474177536}, "-86": {"optimal_thrust": 4867.217865820247, "impact_speed": 54.03472130032622, "time": 38.086725776588416}, "-85": {"optimal_thrust": 4978.011300294765, "impact_speed": 23.862268832593916, "time": 38.11860415573436}, "-84": {"optimal_thrust": 4971.581694046979, "impact_speed": 26.636792910719304, "time": 38.15871597979616}, "-83": {"optimal_thrust": 4849.998995897274, "impact_speed": 57.58748126900749, "time": 38.200834163241204}, "-82": {"optimal_thrust": 4646.860205262462, "impact_speed": 87.6082378272564, "time": 38.24873157577104}, "-81": {"optimal_thrust": 4681.355872853673, "impact_speed": 83.27678356973917, "time": 38.30788220777226}, "-80": {"optimal_thrust": 4682.989699138808, "impact_speed": 83.06445052491202, "time": 38.370451705565486}, "-79": {"optimal_thrust": 4683.687206105956, "impact_speed": 82.93954285288459, "time": 38.440930184127495}, "-78": {"optimal_thrust": 4672.988590262371, "impact_speed": 84.2507314257083, "time": 38.51465551759664}, "-77": {"optimal_thrust": 4662.060775194649, "impact_speed": 85.54697436364806, "time": 38.58461387553533}, "-76": {"optimal_thrust": 4652.436336586335, "impact_speed": 86.64567105285492, "time": 38.68994521391237}, "-75": {"optimal_thrust": 4644.9887495608, "impact_speed": 87.45433248628576, "time": 38.79449950061594}, "-74": {"optimal_thrust": 4638.957174205167, "impact_speed": 88.0799301729709, "time": 38.90290459626646}, "-73": {"optimal_thrust": 4633.037865246186, "impact_speed": 88.68774304213467, "time": 39.017420112297025}, "-72": {"optimal_thrust": 4626.255267817412, "impact_speed": 89.39633259341628, "time": 39.13879459438504}, "-71": {"optimal_thrust": 4577.096850779916, "impact_speed": 94.93155614895355, "time": 39.26719393009704}, "-70": {"optimal_thrust": 4575.944756591593, "impact_speed": 94.96793878985056, "time": 39.4031962334017}, "-69": {"optimal_thrust": 4573.165528296828, "impact_speed": 95.19242716068553, "time": 39.54653736429312}, "-68": {"optimal_thrust": 4568.806793004344, "impact_speed": 95.59604880570593, "time": 39.697598099349136}, "-67": {"optimal_thrust": 4562.924211946956, "impact_speed": 96.16786289114297, "time": 39.85648459475016}, "-66": {"optimal_thrust": 4555.574417405907, "impact_speed": 96.89605392934743, "time": 40.02316644699785}, "-65": {"optimal_thrust": 4546.813500397115, "impact_speed": 97.76835984734261, "time": 40.1978370190201}, "-64": {"optimal_thrust": 4536.696262525197, "impact_speed": 98.77237617260016, "time": 40.381507537873766}, "-63": {"optimal_thrust": 4525.275735175391, "impact_speed": 99.89579457452184, "time": 40.5708275502412}, "-62": {"optimal_thrust": 4512.60314789751, "impact_speed": 101.1265576885574, "time": 40.76581384063488}, "-61": {"optimal_thrust": 4498.727721855597, "impact_speed": 102.45300121418524, "time": 40.97093320813363}, "-60": {"optimal_thrust": 4483.698111442527, "impact_speed": 103.86378944440118, "time": 41.18485338783926}, "-59": {"optimal_thrust": 4467.560170794929, "impact_speed": 105.34822215183061, "time": 41.407327346194485}, "-58": {"optimal_thrust": 4450.3609766119625, "impact_speed": 106.89584805976875, "time": 41.6383116101564}, "-57": {"optimal_thrust": 4432.145748608783, "impact_speed": 108.49682128302311, "time": 41.87787997408235}, "-56": {"optimal_thrust": 4412.959827664267, "impact_speed": 110.14170085397068, "time": 42.12613573037505}, "-55": {"optimal_thrust": 4392.848116282831, "impact_speed": 111.82150783747349, "time": 42.38323774010063}, "-54": {"optimal_thrust": 4371.856036311043, "impact_speed": 113.52761121290234, "time": 42.64930974398267}, "-53": {"optimal_thrust": 4350.028956655011, "impact_speed": 115.25176518440084, "time": 42.924472428751294}, "-52": {"optimal_thrust": 4327.412345358164, "impact_speed": 116.98606276818606, "time": 43.20884887996895}, "-51": {"optimal_thrust": 4306.3699015840775, "impact_speed": 118.45711535553559, "time": 43.50257346905936}, "-50": {"optimal_thrust": 4287.147220203901, "impact_speed": 119.57591735309893, "time": 43.80577807892713}, "-49": {"optimal_thrust": 4265.566955812003, "impact_speed": 120.78413456650408, "time": 44.118584219169925}, "-48": {"optimal_thrust": 4241.66496512655, "impact_speed": 122.06142065718608, "time": 44.441133412276464}, "-47": {"optimal_thrust": 4215.476939552187, "impact_speed": 123.3825691622297, "time": 44.77357479420887}, "-46": {"optimal_thrust": 4187.040905243873, "impact_speed": 124.78531907545919, "time": 45.11606795347182}, "-45": {"optimal_thrust": 4156.39670827709, "impact_speed": 127.47625975703576, "time": 45.46878792250998}, "-44": {"optimal_thrust": 4123.585693219351, "impact_speed": 130.28302818902878, "time": 45.83193262488791}, "-43": {"optimal_thrust": 4088.651657833124, "impact_speed": 133.19468855400828, "time": 46.20572314485351}, "-42": {"optimal_thrust": 4051.6406523020537, "impact_speed": 136.20179867435544, "time": 46.59031789569503}, "-41": {"optimal_thrust": 4012.6002673388302, "impact_speed": 139.2953174344481, "time": 46.985367534065894}, "-40": {"optimal_thrust": 3971.580236224921, "impact_speed": 142.46653253158655, "time": 47.389987299632025}, "-39": {"optimal_thrust": 3928.633675856153, "impact_speed": 145.70697719985893, "time": 47.80480658637414}, "-38": {"optimal_thrust": 3891.7229542135983, "impact_speed": 148.2596740380619, "time": 48.23099111015289}, "-37": {"optimal_thrust": 3875.1282256975232, "impact_speed": 148.77447853667522, "time": 48.66894699465268}, "-36": {"optimal_thrust": 3858.1775798078534, "impact_speed": 149.19004785489307, "time": 49.118659056183986}, "-35": {"optimal_thrust": 3834.9875702228474, "impact_speed": 150.20506884104634, "time": 49.580162003674985}, "-34": {"optimal_thrust": 3806.1780790515077, "impact_speed": 151.85390701053132, "time": 50.05354192038127}, "-33": {"optimal_thrust": 3785.1939804695235, "impact_speed": 152.53670269523894, "time": 50.53896454099867}, "-32": {"optimal_thrust": 3762.2735536991245, "impact_speed": 153.4059428605081, "time": 51.0364956174871}, "-31": {"optimal_thrust": 3739.579346668221, "impact_speed": 154.20432693251126, "time": 51.54626075367298}, "-30": {"optimal_thrust": 3717.1048367925823, "impact_speed": 154.93276612183507, "time": 52.068375984200756}, "-29": {"optimal_thrust": 3694.8655606461493, "impact_speed": 155.5896129013603, "time": 52.602968170998146}, "-28": {"optimal_thrust": 3672.8917146278923, "impact_speed": 156.17149429454685, "time": 53.150159824445474}, "-27": {"optimal_thrust": 3644.7225757594993, "impact_speed": 157.94145866476052, "time": 53.70999226589278}, "-26": {"optimal_thrust": 3623.8647302392324, "impact_speed": 158.41320245424865, "time": 54.28268196618134}, "-25": {"optimal_thrust": 3603.6039973331317, "impact_speed": 158.758644048503, "time": 54.868294825170906}, "-24": {"optimal_thrust": 3583.9717155175813, "impact_speed": 158.95737338766997, "time": 55.46691142800622}, "-23": {"optimal_thrust": 3564.966090894448, "impact_speed": 158.99060968792895, "time": 56.078602520836}, "-22": {"optimal_thrust": 3546.566662156674, "impact_speed": 158.8405196053927, "time": 56.703471228296536}, "-21": {"optimal_thrust": 3528.7497610913383, "impact_speed": 158.48911089841698, "time": 57.34161207143289}, "-20": {"optimal_thrust": 3511.5009988037305, "impact_speed": 157.91683854537175, "time": 57.9931024299959}, "-19": {"optimal_thrust": 3494.8217190201, "impact_speed": 157.10128668955477, "time": 58.657991613537575}, "-18": {"optimal_thrust": 3478.7277220818664, "impact_speed": 156.01779058558975, "time": 59.33631879855089}, "-17": {"optimal_thrust": 3463.251296585082,