{"-90": {"optimal_thrust": 4686.857091075103, "impact_speed": 84.77384475706049, "time": 37.918752064105256}, "-89": {"optimal_thrust": 4727.951130303955, "impact_speed": 79.6077020888243, "time": 37.922137717084084}, "-88": {"optimal_thrust": 4713.695197890466, "impact_speed": 81.37041269151398, "time": 37.93222509930719}, "-87": {"optimal_thrust": 4803.125348704543, "impact_speed": 68.33370139194558, "time": 37.9498809912072}, "-86": {"optimal_thrust": 4883.10630500765, "impact_speed": 54.31325307239652, "time": 37.97343417179107}, "-85": {"optimal_thrust": 4995.045227074351, "impact_speed": 23.985120637255864, "time": 38.005321274951854}, "-84": {"optimal_thrust": 4988.548569300912, "impact_speed": 26.774202303741994, "time": 38.04540917244328}, "-83": {"optimal_thrust": 4865.709439956596, "impact_speed": 57.88433055618569, "time": 38.08765736308598}, "-82": {"optimal_thrust": 4660.471227691711, "impact_speed": 88.05980783249672, "time": 38.135503349758366}, "-81": {"optimal_thrust": 4695.323399262883, "impact_speed": 83.70603037723781, "time": 38.19446368696145}, "-80": {"optimal_thrust": 4696.973899101937, "impact_speed": 83.49263020324122, "time": 38.25719343554448}, "-79": {"optimal_thrust": 4697.678734457768, "impact_speed": 83.36706340918451, "time": 38.327742357648596}, "-78": {"optimal_thrust": 4686.869708625909, "impact_speed": 84.68498937702984, "time": 38.401267314272744}, "-77": {"optimal_thrust": 4675.8288815060605, "impact_speed": 85.98792231506492, "time": 38.47229734347302}, "-76": {"optimal_thrust": 4666.104793633441, "impact_speed": 87.09230372251191, "time": 38.57728640486607}, "-75": {"optimal_thrust": 4658.580119218452, "impact_speed": 87.90514680258619, "time": 38.68168467068183}, "-74": {"optimal_thrust": 4652.4863328193605, "impact_speed": 88.53395341578238, "time": 38.79008582571704}, "-73": {"optimal_thrust": 4646.505558266506, "impact_speed": 89.1449332900773, "time": 38.90464359957563}, "-72": {"optimal_thrust": 4639.65331192137, "impact_speed": 89.8571211531619, "time": 39.026085652850355}, "-71": {"optimal_thrust": 4589.986793763136, "impact_speed": 95.42087863589315, "time": 39.15455730860988}, "-70": {"optimal_thrust": 4588.8228860974905, "impact_speed": 95.45743822683713, "time": 39.29065907801458}, "-69": {"optimal_thrust": 4586.014683966286, "impact_speed": 95.68311146003978, "time": 39.43410303259337}, "-68": {"optimal_thrust": 4581.610728958648, "impact_speed": 96.0888324378683, "time": 39.58528565210316}, "-67": {"optimal_thrust": 4575.667709011916, "impact_speed": 96.66355357057803, "time": 39.7442985965948}, "-66": {"optimal_thrust": 4568.241658889853, "impact_speed": 97.39553033998905, "time": 39.91111542675551}, "-65": {"optimal_thrust": 4559.390068932692, "impact_speed": 98.27234602071128, "time": 40.08594159579275}, "-64": {"optimal_thrust": 4549.168432580839, "impact_speed": 99.28151868377036, "time": 40.269825339135494}, "-63": {"optimal_thrust": 4537.630031906946, "impact_speed": 100.41070960628613, "time": 40.459138442345086}, "-62": {"optimal_thrust": 4524.8264131633805, "impact_speed": 101.64782230267038, "time": 40.65437257612928}, "-61": {"optimal_thrust": 4510.807657712541, "impact_speed": 102.98109410566362, "time": 40.85971187539389}, "-60": {"optimal_thrust": 4495.622307143559, "impact_speed": 104.39919677294198, "time": 41.07385516516957}, "-59": {"optimal_thrust": 4479.317837927941, "impact_speed": 105.89125237265247, "time": 41.29656646665824}, "-58": {"optimal_thrust": 4461.940648126126, "impact_speed": 107.44687966517291, "time": 41.52780485597013}, "-57": {"optimal_thrust": 4443.537301952757, "impact_speed": 109.05608934945367, "time": 41.76764573386727}, "-56": {"optimal_thrust": 4424.152791378933, "impact_speed": 110.70947769271329, "time": 42.016198306169656}, "-55": {"optimal_thrust": 4403.833678984198, "impact_speed": 112.39789421010482, "time": 42.273618504829706}, "-54": {"optimal_thrust": 4382.62470407439, "impact_speed": 114.11278384820875, "time": 42.540032069991554}, "-53": {"optimal_thrust": 4360.571917776896, "impact_speed": 115.84583619888325, "time": 42.81556106117225}, "-52": {"optimal_thrust": 4337.721140121585, "impact_speed": 117.5891171093127, "time": 43.10033003732575}, "-51": {"optimal_thrust": 4316.46176695322, "impact_speed": 119.06769036626588, "time": 43.39447496331482}, "-50": {"optimal_thrust": 4297.039982832716, "impact_speed": 120.19230875047687, "time": 43.698129351093066}, "-49": {"optimal_thrust": 4275.237016475582, "impact_speed": 121.40670666672189, "time": 44.011416351897346}, "-48": {"optimal_thrust": 4251.087894571694, "impact_speed": 122.69058428760277, "time": 44.33447923868111}, "-47": {"optimal_thrust": 4224.629260146926, "impact_speed": 124.01850416754401, "time": 44.6674689662075}, "-46": {"optimal_thrust": 4195.8991356058405, "impact_speed": 125.42862192038548, "time": 45.01054700526175}, "-45": {"optimal_thrust": 4164.938040484956, "impact_speed": 128.13341581985995, "time": 45.363890357871824}, "-44": {"optimal_thrust": 4131.788188459135, "impact_speed": 130.95456669917073, "time": 45.72769906990789}, "-43": {"optimal_thrust": 4096.49290608581, "impact_speed": 133.88126868533382, "time": 46.10219675741282}, "-42": {"optimal_thrust": 4059.0995037303414, "impact_speed": 136.90385876783768, "time": 46.48754561222562}, "-41": {"optimal_thrust": 4019.65546100346, "impact_speed": 140.01334152208233, "time": 46.88340013780547}, "-40": {"optimal_thrust": 3978.2115266283135, "impact_speed": 143.20089458475786, "time": 47.28886771786651}, "-39": {"optimal_thrust": 3934.820784787187, "impact_speed": 146.45807161713316, "time": 47.704576871171305}, "-38": {"optimal_thrust": 3897.528738068586, "impact_speed": 149.02390869156974, "time": 48.131706199570026}, "-37": {"optimal_thrust": 3880.7627328226563, "impact_speed": 149.54134243452668, "time": 48.57066650982593}, "-36": {"optimal_thrust": 3860.8363698550465, "impact_speed": 150.26421515259938, "time": 49.021430799020706}, "-35": {"optimal_thrust": 3840.2069182690184, "impact_speed": 150.97933707736033, "time": 49.484073172338505}, "-34": {"optimal_thrust": 3816.5214967593256, "impact_speed": 151.98406426215996, "time": 49.95866935277456}, "-33": {"optimal_thrust": 3789.8986659789875, "impact_speed": 153.32299154627287, "time": 50.44532340559965}, "-32": {"optimal_thrust": 3766.741465706114, "impact_speed": 154.19669543518353, "time": 50.944180177859565}, "-31": {"optimal_thrust": 3743.812731019786, "impact_speed": 154.99918936394008, "time": 51.4553421775868}, "-30": {"optimal_thrust": 3721.1057956943614, "impact_speed": 155.73140502867693, "time": 51.978928146817545}, "-29": {"optimal_thrust": 3698.636464343429, "impact_speed": 156.39167492805865, "time": 52.51506766799533}, "-28": {"optimal_thrust": 3676.435884998633, "impact_speed": 156.97648283039123, "time": 53.06388540118428}, "-27": {"optimal_thrust": 3647.975738500766, "impact_speed": 158.75554545428542, "time": 53.62542531266055}, "-26": {"optimal_thrust": 3626.901839562432, "impact_speed": 159.22981331979932, "time": 54.199907387992496}, "-25": {"optimal_thrust": 3606.431836831647, "impact_speed": 159.5770084613111, "time": 54.78739957605498}, "-24": {"optimal_thrust": 3586.5967434686386, "impact_speed": 159.77673735888396, "time": 55.38798436921367}, "-23": {"optimal_thrust": 3567.3947033720083, "impact_speed": 159.81013694289885, "time": 56.001736365715736}, "-22": {"optimal_thrust": 3548.80493728602, "impact_speed": 159.65933150037966, "time": 56.62876196684147}, "-21": {"optimal_thrust": 3530.803962773234, "impact_speed": 159.30608581645927, "time": 57.2691625707938}, "-20": {"optimal_thrust": 3513.376887913785, "impact_speed": 158.7308871765833, "time": 57.923011540091515}, "-19": {"optimal_thrust": 3496.5253048847885, "impact_speed": 157.91107714109936, "time": 58.59036142745014}, "-18": {"optimal_thrust": 3480.2651423542216, "impact_speed": 156.82181720604086, "time": 59.271253461383864},