{"-90": {"optimal_thrust": 4700.312056137702, "impact_speed": 85.27258877415588, "time": 37.80596290235023}, "-89": {"optimal_thrust": 4742.325876690212, "impact_speed": 80.01594349213194, "time": 37.80932893671317}, "-88": {"optimal_thrust": 4727.92309673359, "impact_speed": 81.78772769327368, "time": 37.819449458309904}, "-87": {"optimal_thrust": 4818.272941293662, "impact_speed": 68.68415028050325, "time": 37.83710030014651}, "-86": {"optimal_thrust": 4899.07629079937, "impact_speed": 54.591812690495246, "time": 37.86067445375247}, "-85": {"optimal_thrust": 5012.166392573993, "impact_speed": 24.10812532872284, "time": 37.89256946390262}, "-84": {"optimal_thrust": 5005.603090348702, "impact_speed": 26.911446302428025, "time": 37.93263226099154}, "-83": {"optimal_thrust": 4881.500511625995, "impact_speed": 58.18120674184771, "time": 37.975012096303836}, "-82": {"optimal_thrust": 4674.152095283067, "impact_speed": 88.51139422915244, "time": 38.02280368486044}, "-81": {"optimal_thrust": 4709.362748981924, "impact_speed": 84.1352758797277, "time": 38.08160588489126}, "-80": {"optimal_thrust": 4711.030325168188, "impact_speed": 83.92076796834756, "time": 38.14453793362265}, "-79": {"optimal_thrust": 4711.742196574602, "impact_speed": 83.79458425008987, "time": 38.215074796478646}, "-78": {"optimal_thrust": 4700.821930031814, "impact_speed": 85.11928075289828, "time": 38.28839197847516}, "-77": {"optimal_thrust": 4689.667870293396, "impact_speed": 86.42885858234831, "time": 38.36047345451691}, "-76": {"optimal_thrust": 4679.843523565566, "impact_speed": 87.53893660257914, "time": 38.46513004127759}, "-75": {"optimal_thrust": 4672.241625643968, "impact_speed": 88.35592992856941, "time": 38.569379585201524}, "-74": {"optimal_thrust": 4666.085140548642, "impact_speed": 88.98796583169919, "time": 38.67777707065604}, "-73": {"optimal_thrust": 4660.042985644114, "impact_speed": 89.60206493969831, "time": 38.79237571390752}, "-72": {"optimal_thrust": 4653.120174672943, "impact_speed": 90.31791757674277, "time": 38.91388292807328}, "-71": {"optimal_thrust": 4602.942951952356, "impact_speed": 95.91020751726101, "time": 39.04242388384682}, "-70": {"optimal_thrust": 4601.766829586745, "impact_speed": 95.94698195681465, "time": 39.178621881332866}, "-69": {"optimal_thrust": 4598.9296536191005, "impact_speed": 96.17382338532212, "time": 39.322165713682686}, "-68": {"optimal_thrust": 4594.480992154064, "impact_speed": 96.58156071876704, "time": 39.473466175111646}, "-67": {"optimal_thrust": 4588.476189592705, "impact_speed": 97.1593037327021, "time": 39.63260138064322}, "-66": {"optimal_thrust": 4580.973771534324, "impact_speed": 97.89503495707373, "time": 39.79954904690225}, "-65": {"optimal_thrust": 4572.031424936115, "impact_speed": 98.77631817582112, "time": 39.97452674520408}, "-64": {"optimal_thrust": 4561.7046430485025, "impact_speed": 99.79067031425335, "time": 40.15861898704578}, "-63": {"optimal_thrust": 4550.047855623372, "impact_speed": 100.9256237493572, "time": 40.347924455043895}, "-62": {"optimal_thrust": 4537.112692331937, "impact_speed": 102.16906873103427, "time": 40.54339953655571}, "-61": {"optimal_thrust": 4522.949693584832, "impact_speed": 103.50918788906175, "time": 40.748952598332764}, "-60": {"optimal_thrust": 4507.608368630425, "impact_speed": 104.93454474284562, "time": 40.96331341659036}, "-59": {"optimal_thrust": 4491.135975063109, "impact_speed": 106.4342805743252, "time": 41.186256440749474}, "-58": {"optimal_thrust": 4473.5804729472, "impact_speed": 107.99784650036572, "time": 41.41774317874295}, "-57": {"optimal_thrust": 4454.9876334381015, "impact_speed": 109.61533551501662, "time": 41.657850682792265}, "-56": {"optimal_thrust": 4435.404101887481, "impact_speed": 111.27717111709039, "time": 41.90669398148749}, "-55": {"optimal_thrust": 4414.875447143236, "impact_speed": 112.97430938784464, "time": 42.164425965587746}, "-54": {"optimal_thrust": 4393.448632058938, "impact_speed": 114.6979676737085, "time": 42.431174479041665}, "-53": {"optimal_thrust": 4371.169112603645, "impact_speed": 116.43990427157568, "time": 42.70706295292978}, "-52": {"optimal_thrust": 4348.0834184298665, "impact_speed": 118.1921193255437, "time": 42.992217421806515}, "-51": {"optimal_thrust": 4326.605258871247, "impact_speed": 119.67829471986951, "time": 43.28677543864309}, "-50": {"optimal_thrust": 4306.983657293178, "impact_speed": 120.80869394118385, "time": 43.59087215106743}, "-49": {"optimal_thrust": 4284.956645243806, "impact_speed": 122.02930056415727, "time": 43.90463234556431}, "-48": {"optimal_thrust": 4260.558931665105, "impact_speed": 123.31981310846871, "time": 44.22820104450132}, "-47": {"optimal_thrust": 4233.82814418376, "impact_speed": 124.65461054197934, "time": 44.56173101657768}, "-46": {"optimal_thrust": 4204.802981120144, "impact_speed": 126.07153992287111, "time": 44.90538560832287}, "-45": {"optimal_thrust": 4173.523565892467, "impact_speed": 128.79047562589588, "time": 45.259343771070185}, "-44": {"optimal_thrust": 4140.032743937013, "impact_speed": 131.62612836768653, "time": 45.62380764582724}, "-43": {"optimal_thrust": 4104.374829617146, "impact_speed": 134.5677920305046, "time": 45.999003374603255}, "-42": {"optimal_thrust": 4066.5965824212863, "impact_speed": 137.60593502755142, "time": 46.385097141016246}, "-41": {"optimal_thrust": 4026.747057196322, "impact_speed": 140.73135047091318, "time": 46.781748324003836}, "-40": {"optimal_thrust": 3984.8770449539934, "impact_speed": 143.93524240374933, "time": 47.18805607557724}, "-39": {"optimal_thrust": 3941.0399938717483, "impact_speed": 147.20913735934397, "time": 47.60464583000272}, "-38": {"optimal_thrust": 3903.364400247346, "impact_speed": 149.78814058017036, "time": 48.03270991181592}, "-37": {"optimal_thrust": 3886.4260177372107, "impact_speed": 150.3082260231826, "time": 48.472664495001396}, "-36": {"optimal_thrust": 3869.12385221323, "impact_speed": 150.72810341135988, "time": 48.924496180696416}, "-35": {"optimal_thrust": 3845.453333285132, "impact_speed": 151.75357741850263, "time": 49.38824246390157}, "-34": {"optimal_thrust": 3816.0467293443935, "impact_speed": 153.41941895759356, "time": 49.863993376894}, "-33": {"optimal_thrust": 3794.6277808883856, "impact_speed": 154.10924879578866, "time": 50.35191989129359}, "-32": {"optimal_thrust": 3771.2321461760507, "impact_speed": 154.9874765189586, "time": 50.852092044694025}, "-31": {"optimal_thrust": 3748.068106108209, "impact_speed": 155.79401752333135, "time": 51.364640572674205}, "-30": {"optimal_thrust": 3725.1274736555047, "impact_speed": 156.53001913865728, "time": 51.88968692585106}, "-29": {"optimal_thrust": 3702.4271859229675, "impact_speed": 157.1936578140028, "time": 52.42736341539029}, "-28": {"optimal_thrust": 3679.9980876319855, "impact_speed": 157.78151013585952, "time": 52.97779690123148}, "-27": {"optimal_thrust": 3651.245202706139, "impact_speed": 159.56971134473787, "time": 53.541033979599376}, "-26": {"optimal_thrust": 3629.9550686808543, "impact_speed": 160.04632010319216, "time": 54.11729818252102}, "-25": {"optimal_thrust": 3609.2743180896728, "impact_speed": 160.39534903286508, "time": 54.70665952217846}, "-24": {"optimal_thrust": 3589.235329846115, "impact_speed": 160.59608493229123, "time": 55.30920246677428}, "-23": {"optimal_thrust": 3569.8355305495356, "impact_speed": 160.62974809458345, "time": 55.925005606258985}, "-22": {"optimal_thrust": 3551.054655174111, "impact_speed": 160.47816715065943, "time": 56.554178547311885}, "-21": {"optimal_thrust": 3532.868718218109, "impact_speed": 160.12306409849177, "time": 57.19682973893898}, "-20": {"optimal_thrust": 3515.2626897444075, "impact_speed": 159.54478347503147, "time": 57.853027877429575}, "-19": {"optimal_thrust": 3498.237587528452, "impact_speed": 158.7209130838815, "time": 58.52282922101444}, "-18": {"optimal_thrust": 3481.810368376683, "impact_speed": 157.6259408213051, "time": 59.20627709785864},