{"-90": {"optimal_thrust": 4713.825799341671, "impact_speed": 85.77221379480571, "time": 37.69370407442161}, "-89": {"optimal_thrust": 4756.774216694445, "impact_speed": 80.42417616494792, "time": 37.69706008345523}, "-88": {"optimal_thrust": 4742.223735816176, "impact_speed": 82.20504727706576, "time": 37.707203841451424}, "-87": {"optimal_thrust": 4833.498136672801, "impact_speed": 69.03458036470832, "time": 37.724849880305904}, "-86": {"optimal_thrust": 4915.127823195407, "impact_speed": 54.87039973052549, "time": 37.74844386497499}, "-85": {"optimal_thrust": 5029.375204724705, "impact_speed": 24.23109861438611, "time": 37.78034598084103}, "-84": {"optimal_thrust": 5022.744850116545, "impact_speed": 27.048689283428967, "time": 37.82038259214689}, "-83": {"optimal_thrust": 4897.372793697048, "impact_speed": 58.47800236980282, "time": 37.86289569748336}, "-82": {"optimal_thrust": 4687.90261198951, "impact_speed": 88.96302041908908, "time": 37.91062985055459}, "-81": {"optimal_thrust": 4723.473604800061, "impact_speed": 84.56456032505534, "time": 37.96929649129387}, "-80": {"optimal_thrust": 4725.158257333534, "impact_speed": 84.34895588570566, "time": 38.03241176136632}, "-79": {"optimal_thrust": 4725.877591830669, "impact_speed": 84.22210545082491, "time": 38.10292484645772}, "-78": {"optimal_thrust": 4714.845547129895, "impact_speed": 85.55356847905175, "time": 38.17602746924632}, "-77": {"optimal_thrust": 4703.577559395141, "impact_speed": 86.86980571784841, "time": 38.249140661344036}, "-76": {"optimal_thrust": 4693.6527081070735, "impact_speed": 87.98554769147717, "time": 38.353474204298095}, "-75": {"optimal_thrust": 4685.972806385325, "impact_speed": 88.80673773625614, "time": 38.45758193830516}, "-74": {"optimal_thrust": 4679.753169669802, "impact_speed": 89.44201844840667, "time": 38.56597592508518}, "-73": {"optimal_thrust": 4673.649257230941, "impact_speed": 90.05924408567748, "time": 38.68061400793502}, "-72": {"optimal_thrust": 4666.655856072132, "impact_speed": 90.77872174440726, "time": 38.80218397461283}, "-71": {"optimal_thrust": 4615.965325924094, "impact_speed": 96.3995426321336, "time": 38.93079150537483}, "-70": {"optimal_thrust": 4614.777306051633, "impact_speed": 96.43648982967056, "time": 39.06708225629871}, "-69": {"optimal_thrust": 4611.911267723768, "impact_speed": 96.66447063721303, "time": 39.21072303219657}, "-68": {"optimal_thrust": 4607.4165560750835, "impact_speed": 97.07434796648403, "time": 39.362137329689055}, "-67": {"optimal_thrust": 4601.35080136857, "impact_speed": 97.65498591131076, "time": 39.521390669737706}, "-66": {"optimal_thrust": 4593.771698162153, "impact_speed": 98.39446378702503, "time": 39.68846507876907}, "-65": {"optimal_thrust": 4584.737764454402, "impact_speed": 99.28025510305162, "time": 39.863590268365606}, "-64": {"optimal_thrust": 4574.305323773276, "impact_speed": 100.29978424614625, "time": 40.047886121111226}, "-63": {"optimal_thrust": 4562.528805870658, "impact_speed": 101.44058020006642, "time": 40.23718356783861}, "-62": {"optimal_thrust": 4549.461296772185, "impact_speed": 102.69037095320853, "time": 40.43289257771767}, "-61": {"optimal_thrust": 4535.153595651518, "impact_speed": 104.03730738548285, "time": 40.638653350575225}, "-60": {"optimal_thrust": 4519.655299650864, "impact_speed": 105.46993929178089, "time": 40.853226180080966}, "-59": {"optimal_thrust": 4503.014633838247, "impact_speed": 106.97730138012385, "time": 41.076395368977394}, "-58": {"optimal_thrust": 4485.2792793772305, "impact_speed": 108.54887157258237, "time": 41.308124730058516}, "-57": {"optimal_thrust": 4466.496229807061, "impact_speed": 110.17461335843142, "time": 41.5484930296058}, "-56": {"optimal_thrust": 4446.712447857879, "impact_speed": 111.84491823145667, "time": 41.79762101015042}, "-55": {"optimal_thrust": 4425.97381924974, "impact_speed": 113.55071158807138, "time": 42.05565843771983}, "-54": {"optimal_thrust": 4404.327738815351, "impact_speed": 115.28317101685684, "time": 42.32273534209914}, "-53": {"optimal_thrust": 4381.820305040014, "impact_speed": 117.03399434230975, "time": 42.59897653224279}, "-52": {"optimal_thrust": 4358.498350275596, "impact_speed": 118.7951592178297, "time": 42.88450951784644}, "-51": {"optimal_thrust": 4336.800528542646, "impact_speed": 120.28891105320976, "time": 43.17947344121646}, "-50": {"optimal_thrust": 4316.978560796029, "impact_speed": 121.42503395971397, "time": 43.48400508423466}, "-49": {"optimal_thrust": 4294.72584211667, "impact_speed": 122.65191592693589, "time": 43.798230863263754}, "-48": {"optimal_thrust": 4270.078627218971, "impact_speed": 123.94900098819743, "time": 44.12229755360415}, "-47": {"optimal_thrust": 4243.074739341939, "impact_speed": 125.29048879267351, "time": 44.45635973026649}, "-46": {"optimal_thrust": 4213.752363560339, "impact_speed": 126.71449510554108, "time": 44.80058260222776}, "-45": {"optimal_thrust": 4182.152967288883, "impact_speed": 129.447549208763, "time": 45.1551470600559}, "-44": {"optimal_thrust": 4148.319277431792, "impact_speed": 132.2977296730463, "time": 45.52025731088467}, "-43": {"optimal_thrust": 4112.296794005656, "impact_speed": 135.25435882990962, "time": 45.89614200980122}, "-42": {"optimal_thrust": 4074.1318018188767, "impact_speed": 138.30803861746293, "time": 46.28297154137828}, "-41": {"optimal_thrust": 4033.8746630676096, "impact_speed": 141.44939025880967, "time": 46.68041117674816}, "-40": {"optimal_thrust": 3991.57624830762, "impact_speed": 144.66963366239304, "time": 47.087551526735936}, "-39": {"optimal_thrust": 3947.2913028330977, "impact_speed": 147.96017489027133, "time": 47.50501268266184}, "-38": {"optimal_thrust": 3909.2302319511155, "impact_speed": 150.55234216583278, "time": 47.93400151533881}, "-37": {"optimal_thrust": 3892.118350340238, "impact_speed": 151.07510148307094, "time": 48.37494026570699}, "-36": {"optimal_thrust": 3874.6390196643874, "impact_speed": 151.49713897650486, "time": 48.82781656872189}, "-35": {"optimal_thrust": 3850.7265976701997, "impact_speed": 152.5278162168803, "time": 49.292669286789696}, "-34": {"optimal_thrust": 3821.01921313796, "impact_speed": 154.20215025126132, "time": 49.76959040191694}, "-33": {"optimal_thrust": 3799.3810804634973, "impact_speed": 154.89550679332598, "time": 50.25875349701667}, "-32": {"optimal_thrust": 3775.746108366689, "impact_speed": 155.7782138903246, "time": 50.76023076345925}, "-31": {"optimal_thrust": 3752.344781538617, "impact_speed": 156.58891651817328, "time": 51.27415551915111}, "-30": {"optimal_thrust": 3729.1696744500414, "impact_speed": 157.32864130283474, "time": 51.80065194208411}, "-29": {"optimal_thrust": 3706.237032979676, "impact_speed": 157.9956890559501, "time": 52.33985506766611}, "-28": {"optimal_thrust": 3676.029107839608, "impact_speed": 159.88541204538865, "time": 52.8918531862127}, "-27": {"optimal_thrust": 3654.5316174425193, "impact_speed": 160.38383508877635, "time": 53.4568179961794}, "-26": {"optimal_thrust": 3633.023643291489, "impact_speed": 160.86288284438592, "time": 54.03485410097997}, "-25": {"optimal_thrust": 3612.131257857026, "impact_speed": 161.21370824600052, "time": 54.62607444721051}, "-24": {"optimal_thrust": 3591.88708804038, "impact_speed": 161.41551798521135, "time": 55.23056553006404}, "-23": {"optimal_thrust": 3572.2890856847866, "impact_speed": 161.44928432112818, "time": 55.84841007555172}, "-22": {"optimal_thrust": 3553.316212091072, "impact_speed": 161.29688085755885, "time": 56.479722852436105}, "-21": {"optimal_thrust": 3534.944027425963, "impact_speed": 160.94004569323988, "time": 57.12461341769451}, "-20": {"optimal_thrust": 3517.157761134054, "impact_speed": 160.35889288020027, "time": 57.783151291444064}, "-19": {"optimal_thrust": 3499.9586349864535, "impact_speed": 159.53074422789635, "time": 58.45539486150634}, "-18": {"optimal_thrust": 3483.3630757557326, "impact_speed": 158.430473922817, "time": 59.14138958631893}, "-17": {"optimal_thrust": 3467.404089195534,