{"-90": {"optimal_thrust": 4727.397490218519, "impact_speed": 86.27280593790732, "time": 37.58197282992347}, "-89": {"optimal_thrust": 4771.295810197409, "impact_speed": 80.83244542015035, "time": 37.585323596679544}, "-88": {"optimal_thrust": 4756.597565059592, "impact_speed": 82.62231365382816, "time": 37.59548549431266}, "-87": {"optimal_thrust": 4848.800847477509, "impact_speed": 69.38500531186962, "time": 37.61312695464336}, "-86": {"optimal_thrust": 4931.261308671516, "impact_speed": 55.14893485478242, "time": 37.63673965885751}, "-85": {"optimal_thrust": 5046.671270201933, "impact_speed": 24.354215533202385, "time": 37.66864809176254}, "-84": {"optimal_thrust": 5039.973335346689, "impact_speed": 27.18613431000323, "time": 37.708657518593704}, "-83": {"optimal_thrust": 4913.32561437919, "impact_speed": 58.77484143124066, "time": 37.751305506950985}, "-82": {"optimal_thrust": 4701.723608279537, "impact_speed": 89.41458611610689, "time": 37.79897912947901}, "-81": {"optimal_thrust": 4737.65628392803, "impact_speed": 84.99384309837276, "time": 37.85752651716189}, "-80": {"optimal_thrust": 4739.358099227344, "impact_speed": 84.77714220081377, "time": 37.920809412112035}, "-79": {"optimal_thrust": 4740.08489640559, "impact_speed": 84.64963001901525, "time": 37.991289875223636}, "-78": {"optimal_thrust": 4728.940560544166, "impact_speed": 85.987852533216, "time": 38.064171742137226}, "-77": {"optimal_thrust": 4717.557703810331, "impact_speed": 87.3107934977473, "time": 38.13829738080295}, "-76": {"optimal_thrust": 4707.532079587024, "impact_speed": 88.43216955823763, "time": 38.24231695090691}, "-75": {"optimal_thrust": 4699.774234922662, "impact_speed": 89.25750150155504, "time": 38.34628942139089}, "-74": {"optimal_thrust": 4693.490958622288, "impact_speed": 89.89604695152198, "time": 38.45467998629866}, "-73": {"optimal_thrust": 4687.325263175053, "impact_speed": 90.5163653373812, "time": 38.56935604320675}, "-72": {"optimal_thrust": 4680.260356118936, "impact_speed": 91.23953353882365, "time": 38.6909863532439}, "-71": {"optimal_thrust": 4629.053857960104, "impact_speed": 96.88889021748234, "time": 38.819658116346645}, "-70": {"optimal_thrust": 4627.853623405298, "impact_speed": 96.9260385038572, "time": 38.956037819077444}, "-69": {"optimal_thrust": 4624.958584486587, "impact_speed": 97.15515786441874, "time": 39.09977261507131}, "-68": {"optimal_thrust": 4620.418335844666, "impact_speed": 97.567092637099, "time": 39.25129679003563}, "-67": {"optimal_thrust": 4614.290713871006, "impact_speed": 98.15069225390202, "time": 39.4106641883246}, "-66": {"optimal_thrust": 4606.6344967078485, "impact_speed": 98.89392093633272, "time": 39.57786129441443}, "-65": {"optimal_thrust": 4597.508378182778, "impact_speed": 99.78423445437312, "time": 39.753129968530175}, "-64": {"optimal_thrust": 4586.969961497401, "impact_speed": 100.80891650640982, "time": 39.937624381135606}, "-63": {"optimal_thrust": 4575.0737131172955, "impact_speed": 101.95548921650999, "time": 40.12691371306126}, "-62": {"optimal_thrust": 4561.872915115119, "impact_speed": 103.21165479337208, "time": 40.322849571252384}, "-61": {"optimal_thrust": 4547.419823048012, "impact_speed": 104.56540368590484, "time": 40.528812113991734}, "-60": {"optimal_thrust": 4531.76361292658, "impact_speed": 106.00532593129283, "time": 40.74359150268486}, "-59": {"optimal_thrust": 4514.953731691744, "impact_speed": 107.52032350439391, "time": 40.96698135536684}, "-58": {"optimal_thrust": 4497.037890464143, "impact_speed": 109.09986871997013, "time": 41.19894767109964}, "-57": {"optimal_thrust": 4478.063686860402, "impact_speed": 110.73386090367828, "time": 41.439570989436554}, "-56": {"optimal_thrust": 4458.078145997673, "impact_speed": 112.41268558199035, "time": 41.68897765416303}, "-55": {"optimal_thrust": 4437.128713367866, "impact_speed": 114.12710946547182, "time": 41.94731423790112}, "-54": {"optimal_thrust": 4415.2621870801095, "impact_speed": 115.86837668889902, "time": 42.214713033450025}, "-53": {"optimal_thrust": 4392.525846271567, "impact_speed": 117.62806923410108, "time": 42.491300231470554}, "-52": {"optimal_thrust": 4368.966719865581, "impact_speed": 119.3981525444044, "time": 42.77720481714026}, "-51": {"optimal_thrust": 4347.047620809946, "impact_speed": 120.89953419324713, "time": 43.0725675185254}, "-50": {"optimal_thrust": 4327.023978617058, "impact_speed": 122.04141705430412, "time": 43.37752675391353}, "-49": {"optimal_thrust": 4304.544924304914, "impact_speed": 123.27450691002326, "time": 43.69221057036329}, "-48": {"optimal_thrust": 4279.6470604097085, "impact_speed": 124.57813351048365, "time": 44.01676748915772}, "-47": {"optimal_thrust": 4252.367897942213, "impact_speed": 125.92653725485359, "time": 44.35135388481221}, "-46": {"optimal_thrust": 4222.747361682484, "impact_speed": 127.35705878116127, "time": 44.69613682784959}, "-45": {"optimal_thrust": 4190.826244674204, "impact_speed": 130.10463636058464, "time": 45.05129912469303}, "-44": {"optimal_thrust": 4156.64838393203, "impact_speed": 132.96924883184354, "time": 45.41704702670991}, "-43": {"optimal_thrust": 4120.25892041506, "impact_speed": 135.94094954205462, "time": 45.79361168032356}, "-42": {"optimal_thrust": 4081.7056419079995, "impact_speed": 139.01010616929935, "time": 46.181167874596454}, "-41": {"optimal_thrust": 4041.0389130387985, "impact_speed": 142.16738691332736, "time": 46.579387778502195}, "-40": {"optimal_thrust": 3998.3101928412893, "impact_speed": 145.40395648949078, "time": 46.9873532279386}, "-39": {"optimal_thrust": 3953.574030330579, "impact_speed": 148.71125104184213, "time": 47.405676646599495}, "-38": {"optimal_thrust": 3915.125502914186, "impact_speed": 151.31658272302138, "time": 47.83558027517593}, "-37": {"optimal_thrust": 3897.839509075636, "impact_speed": 151.84199141378213, "time": 48.27749313587723}, "-36": {"optimal_thrust": 3880.1826965557, "impact_speed": 152.26612502914836, "time": 48.731403992483884}, "-35": {"optimal_thrust": 3856.0265388098246, "impact_speed": 153.30207395940764, "time": 49.19735304960898}, "-34": {"optimal_thrust": 3826.016690041307, "impact_speed": 154.98491949395648, "time": 49.675434229895984}, "-33": {"optimal_thrust": 3804.1585433217874, "impact_speed": 155.68176829784912, "time": 50.16582372246779}, "-32": {"optimal_thrust": 3780.2828390202735, "impact_speed": 156.56897963636877, "time": 50.668595874153674}, "-31": {"optimal_thrust": 3756.643591010496, "impact_speed": 157.38375961874576, "time": 51.18388660444293}, "-30": {"optimal_thrust": 3733.2325408879396, "impact_speed": 158.12724788489166, "time": 51.71182281760873}, "-29": {"optimal_thrust": 3710.0666438360927, "impact_speed": 158.7976520821046, "time": 52.25254228595934}, "-28": {"optimal_thrust": 3687.1773650968767, "impact_speed": 159.39152222229922, "time": 52.806176453173286}, "-27": {"optimal_thrust": 3657.8347913153707, "impact_speed": 161.1979525439791, "time": 53.37277708674213}, "-26": {"optimal_thrust": 3636.1076333125748, "impact_speed": 161.67948645963415, "time": 53.95257489908113}, "-25": {"optimal_thrust": 3615.002973471577, "impact_speed": 162.03201324705506, "time": 54.545644137441}, "-24": {"optimal_thrust": 3594.5527912311527, "impact_speed": 162.23483300443039, "time": 55.15207337504835}, "-23": {"optimal_thrust": 3574.75536877776, "impact_speed": 162.26874675765112, "time": 55.77194960321081}, "-22": {"optimal_thrust": 3555.5892116329524, "impact_speed": 162.1156191206728, "time": 56.40539308570565}, "-21": {"optimal_thrust": 3537.029762934999, "impact_speed": 161.75708751516237, "time": 57.05251344781336}, "-20": {"optimal_thrust": 3519.0629412912867, "impact_speed": 161.1727407499433, "time": 57.7133816419234}, "-19": {"optimal_thrust": 3501.688439199717, "impact_speed": 160.3405764911539, "time": 58.38805821678092}, "-18": {"optimal_thrust": 3484.924094890775, "impact_speed": 159.23461066592193, "time": 59.07659081466316}, "-17": {"optimal_thrust": 3468.802467695137,