{"-90": {"optimal_thrust": 4741.0278496331175, "impact_speed": 86.77426070919273, "time": 37.470766431485956}, "-89": {"optimal_thrust": 4785.891083994211, "impact_speed": 81.24069429673911, "time": 37.47411450157088}, "-88": {"optimal_thrust": 4771.043817331731, "impact_speed": 83.03962554520838, "time": 37.48429166953956}, "-87": {"optimal_thrust": 4864.180844767098, "impact_speed": 69.7354600919884, "time": 37.5019287573538}, "-86": {"optimal_thrust": 4947.47635826893, "impact_speed": 55.427493987497336, "time": 37.52555909693561}, "-85": {"optimal_thrust": 5064.054982330233, "impact_speed": 24.477300233647515, "time": 37.557473074243035}, "-84": {"optimal_thrust": 5057.289572554642, "impact_speed": 27.323374281687666, "time": 37.59745440265809}, "-83": {"optimal_thrust": 4929.359646407071, "impact_speed": 59.07160094593903, "time": 37.640238876385936}, "-82": {"optimal_thrust": 4715.614449731671, "impact_speed": 89.8661680007292, "time": 37.68784881148258}, "-81": {"optimal_thrust": 4751.910982412849, "impact_speed": 85.42309961251777, "time": 37.746289163087226}, "-80": {"optimal_thrust": 4753.6301914818005, "impact_speed": 85.20528411856158, "time": 37.80972611475207}, "-79": {"optimal_thrust": 4754.364024290345, "impact_speed": 85.07716872863901, "time": 37.88016727155924}, "-78": {"optimal_thrust": 4743.107103576324, "impact_speed": 86.42211648270018, "time": 37.95282275001822}, "-77": {"optimal_thrust": 4731.608951227016, "impact_speed": 87.75174255501791, "time": 38.02794199816517}, "-76": {"optimal_thrust": 4721.481589286991, "impact_speed": 88.87880787864837, "time": 38.131656317244044}, "-75": {"optimal_thrust": 4713.645202565315, "impact_speed": 89.70830592914646, "time": 38.23549971825373}, "-74": {"optimal_thrust": 4707.298396690895, "impact_speed": 90.35006473797708, "time": 38.343886851332954}, "-73": {"optimal_thrust": 4701.069977569468, "impact_speed": 90.97354959603636, "time": 38.458599381169236}, "-72": {"optimal_thrust": 4693.933674813357, "impact_speed": 91.70035284501043, "time": 38.580287631134404}, "-71": {"optimal_thrust": 4642.208605778633, "impact_speed": 97.37824378570335, "time": 38.70902173543289}, "-70": {"optimal_thrust": 4640.996473734596, "impact_speed": 97.41555163160477, "time": 38.84548619637052}, "-69": {"optimal_thrust": 4638.07163070545, "impact_speed": 97.64588152931066, "time": 38.98931209890605}, "-68": {"optimal_thrust": 4633.485845136962, "impact_speed": 98.05984859260684, "time": 39.1409422344161}, "-67": {"optimal_thrust": 4627.29603839055, "impact_speed": 98.64641024692553, "time": 39.30041967029485}, "-66": {"optimal_thrust": 4619.562194510137, "impact_speed": 99.39340300524299, "time": 39.46773547441385}, "-65": {"optimal_thrust": 4610.344059931063, "impact_speed": 100.28816971799905, "time": 39.6431436577454}, "-64": {"optimal_thrust": 4599.6985562208765, "impact_speed": 101.31806681869955, "time": 39.82783141415958}, "-63": {"optimal_thrust": 4587.681831063701, "impact_speed": 102.47043118181283, "time": 40.01711278121069}, "-62": {"optimal_thrust": 4574.347856035932, "impact_speed": 103.73288782396982, "time": 40.213268399060944}, "-61": {"optimal_thrust": 4559.748233849641, "impact_speed": 105.09349206259976, "time": 40.41942687491375}, "-60": {"optimal_thrust": 4543.933362429073, "impact_speed": 106.54069914772582, "time": 40.634407434803265}, "-59": {"optimal_thrust": 4526.952951412864, "impact_speed": 108.06337981225144, "time": 40.85801250725303}, "-58": {"optimal_thrust": 4508.855914113904, "impact_speed": 109.65087878582474, "time": 41.09021016309251}, "-57": {"optimal_thrust": 4489.689326426785, "impact_speed": 111.29314825382146, "time": 41.33108277666611}, "-56": {"optimal_thrust": 4469.501760257336, "impact_speed": 112.9804150339576, "time": 41.580762179438096}, "-55": {"optimal_thrust": 4448.340097155993, "impact_speed": 114.70350640698487, "time": 41.83939168586515}, "-54": {"optimal_thrust": 4426.252212775985, "impact_speed": 116.45356028760949, "time": 42.10710593019521}, "-53": {"optimal_thrust": 4403.285303998047, "impact_speed": 118.2221743014862, "time": 42.38403248276194}, "-52": {"optimal_thrust": 4379.487742993012, "impact_speed": 120.00118325773013, "time": 42.67030180827419}, "-51": {"optimal_thrust": 4357.346772587369, "impact_speed": 121.51013779854141, "time": 42.96605622041666}, "-50": {"optimal_thrust": 4337.120192375688, "impact_speed": 122.65780824654873, "time": 43.271435768276575}, "-49": {"optimal_thrust": 4314.413654713487, "impact_speed": 123.89710773315271, "time": 43.5865701315576}, "-48": {"optimal_thrust": 4289.263638236902, "impact_speed": 125.20732356364587, "time": 43.91160957302832}, "-47": {"optimal_thrust": 4261.708371119147, "impact_speed": 126.56249621698414, "time": 44.246712265407936}, "-46": {"optimal_thrust": 4231.787500897813, "impact_speed": 128.00178671706277, "time": 44.592047124822685}, "-45": {"optimal_thrust": 4199.543280413295, "impact_speed": 130.76177673464414, "time": 44.947798865149885}, "-44": {"optimal_thrust": 4165.019151731326, "impact_speed": 133.64087183877106, "time": 45.3141757500982}, "-43": {"optimal_thrust": 4128.261404892376, "impact_speed": 136.6275334061318, "time": 45.69141140476334}, "-42": {"optimal_thrust": 4089.3179830816002, "impact_speed": 139.7121538350123, "time": 46.07968519951279}, "-41": {"optimal_thrust": 4048.239248856094, "impact_speed": 142.88540543995032, "time": 46.47867720146439}, "-40": {"optimal_thrust": 4005.0777768116227, "impact_speed": 146.1383273475041, "time": 46.88746032292211}, "-39": {"optimal_thrust": 3959.888782847615, "impact_speed": 149.46230642006833, "time": 47.30663694515149}, "-38": {"optimal_thrust": 3921.051017334551, "impact_speed": 152.08078626282182, "time": 47.73744546391384}, "-37": {"optimal_thrust": 3903.5897154995077, "impact_speed": 152.60887323368348, "time": 48.18032242197016}, "-36": {"optimal_thrust": 3885.7540771499744, "impact_speed": 153.03515189943968, "time": 48.63525781092202}, "-35": {"optimal_thrust": 3861.3532795911447, "impact_speed": 154.07633586536517, "time": 49.10229316227862}, "-34": {"optimal_thrust": 3836.685904224908, "impact_speed": 155.10170685978616, "time": 49.581550556306816}, "-33": {"optimal_thrust": 3808.9599947987736, "impact_speed": 156.46805577208747, "time": 50.07313006629177}, "-32": {"optimal_thrust": 3784.842851394561, "impact_speed": 157.35970226346288, "time": 50.57718692141584}, "-31": {"optimal_thrust": 3760.9641424298097, "impact_speed": 158.17860646766178, "time": 51.0938334093158}, "-30": {"optimal_thrust": 3737.3160015940402, "impact_speed": 158.92585081287044, "time": 51.62319917297007}, "-29": {"optimal_thrust": 3713.9151880237255, "impact_speed": 159.59969787233817, "time": 52.165424723261786}, "-28": {"optimal_thrust": 3690.7943855059325, "impact_speed": 160.1965183583295, "time": 52.72064389233604}, "-27": {"optimal_thrust": 3661.154598703964, "impact_speed": 162.01208680479894, "time": 53.28891097557959}, "-26": {"optimal_thrust": 3639.207355954854, "impact_speed": 162.49606607034247, "time": 53.87046033358105}, "-25": {"optimal_thrust": 3617.889204328918, "impact_speed": 162.85032415063486, "time": 54.46536837547968}, "-24": {"optimal_thrust": 3597.231735637404, "impact_speed": 163.0542149117739, "time": 55.07372580851282}, "-23": {"optimal_thrust": 3577.2339357522433, "impact_speed": 163.08827145562185, "time": 55.695624015859174}, "-22": {"optimal_thrust": 3557.873537080456, "impact_speed": 162.93442394853963, "time": 56.331189075965995}, "-21": {"optimal_thrust": 3539.1264969106496, "impact_speed": 162.5739342308216, "time": 56.98052967443487}, "-20": {"optimal_thrust": 3520.9773314852478, "impact_speed": 161.98683334090202, "time": 57.64371877776172}, "-19": {"optimal_thrust": 3503.4270082273197, "impact_speed": 161.15040404095703, "time": 58.32081915592903}, "-18": {"optimal_thrust": 3486.4930481255105, "impact_speed": 160.03871886244656, "time": 59.01188066384624}, "-17": {"optimal_thrust": 3470.2083277420884,