{"-90": {"optimal_thrust": 3344.5256748730044, "impact_speed": 8.406047878805598, "time": 68.51614696202607}, "-89": {"optimal_thrust": 3344.7067565607013, "impact_speed": 8.16341721824221, "time": 68.5139535229913}, "-88": {"optimal_thrust": 3344.5564938376915, "impact_speed": 8.34454792466319, "time": 68.52011015030911}, "-87": {"optimal_thrust": 3345.4964987365347, "impact_speed": 7.008398017291457, "time": 68.52104640839528}, "-86": {"optimal_thrust": 3346.3394131234077, "impact_speed": 5.56738658258624, "time": 68.52642139302853}, "-85": {"optimal_thrust": 3347.5153895927874, "impact_speed": 2.459522668947834, "time": 68.53535878290049}, "-84": {"optimal_thrust": 3347.446100205533, "impact_speed": 2.7493090243335176, "time": 68.54167389053758}, "-83": {"optimal_thrust": 3346.152526866139, "impact_speed": 5.940845441391681, "time": 68.55038827679036}, "-82": {"optimal_thrust": 3343.996121108567, "impact_speed": 9.03133741897995, "time": 68.5348881652774}, "-81": {"optimal_thrust": 3344.3622517526715, "impact_speed": 8.585393203490316, "time": 68.57174955812235}, "-80": {"optimal_thrust": 3344.3797479478476, "impact_speed": 8.563336758754355, "time": 68.58936715486637}, "-79": {"optimal_thrust": 3344.3870518029, "impact_speed": 8.550594992083813, "time": 68.60620406634501}, "-78": {"optimal_thrust": 3344.273203252143, "impact_speed": 8.685940304869035, "time": 68.62518308123197}, "-77": {"optimal_thrust": 3344.157029196354, "impact_speed": 8.819605786159713, "time": 68.64312113639127}, "-76": {"optimal_thrust": 3344.0545313197117, "impact_speed": 8.933115911725386, "time": 68.663299809351}, "-75": {"optimal_thrust": 3343.975792852264, "impact_speed": 9.015986451869049, "time": 68.6852968026142}, "-74": {"optimal_thrust": 3343.9114863907826, "impact_speed": 9.080717321889336, "time": 68.70877945551834}, "-73": {"optimal_thrust": 3343.848787434123, "impact_speed": 9.143129977725769, "time": 68.73384228139557}, "-72": {"optimal_thrust": 3343.7764653015875, "impact_speed": 9.216453360515201, "time": 68.7606918915438}, "-71": {"optimal_thrust": 3343.2543911702883, "impact_speed": 9.786654075907391, "time": 68.78929715840987}, "-70": {"optimal_thrust": 3343.242157754334, "impact_speed": 9.790393873479577, "time": 68.81982342641756}, "-69": {"optimal_thrust": 3343.2122836539384, "impact_speed": 9.813904454684973, "time": 68.85134497827613}, "-68": {"optimal_thrust": 3343.1661472315704, "impact_speed": 9.855310253304319, "time": 68.88247859231163}, "-67": {"optimal_thrust": 3343.1035793119663, "impact_speed": 9.914312058104988, "time": 68.91527578778452}, "-66": {"optimal_thrust": 3343.0252966592748, "impact_speed": 9.989565439100256, "time": 68.94989385147599}, "-65": {"optimal_thrust": 3342.932258024647, "impact_speed": 10.079413771478972, "time": 68.98616457729284}, "-64": {"optimal_thrust": 3342.8246477449125, "impact_speed": 10.183008418938396, "time": 69.02396793536559}, "-63": {"optimal_thrust": 3342.703401856672, "impact_speed": 10.298681684324617, "time": 69.06323224374309}, "-62": {"optimal_thrust": 3342.568528647001, "impact_speed": 10.425760908514519, "time": 69.1039791939519}, "-61": {"optimal_thrust": 3342.4212535985225, "impact_speed": 10.562301247523845, "time": 69.1461270311034}, "-60": {"optimal_thrust": 3342.2615102540785, "impact_speed": 10.707749169250496, "time": 69.1896776801043}, "-59": {"optimal_thrust": 3342.089914098186, "impact_speed": 10.860864894974027, "time": 69.23460606159504}, "-58": {"optimal_thrust": 3341.907028137164, "impact_speed": 11.020505534627373, "time": 69.28087610958762}, "-57": {"optimal_thrust": 3341.7135956262346, "impact_speed": 11.18538806253738, "time": 69.3284912296074}, "-56": {"optimal_thrust": 3341.5095744140867, "impact_speed": 11.355075811891322, "time": 69.37743965392842}, "-55": {"optimal_thrust": 3341.2958063936712, "impact_speed": 11.528270512899569, "time": 69.42770927803257}, "-54": {"optimal_thrust": 3341.072515468466, "impact_speed": 11.704348270055828, "time": 69.4792876465785}, "-53": {"optimal_thrust": 3340.840843922402, "impact_speed": 11.881779520334117, "time": 69.53216196815494}, "-52": {"optimal_thrust": 3340.6004156483564, "impact_speed": 12.060634712158853, "time": 69.58631909040534}, "-51": {"optimal_thrust": 3340.3770991462084, "impact_speed": 12.21193849584331, "time": 69.64174577268126}, "-50": {"optimal_thrust": 3340.172448541028, "impact_speed": 12.327688842607644, "time": 69.69842818683301}, "-49": {"optimal_thrust": 3339.9431880015027, "impact_speed": 12.452156900912433, "time": 69.75635171057878}, "-48": {"optimal_thrust": 3339.6891936652546, "impact_speed": 12.58382369129764, "time": 69.81550262314884}, "-47": {"optimal_thrust": 3339.410595932862, "impact_speed": 12.721070991832216, "time": 69.87586985850132}, "-46": {"optimal_thrust": 3339.108648501784, "impact_speed": 12.867668350875519, "time": 69.9374319231509}, "-45": {"optimal_thrust": 3338.7825227282306, "impact_speed": 13.143625823157214, "time": 70.00017251095326}, "-44": {"optimal_thrust": 3338.4342109654376, "impact_speed": 13.431469888940411, "time": 70.06410070792927}, "-43": {"optimal_thrust": 3338.0626809614882, "impact_speed": 13.731967897696407, "time": 70.12921528740344}, "-42": {"optimal_thrust": 3337.6693747204718, "impact_speed": 14.041824910681008, "time": 70.19549444006478}, "-41": {"optimal_thrust": 3337.2545715806573, "impact_speed": 14.360556793263237, "time": 70.2629168915746}, "-40": {"optimal_thrust": 3336.818575222929, "impact_speed": 14.687498489236434, "time": 70.33146229081704}, "-39": {"optimal_thrust": 3336.3617195635397, "impact_speed": 15.021947870007946, "time": 70.40111144443581}, "-38": {"optimal_thrust": 3335.9700488953586, "impact_speed": 15.284512767703568, "time": 70.47184733948039}, "-37": {"optimal_thrust": 3335.793528383154, "impact_speed": 15.337735790457751, "time": 70.54365501161227}, "-36": {"optimal_thrust": 3335.5838126213976, "impact_speed": 15.412005536650588, "time": 70.61651675243958}, "-35": {"optimal_thrust": 3335.3667932478543, "impact_speed": 15.485381043701974, "time": 70.69041826838424}, "-34": {"optimal_thrust": 3335.060946420854, "impact_speed": 15.534030086239769, "time": 70.76534272160907}, "-33": {"optimal_thrust": 3334.838287148421, "impact_speed": 15.31695421440846, "time": 70.84126898673958}, "-32": {"optimal_thrust": 3334.5943198749596, "impact_speed": 15.031690458540172, "time": 70.91815517594966}, "-31": {"optimal_thrust": 3334.3536829409218, "impact_speed": 14.779583202451255, "time": 70.9959289246134}, "-30": {"optimal_thrust": 3334.11464749434, "impact_speed": 14.552945878818813, "time": 71.07448990958689}, "-29": {"optimal_thrust": 3333.8781966378056, "impact_speed": 14.355270800874798, "time": 71.15375716929786}, "-28": {"optimal_thrust": 3333.6443798589276, "impact_speed": 14.186017490273539, "time": 71.23371942913721}, "-27": {"optimal_thrust": 3333.3450702538867, "impact_speed": 13.734086667696722, "time": 71.31441763390423}, "-26": {"optimal_thrust": 3333.129161672365, "impact_speed": 13.672169029098013, "time": 71.39589565436222}, "-25": {"optimal_thrust": 3332.9249094336737, "impact_speed": 13.680112278141445, "time": 71.47817091813104}, "-24": {"optimal_thrust": 3332.723180010366, "impact_speed": 13.713876392213711, "time": 71.56123978990625}, "-23": {"optimal_thrust": 3332.5233151229622, "impact_speed": 13.769268058808459, "time": 71.64508590259305}, "-22": {"optimal_thrust": 3332.326586426222, "impact_speed": 13.85097265810895, "time": 71.73072294055001}, "-21": {"optimal_thrust": 3332.133278306783, "impact_speed": 13.959281189591993, "time": 71.81670215199786}, "-20": {"optimal_thrust": 3331.9063256068657, "impact_speed": 13.912455846848031, "time": 71.90207324271113}, "-19": {"optimal_thrust": 3331.7510379850373, "impact_speed": 14.224119020653673, "time": 71.98897679151061}, "-18": {"optimal_thrust": 3331.593713202781, "impact_speed": 14.526151286847867, "time": 72.07726510250383}, "-17": {"optimal_thrust": 3331.4352836236685,