{"-90": {"optimal_thrust": 4754.716070480225, "impact_speed": 87.27666066171307, "time": 37.35973014967344}, "-89": {"optimal_thrust": 4800.559929364234, "impact_speed": 81.64893739815014, "time": 37.36342879022569}, "-88": {"optimal_thrust": 4785.563236639951, "impact_speed": 83.45688777552526, "time": 37.37361963330062}, "-87": {"optimal_thrust": 4879.638782699241, "impact_speed": 70.08584505668797, "time": 37.391252536197335}, "-86": {"optimal_thrust": 4963.773360946417, "impact_speed": 55.7060020027197, "time": 37.4148994526445}, "-85": {"optimal_thrust": 5081.526446436342, "impact_speed": 24.60030692161081, "time": 37.44681821495762}, "-84": {"optimal_thrust": 5074.693048482652, "impact_speed": 27.460613291205497, "time": 37.486770608879866}, "-83": {"optimal_thrust": 4945.47389888642, "impact_speed": 59.36846138370092, "time": 37.52969316112643}, "-82": {"optimal_thrust": 4729.575257509632, "impact_speed": 90.31775143198688, "time": 37.57723619892827}, "-81": {"optimal_thrust": 4766.237504207502, "impact_speed": 85.85235475068995, "time": 37.63557909382191}, "-80": {"optimal_thrust": 4767.97389904036, "impact_speed": 85.63346173573353, "time": 37.69915808594339}, "-79": {"optimal_thrust": 4768.715171531948, "impact_speed": 85.50469681726524, "time": 37.76955444557402}, "-78": {"optimal_thrust": 4757.344529666916, "impact_speed": 86.85644020195278, "time": 37.841978440712666}, "-77": {"optimal_thrust": 4745.730787762198, "impact_speed": 88.19271564262284, "time": 37.91807286396513}, "-76": {"optimal_thrust": 4735.501285099863, "impact_speed": 89.32545669526063, "time": 38.02149031987452}, "-75": {"optimal_thrust": 4727.585929539603, "impact_speed": 90.15912442393356, "time": 38.125210511383465}, "-74": {"optimal_thrust": 4721.175593773704, "impact_speed": 90.80405909599303, "time": 38.233594119626154}, "-73": {"optimal_thrust": 4714.8845614715565, "impact_speed": 91.43066075504568, "time": 38.348341593710884}, "-72": {"optimal_thrust": 4707.675922253708, "impact_speed": 92.16116681874918, "time": 38.47008538228519}, "-71": {"optimal_thrust": 4655.429998049013, "impact_speed": 97.86755669416002, "time": 38.59888040074634}, "-70": {"optimal_thrust": 4654.205138047253, "impact_speed": 97.90510802956535, "time": 38.735425018321095}, "-69": {"optimal_thrust": 4651.251432312376, "impact_speed": 98.13652928424527, "time": 38.879339130102196}, "-68": {"optimal_thrust": 4646.6190833704995, "impact_speed": 98.55261572704718, "time": 39.03107135016009}, "-67": {"optimal_thrust": 4640.366954313352, "impact_speed": 99.14212023057652, "time": 39.1906548566401}, "-66": {"optimal_thrust": 4632.555108204507, "impact_speed": 99.89287536095752, "time": 39.35808540604288}, "-65": {"optimal_thrust": 4623.24404292637, "impact_speed": 100.7921440879823, "time": 39.53362914869649}, "-64": {"optimal_thrust": 4612.491621201462, "impact_speed": 101.82718001107493, "time": 39.71850487744919}, "-63": {"optimal_thrust": 4600.353933718659, "impact_speed": 102.98532338892579, "time": 39.90777864019291}, "-62": {"optimal_thrust": 4586.885298339921, "impact_speed": 104.25415737933228, "time": 40.104146950777476}, "-61": {"optimal_thrust": 4572.1384274558795, "impact_speed": 105.62161454483558, "time": 40.31049562507924}, "-60": {"optimal_thrust": 4556.16441048541, "impact_speed": 107.07607343941314, "time": 40.52567203104087}, "-59": {"optimal_thrust": 4539.013010870112, "impact_speed": 108.60639574209786, "time": 40.74948693901648}, "-58": {"optimal_thrust": 4520.733229162794, "impact_speed": 110.20191400517218, "time": 40.981910371799465}, "-57": {"optimal_thrust": 4501.373744135412, "impact_speed": 111.85241394818904, "time": 41.223026612649925}, "-56": {"optimal_thrust": 4480.982840147113, "impact_speed": 113.5481531197861, "time": 41.472972852045075}, "-55": {"optimal_thrust": 4459.608084890748, "impact_speed": 115.27989074811389, "time": 41.73188910474794}, "-54": {"optimal_thrust": 4437.297498692239, "impact_speed": 117.03875474315986, "time": 41.99991241035565}, "-53": {"optimal_thrust": 4414.099109882959, "impact_speed": 118.8162642578682, "time": 42.27717172337095}, "-52": {"optimal_thrust": 4390.061737336788, "impact_speed": 120.60421724121623, "time": 42.56379898548336}, "-51": {"optimal_thrust": 4367.698064780937, "impact_speed": 122.12071324636561, "time": 42.859938097988405}, "-50": {"optimal_thrust": 4347.267635175948, "impact_speed": 123.27415488429186, "time": 43.16573073749414}, "-49": {"optimal_thrust": 4324.331873258124, "impact_speed": 124.51974099099324, "time": 43.48130821310148}, "-48": {"optimal_thrust": 4298.928520042501, "impact_speed": 125.83654032577682, "time": 43.80682253079116}, "-47": {"optimal_thrust": 4271.095687569779, "impact_speed": 127.19852756326672, "time": 44.14243365380133}, "-46": {"optimal_thrust": 4240.873690297476, "impact_speed": 128.64381271697164, "time": 44.48831233854959}, "-45": {"optimal_thrust": 4208.304231364544, "impact_speed": 131.4189166486114, "time": 44.84464518335792}, "-44": {"optimal_thrust": 4173.432492040682, "impact_speed": 134.31241340390966, "time": 45.21164244554769}, "-43": {"optimal_thrust": 4136.3043249115035, "impact_speed": 137.3140985714711, "time": 45.589540202275145}, "-42": {"optimal_thrust": 4096.968508128936, "impact_speed": 140.41422310179425, "time": 45.97852257435554}, "-41": {"optimal_thrust": 4055.4759552742075, "impact_speed": 143.60341284832774, "time": 46.378278516079945}, "-40": {"optimal_thrust": 4011.8795891047566, "impact_speed": 146.87268412620554, "time": 46.78787195825326}, "-39": {"optimal_thrust": 3966.235150321505, "impact_speed": 150.2133809022433, "time": 47.207892797881186}, "-38": {"optimal_thrust": 3927.0059444800454, "impact_speed": 152.8450308402979, "time": 47.63959634816133}, "-37": {"optimal_thrust": 3909.369212970556, "impact_speed": 153.37572262305767, "time": 48.083427441099325}, "-36": {"optimal_thrust": 3891.3534050651765, "impact_speed": 153.80419202452148, "time": 48.5393773878939}, "-35": {"optimal_thrust": 3866.7066239671426, "impact_speed": 154.85062488128665, "time": 49.007489033230435}, "-34": {"optimal_thrust": 3841.79116397252, "impact_speed": 155.88109441936916, "time": 49.48788650542175}, "-33": {"optimal_thrust": 3813.785631155128, "impact_speed": 157.25434365347064, "time": 49.9806720285874}, "-32": {"optimal_thrust": 3789.4256322317947, "impact_speed": 158.1504531289551, "time": 50.48600344446326}, "-31": {"optimal_thrust": 3765.3061905569257, "impact_speed": 158.97349360211678, "time": 51.00399551482971}, "-30": {"optimal_thrust": 3741.420056568345, "impact_speed": 159.72445014155375, "time": 51.53478062864698}, "-29": {"optimal_thrust": 3717.783371230277, "impact_speed": 160.4016984014909, "time": 52.078502040249504}, "-28": {"optimal_thrust": 3694.4294379657094, "impact_speed": 161.00155245488654, "time": 52.63529602998141}, "-27": {"optimal_thrust": 3664.4910948522297, "impact_speed": 162.82622755522382, "time": 53.20521938756509}, "-26": {"optimal_thrust": 3642.322937118378, "impact_speed": 163.3125966588, "time": 53.7885101597905}, "-25": {"optimal_thrust": 3620.7895068704397, "impact_speed": 163.66874129076226, "time": 54.38524694258007}, "-24": {"optimal_thrust": 3599.924238469872, "impact_speed": 163.87358056999196, "time": 54.9955226429802}, "-23": {"optimal_thrust": 3579.7247751106247, "impact_speed": 163.90786095783497, "time": 55.61943314249419}, "-22": {"optimal_thrust": 3560.169305017687, "impact_speed": 163.75325222446952, "time": 56.25711065266535}, "-21": {"optimal_thrust": 3541.2333987911234, "impact_speed": 163.39095624800308, "time": 56.90866193370187}, "-20": {"optimal_thrust": 3522.9014449736956, "impact_speed": 162.8008815478792, "time": 57.574162557854564}, "-19": {"optimal_thrust": 3505.1744700809136, "impact_speed": 161.96013503036374, "time": 58.253677549993306}, "-18": {"optimal_thrust": 3488.0698676707266, "impact_speed": 160.84286356583684, "time": 58.947259018463285}, "-17": {"optimal_thrust": 3471.620838805339,