{"-90": {"optimal_thrust": 3346.0408929139976, "impact_speed": 8.793805593715138, "time": 68.2665254819157}, "-89": {"optimal_thrust": 3346.214070953587, "impact_speed": 8.571746095874339, "time": 68.26430339324025}, "-88": {"optimal_thrust": 3346.048436811566, "impact_speed": 8.761896032976585, "time": 68.27012110105191}, "-87": {"optimal_thrust": 3347.0849638501563, "impact_speed": 7.358712064812484, "time": 68.27117549598545}, "-86": {"optimal_thrust": 3348.0138178429374, "impact_speed": 5.846460449408629, "time": 68.2767979277828}, "-85": {"optimal_thrust": 3349.310777180594, "impact_speed": 2.5822447006003344, "time": 68.28716967352096}, "-84": {"optimal_thrust": 3349.2341307762404, "impact_speed": 2.887499878275894, "time": 68.29406596054041}, "-83": {"optimal_thrust": 3347.8082724956157, "impact_speed": 6.2376955887514445, "time": 68.2995413187399}, "-82": {"optimal_thrust": 3345.430427071475, "impact_speed": 9.483239787641457, "time": 68.30199679867388}, "-81": {"optimal_thrust": 3345.8345550936483, "impact_speed": 9.014457396969108, "time": 68.32634583096429}, "-80": {"optimal_thrust": 3345.853770778234, "impact_speed": 8.991385965539703, "time": 68.34321270797867}, "-79": {"optimal_thrust": 3345.8613852352837, "impact_speed": 8.978529468159882, "time": 68.36097527424268}, "-78": {"optimal_thrust": 3345.736052302187, "impact_speed": 9.120418236869414, "time": 68.38063748650235}, "-77": {"optimal_thrust": 3345.6083571441386, "impact_speed": 9.260318401785351, "time": 68.3985270327061}, "-76": {"optimal_thrust": 3345.49550582381, "impact_speed": 9.379334688916979, "time": 68.41997963663789}, "-75": {"optimal_thrust": 3345.4083681296884, "impact_speed": 9.466722515887708, "time": 68.44299058195276}, "-74": {"optimal_thrust": 3345.3374269084575, "impact_speed": 9.534738744315007, "time": 68.46759223637844}, "-73": {"optimal_thrust": 3345.268027439577, "impact_speed": 9.600575725422827, "time": 68.49406331794815}, "-72": {"optimal_thrust": 3345.1886195384855, "impact_speed": 9.677202923390952, "time": 68.52239057054094}, "-71": {"optimal_thrust": 3344.6125245337967, "impact_speed": 10.276443788088184, "time": 68.55271430024449}, "-70": {"optimal_thrust": 3344.599109728885, "impact_speed": 10.280296462763323, "time": 68.58433955242874}, "-69": {"optimal_thrust": 3344.5668061261804, "impact_speed": 10.304326301745787, "time": 68.61544162043685}, "-68": {"optimal_thrust": 3344.515532221127, "impact_speed": 10.348226169198423, "time": 68.64824182652418}, "-67": {"optimal_thrust": 3344.4466464626407, "impact_speed": 10.410078991618679, "time": 68.68297114822117}, "-66": {"optimal_thrust": 3344.360306837235, "impact_speed": 10.489128810920795, "time": 68.71944260697602}, "-65": {"optimal_thrust": 3344.2577954601784, "impact_speed": 10.583403780660564, "time": 68.7575213287919}, "-64": {"optimal_thrust": 3344.139495847403, "impact_speed": 10.691830930338199, "time": 68.79714475966728}, "-63": {"optimal_thrust": 3344.0053807706117, "impact_speed": 10.81373674619302, "time": 68.83832801149119}, "-62": {"optimal_thrust": 3343.856759666757, "impact_speed": 10.947092111660771, "time": 68.8809843819512}, "-61": {"optimal_thrust": 3343.694199649462, "impact_speed": 11.090647732034617, "time": 68.92512436456776}, "-60": {"optimal_thrust": 3343.51816083422, "impact_speed": 11.2432889949717, "time": 68.97070139548507}, "-59": {"optimal_thrust": 3343.3291595461274, "impact_speed": 11.403879263492296, "time": 69.01770364055507}, "-58": {"optimal_thrust": 3343.127771220998, "impact_speed": 11.57126428931289, "time": 69.06612705430165}, "-57": {"optimal_thrust": 3342.9142553219767, "impact_speed": 11.744641657343468, "time": 69.11595985367869}, "-56": {"optimal_thrust": 3342.689104712029, "impact_speed": 11.923024908272955, "time": 69.16718990114374}, "-55": {"optimal_thrust": 3342.453675708732, "impact_speed": 12.10463614097178, "time": 69.2198047107262}, "-54": {"optimal_thrust": 3342.20761769186, "impact_speed": 12.289399881429512, "time": 69.27379142187371}, "-53": {"optimal_thrust": 3341.952205975616, "impact_speed": 12.475694836992131, "time": 69.32913683016328}, "-52": {"optimal_thrust": 3341.6869095710153, "impact_speed": 12.663715419765161, "time": 69.38582735170628}, "-51": {"optimal_thrust": 3341.4402350046767, "impact_speed": 12.823077896113537, "time": 69.44384932344313}, "-50": {"optimal_thrust": 3341.2150451918837, "impact_speed": 12.94416504644597, "time": 69.5031892409682}, "-49": {"optimal_thrust": 3340.962261212928, "impact_speed": 13.074904950090211, "time": 69.56383582934747}, "-48": {"optimal_thrust": 3340.6822022103265, "impact_speed": 13.213254311683393, "time": 69.62576733401175}, "-47": {"optimal_thrust": 3340.37523947205, "impact_speed": 13.356940786975223, "time": 69.6889718392858}, "-46": {"optimal_thrust": 3340.042301046931, "impact_speed": 13.510598087054214, "time": 69.7534704548346}, "-45": {"optimal_thrust": 3339.6828956038034, "impact_speed": 13.800287515598654, "time": 69.81925018505133}, "-44": {"optimal_thrust": 3339.2985728359486, "impact_speed": 14.103321022524657, "time": 69.88628880513967}, "-43": {"optimal_thrust": 3338.8890941006853, "impact_speed": 14.418583437724365, "time": 69.95456517956175}, "-42": {"optimal_thrust": 3338.45566159791, "impact_speed": 14.743698648455531, "time": 70.0240597665996}, "-41": {"optimal_thrust": 3337.99818186652, "impact_speed": 15.078566398766656, "time": 70.09475492314043}, "-40": {"optimal_thrust": 3337.5171501037325, "impact_speed": 15.422200048810215, "time": 70.16663515382685}, "-39": {"optimal_thrust": 3337.013816661651, "impact_speed": 15.773026108815754, "time": 70.23968708739011}, "-38": {"optimal_thrust": 3336.5819568197194, "impact_speed": 16.048758039118766, "time": 70.31389947651229}, "-37": {"optimal_thrust": 3336.3875976318795, "impact_speed": 16.104400163643966, "time": 70.38925931022436}, "-36": {"optimal_thrust": 3336.188575445784, "impact_speed": 16.149803022533167, "time": 70.46573631401061}, "-35": {"optimal_thrust": 3335.9171751829385, "impact_speed": 16.25933097977952, "time": 70.54326693650724}, "-34": {"optimal_thrust": 3335.579490559673, "impact_speed": 16.4379398801922, "time": 70.62173502962038}, "-33": {"optimal_thrust": 3335.3334288137326, "impact_speed": 16.51208033450033, "time": 70.70101446388611}, "-32": {"optimal_thrust": 3335.065618809957, "impact_speed": 16.278782574559497, "time": 70.78106506489218}, "-31": {"optimal_thrust": 3334.79958696872, "impact_speed": 15.942966717285907, "time": 70.86194724451873}, "-30": {"optimal_thrust": 3334.536275508483, "impact_speed": 15.638602109836365, "time": 70.94373270100083}, "-29": {"optimal_thrust": 3334.275834682968, "impact_speed": 15.365730178632878, "time": 71.02645540151745}, "-28": {"optimal_thrust": 3334.017898141375, "impact_speed": 15.121944178337031, "time": 71.11011622632303}, "-27": {"optimal_thrust": 3333.687916757559, "impact_speed": 14.55869665586435, "time": 71.19626400348442}, "-26": {"optimal_thrust": 3333.443737701, "impact_speed": 14.403703272511306, "time": 71.28101747305035}, "-25": {"optimal_thrust": 3333.205965518095, "impact_speed": 14.294265866798453, "time": 71.36752681460067}, "-24": {"optimal_thrust": 3332.979585215451, "impact_speed": 14.254847005291266, "time": 71.45504985991793}, "-23": {"optimal_thrust": 3332.7658365563993, "impact_speed": 14.292559906529268, "time": 71.5423302827091}, "-22": {"optimal_thrust": 3332.5545270396065, "impact_speed": 14.355024385645143, "time": 71.63285307519509}, "-21": {"optimal_thrust": 3332.345888982038, "impact_speed": 14.44220967411421, "time": 71.72057248437153}, "-20": {"optimal_thrust": 3332.1414793531276, "impact_speed": 14.560740678758892, "time": 71.81014856696048}, "-19": {"optimal_thrust": 3331.8983458925522, "impact_speed": 14.49268908764901, "time": 71.90090109657484}, "-18": {"optimal_thrust": 3331.734742372507, "impact_speed": 14.837713350431008, "time": 71.99254660906414}, "-17": {"optimal_thrust": 3331.5691959883443,