{"-90": {"optimal_thrust": 3347.632217297534, "impact_speed": 9.179907295287432, "time": 68.01809576160906}, "-89": {"optimal_thrust": 3347.79468520549, "impact_speed": 8.980340072301004, "time": 68.0154019915748}, "-88": {"optimal_thrust": 3347.6129058878823, "impact_speed": 9.179529427238213, "time": 68.01995617159322}, "-87": {"optimal_thrust": 3348.7509023775783, "impact_speed": 7.709048344755299, "time": 68.02228885798722}, "-86": {"optimal_thrust": 3349.770352324478, "impact_speed": 6.124713675283802, "time": 68.02827180384534}, "-85": {"optimal_thrust": 3351.1936062226605, "impact_speed": 2.7055309599419393, "time": 68.03886533184388}, "-84": {"optimal_thrust": 3351.109839849125, "impact_speed": 3.024031764052188, "time": 68.04491966755302}, "-83": {"optimal_thrust": 3349.5451787165252, "impact_speed": 6.533909031081306, "time": 68.0451163670259}, "-82": {"optimal_thrust": 3346.9353186851204, "impact_speed": 9.934458017028879, "time": 68.06165444965279}, "-81": {"optimal_thrust": 3347.378603653129, "impact_speed": 9.443615243128788, "time": 68.08091341527066}, "-80": {"optimal_thrust": 3347.399502988828, "impact_speed": 9.419661171487887, "time": 68.09775403648698}, "-79": {"optimal_thrust": 3347.4082433667068, "impact_speed": 9.405756145669375, "time": 68.11677685028614}, "-78": {"optimal_thrust": 3347.2704256720117, "impact_speed": 9.554702623877468, "time": 68.1346321953249}, "-77": {"optimal_thrust": 3347.1299060059764, "impact_speed": 9.701675925831166, "time": 68.15520722494037}, "-76": {"optimal_thrust": 3347.006076773825, "impact_speed": 9.826326182551124, "time": 68.1775916808274}, "-75": {"optimal_thrust": 3346.9105255640998, "impact_speed": 9.917782722323516, "time": 68.20160005147068}, "-74": {"optimal_thrust": 3346.833130161598, "impact_speed": 9.988542892572609, "time": 68.22749298259468}, "-73": {"optimal_thrust": 3346.756686313706, "impact_speed": 10.057810070938338, "time": 68.25535150736756}, "-72": {"optimal_thrust": 3346.669465184158, "impact_speed": 10.138159844390081, "time": 68.28526497180489}, "-71": {"optimal_thrust": 3346.037777931294, "impact_speed": 10.76535470240229, "time": 68.31694816467153}, "-70": {"optimal_thrust": 3346.0228057134314, "impact_speed": 10.769636464095857, "time": 68.34800839758954}, "-69": {"optimal_thrust": 3345.9868948762023, "impact_speed": 10.795263523281081, "time": 68.38060360455341}, "-68": {"optimal_thrust": 3345.9307351850102, "impact_speed": 10.841141036481337, "time": 68.41525657613181}, "-67": {"optimal_thrust": 3345.855176403889, "impact_speed": 10.905895662328883, "time": 68.45175547343166}, "-66": {"optimal_thrust": 3345.7610080790414, "impact_speed": 10.988129115003971, "time": 68.48994848883974}, "-65": {"optimal_thrust": 3345.648006723217, "impact_speed": 11.087379750363079, "time": 68.52976984112237}, "-64": {"optimal_thrust": 3345.517974637268, "impact_speed": 11.201162197503253, "time": 68.57122607844533}, "-63": {"optimal_thrust": 3345.371158042436, "impact_speed": 11.328509126084388, "time": 68.61423423198941}, "-62": {"optimal_thrust": 3345.208086235847, "impact_speed": 11.46817700147168, "time": 68.65880282831729}, "-61": {"optimal_thrust": 3345.0295367046565, "impact_speed": 11.618702362912689, "time": 68.70487527828149}, "-60": {"optimal_thrust": 3344.836190186474, "impact_speed": 11.778747718464524, "time": 68.7524537769705}, "-59": {"optimal_thrust": 3344.62907592333, "impact_speed": 11.946688670385326, "time": 68.80152960388945}, "-58": {"optimal_thrust": 3344.407774547078, "impact_speed": 12.122303606802832, "time": 68.85209099674422}, "-57": {"optimal_thrust": 3344.1736585496137, "impact_speed": 12.303733602007982, "time": 68.90412584339455}, "-56": {"optimal_thrust": 3343.9267194392924, "impact_speed": 12.490458584771932, "time": 68.95762165049435}, "-55": {"optimal_thrust": 3343.6678321800364, "impact_speed": 12.68118436912512, "time": 69.0125655634027}, "-54": {"optimal_thrust": 3343.3981484138712, "impact_speed": 12.874404972613377, "time": 69.06894435778472}, "-53": {"optimal_thrust": 3343.1175894804965, "impact_speed": 13.069798507434923, "time": 69.12674442205217}, "-52": {"optimal_thrust": 3342.826542097586, "impact_speed": 13.266660588932389, "time": 69.18595177069818}, "-51": {"optimal_thrust": 3342.5558123727233, "impact_speed": 13.43361102711421, "time": 69.2465574456833}, "-50": {"optimal_thrust": 3342.308968709282, "impact_speed": 13.560120718175513, "time": 69.30853995402249}, "-49": {"optimal_thrust": 3342.0310575564918, "impact_speed": 13.697630958260238, "time": 69.37188836786672}, "-48": {"optimal_thrust": 3341.724005040516, "impact_speed": 13.842068445006284, "time": 69.4366291936889}, "-47": {"optimal_thrust": 3341.3871074399613, "impact_speed": 13.99230029776109, "time": 69.50274800285482}, "-46": {"optimal_thrust": 3341.021197272839, "impact_speed": 14.159699987009986, "time": 69.57022208875406}, "-45": {"optimal_thrust": 3340.627252978242, "impact_speed": 14.456775758166966, "time": 69.63903042702111}, "-44": {"optimal_thrust": 3340.2051568912766, "impact_speed": 14.775053217777756, "time": 69.70915432425703}, "-43": {"optimal_thrust": 3339.7561367889766, "impact_speed": 15.104754351449097, "time": 69.78057794314473}, "-42": {"optimal_thrust": 3339.280079531733, "impact_speed": 15.445846823805008, "time": 69.85328858173851}, "-41": {"optimal_thrust": 3338.7776075597453, "impact_speed": 15.797054498728475, "time": 69.92727622082049}, "-40": {"optimal_thrust": 3338.2503815885807, "impact_speed": 16.156337809170033, "time": 70.00253010321164}, "-39": {"optimal_thrust": 3337.697888265178, "impact_speed": 16.52396059877848, "time": 70.07902632181451}, "-38": {"optimal_thrust": 3337.2237935856515, "impact_speed": 16.812934868550357, "time": 70.1566983533836}, "-37": {"optimal_thrust": 3337.0102629991316, "impact_speed": 16.871423967284866, "time": 70.23540467668994}, "-36": {"optimal_thrust": 3336.7921416372415, "impact_speed": 16.918695542594573, "time": 70.31498381491149}, "-35": {"optimal_thrust": 3336.494074260425, "impact_speed": 17.033647928707456, "time": 70.39541137982137}, "-34": {"optimal_thrust": 3336.1236849647726, "impact_speed": 17.220521720832945, "time": 70.47678786036086}, "-33": {"optimal_thrust": 3335.8534740698633, "impact_speed": 17.298363303518485, "time": 70.55920423552844}, "-32": {"optimal_thrust": 3335.5589237946865, "impact_speed": 17.39670701348596, "time": 70.64271881316806}, "-31": {"optimal_thrust": 3335.2673016216136, "impact_speed": 17.203030188214697, "time": 70.72845786810457}, "-30": {"optimal_thrust": 3334.9782847873967, "impact_speed": 16.815067698539465, "time": 70.81327355933463}, "-29": {"optimal_thrust": 3334.6922348409576, "impact_speed": 16.459716904531646, "time": 70.90144282690524}, "-28": {"optimal_thrust": 3334.4101108125997, "impact_speed": 16.140787119048444, "time": 70.98780928258994}, "-27": {"optimal_thrust": 3334.0474422151624, "impact_speed": 15.457897791434785, "time": 71.0776918558804}, "-26": {"optimal_thrust": 3333.7794811655426, "impact_speed": 15.230393500987534, "time": 71.16505242137886}, "-25": {"optimal_thrust": 3333.5190866012836, "impact_speed": 15.05503593634361, "time": 71.25498952163399}, "-24": {"optimal_thrust": 3333.266283361231, "impact_speed": 14.93200579989346, "time": 71.3462302898353}, "-23": {"optimal_thrust": 3333.0219886820146, "impact_speed": 14.8657782079782, "time": 71.43842747176551}, "-22": {"optimal_thrust": 3332.786006444569, "impact_speed": 14.855402418790376, "time": 71.531429871717}, "-21": {"optimal_thrust": 3332.5633573730156, "impact_speed": 14.92724307735903, "time": 71.62521771545258}, "-20": {"optimal_thrust": 3332.344058618304, "impact_speed": 15.027478611979934, "time": 71.71976689635738}, "-19": {"optimal_thrust": 3332.128921641783, "impact_speed": 15.159476431915518, "time": 71.81505131098163}, "-18": {"optimal_thrust": 3331.8929243045895, "impact_speed": 15.194476145572034, "time": 71.91104501919442},