{"-90": {"optimal_thrust": 3349.3005662541455, "impact_speed": 9.563488100142738, "time": 67.77099599514771}, "-89": {"optimal_thrust": 3349.4495569747355, "impact_speed": 9.388069302734973, "time": 67.76782626863533}, "-88": {"optimal_thrust": 3349.250896437809, "impact_speed": 9.596311512774767, "time": 67.77111256962992}, "-87": {"optimal_thrust": 3350.494643721471, "impact_speed": 8.058969547229289, "time": 67.77438526379622}, "-86": {"optimal_thrust": 3351.6083953616253, "impact_speed": 6.403292163742334, "time": 67.78089380639123}, "-85": {"optimal_thrust": 3353.16411339707, "impact_speed": 2.828403369826696, "time": 67.79155091704507}, "-84": {"optimal_thrust": 3353.0728992105765, "impact_speed": 3.16023695756516, "time": 67.79717912480668}, "-83": {"optimal_thrust": 3351.3623587179172, "impact_speed": 6.830963201570369, "time": 67.78011656594036}, "-82": {"optimal_thrust": 3348.5097838897173, "impact_speed": 10.386127149491228, "time": 67.81859456083156}, "-81": {"optimal_thrust": 3348.9944730642887, "impact_speed": 9.872772373107598, "time": 67.83605854510887}, "-80": {"optimal_thrust": 3349.0172069250375, "impact_speed": 9.84784756374836, "time": 67.8535432215966}, "-79": {"optimal_thrust": 3349.0266484402764, "impact_speed": 9.833432007531114, "time": 67.87351769669004}, "-78": {"optimal_thrust": 3348.8764130589284, "impact_speed": 9.988722720397767, "time": 67.89120599119202}, "-77": {"optimal_thrust": 3348.7228516480823, "impact_speed": 10.142357217400365, "time": 67.91281793490232}, "-76": {"optimal_thrust": 3348.587498560445, "impact_speed": 10.272689042679808, "time": 67.93612767708198}, "-75": {"optimal_thrust": 3348.482571158788, "impact_speed": 10.368810823746456, "time": 67.96124669246831}, "-74": {"optimal_thrust": 3348.397960602468, "impact_speed": 10.442805419957221, "time": 67.98845031743905}, "-73": {"optimal_thrust": 3348.3148433798488, "impact_speed": 10.514780297283203, "time": 68.01774990625297}, "-72": {"optimal_thrust": 3348.219488957171, "impact_speed": 10.598807675301718, "time": 68.04924823166877}, "-71": {"optimal_thrust": 3347.5284690643875, "impact_speed": 11.255090082307666, "time": 68.08043176803564}, "-70": {"optimal_thrust": 3347.5122552167877, "impact_speed": 11.259425022390188, "time": 68.11261461826899}, "-69": {"optimal_thrust": 3347.473308626512, "impact_speed": 11.285929930099284, "time": 68.14699721019682}, "-68": {"optimal_thrust": 3347.4122093520277, "impact_speed": 11.333625869649252, "time": 68.18334842430976}, "-67": {"optimal_thrust": 3347.3295280891343, "impact_speed": 11.401416546009294, "time": 68.22149464011822}, "-66": {"optimal_thrust": 3347.2260912443267, "impact_speed": 11.487871476726541, "time": 68.26134839968725}, "-65": {"optimal_thrust": 3347.1032485982873, "impact_speed": 11.59100957450261, "time": 68.30292096577087}, "-64": {"optimal_thrust": 3346.960740688227, "impact_speed": 11.710325159945175, "time": 68.34612304546397}, "-63": {"optimal_thrust": 3346.8001813448964, "impact_speed": 11.843545829560572, "time": 68.39096194440961}, "-62": {"optimal_thrust": 3346.622338809362, "impact_speed": 11.989203119621193, "time": 68.43737709365857}, "-61": {"optimal_thrust": 3346.426902612343, "impact_speed": 12.146832658597761, "time": 68.48537622252411}, "-60": {"optimal_thrust": 3346.2157585830128, "impact_speed": 12.313991195324334, "time": 68.5349487989304}, "-59": {"optimal_thrust": 3345.9892074418103, "impact_speed": 12.48972867135617, "time": 68.58608313771182}, "-58": {"optimal_thrust": 3345.747429072193, "impact_speed": 12.673238171642023, "time": 68.63876717620575}, "-57": {"optimal_thrust": 3345.491058145329, "impact_speed": 12.863348867787776, "time": 68.69298847830115}, "-56": {"optimal_thrust": 3345.221358727919, "impact_speed": 13.05838436336099, "time": 68.7487342334481}, "-55": {"optimal_thrust": 3344.9389504058836, "impact_speed": 13.257291928379644, "time": 68.80599124103142}, "-54": {"optimal_thrust": 3344.6440461198836, "impact_speed": 13.459424577738845, "time": 68.86474590883279}, "-53": {"optimal_thrust": 3344.3371818150545, "impact_speed": 13.663896735261181, "time": 68.9249873071011}, "-52": {"optimal_thrust": 3344.018982566075, "impact_speed": 13.869791584258047, "time": 68.98669915337963}, "-51": {"optimal_thrust": 3343.7237010493027, "impact_speed": 14.043741691175041, "time": 69.04986517629453}, "-50": {"optimal_thrust": 3343.453051453201, "impact_speed": 14.176855035652421, "time": 69.11451530837361}, "-49": {"optimal_thrust": 3343.1501149397836, "impact_speed": 14.3196735868554, "time": 69.1806424699761}, "-48": {"optimal_thrust": 3342.8141099154204, "impact_speed": 14.471150358870249, "time": 69.24822315204705}, "-47": {"optimal_thrust": 3342.445676507364, "impact_speed": 14.628753909225567, "time": 69.3172360263433}, "-46": {"optimal_thrust": 3342.045924002089, "impact_speed": 14.802883843924668, "time": 69.38766290076161}, "-45": {"optimal_thrust": 3341.6155375924386, "impact_speed": 15.113278245038554, "time": 69.45948946485001}, "-44": {"optimal_thrust": 3341.154134304354, "impact_speed": 15.446382658159477, "time": 69.53270570320305}, "-43": {"optimal_thrust": 3340.6631130026008, "impact_speed": 15.791471733824693, "time": 69.60730473062519}, "-42": {"optimal_thrust": 3340.1429024835106, "impact_speed": 16.14792441886527, "time": 69.68327507238097}, "-41": {"optimal_thrust": 3339.5937645730087, "impact_speed": 16.51504547578042, "time": 69.76057363650298}, "-40": {"optimal_thrust": 3339.0174752725466, "impact_speed": 16.890705241206952, "time": 69.83907180143925}, "-39": {"optimal_thrust": 3338.4139426151437, "impact_speed": 17.27476314908893, "time": 69.91856176018551}, "-38": {"optimal_thrust": 3337.895447777387, "impact_speed": 17.577142566140058, "time": 69.99895170958695}, "-37": {"optimal_thrust": 3337.662096487828, "impact_speed": 17.638260777778378, "time": 70.08035266316334}, "-36": {"optimal_thrust": 3337.423811630113, "impact_speed": 17.687564465475436, "time": 70.16289123405605}, "-35": {"optimal_thrust": 3337.0977025381203, "impact_speed": 17.808067623653244, "time": 70.2478732805513}, "-34": {"optimal_thrust": 3336.6925958607358, "impact_speed": 18.003731883169642, "time": 70.33179756682675}, "-33": {"optimal_thrust": 3336.39761228242, "impact_speed": 18.084752688193245, "time": 70.4190384329116}, "-32": {"optimal_thrust": 3336.0757934561157, "impact_speed": 18.187433450396636, "time": 70.50573649553803}, "-31": {"optimal_thrust": 3335.756913099495, "impact_speed": 18.281965937898693, "time": 70.59462587959513}, "-30": {"optimal_thrust": 3335.4410740021285, "impact_speed": 18.08164354470497, "time": 70.68223044128686}, "-29": {"optimal_thrust": 3335.1286015964233, "impact_speed": 17.641213593900403, "time": 70.77243218615419}, "-28": {"optimal_thrust": 3334.8196258197668, "impact_speed": 17.235831587021327, "time": 70.86401525303832}, "-27": {"optimal_thrust": 3334.4241325061657, "impact_speed": 16.434230890679927, "time": 70.95658681583409}, "-26": {"optimal_thrust": 3334.130766113324, "impact_speed": 16.12657881949635, "time": 71.05011515601915}, "-25": {"optimal_thrust": 3333.8460130277545, "impact_speed": 15.876749664255653, "time": 71.14457763822722}, "-24": {"optimal_thrust": 3333.5704252564774, "impact_speed": 15.687736382948522, "time": 71.23994418244828}, "-23": {"optimal_thrust": 3333.302993872275, "impact_speed": 15.554597941155533, "time": 71.33631807838461}, "-22": {"optimal_thrust": 3333.0443571921, "impact_speed": 15.480446348301001, "time": 71.43400930021585}, "-21": {"optimal_thrust": 3332.7938578722174, "impact_speed": 15.46167421037376, "time": 71.53331641056107}, "-20": {"optimal_thrust": 3332.5512589999994, "impact_speed": 15.496705722708201, "time": 71.63197499180123}, "-19": {"optimal_thrust": 3332.320779935699, "impact_speed": 15.608466103203625, "time": 71.73087278197073}, "-18": {"optimal_thrust": 3332.0955419655024, "impact_speed": 15.758448968928262, "time": 71.83074534832764},