{"-90": {"optimal_thrust": 3351.0468183337584, "impact_speed": 9.943873432105999, "time": 67.52554251163458}, "-89": {"optimal_thrust": 3351.177391027529, "impact_speed": 9.796461517244873, "time": 67.52133936544193}, "-88": {"optimal_thrust": 3350.9610895809733, "impact_speed": 10.01374471422732, "time": 67.52356146605418}, "-87": {"optimal_thrust": 3352.3154200047343, "impact_speed": 8.409498028024101, "time": 67.52746350737037}, "-86": {"optimal_thrust": 3353.5281017313723, "impact_speed": 6.681907203864922, "time": 67.53464010056936}, "-85": {"optimal_thrust": 3355.2224258554033, "impact_speed": 2.950447852881938, "time": 67.54192174611708}, "-84": {"optimal_thrust": 3355.1228726302033, "impact_speed": 3.297579013518299, "time": 67.54997011459653}, "-83": {"optimal_thrust": 3353.2605111982107, "impact_speed": 7.127700166763862, "time": 67.54855819493108}, "-82": {"optimal_thrust": 3350.154323407074, "impact_speed": 10.83769496063574, "time": 67.57495392245222}, "-81": {"optimal_thrust": 3350.6818190887334, "impact_speed": 10.30228722163584, "time": 67.5919406527044}, "-80": {"optimal_thrust": 3350.706481808304, "impact_speed": 10.276373970567546, "time": 67.61043366173499}, "-79": {"optimal_thrust": 3350.71719007737, "impact_speed": 10.260885627669312, "time": 67.62855962239367}, "-78": {"optimal_thrust": 3350.5533743546403, "impact_speed": 10.423168028706169, "time": 67.64890454265534}, "-77": {"optimal_thrust": 3350.386194904344, "impact_speed": 10.583454138440343, "time": 67.67136508913842}, "-76": {"optimal_thrust": 3350.2390844236475, "impact_speed": 10.71918421465774, "time": 67.69560274147328}, "-75": {"optimal_thrust": 3350.124741170499, "impact_speed": 10.819578543638714, "time": 67.72195215946648}, "-74": {"optimal_thrust": 3350.0325283062557, "impact_speed": 10.89687355004211, "time": 67.7504675482892}, "-73": {"optimal_thrust": 3349.9421499856335, "impact_speed": 10.971857635099395, "time": 67.78134297483253}, "-72": {"optimal_thrust": 3349.838372811897, "impact_speed": 11.059491524289639, "time": 67.81293607508093}, "-71": {"optimal_thrust": 3349.0861392071406, "impact_speed": 11.744152049591557, "time": 67.84454151627214}, "-70": {"optimal_thrust": 3349.068468773957, "impact_speed": 11.748689195609346, "time": 67.87844604644059}, "-69": {"optimal_thrust": 3349.0257797199224, "impact_speed": 11.776602438181364, "time": 67.91446912333367}, "-68": {"optimal_thrust": 3348.959262532849, "impact_speed": 11.826362491232752, "time": 67.952404997886}, "-67": {"optimal_thrust": 3348.8689662624192, "impact_speed": 11.897344141552296, "time": 67.99213012703807}, "-66": {"optimal_thrust": 3348.7565960322927, "impact_speed": 11.98732570993858, "time": 68.03365876825623}, "-65": {"optimal_thrust": 3348.622417782402, "impact_speed": 12.095326145122735, "time": 68.07689707377604}, "-64": {"optimal_thrust": 3348.467930232993, "impact_speed": 12.219219421071342, "time": 68.12185027941601}, "-63": {"optimal_thrust": 3348.2930507300885, "impact_speed": 12.358282693465608, "time": 68.16845506467206}, "-62": {"optimal_thrust": 3348.0991832510404, "impact_speed": 12.510471358610074, "time": 68.2167196847979}, "-61": {"optimal_thrust": 3347.886680440987, "impact_speed": 12.674695200142997, "time": 68.26663373806916}, "-60": {"optimal_thrust": 3347.656431270482, "impact_speed": 12.849422552612367, "time": 68.31818565523218}, "-59": {"optimal_thrust": 3347.4097422386153, "impact_speed": 13.032808723301148, "time": 68.37136348667268}, "-58": {"optimal_thrust": 3347.1466010222225, "impact_speed": 13.224195429118518, "time": 68.42615488388016}, "-57": {"optimal_thrust": 3346.867396673146, "impact_speed": 13.42261943096632, "time": 68.48254711228789}, "-56": {"optimal_thrust": 3346.573929270844, "impact_speed": 13.625969842505965, "time": 68.54052705670246}, "-55": {"optimal_thrust": 3346.266269264728, "impact_speed": 13.833662059935364, "time": 68.60008118673414}, "-54": {"optimal_thrust": 3345.9448528260614, "impact_speed": 14.044849101070701, "time": 68.66120080403608}, "-53": {"optimal_thrust": 3345.6108628716775, "impact_speed": 14.258094154454149, "time": 68.72386323777458}, "-52": {"optimal_thrust": 3345.2649213364352, "impact_speed": 14.472477542062393, "time": 68.78808421150728}, "-51": {"optimal_thrust": 3344.942788825664, "impact_speed": 14.65454153543615, "time": 68.85388397741173}, "-50": {"optimal_thrust": 3344.6485270944945, "impact_speed": 14.79302394315185, "time": 68.92123803686627}, "-49": {"optimal_thrust": 3344.318399374791, "impact_speed": 14.942341946101887, "time": 68.99012341220016}, "-48": {"optimal_thrust": 3343.952457129096, "impact_speed": 15.10056038171782, "time": 69.06052153262891}, "-47": {"optimal_thrust": 3343.551657386895, "impact_speed": 15.26416261560859, "time": 69.13241875034953}, "-46": {"optimal_thrust": 3343.1160564137263, "impact_speed": 15.448051549447522, "time": 69.2058070367102}, "-45": {"optimal_thrust": 3342.6474750481266, "impact_speed": 15.770564834001778, "time": 69.28068248586702}, "-44": {"optimal_thrust": 3342.145276673466, "impact_speed": 16.11774248667921, "time": 69.3570337689545}, "-43": {"optimal_thrust": 3341.6105623071244, "impact_speed": 16.47797399871142, "time": 69.43479993694639}, "-42": {"optimal_thrust": 3341.0437928667507, "impact_speed": 16.85030537612251, "time": 69.51379711784536}, "-41": {"optimal_thrust": 3340.4464849190513, "impact_speed": 17.23276197282444, "time": 69.59378871902733}, "-40": {"optimal_thrust": 3339.8187592725235, "impact_speed": 17.62498866276717, "time": 69.67476746994339}, "-39": {"optimal_thrust": 3339.1610868401463, "impact_speed": 18.02616807008918, "time": 69.75691054547262}, "-38": {"optimal_thrust": 3338.596927104788, "impact_speed": 18.341371279894542, "time": 69.84147804246366}, "-37": {"optimal_thrust": 3338.342803206192, "impact_speed": 18.405180772752317, "time": 69.9250748796588}, "-36": {"optimal_thrust": 3338.0407247653316, "impact_speed": 18.494375010693556, "time": 70.01292238508195}, "-35": {"optimal_thrust": 3337.7284663201335, "impact_speed": 18.58217989523305, "time": 70.09977698287727}, "-34": {"optimal_thrust": 3337.287231250142, "impact_speed": 18.78648375079705, "time": 70.18697663267565}, "-33": {"optimal_thrust": 3336.966149981585, "impact_speed": 18.87090767431549, "time": 70.27600694847766}, "-32": {"optimal_thrust": 3336.6156327165513, "impact_speed": 18.97816397094102, "time": 70.36698351502059}, "-31": {"optimal_thrust": 3336.268194814175, "impact_speed": 19.077085258015547, "time": 70.45915913769252}, "-30": {"optimal_thrust": 3335.9241773915114, "impact_speed": 19.1673027959032, "time": 70.55243650406395}, "-29": {"optimal_thrust": 3335.5846863551624, "impact_speed": 18.90670713204071, "time": 70.64679641587183}, "-28": {"optimal_thrust": 3335.248126896083, "impact_speed": 18.412523733472803, "time": 70.74225571165599}, "-27": {"optimal_thrust": 3334.8170343605, "impact_speed": 17.482470380932646, "time": 70.83918011831042}, "-26": {"optimal_thrust": 3334.497881898237, "impact_speed": 17.093482372084175, "time": 70.93817262179967}, "-25": {"optimal_thrust": 3334.18748418777, "impact_speed": 16.7634061228709, "time": 71.03639908661995}, "-24": {"optimal_thrust": 3333.887191100705, "impact_speed": 16.499119370911245, "time": 71.13510783869992}, "-23": {"optimal_thrust": 3333.596187463397, "impact_speed": 16.296731990121792, "time": 71.23497120241827}, "-22": {"optimal_thrust": 3333.314603935743, "impact_speed": 16.156908614408735, "time": 71.33577260080173}, "-21": {"optimal_thrust": 3333.04211010829, "impact_speed": 16.077861219796542, "time": 71.43748722344944}, "-20": {"optimal_thrust": 3332.777981024472, "impact_speed": 16.05555214333541, "time": 71.54013367588895}, "-19": {"optimal_thrust": 3332.5228309091185, "impact_speed": 16.093368063886892, "time": 71.64371410847484}, "-18": {"optimal_thrust": 3332.27643708496, "impact_speed": 16.19025965062545, "time": 71.74810207360602}, "-17": {"optimal_thrust": 3332.0418869768487,