{"-90": {"optimal_thrust": 3352.7976203719145, "impact_speed": 10.397521252931602, "time": 67.27817880590042}, "-89": {"optimal_thrust": 3352.978981409729, "impact_speed": 10.204601653162195, "time": 67.27616675535916}, "-88": {"optimal_thrust": 3352.7443452620687, "impact_speed": 10.430877065018972, "time": 67.27717731231286}, "-87": {"optimal_thrust": 3354.213526450662, "impact_speed": 8.760202719369033, "time": 67.28152242121394}, "-86": {"optimal_thrust": 3355.5294439726263, "impact_speed": 6.960596651684568, "time": 67.28953617283827}, "-85": {"optimal_thrust": 3357.3680649792536, "impact_speed": 3.0734467685112072, "time": 67.29654450835696}, "-84": {"optimal_thrust": 3357.260075032192, "impact_speed": 3.4349357062150245, "time": 67.30223755505881}, "-83": {"optimal_thrust": 3355.2395484939766, "impact_speed": 7.424284791308774, "time": 67.31090327512082}, "-82": {"optimal_thrust": 3351.868419823752, "impact_speed": 11.289665500129642, "time": 67.33164931839704}, "-81": {"optimal_thrust": 3352.4415740526115, "impact_speed": 10.731185153220116, "time": 67.3486706499457}, "-80": {"optimal_thrust": 3352.468059452281, "impact_speed": 10.704467345277088, "time": 67.36853088329694}, "-79": {"optimal_thrust": 3352.4797890476566, "impact_speed": 10.68822304361305, "time": 67.38608471148696}, "-78": {"optimal_thrust": 3352.302079908268, "impact_speed": 10.857229086715884, "time": 67.40753895322908}, "-77": {"optimal_thrust": 3352.12038096513, "impact_speed": 11.024485936513152, "time": 67.43084222521715}, "-76": {"optimal_thrust": 3351.960560544842, "impact_speed": 11.166057015852033, "time": 67.45612640257087}, "-75": {"optimal_thrust": 3351.8372141306536, "impact_speed": 11.269948603918907, "time": 67.4836937943679}, "-74": {"optimal_thrust": 3351.7368628087147, "impact_speed": 11.350742936595966, "time": 67.51361130165533}, "-73": {"optimal_thrust": 3351.638785198317, "impact_speed": 11.428862469843118, "time": 67.54551491574577}, "-72": {"optimal_thrust": 3351.5258448851014, "impact_speed": 11.520458567948054, "time": 67.57667465168241}, "-71": {"optimal_thrust": 3350.7098516537544, "impact_speed": 12.233435202583065, "time": 67.60986454679016}, "-70": {"optimal_thrust": 3350.690417690092, "impact_speed": 12.238387925550173, "time": 67.6453682772858}, "-69": {"optimal_thrust": 3350.644351766096, "impact_speed": 12.267242296957866, "time": 67.68292389155829}, "-68": {"optimal_thrust": 3350.5721297641066, "impact_speed": 12.31911595339858, "time": 67.72236009411107}, "-67": {"optimal_thrust": 3350.4745218540565, "impact_speed": 12.392733809490489, "time": 67.76368407238571}, "-66": {"optimal_thrust": 3350.352091767877, "impact_speed": 12.486899168919038, "time": 67.80680202361556}, "-65": {"optimal_thrust": 3350.206724485005, "impact_speed": 12.599204959141739, "time": 67.85171398114635}, "-64": {"optimal_thrust": 3350.038633927674, "impact_speed": 12.728655372293492, "time": 67.8983560331048}, "-63": {"optimal_thrust": 3349.8492860957613, "impact_speed": 12.873163652741622, "time": 67.946731619734}, "-62": {"optimal_thrust": 3349.638643101145, "impact_speed": 13.031932811504669, "time": 67.99683241800369}, "-61": {"optimal_thrust": 3349.408345478049, "impact_speed": 13.20276126765211, "time": 68.04864701339586}, "-60": {"optimal_thrust": 3349.158836295747, "impact_speed": 13.384497486806755, "time": 68.1021635890725}, "-59": {"optimal_thrust": 3348.890365713468, "impact_speed": 13.576183623448308, "time": 68.15736993277402}, "-58": {"optimal_thrust": 3348.6050588825633, "impact_speed": 13.775362642632526, "time": 68.21425345219079}, "-57": {"optimal_thrust": 3348.3026302800854, "impact_speed": 13.981622505187294, "time": 68.27280112944253}, "-56": {"optimal_thrust": 3347.984068853229, "impact_speed": 14.19355149913159, "time": 68.3330013699788}, "-55": {"optimal_thrust": 3347.6498876593555, "impact_speed": 14.410182404905909, "time": 68.39484103583149}, "-54": {"optimal_thrust": 3347.301361558159, "impact_speed": 14.62997798416491, "time": 68.45830596834256}, "-53": {"optimal_thrust": 3346.9389294761904, "impact_speed": 14.852132234692922, "time": 68.5234384969688}, "-52": {"optimal_thrust": 3346.5634954449124, "impact_speed": 15.075501050910509, "time": 68.59022745781688}, "-51": {"optimal_thrust": 3346.214079181923, "impact_speed": 15.26504561399344, "time": 68.65864896993706}, "-50": {"optimal_thrust": 3345.894679093128, "impact_speed": 15.40939043500897, "time": 68.72868288935368}, "-49": {"optimal_thrust": 3345.5360026520316, "impact_speed": 15.565456585593077, "time": 68.80031408190263}, "-48": {"optimal_thrust": 3345.1395330629757, "impact_speed": 15.729527718135612, "time": 68.87353506982204}, "-47": {"optimal_thrust": 3344.7045225692355, "impact_speed": 15.900079248974652, "time": 68.94834454316707}, "-46": {"optimal_thrust": 3344.2322751213133, "impact_speed": 16.084314040176707, "time": 69.02473577514195}, "-45": {"optimal_thrust": 3343.722962216481, "impact_speed": 16.428813972848506, "time": 69.10264671788867}, "-44": {"optimal_thrust": 3343.1784995548605, "impact_speed": 16.789265267752317, "time": 69.18186423187207}, "-43": {"optimal_thrust": 3342.5982770202677, "impact_speed": 17.16454316453606, "time": 69.26211791483576}, "-42": {"optimal_thrust": 3341.983506043965, "impact_speed": 17.552169038267042, "time": 69.34343683728089}, "-41": {"optimal_thrust": 3341.3349678019836, "impact_speed": 17.950971489271623, "time": 69.42603838576049}, "-40": {"optimal_thrust": 3340.654108561818, "impact_speed": 18.359302404627282, "time": 69.51017551431401}, "-39": {"optimal_thrust": 3339.9406955716295, "impact_speed": 18.777042184435125, "time": 69.59623554350232}, "-38": {"optimal_thrust": 3339.327781467887, "impact_speed": 19.105954396062707, "time": 69.68363606336179}, "-37": {"optimal_thrust": 3339.0525825826844, "impact_speed": 19.172013740873663, "time": 69.7704441574778}, "-36": {"optimal_thrust": 3338.7712529790906, "impact_speed": 19.225428730976436, "time": 69.85922453253026}, "-35": {"optimal_thrust": 3338.3857980452744, "impact_speed": 19.356554459827006, "time": 69.95016391856167}, "-34": {"optimal_thrust": 3337.9076557515773, "impact_speed": 19.568770272659613, "time": 70.04239114012223}, "-33": {"optimal_thrust": 3337.5586325339546, "impact_speed": 19.65732271589242, "time": 70.13584787726495}, "-32": {"optimal_thrust": 3337.178420086066, "impact_speed": 19.768921768232893, "time": 70.23051944748087}, "-31": {"optimal_thrust": 3336.8016652320534, "impact_speed": 19.871679087510497, "time": 70.32673748241105}, "-30": {"optimal_thrust": 3336.428407520575, "impact_speed": 19.965596665056044, "time": 70.42534744781744}, "-29": {"optimal_thrust": 3336.059053748538, "impact_speed": 20.050301271735616, "time": 70.52325439779472}, "-28": {"optimal_thrust": 3335.6942917293395, "impact_speed": 19.66320367403255, "time": 70.62176019223055}, "-27": {"optimal_thrust": 3335.226476863837, "impact_speed": 18.602886525519644, "time": 70.7215637623691}, "-26": {"optimal_thrust": 3334.8805478332943, "impact_speed": 18.128828876316696, "time": 70.8224717011}, "-25": {"optimal_thrust": 3334.543759825112, "impact_speed": 17.715873869789526, "time": 70.92451575370873}, "-24": {"optimal_thrust": 3334.2178328752284, "impact_speed": 17.372576853120638, "time": 71.02772681501071}, "-23": {"optimal_thrust": 3333.9023883179084, "impact_speed": 17.097255549556326, "time": 71.1319171865097}, "-22": {"optimal_thrust": 3333.59649810067, "impact_speed": 16.88500670300245, "time": 71.23700731795654}, "-21": {"optimal_thrust": 3333.3006192619346, "impact_speed": 16.738158660012736, "time": 71.34297844983715}, "-20": {"optimal_thrust": 3333.0144249930413, "impact_speed": 16.655048237749003, "time": 71.44980747828812}, "-19": {"optimal_thrust": 3332.737243381936, "impact_speed": 16.632097363943092, "time": 71.55746779358142}, "-18": {"optimal_thrust": 3332.4702319689427, "impact_speed": 16.676554886558176, "time": 71.66593011964967},