{"-90": {"optimal_thrust": 3354.5653360918823, "impact_speed": 10.903024680640566, "time": 67.03051902397404}, "-89": {"optimal_thrust": 3354.853759883205, "impact_speed": 10.613093705196244, "time": 67.0296745498044}, "-88": {"optimal_thrust": 3354.600272235678, "impact_speed": 10.848125553953599, "time": 67.03188251811281}, "-87": {"optimal_thrust": 3356.189461285472, "impact_speed": 9.110482059602218, "time": 67.03656085856244}, "-86": {"optimal_thrust": 3357.612514101391, "impact_speed": 7.239215808933548, "time": 67.04564486216078}, "-85": {"optimal_thrust": 3359.6011080268395, "impact_speed": 3.1970287788490417, "time": 67.05332077687545}, "-84": {"optimal_thrust": 3359.484092414832, "impact_speed": 3.5735515407262715, "time": 67.05159759124017}, "-83": {"optimal_thrust": 3357.299173857561, "impact_speed": 7.721147459315474, "time": 67.07074106192424}, "-82": {"optimal_thrust": 3353.6533070067508, "impact_speed": 11.740864415659475, "time": 67.08903023021004}, "-81": {"optimal_thrust": 3354.272401027056, "impact_speed": 11.160822009829419, "time": 67.10667991576483}, "-80": {"optimal_thrust": 3354.3015130536146, "impact_speed": 11.132588281710916, "time": 67.12573792320507}, "-79": {"optimal_thrust": 3354.3140168252135, "impact_speed": 11.115870446493028, "time": 67.14488345855649}, "-78": {"optimal_thrust": 3354.1220310867307, "impact_speed": 11.291422272028475, "time": 67.16711543911659}, "-77": {"optimal_thrust": 3353.925596399384, "impact_speed": 11.465286500943579, "time": 67.19126111339979}, "-76": {"optimal_thrust": 3353.752793739321, "impact_speed": 11.61246883913889, "time": 67.21768712299591}, "-75": {"optimal_thrust": 3353.619161201113, "impact_speed": 11.72071915341111, "time": 67.24648795317975}, "-74": {"optimal_thrust": 3353.5107005763175, "impact_speed": 11.804673949974621, "time": 67.27787400572184}, "-73": {"optimal_thrust": 3353.4041608822226, "impact_speed": 11.886329824928024, "time": 67.30927923603798}, "-72": {"optimal_thrust": 3353.282647580039, "impact_speed": 11.981015757731868, "time": 67.34153689689639}, "-71": {"optimal_thrust": 3352.399869748502, "impact_speed": 12.722694032062629, "time": 67.37630180331908}, "-70": {"optimal_thrust": 3352.378914819229, "impact_speed": 12.727790287535983, "time": 67.41329329143133}, "-69": {"optimal_thrust": 3352.3290601855642, "impact_speed": 12.75782358148215, "time": 67.45228455059986}, "-68": {"optimal_thrust": 3352.250546607864, "impact_speed": 12.812105799636504, "time": 67.49323909265641}, "-67": {"optimal_thrust": 3352.145014142001, "impact_speed": 12.888634156550356, "time": 67.53608276316046}, "-66": {"optimal_thrust": 3352.012932137647, "impact_speed": 12.986283734307023, "time": 67.58079730043154}, "-65": {"optimal_thrust": 3351.855660487845, "impact_speed": 13.103117313446917, "time": 67.6273252197227}, "-64": {"optimal_thrust": 3351.673954879511, "impact_speed": 13.237662863046928, "time": 67.67565801397336}, "-63": {"optimal_thrust": 3351.4686548791956, "impact_speed": 13.3883620962348, "time": 67.72579151117867}, "-62": {"optimal_thrust": 3351.2409529946563, "impact_speed": 13.553374907948328, "time": 67.77771447472811}, "-61": {"optimal_thrust": 3350.992031094185, "impact_speed": 13.730900049569813, "time": 67.8314152713847}, "-60": {"optimal_thrust": 3350.722138557154, "impact_speed": 13.91992421592733, "time": 67.88688185989554}, "-59": {"optimal_thrust": 3350.4320264512385, "impact_speed": 14.119066696864463, "time": 67.94410179956027}, "-58": {"optimal_thrust": 3350.1234122163005, "impact_speed": 14.326234605252662, "time": 68.00306224875247}, "-57": {"optimal_thrust": 3349.795909461667, "impact_speed": 14.541056673405718, "time": 68.0637529672613}, "-56": {"optimal_thrust": 3349.451557429805, "impact_speed": 14.761302478808453, "time": 68.12615737100042}, "-55": {"optimal_thrust": 3349.0903424154267, "impact_speed": 14.98641363154007, "time": 68.19028140584828}, "-54": {"optimal_thrust": 3348.7129467521186, "impact_speed": 15.215339845797173, "time": 68.25616456608954}, "-53": {"optimal_thrust": 3348.3208114026443, "impact_speed": 15.446484919672615, "time": 68.32378299518287}, "-52": {"optimal_thrust": 3347.9150113502187, "impact_speed": 15.678574172998905, "time": 68.393113577749}, "-51": {"optimal_thrust": 3347.536834189935, "impact_speed": 15.875913575332838, "time": 68.4641395599743}, "-50": {"optimal_thrust": 3347.1917172534295, "impact_speed": 16.025736005879207, "time": 68.53685180634481}, "-49": {"optimal_thrust": 3346.8041404462956, "impact_speed": 16.187638076807673, "time": 68.61124912979807}, "-48": {"optimal_thrust": 3346.3748844439147, "impact_speed": 16.358758855482186, "time": 68.68733247643902}, "-47": {"optimal_thrust": 3345.904195383201, "impact_speed": 16.536646154028787, "time": 68.76506083235871}, "-46": {"optimal_thrust": 3345.3933441802074, "impact_speed": 16.732770477480557, "time": 68.8442348853373}, "-45": {"optimal_thrust": 3344.843161078411, "impact_speed": 17.084923987024546, "time": 68.92452602932563}, "-44": {"optimal_thrust": 3344.253897369043, "impact_speed": 17.460785936584056, "time": 69.00591707594765}, "-43": {"optimal_thrust": 3343.626248637557, "impact_speed": 17.85118160455586, "time": 69.08950690625491}, "-42": {"optimal_thrust": 3342.9615302166035, "impact_speed": 18.25408598867871, "time": 69.17250318936117}, "-41": {"optimal_thrust": 3342.26013912098, "impact_speed": 18.66880047210721, "time": 69.2594613193948}, "-40": {"optimal_thrust": 3341.5230606475366, "impact_speed": 19.09401377431055, "time": 69.34758763135534}, "-39": {"optimal_thrust": 3340.7517911286977, "impact_speed": 19.52817225139872, "time": 69.43393224436693}, "-38": {"optimal_thrust": 3340.089415051854, "impact_speed": 19.869843386450608, "time": 69.52411555266133}, "-37": {"optimal_thrust": 3339.791032342957, "impact_speed": 19.939080491589323, "time": 69.61585957586368}, "-36": {"optimal_thrust": 3339.486978278304, "impact_speed": 19.994453557290456, "time": 69.70895399234391}, "-35": {"optimal_thrust": 3339.070330574261, "impact_speed": 20.130589763897863, "time": 69.80340161455953}, "-34": {"optimal_thrust": 3338.5524504490863, "impact_speed": 20.351955013325707, "time": 69.89968562586037}, "-33": {"optimal_thrust": 3338.1758323965764, "impact_speed": 20.443205909022833, "time": 69.99857341653953}, "-32": {"optimal_thrust": 3337.7639614410114, "impact_speed": 20.55990937592339, "time": 70.0957676650511}, "-31": {"optimal_thrust": 3337.356514963469, "impact_speed": 20.66673696481859, "time": 70.19461898540446}, "-30": {"optimal_thrust": 3336.952931404132, "impact_speed": 20.76426336836168, "time": 70.2947858916398}, "-29": {"optimal_thrust": 3336.5532513062067, "impact_speed": 20.852618944079104, "time": 70.39625698643326}, "-28": {"optimal_thrust": 3336.158476646782, "impact_speed": 20.93078806566513, "time": 70.49909682616202}, "-27": {"optimal_thrust": 3335.6530680378396, "impact_speed": 19.796680418130965, "time": 70.60306671312765}, "-26": {"optimal_thrust": 3335.278311044814, "impact_speed": 19.229125676731552, "time": 70.7080825960308}, "-25": {"optimal_thrust": 3334.9147455818775, "impact_speed": 18.73267495892357, "time": 70.8141276552281}, "-24": {"optimal_thrust": 3334.561759700661, "impact_speed": 18.30451087436376, "time": 70.92117896420892}, "-23": {"optimal_thrust": 3334.2203596531576, "impact_speed": 17.949619155651252, "time": 71.02920758064131}, "-22": {"optimal_thrust": 3333.890250628011, "impact_speed": 17.666502751521648, "time": 71.13817984911847}, "-21": {"optimal_thrust": 3333.569859622948, "impact_speed": 17.44646282799176, "time": 71.24805872744078}, "-20": {"optimal_thrust": 3333.260283462197, "impact_speed": 17.295504617806657, "time": 71.35880509182472}, "-19": {"optimal_thrust": 3332.9609575263066, "impact_speed": 17.210904810571037, "time": 71.47037884962299}, "-18": {"optimal_thrust": 3332.671468521525, "impact_speed": 17.19093032364395, "time": 71.58273997444395}, "-17": {"optimal_thrust": 3332.393449738893,