{"-90": {"optimal_thrust": 3356.3866742669634, "impact_speed": 11.419005791140744, "time": 66.78602324495498}, "-89": {"optimal_thrust": 3356.802657972835, "impact_speed": 11.020991024381553, "time": 66.78456953218878}, "-88": {"optimal_thrust": 3356.5288792099323, "impact_speed": 11.265469083444763, "time": 66.78760999828557}, "-87": {"optimal_thrust": 3358.242482422255, "impact_speed": 9.461216960100055, "time": 66.79257767012791}, "-86": {"optimal_thrust": 3359.7773207879013, "impact_speed": 7.517760141470453, "time": 66.80275297729483}, "-85": {"optimal_thrust": 3361.921969131579, "impact_speed": 3.3197807042276395, "time": 66.80843582736945}, "-84": {"optimal_thrust": 3361.79618251573, "impact_speed": 3.7096408872766156, "time": 66.78825416358104}, "-83": {"optimal_thrust": 3359.4395623257747, "impact_speed": 8.018022807436358, "time": 66.82985546951696}, "-82": {"optimal_thrust": 3355.507326541996, "impact_speed": 12.192837260150203, "time": 66.84720531471653}, "-81": {"optimal_thrust": 3356.1753648389463, "impact_speed": 11.590130387792444, "time": 66.8657126379436}, "-80": {"optimal_thrust": 3356.206743936045, "impact_speed": 11.560825138367564, "time": 66.88376134849226}, "-79": {"optimal_thrust": 3356.2204827451487, "impact_speed": 11.543228182560561, "time": 66.90463113668453}, "-78": {"optimal_thrust": 3356.012952099722, "impact_speed": 11.725984322670545, "time": 66.92762892835123}, "-77": {"optimal_thrust": 3355.8010927327346, "impact_speed": 11.906552273679992, "time": 66.95271310258863}, "-76": {"optimal_thrust": 3355.615170699031, "impact_speed": 12.059012588568278, "time": 66.98026965280947}, "-75": {"optimal_thrust": 3355.4709232707314, "impact_speed": 12.171547758908797, "time": 67.0103948503886}, "-74": {"optimal_thrust": 3355.354122863473, "impact_speed": 12.258589245057813, "time": 67.04240968557028}, "-73": {"optimal_thrust": 3355.2394234578605, "impact_speed": 12.343219749845485, "time": 67.07374950056082}, "-72": {"optimal_thrust": 3355.107877925139, "impact_speed": 12.441982085637884, "time": 67.10754439318352}, "-71": {"optimal_thrust": 3354.1559553832603, "impact_speed": 13.21212278414898, "time": 67.14376310820312}, "-70": {"optimal_thrust": 3354.133689550776, "impact_speed": 13.217147457937964, "time": 67.18214820581589}, "-69": {"optimal_thrust": 3354.079617086349, "impact_speed": 13.24858519163632, "time": 67.22256227389481}, "-68": {"optimal_thrust": 3353.99517182833, "impact_speed": 13.304774436691057, "time": 67.26498281325479}, "-67": {"optimal_thrust": 3353.8815557149046, "impact_speed": 13.38409325668625, "time": 67.30934120425081}, "-66": {"optimal_thrust": 3353.7387097201454, "impact_speed": 13.485826919967419, "time": 67.3556059895659}, "-65": {"optimal_thrust": 3353.5690286444233, "impact_speed": 13.607216665824073, "time": 67.40374314475365}, "-64": {"optimal_thrust": 3353.373243365606, "impact_speed": 13.746804297287095, "time": 67.45375612562368}, "-63": {"optimal_thrust": 3353.152082188861, "impact_speed": 13.9031148877363, "time": 67.50563390491823}, "-62": {"optimal_thrust": 3352.906755524188, "impact_speed": 14.074298004403405, "time": 67.55936505904167}, "-61": {"optimal_thrust": 3352.638029543363, "impact_speed": 14.25887698333394, "time": 67.61493775677383}, "-60": {"optimal_thrust": 3352.3466357748393, "impact_speed": 14.455434636016518, "time": 67.67233975771308}, "-59": {"optimal_thrust": 3352.0342806578033, "impact_speed": 14.66185167276853, "time": 67.73155841500854}, "-58": {"optimal_thrust": 3351.7011682987213, "impact_speed": 14.87721851130813, "time": 67.79258426716008}, "-57": {"optimal_thrust": 3351.3478510006803, "impact_speed": 15.100407192466445, "time": 67.85539874817363}, "-56": {"optimal_thrust": 3350.9766550872864, "impact_speed": 15.329007400486493, "time": 67.92002968780332}, "-55": {"optimal_thrust": 3350.5870171727474, "impact_speed": 15.562854441506698, "time": 67.98650259666289}, "-54": {"optimal_thrust": 3350.1805237637336, "impact_speed": 15.800212016267288, "time": 68.05479068734613}, "-53": {"optimal_thrust": 3349.7576502271977, "impact_speed": 16.040239024662746, "time": 68.12487236084777}, "-52": {"optimal_thrust": 3349.319204008792, "impact_speed": 16.28189875670816, "time": 68.19673412581894}, "-51": {"optimal_thrust": 3348.911921998534, "impact_speed": 16.486396358955975, "time": 68.27037329835201}, "-50": {"optimal_thrust": 3348.539668323874, "impact_speed": 16.642038947954973, "time": 68.34579558702507}, "-49": {"optimal_thrust": 3348.1213090508604, "impact_speed": 16.8105718487382, "time": 68.42298966430063}, "-48": {"optimal_thrust": 3347.6584263628038, "impact_speed": 16.988342512630172, "time": 68.50182313367047}, "-47": {"optimal_thrust": 3347.1512420708777, "impact_speed": 17.172369948721425, "time": 68.58193677421075}, "-46": {"optimal_thrust": 3346.600190770649, "impact_speed": 17.3767301889039, "time": 68.6631516671129}, "-45": {"optimal_thrust": 3346.006865966738, "impact_speed": 17.7421212952606, "time": 68.74647655714395}, "-44": {"optimal_thrust": 3345.371279287632, "impact_speed": 18.132589519271757, "time": 68.82931439825667}, "-43": {"optimal_thrust": 3344.6944611615213, "impact_speed": 18.537899874306195, "time": 68.91683787285548}, "-42": {"optimal_thrust": 3343.977732493609, "impact_speed": 18.956178126346657, "time": 69.00317598841427}, "-41": {"optimal_thrust": 3343.22156948018, "impact_speed": 19.386655898527277, "time": 69.09108843927993}, "-40": {"optimal_thrust": 3342.4267894504032, "impact_speed": 19.828172270364426, "time": 69.18177043235683}, "-39": {"optimal_thrust": 3341.5950832688363, "impact_speed": 20.279022632934772, "time": 69.27394637042929}, "-38": {"optimal_thrust": 3340.8804830782965, "impact_speed": 20.634044639003218, "time": 69.36756868588841}, "-37": {"optimal_thrust": 3340.558710436427, "impact_speed": 20.705939986842342, "time": 69.46300394107955}, "-36": {"optimal_thrust": 3340.230337803531, "impact_speed": 20.763833267550815, "time": 69.56148703812964}, "-35": {"optimal_thrust": 3339.781028614065, "impact_speed": 20.90522345834873, "time": 69.65840781812472}, "-34": {"optimal_thrust": 3339.2234991156683, "impact_speed": 21.13426356256607, "time": 69.75689287708384}, "-33": {"optimal_thrust": 3338.816779171609, "impact_speed": 21.229538072388454, "time": 69.85685988626922}, "-32": {"optimal_thrust": 3338.3727068671287, "impact_speed": 21.350642037926608, "time": 69.95832174921514}, "-31": {"optimal_thrust": 3337.9333759330216, "impact_speed": 21.461508941826086, "time": 70.0612802474049}, "-30": {"optimal_thrust": 3337.498105068393, "impact_speed": 21.562831662578372, "time": 70.1654350149242}, "-29": {"optimal_thrust": 3337.0672678880815, "impact_speed": 21.65434181631527, "time": 70.27075940929333}, "-28": {"optimal_thrust": 3336.4999997987843, "impact_speed": 21.738158904345866, "time": 70.37723473453477}, "-27": {"optimal_thrust": 3336.0966430262424, "impact_speed": 21.06047547460471, "time": 70.48483599564949}, "-26": {"optimal_thrust": 3335.6921516772263, "impact_speed": 20.39730291509401, "time": 70.59352463297444}, "-25": {"optimal_thrust": 3335.29981459348, "impact_speed": 19.80940563397488, "time": 70.70325701415938}, "-24": {"optimal_thrust": 3334.919394737337, "impact_speed": 19.296041238813665, "time": 70.81398455510684}, "-23": {"optimal_thrust": 3334.5514518852933, "impact_speed": 18.86025402337819, "time": 70.9256558502939}, "-22": {"optimal_thrust": 3334.1950271395176, "impact_speed": 18.496681207351276, "time": 71.03821848252772}, "-21": {"optimal_thrust": 3333.8503395063763, "impact_speed": 18.206135953495178, "time": 71.15162066569515}, "-20": {"optimal_thrust": 3333.515971608059, "impact_speed": 17.980450557246503, "time": 71.2658125694272}, "-19": {"optimal_thrust": 3333.1927360052287, "impact_speed": 17.824392747873315, "time": 71.38074742946681}, "-18": {"optimal_thrust": 3332.8809707519094, "impact_speed": 17.741042368869888, "time": 71.49638230668366},