{"-90": {"optimal_thrust": 3358.260954973741, "impact_speed": 11.944752161871612, "time": 66.54417412911639}, "-89": {"optimal_thrust": 3358.8244157555437, "impact_speed": 11.429540984155887, "time": 66.54120433636402}, "-88": {"optimal_thrust": 3358.529943101806, "impact_speed": 11.683099860513241, "time": 66.54436393186656}, "-87": {"optimal_thrust": 3360.3735600465534, "impact_speed": 9.8113076522615, "time": 66.54957172170963}, "-86": {"optimal_thrust": 3362.024155599761, "impact_speed": 7.795837198476037, "time": 66.55933499539933}, "-85": {"optimal_thrust": 3364.3305893208526, "impact_speed": 3.4419765554771438, "time": 66.56545072517909}, "-84": {"optimal_thrust": 3364.1948869104617, "impact_speed": 3.8475509756443382, "time": 66.55955253583991}, "-83": {"optimal_thrust": 3361.6605536377533, "impact_speed": 8.315116499569147, "time": 66.58914315803794}, "-82": {"optimal_thrust": 3357.4320668405626, "impact_speed": 12.644152852784613, "time": 66.6061954210995}, "-81": {"optimal_thrust": 3358.150667481273, "impact_speed": 12.018965252642936, "time": 66.62592072582476}, "-80": {"optimal_thrust": 3358.184119137607, "impact_speed": 11.988837590256107, "time": 66.64361219760139}, "-79": {"optimal_thrust": 3358.198594679274, "impact_speed": 11.970856922991457, "time": 66.66532674134324}, "-78": {"optimal_thrust": 3357.975559048734, "impact_speed": 12.160246219734947, "time": 66.68907531283094}, "-77": {"optimal_thrust": 3357.7478247909958, "impact_speed": 12.347408300512049, "time": 66.71519064131867}, "-76": {"optimal_thrust": 3357.5475954315743, "impact_speed": 12.505755887522756, "time": 66.74388630953274}, "-75": {"optimal_thrust": 3357.392307599428, "impact_speed": 12.622590639113259, "time": 66.77537976077122}, "-74": {"optimal_thrust": 3357.2669899741722, "impact_speed": 12.71260738286617, "time": 66.80682276413482}, "-73": {"optimal_thrust": 3357.1436292820986, "impact_speed": 12.800378754263289, "time": 66.8393664929632}, "-72": {"optimal_thrust": 3357.0023640986906, "impact_speed": 12.902629661265099, "time": 66.87460655811056}, "-71": {"optimal_thrust": 3355.9785444635063, "impact_speed": 13.701365117463972, "time": 66.91219156092764}, "-70": {"optimal_thrust": 3355.954277662966, "impact_speed": 13.706825309365483, "time": 66.9519098287}, "-69": {"optimal_thrust": 3355.896189088512, "impact_speed": 13.7393781110616, "time": 66.9937429190607}, "-68": {"optimal_thrust": 3355.805595903462, "impact_speed": 13.79747478388288, "time": 67.03758990108203}, "-67": {"optimal_thrust": 3355.682985446597, "impact_speed": 13.880059260473237, "time": 67.08343966814525}, "-66": {"optimal_thrust": 3355.5297990275, "impact_speed": 13.985222299764539, "time": 67.13122936769473}, "-65": {"optimal_thrust": 3355.347535654239, "impact_speed": 14.110939654676617, "time": 67.1809695737123}, "-64": {"optimal_thrust": 3355.1365732408826, "impact_speed": 14.25600889649201, "time": 67.23264949803374}, "-63": {"optimal_thrust": 3354.898654301078, "impact_speed": 14.418163002283755, "time": 67.2862579609747}, "-62": {"optimal_thrust": 3354.634643425073, "impact_speed": 14.595817387540093, "time": 67.34178336858265}, "-61": {"optimal_thrust": 3354.3456295556416, "impact_speed": 14.787240924789007, "time": 67.39921371708162}, "-60": {"optimal_thrust": 3354.032583251782, "impact_speed": 14.990830406632746, "time": 67.45853658231796}, "-59": {"optimal_thrust": 3353.696719281194, "impact_speed": 15.204850447193712, "time": 67.51974287421628}, "-58": {"optimal_thrust": 3353.3381200823455, "impact_speed": 15.428454070021516, "time": 67.58281399189441}, "-57": {"optimal_thrust": 3352.9589126297187, "impact_speed": 15.659348942005971, "time": 67.64779304417293}, "-56": {"optimal_thrust": 3352.559238787634, "impact_speed": 15.89676086805925, "time": 67.71469503073955}, "-55": {"optimal_thrust": 3352.1401109395138, "impact_speed": 16.13933711214111, "time": 67.78349303568639}, "-54": {"optimal_thrust": 3351.7030384241866, "impact_speed": 16.385420757619602, "time": 67.85416707983178}, "-53": {"optimal_thrust": 3351.2482233107257, "impact_speed": 16.6343656850744, "time": 67.92670757392405}, "-52": {"optimal_thrust": 3350.77691983354, "impact_speed": 16.884809295216183, "time": 68.00111764445369}, "-51": {"optimal_thrust": 3350.3390326273134, "impact_speed": 17.096779202246175, "time": 68.0774063991313}, "-50": {"optimal_thrust": 3349.938484435678, "impact_speed": 17.258345295193244, "time": 68.15552872297059}, "-49": {"optimal_thrust": 3349.488915349961, "impact_speed": 17.43275019024148, "time": 68.2352114006369}, "-48": {"optimal_thrust": 3348.990677300708, "impact_speed": 17.61754511068233, "time": 68.3160604851268}, "-47": {"optimal_thrust": 3348.445427804135, "impact_speed": 17.8079076490692, "time": 68.3985830873892}, "-46": {"optimal_thrust": 3347.8526867235073, "impact_speed": 18.01919818887871, "time": 68.48113638054896}, "-45": {"optimal_thrust": 3347.2143599555607, "impact_speed": 18.399613125671607, "time": 68.56855621241135}, "-44": {"optimal_thrust": 3346.5311066294503, "impact_speed": 18.80398187229491, "time": 68.65442446805105}, "-43": {"optimal_thrust": 3345.803106718997, "impact_speed": 19.22447783524337, "time": 68.74236362128224}, "-42": {"optimal_thrust": 3345.0319219974385, "impact_speed": 19.658603625485526, "time": 68.83307614289463}, "-41": {"optimal_thrust": 3344.2189440885645, "impact_speed": 20.104792824395872, "time": 68.92536308977775}, "-40": {"optimal_thrust": 3343.3644002776145, "impact_speed": 20.562503191430146, "time": 69.01924289233746}, "-39": {"optimal_thrust": 3342.4695680665745, "impact_speed": 21.03031510821181, "time": 69.11554804149027}, "-38": {"optimal_thrust": 3341.7012781918083, "impact_speed": 21.398329701864792, "time": 69.21348482052483}, "-37": {"optimal_thrust": 3341.3556789326576, "impact_speed": 21.472569899602718, "time": 69.3107868474277}, "-36": {"optimal_thrust": 3341.002608656787, "impact_speed": 21.53252074053886, "time": 69.40995393159233}, "-35": {"optimal_thrust": 3340.519325720242, "impact_speed": 21.679189807063615, "time": 69.51074177025995}, "-34": {"optimal_thrust": 3339.9190299566285, "impact_speed": 21.91730863364087, "time": 69.61321930154503}, "-33": {"optimal_thrust": 3339.481644026198, "impact_speed": 22.0161143156983, "time": 69.71703470127453}, "-32": {"optimal_thrust": 3339.004218353243, "impact_speed": 22.141577985376895, "time": 69.82213771044727}, "-31": {"optimal_thrust": 3338.531910429653, "impact_speed": 22.25638555116776, "time": 69.9285133383071}, "-30": {"optimal_thrust": 3338.0633891217785, "impact_speed": 22.361939996846033, "time": 70.03613014252521}, "-29": {"optimal_thrust": 3337.6000664499397, "impact_speed": 22.456864012445635, "time": 70.14494319188225}, "-28": {"optimal_thrust": 3337.14254286037, "impact_speed": 22.540609578079682, "time": 70.2548968680301}, "-27": {"optimal_thrust": 3336.55603367696, "impact_speed": 22.388867168654077, "time": 70.3659265128977}, "-26": {"optimal_thrust": 3336.1217938379204, "impact_speed": 21.629580102350143, "time": 70.47796695946981}, "-25": {"optimal_thrust": 3335.699685827894, "impact_speed": 20.94764939820895, "time": 70.59094689953027}, "-24": {"optimal_thrust": 3335.2908933119215, "impact_speed": 20.346705546173357, "time": 70.70479700590217}, "-23": {"optimal_thrust": 3334.894928914701, "impact_speed": 19.824218069237787, "time": 70.81945054377881}, "-22": {"optimal_thrust": 3334.5115709332, "impact_speed": 19.37888489483981, "time": 70.93484496600226}, "-21": {"optimal_thrust": 3334.140762195738, "impact_speed": 19.00965626495711, "time": 71.01192487915333}, "-20": {"optimal_thrust": 3333.7814936814584, "impact_speed": 18.710352417351338, "time": 71.13794673743318}, "-19": {"optimal_thrust": 3333.4334556569434, "impact_speed": 18.478878885575114, "time": 71.26387834926395}, "-18": {"optimal_thrust": 3333.0982461110934, "impact_speed": 18.32577033341497, "time": 71.38984946793423}, "-17": {"optimal_thrust": 3332.776027713941,