{"-90": {"optimal_thrust": 3360.4931478355047, "impact_speed": 12.21413091506365, "time": 66.30440174650725}, "-89": {"optimal_thrust": 3360.9200910128156, "impact_speed": 11.837716590865362, "time": 66.2989285908258}, "-88": {"optimal_thrust": 3360.6042052124835, "impact_speed": 12.10033881135276, "time": 66.3021511199701}, "-87": {"optimal_thrust": 3362.5817501499805, "impact_speed": 10.161808117896344, "time": 66.30754363428599}, "-86": {"optimal_thrust": 3364.351996886527, "impact_speed": 8.074850171834461, "time": 66.31812359935478}, "-85": {"optimal_thrust": 3366.8264689708135, "impact_speed": 3.565188592142663, "time": 66.32302074832212}, "-84": {"optimal_thrust": 3366.6809653649857, "impact_speed": 3.9850429289692135, "time": 66.32578650096042}, "-83": {"optimal_thrust": 3363.962829579545, "impact_speed": 8.6115555907659, "time": 66.34902643818185}, "-82": {"optimal_thrust": 3359.4263501017213, "impact_speed": 13.095844439735274, "time": 66.36629402876959}, "-81": {"optimal_thrust": 3360.1970502358035, "impact_speed": 12.44845997147952, "time": 66.38603160461419}, "-80": {"optimal_thrust": 3360.2333229672845, "impact_speed": 12.416921158246613, "time": 66.40456918791767}, "-79": {"optimal_thrust": 3360.2485239807625, "impact_speed": 12.398580646932547, "time": 66.42696637714}, "-78": {"optimal_thrust": 3360.0097811906917, "impact_speed": 12.59429905586641, "time": 66.45151428676422}, "-77": {"optimal_thrust": 3359.765266108147, "impact_speed": 12.788336223922009, "time": 66.47867829508792}, "-76": {"optimal_thrust": 3359.5506033969546, "impact_speed": 12.95223777390726, "time": 66.50858090233822}, "-75": {"optimal_thrust": 3359.3841454483386, "impact_speed": 13.073149205186326, "time": 66.54073486519923}, "-74": {"optimal_thrust": 3359.249208826223, "impact_speed": 13.166792915776314, "time": 66.57209812543721}, "-73": {"optimal_thrust": 3359.117178156146, "impact_speed": 13.25745802883316, "time": 66.60607943898849}, "-72": {"optimal_thrust": 3358.965281532637, "impact_speed": 13.363649046663463, "time": 66.6426632306902}, "-71": {"optimal_thrust": 3357.8669591882444, "impact_speed": 14.190947960785094, "time": 66.68153226065118}, "-70": {"optimal_thrust": 3357.8415754808298, "impact_speed": 14.196117624476607, "time": 66.72259819568242}, "-69": {"optimal_thrust": 3357.7792673814006, "impact_speed": 14.229829950443618, "time": 66.76578562828054}, "-68": {"optimal_thrust": 3357.682058174574, "impact_speed": 14.290023830601525, "time": 66.8110610326772}, "-67": {"optimal_thrust": 3357.5506056108306, "impact_speed": 14.375504184754053, "time": 66.8583569090451}, "-66": {"optimal_thrust": 3357.3862186048614, "impact_speed": 14.484471323749084, "time": 66.90767316953124}, "-65": {"optimal_thrust": 3357.1901597255105, "impact_speed": 14.615083702717817, "time": 66.95900359369986}, "-64": {"optimal_thrust": 3356.964174345702, "impact_speed": 14.765100575553683, "time": 67.01233726743884}, "-63": {"optimal_thrust": 3356.709091343733, "impact_speed": 14.932948379852657, "time": 67.06766286075279}, "-62": {"optimal_thrust": 3356.4258346244214, "impact_speed": 15.116985887801121, "time": 67.1249686313069}, "-61": {"optimal_thrust": 3356.1158655966237, "impact_speed": 15.315205465356224, "time": 67.18424242046369}, "-60": {"optimal_thrust": 3355.7798437284664, "impact_speed": 15.526221691101327, "time": 67.24547519595812}, "-59": {"optimal_thrust": 3355.419265113056, "impact_speed": 15.748095829423846, "time": 67.30864943999404}, "-58": {"optimal_thrust": 3355.03511535693, "impact_speed": 15.979315496492605, "time": 67.3738152241229}, "-57": {"optimal_thrust": 3354.627957266218, "impact_speed": 16.218725512732572, "time": 67.44098578845117}, "-56": {"optimal_thrust": 3354.1994660740024, "impact_speed": 16.46444700228004, "time": 67.5101339148586}, "-55": {"optimal_thrust": 3353.749865839534, "impact_speed": 16.715686668589807, "time": 67.5812409692307}, "-54": {"optimal_thrust": 3353.2807325236035, "impact_speed": 16.970759891318558, "time": 67.65430110731607}, "-53": {"optimal_thrust": 3352.7927071922395, "impact_speed": 17.228699910787697, "time": 67.72932327029221}, "-52": {"optimal_thrust": 3352.287582199355, "impact_speed": 17.487768644102804, "time": 67.80631461224445}, "-51": {"optimal_thrust": 3351.817711616018, "impact_speed": 17.707417841477, "time": 67.88517240404003}, "-50": {"optimal_thrust": 3351.387943529239, "impact_speed": 17.874840443677193, "time": 67.96548681322892}, "-49": {"optimal_thrust": 3350.9055943080007, "impact_speed": 18.055588269190938, "time": 68.04697959088521}, "-48": {"optimal_thrust": 3350.371607348163, "impact_speed": 18.246444892941817, "time": 68.12931125710493}, "-47": {"optimal_thrust": 3349.7864519801324, "impact_speed": 18.44398353061619, "time": 68.21604247455393}, "-46": {"optimal_thrust": 3349.151074359652, "impact_speed": 18.654794442581547, "time": 68.30194341627264}, "-45": {"optimal_thrust": 3348.466119547349, "impact_speed": 19.056267328202985, "time": 68.38861201915161}, "-44": {"optimal_thrust": 3347.7328664402976, "impact_speed": 19.47571818526, "time": 68.47898414381064}, "-43": {"optimal_thrust": 3346.9524130859577, "impact_speed": 19.91068772320097, "time": 68.57104907031794}, "-42": {"optimal_thrust": 3346.124843173648, "impact_speed": 20.36066163629075, "time": 68.66482308888685}, "-41": {"optimal_thrust": 3345.2524594709503, "impact_speed": 20.823026674939673, "time": 68.76162213602747}, "-40": {"optimal_thrust": 3344.3361588734474, "impact_speed": 21.296797686294155, "time": 68.85872181227569}, "-39": {"optimal_thrust": 3343.3765115343112, "impact_speed": 21.781161604024685, "time": 68.95634934595617}, "-38": {"optimal_thrust": 3342.5518633589386, "impact_speed": 22.162649391438936, "time": 69.05581097836188}, "-37": {"optimal_thrust": 3342.181132926642, "impact_speed": 22.239551477179397, "time": 69.15713129127707}, "-36": {"optimal_thrust": 3341.8025372581187, "impact_speed": 22.30154394174065, "time": 69.26008646788078}, "-35": {"optimal_thrust": 3341.2840578765677, "impact_speed": 22.45349987941997, "time": 69.36443574104132}, "-34": {"optimal_thrust": 3340.6402129102307, "impact_speed": 22.70004569303438, "time": 69.4701744769906}, "-33": {"optimal_thrust": 3340.1714516176503, "impact_speed": 22.802003228221277, "time": 69.57727742284742}, "-32": {"optimal_thrust": 3339.659178499107, "impact_speed": 22.932047833354243, "time": 69.68569364143131}, "-31": {"optimal_thrust": 3339.1518085456, "impact_speed": 23.05167478855428, "time": 69.7953578422951}, "-30": {"optimal_thrust": 3338.649876024411, "impact_speed": 23.160304699788405, "time": 69.9061913931412}, "-29": {"optimal_thrust": 3338.1530673526445, "impact_speed": 23.25834361487194, "time": 70.01810703829719}, "-28": {"optimal_thrust": 3337.6620037065745, "impact_speed": 23.345398755772003, "time": 70.13101301858087}, "-27": {"optimal_thrust": 3337.032418582449, "impact_speed": 23.61012606323224, "time": 70.24481528371032}, "-26": {"optimal_thrust": 3336.566720249948, "impact_speed": 22.923810225869335, "time": 70.35942644470737}, "-25": {"optimal_thrust": 3336.1139280083567, "impact_speed": 22.14290598118628, "time": 70.43468397263749}, "-24": {"optimal_thrust": 3335.6752960879076, "impact_speed": 21.44942978012989, "time": 70.5616323687122}, "-23": {"optimal_thrust": 3335.2508319296553, "impact_speed": 20.840523070678092, "time": 70.68835154845901}, "-22": {"optimal_thrust": 3334.83934241677, "impact_speed": 20.309157296636986, "time": 70.81503361505845}, "-21": {"optimal_thrust": 3334.441210217516, "impact_speed": 19.85681005841105, "time": 70.94183279106615}, "-20": {"optimal_thrust": 3334.056049472235, "impact_speed": 19.480336378421438, "time": 71.06890821880125}, "-19": {"optimal_thrust": 3333.6833921801453, "impact_speed": 19.176571993227004, "time": 71.19643202197388}, "-18": {"optimal_thrust": 3333.3238920885065, "impact_speed": 18.950081761493664, "time": 71.3244677845451}, "-17": {"optimal_thrust": 3332.9777169472645,