{"-90": {"optimal_thrust": 3362.448185224338, "impact_speed": 12.788522993970242, "time": 66.06154352639682}, "-89": {"optimal_thrust": 3363.0894357882526, "impact_speed": 12.245772696012292, "time": 66.05762091905535}, "-88": {"optimal_thrust": 3362.751099876794, "impact_speed": 12.517704106994012, "time": 66.0609169645924}, "-87": {"optimal_thrust": 3364.867372290395, "impact_speed": 10.512354292885902, "time": 66.06653687890915}, "-86": {"optimal_thrust": 3366.7619987127496, "impact_speed": 8.353226039922607, "time": 66.07423047461366}, "-85": {"optimal_thrust": 3369.4097951270915, "impact_speed": 3.6887669652644313, "time": 66.08076210833235}, "-84": {"optimal_thrust": 3369.2546981769397, "impact_speed": 4.121427210599637, "time": 66.08976133473362}, "-83": {"optimal_thrust": 3366.345568906008, "impact_speed": 8.908395697568645, "time": 66.10968605793202}, "-82": {"optimal_thrust": 3361.49082113257, "impact_speed": 13.547363590906823, "time": 66.12753884685483}, "-81": {"optimal_thrust": 3362.31542503281, "impact_speed": 12.877789117408224, "time": 66.14597348501125}, "-80": {"optimal_thrust": 3362.3545561438455, "impact_speed": 12.84490136389027, "time": 66.16646833666653}, "-79": {"optimal_thrust": 3362.370823845004, "impact_speed": 12.825928037273496, "time": 66.18954618305125}, "-78": {"optimal_thrust": 3362.114728379712, "impact_speed": 13.028894064163575, "time": 66.21497464399432}, "-77": {"optimal_thrust": 3361.853636080025, "impact_speed": 13.229151902612987, "time": 66.24317746609303}, "-76": {"optimal_thrust": 3361.6234659447473, "impact_speed": 13.399063599472257, "time": 66.27436885830441}, "-75": {"optimal_thrust": 3361.4456898116778, "impact_speed": 13.523859486900253, "time": 66.30607554536482}, "-74": {"optimal_thrust": 3361.3012725041626, "impact_speed": 13.62074407013542, "time": 66.33849139771213}, "-73": {"optimal_thrust": 3361.1597453321956, "impact_speed": 13.714717576693474, "time": 66.37382022511952}, "-72": {"optimal_thrust": 3360.9976382863233, "impact_speed": 13.824225937800119, "time": 66.41167212833362}, "-71": {"optimal_thrust": 3359.822033488185, "impact_speed": 14.680233505404377, "time": 66.45178631445319}, "-70": {"optimal_thrust": 3359.794330034444, "impact_speed": 14.68597244105578, "time": 66.49416789539677}, "-69": {"optimal_thrust": 3359.7278796882947, "impact_speed": 14.72068117158198, "time": 66.5387030937857}, "-68": {"optimal_thrust": 3359.6240153762506, "impact_speed": 14.782831067696144, "time": 66.58536366626987}, "-67": {"optimal_thrust": 3359.4829995168534, "impact_speed": 14.871506017868336, "time": 66.63410602384013}, "-66": {"optimal_thrust": 3359.3074262446285, "impact_speed": 14.983979727171944, "time": 66.68493645012285}, "-65": {"optimal_thrust": 3359.0980129911113, "impact_speed": 15.11880867060085, "time": 66.73784431080473}, "-64": {"optimal_thrust": 3358.856107112728, "impact_speed": 15.27404753041964, "time": 66.79281856946045}, "-63": {"optimal_thrust": 3358.5830744625882, "impact_speed": 15.447723074834018, "time": 66.8498477770296}, "-62": {"optimal_thrust": 3358.2800104473067, "impact_speed": 15.6380625589496, "time": 66.90892006077233}, "-61": {"optimal_thrust": 3357.94784395638, "impact_speed": 15.843433866922227, "time": 66.97002617474546}, "-60": {"optimal_thrust": 3357.5885367114224, "impact_speed": 16.06152620272196, "time": 67.03314968275349}, "-59": {"optimal_thrust": 3357.202521130173, "impact_speed": 16.29114850956972, "time": 67.09834089530266}, "-58": {"optimal_thrust": 3356.7914464324526, "impact_speed": 16.53032415619539, "time": 67.16561967477554}, "-57": {"optimal_thrust": 3356.3556010151055, "impact_speed": 16.778073722309745, "time": 67.2349580493557}, "-56": {"optimal_thrust": 3355.897178292739, "impact_speed": 17.03218045401911, "time": 67.30633815046191}, "-55": {"optimal_thrust": 3355.415718540525, "impact_speed": 17.29230021231298, "time": 67.3797572037908}, "-54": {"optimal_thrust": 3354.9141545814637, "impact_speed": 17.55584058201331, "time": 67.4552292257887}, "-53": {"optimal_thrust": 3354.392259601089, "impact_speed": 17.82241934651395, "time": 67.53275666370055}, "-52": {"optimal_thrust": 3353.851376726941, "impact_speed": 18.090641216174184, "time": 67.61216739417732}, "-51": {"optimal_thrust": 3353.348221777989, "impact_speed": 18.318093616519377, "time": 67.6929577165243}, "-50": {"optimal_thrust": 3352.8884027334907, "impact_speed": 18.49121674559992, "time": 67.77524027066893}, "-49": {"optimal_thrust": 3352.3723793454965, "impact_speed": 18.67804157602988, "time": 67.85791387527127}, "-48": {"optimal_thrust": 3351.8007954657014, "impact_speed": 18.875599406667643, "time": 67.94596706353477}, "-47": {"optimal_thrust": 3351.1745059111227, "impact_speed": 19.08011051823782, "time": 68.03088831978604}, "-46": {"optimal_thrust": 3350.494330902383, "impact_speed": 19.30374362886282, "time": 68.12045461418103}, "-45": {"optimal_thrust": 3349.7616853727504, "impact_speed": 19.71319410272503, "time": 68.21196217029639}, "-44": {"optimal_thrust": 3348.9768991676265, "impact_speed": 20.14730684486949, "time": 68.30527159302527}, "-43": {"optimal_thrust": 3348.1414763699413, "impact_speed": 20.597495664489053, "time": 68.40164540041079}, "-42": {"optimal_thrust": 3347.256441250584, "impact_speed": 21.062436288315972, "time": 68.49853364377674}, "-41": {"optimal_thrust": 3346.3229333766794, "impact_speed": 21.540722598671334, "time": 68.59597616303347}, "-40": {"optimal_thrust": 3345.341882319424, "impact_speed": 22.031186507012713, "time": 68.69538317457032}, "-39": {"optimal_thrust": 3344.3144754862897, "impact_speed": 22.532531715657424, "time": 68.79680983319443}, "-38": {"optimal_thrust": 3343.4326829649876, "impact_speed": 22.926723868708514, "time": 68.89987925389315}, "-37": {"optimal_thrust": 3343.035483950459, "impact_speed": 23.006574010537527, "time": 69.00445054893558}, "-36": {"optimal_thrust": 3342.630516338525, "impact_speed": 23.070579673090933, "time": 69.11050800921743}, "-35": {"optimal_thrust": 3342.075585292816, "impact_speed": 23.227837503386574, "time": 69.21800890262595}, "-34": {"optimal_thrust": 3341.3866521612763, "impact_speed": 23.482822234857238, "time": 69.32688553982227}, "-33": {"optimal_thrust": 3340.8848548473125, "impact_speed": 23.588425178574383, "time": 69.43705175745578}, "-32": {"optimal_thrust": 3340.33670564867, "impact_speed": 23.722907721964127, "time": 69.54840017377308}, "-31": {"optimal_thrust": 3339.7942595736836, "impact_speed": 23.84615263571044, "time": 69.66081617549304}, "-30": {"optimal_thrust": 3339.256831944586, "impact_speed": 23.958797336719694, "time": 69.77418000307841}, "-29": {"optimal_thrust": 3338.7246776071242, "impact_speed": 24.060792167073558, "time": 69.88837180655423}, "-28": {"optimal_thrust": 3338.1993053884703, "impact_speed": 24.150709316978958, "time": 69.96631307139613}, "-27": {"optimal_thrust": 3337.525666548416, "impact_speed": 24.424399908107173, "time": 70.09390510239635}, "-26": {"optimal_thrust": 3337.0273510871602, "impact_speed": 24.281420916267137, "time": 70.2212006757371}, "-25": {"optimal_thrust": 3336.5428870584788, "impact_speed": 23.397497335224745, "time": 70.34843923123591}, "-24": {"optimal_thrust": 3336.0733181153946, "impact_speed": 22.605426128807565, "time": 70.47582525938637}, "-23": {"optimal_thrust": 3335.6189027485216, "impact_speed": 21.905460345078232, "time": 70.6036264207054}, "-22": {"optimal_thrust": 3335.178986337876, "impact_speed": 21.289843036008126, "time": 70.73197711312498}, "-21": {"optimal_thrust": 3334.752987093249, "impact_speed": 20.754012654901405, "time": 70.86095214016429}, "-20": {"optimal_thrust": 3334.340394478239, "impact_speed": 20.29427570266789, "time": 70.99060532315504}, "-19": {"optimal_thrust": 3333.9417719399416, "impact_speed": 19.912687324890797, "time": 71.12097385825649}, "-18": {"optimal_thrust": 3333.557183394724, "impact_speed": 19.609947367055433, "time": 71.25208151944592},