{"-90": {"optimal_thrust": 3364.448943659153, "impact_speed": 13.372837177275862, "time": 65.82025950568125}, "-89": {"optimal_thrust": 3365.3320264762438, "impact_speed": 12.65408031145555, "time": 65.8172917109231}, "-88": {"optimal_thrust": 3364.9713041152836, "impact_speed": 12.93462873754852, "time": 65.8206747203085}, "-87": {"optimal_thrust": 3367.230684077407, "impact_speed": 10.862689703850055, "time": 65.82658696254903}, "-86": {"optimal_thrust": 3369.2537377581266, "impact_speed": 8.631551617437532, "time": 65.83431857728313}, "-85": {"optimal_thrust": 3372.08080712385, "impact_speed": 3.811997491993057, "time": 65.83761174837173}, "-84": {"optimal_thrust": 3371.915092598887, "impact_speed": 4.259317750151966, "time": 65.8528935232866}, "-83": {"optimal_thrust": 3368.808781282181, "impact_speed": 9.205586749821489, "time": 65.87118822334206}, "-82": {"optimal_thrust": 3363.6252753412787, "impact_speed": 13.998883847554415, "time": 65.88976796095736}, "-81": {"optimal_thrust": 3364.5058991431606, "impact_speed": 13.306882264841814, "time": 65.90785463147306}, "-80": {"optimal_thrust": 3364.547223662902, "impact_speed": 13.27326834753195, "time": 65.92931765486662}, "-79": {"optimal_thrust": 3364.564671255601, "impact_speed": 13.253600422441846, "time": 65.95306392291015}, "-78": {"optimal_thrust": 3364.29178747471, "impact_speed": 13.462877624029707, "time": 65.97943941869724}, "-77": {"optimal_thrust": 3364.0127202351946, "impact_speed": 13.670033599289452, "time": 66.00871058935378}, "-76": {"optimal_thrust": 3363.7667214999624, "impact_speed": 13.845785886676422, "time": 66.04088665125225}, "-75": {"optimal_thrust": 3363.5768150998065, "impact_speed": 13.97480240881658, "time": 66.07220199062539}, "-74": {"optimal_thrust": 3363.422815795479, "impact_speed": 14.074759510883515, "time": 66.10595809310888}, "-73": {"optimal_thrust": 3363.271756371445, "impact_speed": 14.171820336734946, "time": 66.14254405374936}, "-72": {"optimal_thrust": 3363.098630303552, "impact_speed": 14.285003016070085, "time": 66.18159281236707}, "-71": {"optimal_thrust": 3361.843412738026, "impact_speed": 15.169498984760287, "time": 66.2229677694917}, "-70": {"optimal_thrust": 3361.814208310294, "impact_speed": 15.175164353718957, "time": 66.26661284569334}, "-69": {"optimal_thrust": 3361.7429007905034, "impact_speed": 15.211278100699818, "time": 66.31248464875118}, "-68": {"optimal_thrust": 3361.6318316695515, "impact_speed": 15.275615688968264, "time": 66.36050486703361}, "-67": {"optimal_thrust": 3361.481515617803, "impact_speed": 15.367065898400062, "time": 66.4106860453354}, "-66": {"optimal_thrust": 3361.293712477164, "impact_speed": 15.483519606642188, "time": 66.46301826690441}, "-65": {"optimal_thrust": 3361.0699975436105, "impact_speed": 15.622917528090962, "time": 66.51749080755084}, "-64": {"optimal_thrust": 3360.8116934838313, "impact_speed": 15.783331696534136, "time": 66.57409252991393}, "-63": {"optimal_thrust": 3360.520256405661, "impact_speed": 15.962726084180225, "time": 66.63281187851781}, "-62": {"optimal_thrust": 3360.196678870266, "impact_speed": 16.159390934835976, "time": 66.69363904717508}, "-61": {"optimal_thrust": 3359.8422696759135, "impact_speed": 16.371424723475208, "time": 66.75655983149859}, "-60": {"optimal_thrust": 3359.4585237882898, "impact_speed": 16.596845071338333, "time": 66.82161519580596}, "-59": {"optimal_thrust": 3359.046218611907, "impact_speed": 16.83420596627341, "time": 66.8888419224703}, "-58": {"optimal_thrust": 3358.606980372697, "impact_speed": 17.081553775775102, "time": 66.95821071785927}, "-57": {"optimal_thrust": 3358.142117423489, "impact_speed": 17.33721598342667, "time": 67.02970351060557}, "-56": {"optimal_thrust": 3357.6524171884826, "impact_speed": 17.5999291651291, "time": 67.10331952347995}, "-55": {"optimal_thrust": 3357.1384760321757, "impact_speed": 17.868620144261275, "time": 67.17907696228406}, "-54": {"optimal_thrust": 3356.602501234936, "impact_speed": 18.141220476127558, "time": 67.25697426154143}, "-53": {"optimal_thrust": 3356.0451978032056, "impact_speed": 18.4167110209162, "time": 67.3367780985761}, "-52": {"optimal_thrust": 3355.467906134093, "impact_speed": 18.693706141634387, "time": 67.41792993843102}, "-51": {"optimal_thrust": 3354.9306495021015, "impact_speed": 18.928741513003985, "time": 67.4995309613597}, "-50": {"optimal_thrust": 3354.439858076962, "impact_speed": 19.107488811387576, "time": 67.58605035883804}, "-49": {"optimal_thrust": 3353.888514870511, "impact_speed": 19.300839740363855, "time": 67.67074812894735}, "-48": {"optimal_thrust": 3353.2784744818496, "impact_speed": 19.504701802030155, "time": 67.75845076051961}, "-47": {"optimal_thrust": 3352.6096647227455, "impact_speed": 19.716118985186455, "time": 67.84906925565045}, "-46": {"optimal_thrust": 3351.8835739641645, "impact_speed": 19.944009602933953, "time": 67.94154118485771}, "-45": {"optimal_thrust": 3351.1007686297153, "impact_speed": 20.37099311123303, "time": 68.03666668956534}, "-44": {"optimal_thrust": 3350.262852419797, "impact_speed": 20.819219908317034, "time": 68.13385463385669}, "-43": {"optimal_thrust": 3349.3708491783973, "impact_speed": 21.284293882542244, "time": 68.23061141458888}, "-42": {"optimal_thrust": 3348.4259213700407, "impact_speed": 21.764620617676496, "time": 68.3295800390093}, "-41": {"optimal_thrust": 3347.4292236746132, "impact_speed": 22.258777656328952, "time": 68.43070891062456}, "-40": {"optimal_thrust": 3346.3814065768056, "impact_speed": 22.76577082915404, "time": 68.53358390692584}, "-39": {"optimal_thrust": 3345.2848976312757, "impact_speed": 23.28347991578907, "time": 68.63805080122115}, "-38": {"optimal_thrust": 3344.342821833585, "impact_speed": 23.69112768111841, "time": 68.74409853576913}, "-37": {"optimal_thrust": 3343.9194354609904, "impact_speed": 23.77317774736045, "time": 68.8516785292603}, "-36": {"optimal_thrust": 3343.486221182807, "impact_speed": 23.839858466291115, "time": 68.9606994608435}, "-35": {"optimal_thrust": 3342.894248453241, "impact_speed": 24.001942230074658, "time": 69.07104607899612}, "-34": {"optimal_thrust": 3342.295463859511, "impact_speed": 24.16182485474351, "time": 69.18258601900672}, "-33": {"optimal_thrust": 3341.62265787281, "impact_speed": 24.37466326074323, "time": 69.2951723897049}, "-32": {"optimal_thrust": 3341.037551281857, "impact_speed": 24.513452120909832, "time": 69.40865497762219}, "-31": {"optimal_thrust": 3340.4582473020196, "impact_speed": 24.640875604592292, "time": 69.4833064770366}, "-30": {"optimal_thrust": 3339.8840623237356, "impact_speed": 24.75761014377844, "time": 69.61165184936321}, "-29": {"optimal_thrust": 3339.3159659883827, "impact_speed": 24.86287748759631, "time": 69.73950038633237}, "-28": {"optimal_thrust": 3338.7551383349423, "impact_speed": 24.955601180422704, "time": 69.86716920622258}, "-27": {"optimal_thrust": 3338.035789961215, "impact_speed": 25.238487267177952, "time": 69.99492751171488}, "-26": {"optimal_thrust": 3337.5032856125704, "impact_speed": 25.313808813288475, "time": 70.12312168846924}, "-25": {"optimal_thrust": 3336.9862682241423, "impact_speed": 24.709456815104147, "time": 70.25191872295417}, "-24": {"optimal_thrust": 3336.4852287140184, "impact_speed": 23.816992415681643, "time": 70.38141816214728}, "-23": {"optimal_thrust": 3336.000378869761, "impact_speed": 23.0226719805188, "time": 70.5116928046999}, "-22": {"optimal_thrust": 3335.530150184963, "impact_speed": 22.316536329055, "time": 70.6427944741404}, "-21": {"optimal_thrust": 3335.075178282366, "impact_speed": 21.694993001586248, "time": 70.77475827377887}, "-20": {"optimal_thrust": 3334.635015303704, "impact_speed": 21.154151669628867, "time": 70.90760574074869}, "-19": {"optimal_thrust": 3334.2091322470155, "impact_speed": 20.690081208283768, "time": 71.04134733949508}, "-18": {"optimal_thrust": 3333.7977245167403, "impact_speed": 20.30291338588492, "time": 71.17598444644383}, "-17": {"optimal_thrust": 3333.4027666889597,