{"-90": {"optimal_thrust": 3366.4942071663704, "impact_speed": 13.966881856171222, "time": 65.58024475178755}, "-89": {"optimal_thrust": 3367.6480743267916, "impact_speed": 13.062442203673168, "time": 65.57793781688054}, "-88": {"optimal_thrust": 3367.2634930460636, "impact_speed": 13.352205762954405, "time": 65.58142132609665}, "-87": {"optimal_thrust": 3369.671511291138, "impact_speed": 11.212999242750799, "time": 65.58767844891506}, "-86": {"optimal_thrust": 3371.827023409032, "impact_speed": 8.910060695684924, "time": 65.59609270027269}, "-85": {"optimal_thrust": 3374.8395073299625, "impact_speed": 3.9349063467990364, "time": 65.55718984797913}, "-84": {"optimal_thrust": 3374.6628556924893, "impact_speed": 4.396843717554463, "time": 65.61600130405009}, "-83": {"optimal_thrust": 3371.3531591863166, "impact_speed": 9.502313093800922, "time": 65.63355012009467}, "-82": {"optimal_thrust": 3365.829619631859, "impact_speed": 14.450474250027845, "time": 65.65319115332157}, "-81": {"optimal_thrust": 3366.7681380265017, "impact_speed": 13.736022723062408, "time": 65.67099415205662}, "-80": {"optimal_thrust": 3366.812014015407, "impact_speed": 13.701447635207934, "time": 65.69311408913035}, "-79": {"optimal_thrust": 3366.830817360365, "impact_speed": 13.68097945055507, "time": 65.71757081856879}, "-78": {"optimal_thrust": 3366.5397440922634, "impact_speed": 13.89724113592963, "time": 65.74490023950598}, "-77": {"optimal_thrust": 3366.2425315114297, "impact_speed": 14.110965343171149, "time": 65.77531382023817}, "-76": {"optimal_thrust": 3365.9804981405277, "impact_speed": 14.29231889807729, "time": 65.80749237831702}, "-75": {"optimal_thrust": 3365.7778773324735, "impact_speed": 14.425693612555227, "time": 65.83941001065773}, "-74": {"optimal_thrust": 3365.6139536553433, "impact_speed": 14.528749056742718, "time": 65.87444388503367}, "-73": {"optimal_thrust": 3365.4530346414504, "impact_speed": 14.628909520680025, "time": 65.91221968693098}, "-72": {"optimal_thrust": 3365.268516696117, "impact_speed": 14.745774246631006, "time": 65.9524291790559}, "-71": {"optimal_thrust": 3363.9311875676717, "impact_speed": 15.658684765015769, "time": 65.99503042281245}, "-70": {"optimal_thrust": 3363.899706381489, "impact_speed": 15.664778925460634, "time": 66.03993896475144}, "-69": {"optimal_thrust": 3363.823766148244, "impact_speed": 15.702029079762626, "time": 66.0871038452051}, "-68": {"optimal_thrust": 3363.70557006199, "impact_speed": 15.768336935615821, "time": 66.13648790608265}, "-67": {"optimal_thrust": 3363.545339615769, "impact_speed": 15.862778068285811, "time": 66.18809597748198}, "-66": {"optimal_thrust": 3363.3452955372763, "impact_speed": 15.982940435028741, "time": 66.24191766932302}, "-65": {"optimal_thrust": 3363.106891953437, "impact_speed": 16.12685052210753, "time": 66.29794217681246}, "-64": {"optimal_thrust": 3362.8318360110934, "impact_speed": 16.292318070800167, "time": 66.35615828187547}, "-63": {"optimal_thrust": 3362.5208832332505, "impact_speed": 16.477772653967556, "time": 66.41655514869645}, "-62": {"optimal_thrust": 3362.1759574960033, "impact_speed": 16.680869929789534, "time": 66.4791229347701}, "-61": {"optimal_thrust": 3361.7986084841823, "impact_speed": 16.899549645032923, "time": 66.54388338112615}, "-60": {"optimal_thrust": 3361.389794882152, "impact_speed": 17.132183491585664, "time": 66.61089786687894}, "-59": {"optimal_thrust": 3360.9505083457293, "impact_speed": 17.37717054149921, "time": 66.68013742144151}, "-58": {"optimal_thrust": 3360.4827519667692, "impact_speed": 17.632320231609253, "time": 66.75158258333632}, "-57": {"optimal_thrust": 3359.986946708558, "impact_speed": 17.896529102603875, "time": 66.82523302717077}, "-56": {"optimal_thrust": 3359.4648031884212, "impact_speed": 18.16793375366088, "time": 66.90111023227374}, "-55": {"optimal_thrust": 3358.917700904402, "impact_speed": 18.444953363306645, "time": 66.97921353895697}, "-54": {"optimal_thrust": 3358.346796563966, "impact_speed": 18.7262137702505, "time": 67.05927185031567}, "-53": {"optimal_thrust": 3357.7525124391736, "impact_speed": 19.010878233521424, "time": 67.14068581234189}, "-52": {"optimal_thrust": 3357.137331902628, "impact_speed": 19.29683878181408, "time": 67.22212748693673}, "-51": {"optimal_thrust": 3356.5649957625387, "impact_speed": 19.539363474952488, "time": 67.30966015194045}, "-50": {"optimal_thrust": 3356.041868173585, "impact_speed": 19.72400099607442, "time": 67.39413079994522}, "-49": {"optimal_thrust": 3355.4548693569914, "impact_speed": 19.923179481498817, "time": 67.48334195639838}, "-48": {"optimal_thrust": 3354.8043469965173, "impact_speed": 20.13410632376474, "time": 67.57468844208559}, "-47": {"optimal_thrust": 3354.091812869847, "impact_speed": 20.35226534396875, "time": 67.66822185112933}, "-46": {"optimal_thrust": 3353.318284223981, "impact_speed": 20.585302706199602, "time": 67.76576539268264}, "-45": {"optimal_thrust": 3352.4842788652277, "impact_speed": 21.02767519621438, "time": 67.86123883948264}, "-44": {"optimal_thrust": 3351.5913010854306, "impact_speed": 21.490703678598013, "time": 67.9593731541336}, "-43": {"optimal_thrust": 3350.6409716701673, "impact_speed": 21.97065919486785, "time": 68.05978558133924}, "-42": {"optimal_thrust": 3349.6340083625037, "impact_speed": 22.466588194404597, "time": 68.1621566416796}, "-41": {"optimal_thrust": 3348.5719207236684, "impact_speed": 22.97673503796303, "time": 68.26620745749864}, "-40": {"optimal_thrust": 3347.4554159002028, "impact_speed": 23.500086579229638, "time": 68.3719312338648}, "-39": {"optimal_thrust": 3346.287226603279, "impact_speed": 24.034378203428407, "time": 68.47927128918512}, "-38": {"optimal_thrust": 3345.2832584430594, "impact_speed": 24.45525944122946, "time": 68.5881288139579}, "-37": {"optimal_thrust": 3344.8316913523013, "impact_speed": 24.54021550576507, "time": 68.69837073573088}, "-36": {"optimal_thrust": 3344.2953154130273, "impact_speed": 24.658689672788327, "time": 68.80982788733259}, "-35": {"optimal_thrust": 3343.739644068055, "impact_speed": 24.776131683907202, "time": 68.92232134990257}, "-34": {"optimal_thrust": 3342.955525844442, "impact_speed": 25.048309231670675, "time": 69.03566173743982}, "-33": {"optimal_thrust": 3342.384825004939, "impact_speed": 25.160763309686274, "time": 69.11690949626228}, "-32": {"optimal_thrust": 3341.7608384527884, "impact_speed": 25.30446556871324, "time": 69.2454895519197}, "-31": {"optimal_thrust": 3341.1438061447348, "impact_speed": 25.43578870266511, "time": 69.37361158444561}, "-30": {"optimal_thrust": 3340.5319460348396, "impact_speed": 25.556327170396212, "time": 69.50162203700451}, "-29": {"optimal_thrust": 3339.927215873996, "impact_speed": 25.664315555939492, "time": 69.6299269344536}, "-28": {"optimal_thrust": 3339.329081560155, "impact_speed": 25.760639073268916, "time": 69.75882280020367}, "-27": {"optimal_thrust": 3338.562676356136, "impact_speed": 26.05253362037401, "time": 69.88844769453016}, "-26": {"optimal_thrust": 3337.9951040594456, "impact_speed": 26.130474270265008, "time": 70.01890855351023}, "-25": {"optimal_thrust": 3337.4445060681924, "impact_speed": 26.080618589559734, "time": 70.15027880578081}, "-24": {"optimal_thrust": 3336.9104554270743, "impact_speed": 25.08077112309319, "time": 70.28261162291165}, "-23": {"optimal_thrust": 3336.3936067247732, "impact_speed": 24.18507073043082, "time": 70.41594254053777}, "-22": {"optimal_thrust": 3335.8928747724076, "impact_speed": 23.38585488789052, "time": 70.55029281661733}, "-21": {"optimal_thrust": 3335.4077052985767, "impact_speed": 22.677103302575123, "time": 70.68567212150639}, "-20": {"optimal_thrust": 3334.938423106524, "impact_speed": 22.050273272115994, "time": 70.82208067767814}, "-19": {"optimal_thrust": 3334.484706432694, "impact_speed": 21.503363856892104, "time": 70.9595109710441}, "-18": {"optimal_thrust": 3334.0467106500228, "impact_speed": 21.03646260930258, "time": 71.09794916454963},