{"-90": {"optimal_thrust": 3368.5817310741922, "impact_speed": 14.571306341214203, "time": 65.3413709317599}, "-89": {"optimal_thrust": 3370.037989673427, "impact_speed": 13.470526359886797, "time": 65.3395560981808}, "-88": {"optimal_thrust": 3369.628979027851, "impact_speed": 13.769365637998476, "time": 65.34313278507514}, "-87": {"optimal_thrust": 3372.1895367208444, "impact_speed": 11.563576819327315, "time": 65.34980290267033}, "-86": {"optimal_thrust": 3374.4817894912208, "impact_speed": 9.188813703467607, "time": 65.35868444009924}, "-85": {"optimal_thrust": 3377.685893376556, "impact_speed": 4.057529071932395, "time": 65.33779899095542}, "-84": {"optimal_thrust": 3377.4983045462177, "impact_speed": 4.533286077168418, "time": 65.37954424878342}, "-83": {"optimal_thrust": 3373.9781209706016, "impact_speed": 9.799254525166523, "time": 65.396821871025}, "-82": {"optimal_thrust": 3368.1039017594003, "impact_speed": 14.902094027853558, "time": 65.4169296706797}, "-81": {"optimal_thrust": 3369.1016454735272, "impact_speed": 14.165581860663988, "time": 65.43514194891179}, "-80": {"optimal_thrust": 3369.1490393834256, "impact_speed": 14.129371251638926, "time": 65.45785454949575}, "-79": {"optimal_thrust": 3369.168673231554, "impact_speed": 14.108538746143786, "time": 65.48308399482264}, "-78": {"optimal_thrust": 3368.859245946164, "impact_speed": 14.331466947192283, "time": 65.51136011208283}, "-77": {"optimal_thrust": 3368.5427167325297, "impact_speed": 14.552201543297912, "time": 65.54294708787108}, "-76": {"optimal_thrust": 3368.264307517916, "impact_speed": 14.739032738908755, "time": 65.57458607891654}, "-75": {"optimal_thrust": 3368.049088717134, "impact_speed": 14.876386051613245, "time": 65.60768532640809}, "-74": {"optimal_thrust": 3367.874611277024, "impact_speed": 14.982768165736445, "time": 65.64391149384606}, "-73": {"optimal_thrust": 3367.7032045738524, "impact_speed": 15.086251336216344, "time": 65.6828115049889}, "-72": {"optimal_thrust": 3367.5072363233458, "impact_speed": 15.206583010735613, "time": 65.72419335696712}, "-71": {"optimal_thrust": 3366.0848132077926, "impact_speed": 16.148156646257686, "time": 65.7679756639559}, "-70": {"optimal_thrust": 3366.0514909818667, "impact_speed": 16.1543377710739, "time": 65.81413416921676}, "-69": {"optimal_thrust": 3365.970774846042, "impact_speed": 16.192722573853153, "time": 65.86257491876779}, "-68": {"optimal_thrust": 3365.845035042081, "impact_speed": 16.26112959043929, "time": 65.91331174779982}, "-67": {"optimal_thrust": 3365.674905991458, "impact_speed": 16.358342661105894, "time": 65.96633482480867}, "-66": {"optimal_thrust": 3365.461797460879, "impact_speed": 16.48250087952986, "time": 66.02163369183468}, "-65": {"optimal_thrust": 3365.208460865193, "impact_speed": 16.630777171802183, "time": 66.07919749260333}, "-64": {"optimal_thrust": 3364.915596669503, "impact_speed": 16.801641826625623, "time": 66.13901493149481}, "-63": {"optimal_thrust": 3364.5853937740208, "impact_speed": 16.992576334572735, "time": 66.20107855960964}, "-62": {"optimal_thrust": 3364.2185361009006, "impact_speed": 17.20204514102255, "time": 66.26539061664438}, "-61": {"optimal_thrust": 3363.816912667522, "impact_speed": 17.427763291665002, "time": 66.332032627787}, "-60": {"optimal_thrust": 3363.3822148880877, "impact_speed": 17.667624718144562, "time": 66.40098356861542}, "-59": {"optimal_thrust": 3362.9150785698034, "impact_speed": 17.92024557640572, "time": 66.47222123622021}, "-58": {"optimal_thrust": 3362.4175403367226, "impact_speed": 18.183424623081052, "time": 66.54574388490592}, "-57": {"optimal_thrust": 3361.8902967625063, "impact_speed": 18.4558688020977, "time": 66.6215748324491}, "-56": {"optimal_thrust": 3361.3355012535185, "impact_speed": 18.73545058884447, "time": 66.69972128150596}, "-55": {"optimal_thrust": 3360.753270656015, "impact_speed": 19.021374533430784, "time": 66.77990790260742}, "-54": {"optimal_thrust": 3360.146201625602, "impact_speed": 19.31137812253876, "time": 66.86160090987698}, "-53": {"optimal_thrust": 3359.514647351193, "impact_speed": 19.604652924469505, "time": 66.94323210221059}, "-52": {"optimal_thrust": 3358.8601173341663, "impact_speed": 19.899736398248706, "time": 67.03056701225131}, "-51": {"optimal_thrust": 3358.2511947024336, "impact_speed": 20.15000584340609, "time": 67.11574919366262}, "-50": {"optimal_thrust": 3357.6952091020717, "impact_speed": 20.340161006389096, "time": 67.20563228989538}, "-49": {"optimal_thrust": 3357.0707888118754, "impact_speed": 20.545665414694565, "time": 67.29755402774818}, "-48": {"optimal_thrust": 3356.3788371174433, "impact_speed": 20.763302423013506, "time": 67.39261045515731}, "-47": {"optimal_thrust": 3355.621189830926, "impact_speed": 20.988044221943483, "time": 67.48894921988432}, "-46": {"optimal_thrust": 3354.7984716703736, "impact_speed": 21.228034957495186, "time": 67.58578103963089}, "-45": {"optimal_thrust": 3353.911780999879, "impact_speed": 21.684224703364986, "time": 67.68501159984082}, "-44": {"optimal_thrust": 3352.962356881894, "impact_speed": 22.161660455553964, "time": 67.78655621088872}, "-43": {"optimal_thrust": 3351.9511224008447, "impact_speed": 22.657305115089134, "time": 67.88987475598469}, "-42": {"optimal_thrust": 3350.8803554557503, "impact_speed": 23.16863152994124, "time": 67.99496022517181}, "-41": {"optimal_thrust": 3349.750400892794, "impact_speed": 23.695037083043502, "time": 68.10176237946015}, "-40": {"optimal_thrust": 3348.5636424646127, "impact_speed": 24.234327351663623, "time": 68.21017399131517}, "-39": {"optimal_thrust": 3347.320815497781, "impact_speed": 24.7856093743804, "time": 68.32004035456168}, "-38": {"optimal_thrust": 3346.253392440371, "impact_speed": 25.21948331471141, "time": 68.43117342050147}, "-37": {"optimal_thrust": 3345.773148007011, "impact_speed": 25.30710221977917, "time": 68.54336384696829}, "-36": {"optimal_thrust": 3345.2827696897225, "impact_speed": 25.37774177992993, "time": 68.61076987846543}, "-35": {"optimal_thrust": 3344.611475486148, "impact_speed": 25.550609162387026, "time": 68.74063633050011}, "-34": {"optimal_thrust": 3343.778094545755, "impact_speed": 25.83092602837545, "time": 68.86951582161298}, "-33": {"optimal_thrust": 3343.171066990253, "impact_speed": 25.94696269985237, "time": 68.99790733438111}, "-32": {"optimal_thrust": 3342.5076945334463, "impact_speed": 26.094964282329148, "time": 69.12622059907126}, "-31": {"optimal_thrust": 3341.8508190092907, "impact_speed": 26.23098049685626, "time": 69.25495779527913}, "-30": {"optimal_thrust": 3341.200453033794, "impact_speed": 26.35498681383964, "time": 69.38437602816498}, "-29": {"optimal_thrust": 3340.5572440436754, "impact_speed": 26.466453177078364, "time": 69.51462803243123}, "-28": {"optimal_thrust": 3339.9214284321392, "impact_speed": 26.56545461926392, "time": 69.64582645120717}, "-27": {"optimal_thrust": 3339.1061551330326, "impact_speed": 26.86673099423477, "time": 69.77805129528714}, "-26": {"optimal_thrust": 3338.5029307583227, "impact_speed": 26.94665462477655, "time": 69.91136412747232}, "-25": {"optimal_thrust": 3337.916644191791, "impact_speed": 27.005481960907577, "time": 70.04580141146344}, "-24": {"optimal_thrust": 3337.348904769954, "impact_speed": 26.396090901337335, "time": 70.18138605871434}, "-23": {"optimal_thrust": 3336.7988261043165, "impact_speed": 25.393492674951126, "time": 70.31812844944564}, "-22": {"optimal_thrust": 3336.2664833918957, "impact_speed": 24.496500676598508, "time": 70.45602886580194}, "-21": {"optimal_thrust": 3335.7513644926917, "impact_speed": 23.69920976807295, "time": 70.59507940961909}, "-20": {"optimal_thrust": 3335.252178689803, "impact_speed": 22.990569223130986, "time": 70.73526556079004}, "-19": {"optimal_thrust": 3334.769385055239, "impact_speed": 22.35709816166208, "time": 70.87656746090933}, "-18": {"optimal_thrust": 3334.303762464902, "impact_speed": 21.80764432773092, "time": 71.01896091030703},