{"-90": {"optimal_thrust": 3370.709996378962, "impact_speed": 15.186371789970105, "time": 65.1035736752358}, "-89": {"optimal_thrust": 3372.5008209902676, "impact_speed": 13.879093442150323, "time": 65.10214363008505}, "-88": {"optimal_thrust": 3372.0672486976327, "impact_speed": 14.186528726068953, "time": 65.10581013581259}, "-87": {"optimal_thrust": 3374.785207445547, "impact_speed": 11.913999946604397, "time": 65.11296110886603}, "-86": {"optimal_thrust": 3377.218551738168, "impact_speed": 9.467205791090047, "time": 65.12052290708284}, "-85": {"optimal_thrust": 3380.6199651369734, "impact_speed": 4.179891176388929, "time": 65.11214121567936}, "-84": {"optimal_thrust": 3380.4205450391737, "impact_speed": 4.670799082211344, "time": 65.143769079077}, "-83": {"optimal_thrust": 3376.6841822292863, "impact_speed": 10.09584352950441, "time": 65.16124689189154}, "-82": {"optimal_thrust": 3370.4478968897615, "impact_speed": 15.353897751767612, "time": 65.18001159685834}, "-81": {"optimal_thrust": 3371.5074894881413, "impact_speed": 14.594737957725743, "time": 65.20023156520854}, "-80": {"optimal_thrust": 3371.557440934389, "impact_speed": 14.557693638753138, "time": 65.22353614446834}, "-79": {"optimal_thrust": 3371.57848232948, "impact_speed": 14.536083067816493, "time": 65.24959043739024}, "-78": {"optimal_thrust": 3371.250121717464, "impact_speed": 14.765691231930262, "time": 65.27883532488192}, "-77": {"optimal_thrust": 3370.9142781270343, "impact_speed": 14.993002088350988, "time": 65.31122004883831}, "-76": {"optimal_thrust": 3370.618856408878, "impact_speed": 15.185415731057592, "time": 65.34265869843178}, "-75": {"optimal_thrust": 3370.3900153304357, "impact_speed": 15.327198435745887, "time": 65.37698286002373}, "-74": {"optimal_thrust": 3370.2049841246026, "impact_speed": 15.43667955345093, "time": 65.41433606036117}, "-73": {"optimal_thrust": 3370.023087520961, "impact_speed": 15.543261051133323, "time": 65.45431918411155}, "-72": {"optimal_thrust": 3369.8148407021904, "impact_speed": 15.667390953576048, "time": 65.49684908876654}, "-71": {"optimal_thrust": 3368.3051127615613, "impact_speed": 16.637363570997454, "time": 65.54180773152406}, "-70": {"optimal_thrust": 3368.2696163408923, "impact_speed": 16.643811075613915, "time": 65.58917719962774}, "-69": {"optimal_thrust": 3368.1841046386585, "impact_speed": 16.68324970954996, "time": 65.6388971890798}, "-68": {"optimal_thrust": 3368.0504324433837, "impact_speed": 16.753855514598555, "time": 65.69097534643824}, "-67": {"optimal_thrust": 3367.8694324190433, "impact_speed": 16.854272563774842, "time": 65.74540156872206}, "-66": {"optimal_thrust": 3367.6435959631026, "impact_speed": 16.981948224948543, "time": 65.80216536357283}, "-65": {"optimal_thrust": 3367.3748439569663, "impact_speed": 17.134609598870632, "time": 65.86125581988487}, "-64": {"optimal_thrust": 3367.064072945306, "impact_speed": 17.31058264443838, "time": 65.9226647843944}, "-63": {"optimal_thrust": 3366.712943865136, "impact_speed": 17.507685992693997, "time": 65.98638183449408}, "-62": {"optimal_thrust": 3366.324078115748, "impact_speed": 17.723152087089396, "time": 66.05249094344848}, "-61": {"optimal_thrust": 3365.89760780996, "impact_speed": 17.955795930154082, "time": 66.12099414929368}, "-60": {"optimal_thrust": 3365.43595829424, "impact_speed": 18.203053090890933, "time": 66.19186526514203}, "-59": {"optimal_thrust": 3364.940156084101, "impact_speed": 18.463283710941482, "time": 66.26509899100245}, "-58": {"optimal_thrust": 3364.4119884940333, "impact_speed": 18.734449142176192, "time": 66.34071824080503}, "-57": {"optimal_thrust": 3363.8527480154075, "impact_speed": 19.01488385541242, "time": 66.41874314977741}, "-56": {"optimal_thrust": 3363.2633591204985, "impact_speed": 19.303214268572564, "time": 66.49893214118639}, "-55": {"optimal_thrust": 3362.645642172041, "impact_speed": 19.59760124319154, "time": 66.58020817719186}, "-54": {"optimal_thrust": 3362.0007418491414, "impact_speed": 19.89668307010443, "time": 66.66267426747035}, "-53": {"optimal_thrust": 3361.330341289368, "impact_speed": 20.198840281032926, "time": 66.74891025922452}, "-52": {"optimal_thrust": 3360.6355628368387, "impact_speed": 20.502854402184695, "time": 66.83535078416001}, "-51": {"optimal_thrust": 3359.989209759651, "impact_speed": 20.760690516322732, "time": 66.92557311117989}, "-50": {"optimal_thrust": 3359.398965992862, "impact_speed": 20.956652630198914, "time": 67.01800167165904}, "-49": {"optimal_thrust": 3358.7360574042773, "impact_speed": 21.168465056424424, "time": 67.11496256429169}, "-48": {"optimal_thrust": 3358.001795086203, "impact_speed": 21.3924740595452, "time": 67.2098354333409}, "-47": {"optimal_thrust": 3357.197683682358, "impact_speed": 21.623710924633347, "time": 67.30750345080068}, "-46": {"optimal_thrust": 3356.324238000149, "impact_speed": 21.86977343304008, "time": 67.40773263962089}, "-45": {"optimal_thrust": 3355.3827472377284, "impact_speed": 22.341698944612503, "time": 67.51001072308487}, "-44": {"optimal_thrust": 3354.3750899612346, "impact_speed": 22.833238578789853, "time": 67.61414084641198}, "-43": {"optimal_thrust": 3353.3016483249103, "impact_speed": 23.343892195666644, "time": 67.72009625033054}, "-42": {"optimal_thrust": 3352.164877516279, "impact_speed": 23.8708089537836, "time": 67.82777745972926}, "-41": {"optimal_thrust": 3350.965806067946, "impact_speed": 24.412883063551472, "time": 67.93702216159825}, "-40": {"optimal_thrust": 3349.7057097308775, "impact_speed": 24.968730629310095, "time": 68.04761914690324}, "-39": {"optimal_thrust": 3348.3866177079635, "impact_speed": 25.53660299320977, "time": 68.15932389593051}, "-38": {"optimal_thrust": 3347.253340491814, "impact_speed": 25.983727152476078, "time": 68.27187518260509}, "-37": {"optimal_thrust": 3346.743891961787, "impact_speed": 26.073800092687154, "time": 68.35579288418357}, "-36": {"optimal_thrust": 3346.223142677851, "impact_speed": 26.14669223367234, "time": 68.4850691577957}, "-35": {"optimal_thrust": 3345.51068794512, "impact_speed": 26.324696728334526, "time": 68.61373496798608}, "-34": {"optimal_thrust": 3344.6259102253935, "impact_speed": 26.613591312401848, "time": 68.74228186235003}, "-33": {"optimal_thrust": 3343.981001766961, "impact_speed": 26.733540912234858, "time": 68.87128905744129}, "-32": {"optimal_thrust": 3343.2772874727634, "impact_speed": 26.885667848245987, "time": 69.00103129211722}, "-31": {"optimal_thrust": 3342.5798839744643, "impact_speed": 27.02590151736092, "time": 69.13168343041781}, "-30": {"optimal_thrust": 3341.8898067174396, "impact_speed": 27.153379985874203, "time": 69.26337376240618}, "-29": {"optimal_thrust": 3341.2066793979006, "impact_speed": 27.26856415490748, "time": 69.3961954726288}, "-28": {"optimal_thrust": 3340.531971927673, "impact_speed": 27.3703106392016, "time": 69.5302143189739}, "-27": {"optimal_thrust": 3339.66654817156, "impact_speed": 27.680721237862095, "time": 69.66547232047367}, "-26": {"optimal_thrust": 3339.0256484569686, "impact_speed": 27.763717086030116, "time": 69.80200020988558}, "-25": {"optimal_thrust": 3338.4031611818446, "impact_speed": 27.824560988991824, "time": 69.93980870846046}, "-24": {"optimal_thrust": 3337.8014023325386, "impact_speed": 27.766948171954656, "time": 70.07889948834901}, "-23": {"optimal_thrust": 3337.217555242123, "impact_speed": 26.655371743786084, "time": 70.21926529353735}, "-22": {"optimal_thrust": 3336.6521598369104, "impact_speed": 25.654215515971746, "time": 70.36089180813701}, "-21": {"optimal_thrust": 3336.104668868571, "impact_speed": 24.756845697966625, "time": 70.50375903645615}, "-20": {"optimal_thrust": 3335.574879299877, "impact_speed": 23.957395606970614, "time": 70.64784245001849}, "-19": {"optimal_thrust": 3335.062910546291, "impact_speed": 23.248712470217345, "time": 70.79311388391189}, "-18": {"optimal_thrust": 3334.5683461844874, "impact_speed": 22.612377247910242, "time": 70.93954223425332},