{"-90": {"optimal_thrust": 3372.8765093673214, "impact_speed": 15.812474135715323, "time": 64.86681670861884}, "-89": {"optimal_thrust": 3375.037713568981, "impact_speed": 14.287241312555501, "time": 64.86571200997797}, "-88": {"optimal_thrust": 3374.578238248005, "impact_speed": 14.60374106359115, "time": 64.86945820706343}, "-87": {"optimal_thrust": 3377.458329907436, "impact_speed": 12.26444960104777, "time": 64.87716424542752}, "-86": {"optimal_thrust": 3380.036924206779, "impact_speed": 9.74569194749798, "time": 64.88420002814613}, "-85": {"optimal_thrust": 3383.641212102295, "impact_speed": 4.303297355084197, "time": 64.8831713872204}, "-84": {"optimal_thrust": 3383.4298945121323, "impact_speed": 4.8085811779413925, "time": 64.90880044746645}, "-83": {"optimal_thrust": 3379.470959623796, "impact_speed": 10.392506488939107, "time": 64.92672483380285}, "-82": {"optimal_thrust": 3372.862437683349, "impact_speed": 15.805304240295092, "time": 64.9450029091726}, "-81": {"optimal_thrust": 3373.985156812588, "impact_speed": 15.023891929414988, "time": 64.96627115823452}, "-80": {"optimal_thrust": 3374.037729580467, "impact_speed": 14.986015452609513, "time": 64.99016566293193}, "-79": {"optimal_thrust": 3374.060498043413, "impact_speed": 14.963432381241219, "time": 65.01708201272442}, "-78": {"optimal_thrust": 3373.71205642095, "impact_speed": 15.200135636368048, "time": 65.04735121954128}, "-77": {"optimal_thrust": 3373.3565789565005, "impact_speed": 15.433844513701047, "time": 65.07972124826331}, "-76": {"optimal_thrust": 3373.0431204969505, "impact_speed": 15.632194148609294, "time": 65.11179207112106}, "-75": {"optimal_thrust": 3372.801038238792, "impact_speed": 15.777863554108198, "time": 65.147268372143}, "-74": {"optimal_thrust": 3372.604752701933, "impact_speed": 15.890706298547629, "time": 65.18569120807189}, "-73": {"optimal_thrust": 3372.411855188365, "impact_speed": 16.000518120178004, "time": 65.22674934564822}, "-72": {"optimal_thrust": 3372.1913275646066, "impact_speed": 16.128199644244244, "time": 65.27039144955901}, "-71": {"optimal_thrust": 3370.5912262986885, "impact_speed": 17.12686189333477, "time": 65.31651827741385}, "-70": {"optimal_thrust": 3370.553939009997, "impact_speed": 17.133295420416783, "time": 65.36508107212126}, "-69": {"optimal_thrust": 3370.4633122999835, "impact_speed": 17.173900747991738, "time": 65.41606955553637}, "-68": {"optimal_thrust": 3370.321643828044, "impact_speed": 17.246594120832764, "time": 65.46947763856961}, "-67": {"optimal_thrust": 3370.1300900407246, "impact_speed": 17.349809546022563, "time": 65.52529519364633}, "-66": {"optimal_thrust": 3369.8906951918975, "impact_speed": 17.481289600609372, "time": 65.58351169611622}, "-65": {"optimal_thrust": 3369.6053139941464, "impact_speed": 17.63880317585321, "time": 65.64411741334943}, "-64": {"optimal_thrust": 3369.2761229136368, "impact_speed": 17.819871330617634, "time": 65.70710166318504}, "-63": {"optimal_thrust": 3368.9043995704715, "impact_speed": 18.022549743693617, "time": 65.77251702195757}, "-62": {"optimal_thrust": 3368.4918709870362, "impact_speed": 18.244625870604267, "time": 65.8404134552447}, "-61": {"optimal_thrust": 3368.0403919381597, "impact_speed": 18.48384360010042, "time": 65.91075985988782}, "-60": {"optimal_thrust": 3367.551112312251, "impact_speed": 18.738417959550357, "time": 65.98354528751213}, "-59": {"optimal_thrust": 3367.0260190549347, "impact_speed": 19.006124148348903, "time": 66.05878913956863}, "-58": {"optimal_thrust": 3366.4661298537767, "impact_speed": 19.285381048836747, "time": 66.13652456334357}, "-57": {"optimal_thrust": 3365.872982363008, "impact_speed": 19.57437173263104, "time": 66.21657742176633}, "-56": {"optimal_thrust": 3365.248752896408, "impact_speed": 19.870984353747193, "time": 66.29754102265629}, "-55": {"optimal_thrust": 3364.5941928882253, "impact_speed": 20.174013716664767, "time": 66.38041727554247}, "-54": {"optimal_thrust": 3363.910749324902, "impact_speed": 20.481921543975854, "time": 66.46579365346591}, "-53": {"optimal_thrust": 3363.2002874514415, "impact_speed": 20.79299352332048, "time": 66.55300763578144}, "-52": {"optimal_thrust": 3362.464006591701, "impact_speed": 21.10596978399046, "time": 66.64341171038613}, "-51": {"optimal_thrust": 3361.779349844255, "impact_speed": 21.37121935431222, "time": 66.73637484004556}, "-50": {"optimal_thrust": 3361.1536662609137, "impact_speed": 21.57308190236344, "time": 66.83295672679832}, "-49": {"optimal_thrust": 3360.4512613018937, "impact_speed": 21.791075669168823, "time": 66.928349792374}, "-48": {"optimal_thrust": 3359.67329038823, "impact_speed": 22.021548709137917, "time": 67.02665621944188}, "-47": {"optimal_thrust": 3358.82096138832, "impact_speed": 22.259923203821035, "time": 67.12756382729731}, "-46": {"optimal_thrust": 3357.8951626108455, "impact_speed": 22.51959062234683, "time": 67.23042518038797}, "-45": {"optimal_thrust": 3356.8979357226294, "impact_speed": 22.998561170579134, "time": 67.33521562102639}, "-44": {"optimal_thrust": 3355.8298681372644, "impact_speed": 23.504961498321553, "time": 67.44186481866107}, "-43": {"optimal_thrust": 3354.6925683891504, "impact_speed": 24.03040878537367, "time": 67.5502203317522}, "-42": {"optimal_thrust": 3353.4879762240066, "impact_speed": 24.57281101187886, "time": 67.66006236586848}, "-41": {"optimal_thrust": 3352.2171804477794, "impact_speed": 25.13093842426819, "time": 67.77112231654809}, "-40": {"optimal_thrust": 3350.882148448442, "impact_speed": 25.702966359749272, "time": 67.88310136614669}, "-39": {"optimal_thrust": 3349.4839946670922, "impact_speed": 26.287731461483375, "time": 67.96337181385097}, "-38": {"optimal_thrust": 3348.283382437894, "impact_speed": 26.747840063590356, "time": 68.09320072486823}, "-37": {"optimal_thrust": 3347.742974360003, "impact_speed": 26.840869863061595, "time": 68.22219699104113}, "-36": {"optimal_thrust": 3347.1914480391856, "impact_speed": 26.9157322445784, "time": 68.35092266935952}, "-35": {"optimal_thrust": 3346.4364767352636, "impact_speed": 27.098967439829906, "time": 68.4800429833163}, "-34": {"optimal_thrust": 3345.4989368342854, "impact_speed": 27.39632565779116, "time": 68.60990868590008}, "-33": {"optimal_thrust": 3344.8157439024676, "impact_speed": 27.519648650190877, "time": 68.740730615316}, "-32": {"optimal_thrust": 3344.0698171531276, "impact_speed": 27.676401386756396, "time": 68.87265753599466}, "-31": {"optimal_thrust": 3343.3307441528427, "impact_speed": 27.820793987187106, "time": 69.0058004906422}, "-30": {"optimal_thrust": 3342.5997237651763, "impact_speed": 27.95179332378748, "time": 69.14023772325282}, "-29": {"optimal_thrust": 3341.875420270487, "impact_speed": 28.07075511737513, "time": 69.27602216848199}, "-28": {"optimal_thrust": 3341.1605986930517, "impact_speed": 28.175333090767218, "time": 69.4131867923571}, "-27": {"optimal_thrust": 3340.2434852824163, "impact_speed": 28.494907363511135, "time": 69.5517465930421}, "-26": {"optimal_thrust": 3339.5643809127077, "impact_speed": 28.580291995725435, "time": 69.69171043593136}, "-25": {"optimal_thrust": 3338.904902969964, "impact_speed": 28.64271183783259, "time": 69.8330707958974}, "-24": {"optimal_thrust": 3338.266301854489, "impact_speed": 28.67806898214607, "time": 69.9758144790372}, "-23": {"optimal_thrust": 3337.6479141288555, "impact_speed": 27.96119145797078, "time": 70.11992210370445}, "-22": {"optimal_thrust": 3337.049240588338, "impact_speed": 26.855241995169845, "time": 70.26536942375583}, "-21": {"optimal_thrust": 3336.4692994465568, "impact_speed": 25.85860306792312, "time": 70.41212834084864}, "-20": {"optimal_thrust": 3335.9077376313444, "impact_speed": 24.963863788525934, "time": 70.56016770757776}, "-19": {"optimal_thrust": 3335.3649994036928, "impact_speed": 24.167311607136497, "time": 70.70945394134644}, "-18": {"optimal_thrust": 3334.8412375325215, "impact_speed": 23.45474920523599, "time": 70.85995148363962}, "-17": {"optimal_thrust": 3334.337438712901,