{"-90": {"optimal_thrust": 3376.5132227101703, "impact_speed": 15.485118310719084, "time": 64.63108986229891}, "-89": {"optimal_thrust": 3377.6481565393756, "impact_speed": 14.695378183740917, "time": 64.63030253407645}, "-88": {"optimal_thrust": 3377.1615643659657, "impact_speed": 15.021269026223337, "time": 64.63407556589367}, "-87": {"optimal_thrust": 3380.209227452145, "impact_speed": 12.614651144123004, "time": 64.64243075784267}, "-86": {"optimal_thrust": 3382.9367134475274, "impact_speed": 10.02447097304803, "time": 64.6486872183501}, "-85": {"optimal_thrust": 3386.75014478144, "impact_speed": 4.426413884057222, "time": 64.65271299066865}, "-84": {"optimal_thrust": 3386.527059395988, "impact_speed": 4.9450737154108095, "time": 64.67469604541978}, "-83": {"optimal_thrust": 3382.3383233978852, "impact_speed": 10.689367631978953, "time": 64.69318219283866}, "-82": {"optimal_thrust": 3375.346693779098, "impact_speed": 16.25689478717387, "time": 64.71134405175636}, "-81": {"optimal_thrust": 3376.534330236129, "impact_speed": 15.453264092960687, "time": 64.73325820880726}, "-80": {"optimal_thrust": 3376.590420925001, "impact_speed": 15.413978467398653, "time": 64.75778688511531}, "-79": {"optimal_thrust": 3376.614086062312, "impact_speed": 15.3910442233139, "time": 64.78555684428324}, "-78": {"optimal_thrust": 3376.2458144342695, "impact_speed": 15.634259196614318, "time": 64.81690113335951}, "-77": {"optimal_thrust": 3375.869229443861, "impact_speed": 15.874987311507077, "time": 64.84881166032815}, "-76": {"optimal_thrust": 3375.5378641686075, "impact_speed": 16.078828692570838, "time": 64.88195948088024}, "-75": {"optimal_thrust": 3375.281393052527, "impact_speed": 16.228894744894475, "time": 64.91851810591194}, "-74": {"optimal_thrust": 3375.0740404581447, "impact_speed": 16.344758456084882, "time": 64.95796095947014}, "-73": {"optimal_thrust": 3374.8702719708576, "impact_speed": 16.457507572093782, "time": 65.00009577836065}, "-72": {"optimal_thrust": 3374.6365693081602, "impact_speed": 16.58909099625248, "time": 65.04482534858211}, "-71": {"optimal_thrust": 3372.9439842876673, "impact_speed": 17.616126285600934, "time": 65.0920891685367}, "-70": {"optimal_thrust": 3372.904139477511, "impact_speed": 17.622983154054687, "time": 65.141844866145}, "-69": {"optimal_thrust": 3372.8085211892203, "impact_speed": 17.66459068094416, "time": 65.19409090539664}, "-68": {"optimal_thrust": 3372.6581559383067, "impact_speed": 17.73965483280237, "time": 65.24881754128681}, "-67": {"optimal_thrust": 3372.456048388008, "impact_speed": 17.845487496840004, "time": 65.306014650587}, "-66": {"optimal_thrust": 3372.2027117960797, "impact_speed": 17.980764266478104, "time": 65.36567168160916}, "-65": {"optimal_thrust": 3371.901150825759, "impact_speed": 18.14256248459161, "time": 65.42778175622516}, "-64": {"optimal_thrust": 3371.5525792870744, "impact_speed": 18.328984052191313, "time": 65.49235460694584}, "-63": {"optimal_thrust": 3371.159365076416, "impact_speed": 18.53742164539965, "time": 65.55948491823241}, "-62": {"optimal_thrust": 3370.7231714761424, "impact_speed": 18.76569986459741, "time": 65.62914915158922}, "-61": {"optimal_thrust": 3370.245342193113, "impact_speed": 19.011860213374366, "time": 65.7013289088098}, "-60": {"optimal_thrust": 3369.727601980842, "impact_speed": 19.27376786318614, "time": 65.7760366146965}, "-59": {"optimal_thrust": 3369.171807846372, "impact_speed": 19.549275983788633, "time": 65.85331300232828}, "-58": {"optimal_thrust": 3368.579556879449, "impact_speed": 19.83646030549891, "time": 65.93306859840465}, "-57": {"optimal_thrust": 3367.952192779987, "impact_speed": 20.133615800658646, "time": 66.01400646418838}, "-56": {"optimal_thrust": 3367.29157034683, "impact_speed": 20.438823928663098, "time": 66.09645603267388}, "-55": {"optimal_thrust": 3366.5990354913906, "impact_speed": 20.750532496331555, "time": 66.18162422265063}, "-54": {"optimal_thrust": 3365.876500284001, "impact_speed": 21.066941376477118, "time": 66.2689597903363}, "-53": {"optimal_thrust": 3365.1246740294346, "impact_speed": 21.38700690816838, "time": 66.35939302257898}, "-52": {"optimal_thrust": 3364.3458426821385, "impact_speed": 21.708851516803765, "time": 66.45274813068536}, "-51": {"optimal_thrust": 3363.62154998926, "impact_speed": 21.981645107611566, "time": 66.5487142821298}, "-50": {"optimal_thrust": 3362.959348883398, "impact_speed": 22.18942776246946, "time": 66.6446441038426}, "-49": {"optimal_thrust": 3362.2160486482057, "impact_speed": 22.413790683445672, "time": 66.74345761521919}, "-48": {"optimal_thrust": 3361.3931141243365, "impact_speed": 22.65075254589861, "time": 66.8447592237561}, "-47": {"optimal_thrust": 3360.49145090257, "impact_speed": 22.895826326088162, "time": 66.94806248235413}, "-46": {"optimal_thrust": 3359.512045625081, "impact_speed": 23.16142344229116, "time": 67.05335533227664}, "-45": {"optimal_thrust": 3358.456688970631, "impact_speed": 23.65609101670445, "time": 67.16052169399354}, "-44": {"optimal_thrust": 3357.3270427405196, "impact_speed": 24.176423786409938, "time": 67.26935441973727}, "-43": {"optimal_thrust": 3356.1239255641626, "impact_speed": 24.716823922910944, "time": 67.37957543193794}, "-42": {"optimal_thrust": 3354.8493831618116, "impact_speed": 25.274845892381485, "time": 67.49085881111318}, "-41": {"optimal_thrust": 3353.504983994185, "impact_speed": 25.84889266608248, "time": 67.56404716227438}, "-40": {"optimal_thrust": 3352.0922297152515, "impact_speed": 26.437470600144476, "time": 67.69473262294974}, "-39": {"optimal_thrust": 3350.613460175438, "impact_speed": 27.038708153170294, "time": 67.82419630005174}, "-38": {"optimal_thrust": 3349.342966516024, "impact_speed": 27.51211892706704, "time": 67.95311202075081}, "-37": {"optimal_thrust": 3348.7715799024486, "impact_speed": 27.607619523156835, "time": 68.08222532886401}, "-36": {"optimal_thrust": 3348.092143143418, "impact_speed": 27.741249411797426, "time": 68.21203944046299}, "-35": {"optimal_thrust": 3347.389093994435, "impact_speed": 27.87324164876582, "time": 68.34280933051055}, "-34": {"optimal_thrust": 3346.39682028252, "impact_speed": 28.179359401181905, "time": 68.47471847998044}, "-33": {"optimal_thrust": 3345.674365782667, "impact_speed": 28.305986039597286, "time": 68.60790761916657}, "-32": {"optimal_thrust": 3344.8853033938963, "impact_speed": 28.467147232640304, "time": 68.74247011912853}, "-31": {"optimal_thrust": 3344.103816865115, "impact_speed": 28.61531440025382, "time": 68.8784730095646}, "-30": {"optimal_thrust": 3343.32959435889, "impact_speed": 28.75077736934006, "time": 69.01595886372374}, "-29": {"optimal_thrust": 3342.564163843041, "impact_speed": 28.87232370950966, "time": 69.1549516262113}, "-28": {"optimal_thrust": 3341.807386292793, "impact_speed": 28.980422023260285, "time": 69.29546061130138}, "-27": {"optimal_thrust": 3340.837318338484, "impact_speed": 29.308917010432882, "time": 69.43748153532643}, "-26": {"optimal_thrust": 3340.1187495648383, "impact_speed": 29.396843800604852, "time": 69.58100794884966}, "-25": {"optimal_thrust": 3339.4212179441733, "impact_speed": 29.460830980853313, "time": 69.7260196743145}, "-24": {"optimal_thrust": 3338.744964836272, "impact_speed": 29.498082283223678, "time": 69.87249340921764}, "-23": {"optimal_thrust": 3338.0912838910544, "impact_speed": 29.31794605781579, "time": 70.02040167296977}, "-22": {"optimal_thrust": 3337.4575583978985, "impact_speed": 28.09866799341251, "time": 70.1697136726349}, "-21": {"optimal_thrust": 3336.8440470503238, "impact_speed": 26.997638899516552, "time": 70.3203960681837}, "-20": {"optimal_thrust": 3336.250380716526, "impact_speed": 26.007209541273294, "time": 70.47241346577474}, "-19": {"optimal_thrust": 3335.675836835132, "impact_speed": 25.11625819813547, "time": 70.62572881719136}, "-18": {"optimal_thrust": 3335.1218462751813, "impact_speed": 24.325741793240848, "time": 70.78030374125018}, "-17": {"optimal_thrust": 3334.5885489249968,