{"-90": {"optimal_thrust": 3380.694028907935, "impact_speed": 14.824660234175635, "time": 64.39637044987666}, "-89": {"optimal_thrust": 3380.3319625928693, "impact_speed": 15.103638109648259, "time": 64.39590847934419}, "-88": {"optimal_thrust": 3379.8181237734025, "impact_speed": 15.438471365498664, "time": 64.39966076423133}, "-87": {"optimal_thrust": 3383.0371933830606, "impact_speed": 12.965204014000513, "time": 64.40876162768693}, "-86": {"optimal_thrust": 3385.9185625503487, "impact_speed": 10.302850744146692, "time": 64.41391079426263}, "-85": {"optimal_thrust": 3389.9467630360714, "impact_speed": 4.549264608652989, "time": 64.4216545758938}, "-84": {"optimal_thrust": 3389.7110160491084, "impact_speed": 5.0825471753308165, "time": 64.44147886225855}, "-83": {"optimal_thrust": 3385.286466773269, "impact_speed": 10.986221982974639, "time": 64.46072733216555}, "-82": {"optimal_thrust": 3377.9011759205655, "impact_speed": 16.7083263957814, "time": 64.47874171682042}, "-81": {"optimal_thrust": 3379.1553269695023, "impact_speed": 15.882622566676817, "time": 64.50119018614383}, "-80": {"optimal_thrust": 3379.2144885660528, "impact_speed": 15.842305711313678, "time": 64.52639654630451}, "-79": {"optimal_thrust": 3379.2395610263197, "impact_speed": 15.818684330006647, "time": 64.55502039701615}, "-78": {"optimal_thrust": 3378.85063152797, "impact_speed": 16.068596324222803, "time": 64.5872996710289}, "-77": {"optimal_thrust": 3378.4530688195773, "impact_speed": 16.315857301476726, "time": 64.6188571656679}, "-76": {"optimal_thrust": 3378.1027702131087, "impact_speed": 16.525535476635156, "time": 64.65312828200544}, "-75": {"optimal_thrust": 3377.83235727397, "impact_speed": 16.679447543099744, "time": 64.69071545741716}, "-74": {"optimal_thrust": 3377.612660118706, "impact_speed": 16.798952535999675, "time": 64.73114877548498}, "-73": {"optimal_thrust": 3377.3975073999463, "impact_speed": 16.914773680912965, "time": 64.77433050793513}, "-72": {"optimal_thrust": 3377.1506933922483, "impact_speed": 17.049978636072762, "time": 64.82014859921486}, "-71": {"optimal_thrust": 3375.362939658055, "impact_speed": 18.105438154694625, "time": 64.86852565092703}, "-70": {"optimal_thrust": 3375.3208544658423, "impact_speed": 18.112483049900685, "time": 64.91946742152156}, "-69": {"optimal_thrust": 3375.219610247002, "impact_speed": 18.155387665091485, "time": 64.9729601058484}, "-68": {"optimal_thrust": 3375.0613125004215, "impact_speed": 18.232220654942104, "time": 65.02899397030293}, "-67": {"optimal_thrust": 3374.8473736405595, "impact_speed": 18.3412561302751, "time": 65.08755888107594}, "-66": {"optimal_thrust": 3374.5799653606923, "impact_speed": 18.480174507039187, "time": 65.14864665834763}, "-65": {"optimal_thrust": 3374.2613280384357, "impact_speed": 18.646519920293454, "time": 65.21224705876611}, "-64": {"optimal_thrust": 3373.89305644529, "impact_speed": 18.838158039926604, "time": 65.27845113499852}, "-63": {"optimal_thrust": 3373.477970370975, "impact_speed": 19.052226404898814, "time": 65.34727591286912}, "-62": {"optimal_thrust": 3373.016834113011, "impact_speed": 19.287059229048868, "time": 65.41869439831429}, "-61": {"optimal_thrust": 3372.51220522191, "impact_speed": 19.539991561538724, "time": 65.49270891499332}, "-60": {"optimal_thrust": 3371.9651078251118, "impact_speed": 19.809283347001536, "time": 65.56935916709766}, "-59": {"optimal_thrust": 3371.378548973925, "impact_speed": 20.092141614513903, "time": 65.6486327602607}, "-58": {"optimal_thrust": 3370.7525286422483, "impact_speed": 20.387531316658052, "time": 65.72983685272419}, "-57": {"optimal_thrust": 3370.090245230568, "impact_speed": 20.692709860897562, "time": 65.81109107215629}, "-56": {"optimal_thrust": 3369.39233547013, "impact_speed": 21.006438366650464, "time": 65.89643020291079}, "-55": {"optimal_thrust": 3368.6606563139126, "impact_speed": 21.32688031240209, "time": 65.98345296249593}, "-54": {"optimal_thrust": 3367.8970625292327, "impact_speed": 21.6522781287779, "time": 66.07374952201002}, "-53": {"optimal_thrust": 3367.103087287547, "impact_speed": 21.981124050876772, "time": 66.16732995757837}, "-52": {"optimal_thrust": 3366.2802681794374, "impact_speed": 22.311976969263686, "time": 66.26281259528064}, "-51": {"optimal_thrust": 3365.5153307038154, "impact_speed": 22.592261755343944, "time": 66.35894598104714}, "-50": {"optimal_thrust": 3364.8160772171273, "impact_speed": 22.80565543148198, "time": 66.45806512218653}, "-49": {"optimal_thrust": 3364.0310713381405, "impact_speed": 23.0361011087256, "time": 66.55958099726314}, "-48": {"optimal_thrust": 3363.161230391603, "impact_speed": 23.280111544077723, "time": 66.66317976599628}, "-47": {"optimal_thrust": 3362.2090299931588, "impact_speed": 23.53167016567103, "time": 66.76881757985534}, "-46": {"optimal_thrust": 3361.1745727483217, "impact_speed": 23.801092470988515, "time": 66.87633242057913}, "-45": {"optimal_thrust": 3360.05988925223, "impact_speed": 24.31263058990931, "time": 66.985462338364}, "-44": {"optimal_thrust": 3358.866273010244, "impact_speed": 24.84801778773386, "time": 67.0958712927263}, "-43": {"optimal_thrust": 3357.595178937008, "impact_speed": 25.403596764194976, "time": 67.20717633358167}, "-42": {"optimal_thrust": 3356.24927206672, "impact_speed": 25.976789014103968, "time": 67.29016451948549}, "-41": {"optimal_thrust": 3354.829132599215, "impact_speed": 26.566806122615432, "time": 67.42041045459581}, "-40": {"optimal_thrust": 3353.3368459805365, "impact_speed": 27.171718744013855, "time": 67.54968827675482}, "-39": {"optimal_thrust": 3351.7743590174355, "impact_speed": 27.789887069485527, "time": 67.67874810763568}, "-38": {"optimal_thrust": 3350.432492612816, "impact_speed": 28.276348634385492, "time": 67.8083655369992}, "-37": {"optimal_thrust": 3349.828803737791, "impact_speed": 28.37456625223541, "time": 67.9388908027511}, "-36": {"optimal_thrust": 3349.212307371267, "impact_speed": 28.453781911122455, "time": 68.07055241925427}, "-35": {"optimal_thrust": 3348.368322104854, "impact_speed": 28.647657114507215, "time": 68.20351975104063}, "-34": {"optimal_thrust": 3347.320523083676, "impact_speed": 28.962043850597716, "time": 68.33791603233078}, "-33": {"optimal_thrust": 3346.557090969069, "impact_speed": 29.09237947632224, "time": 68.47383164171443}, "-32": {"optimal_thrust": 3345.723614841318, "impact_speed": 29.25800219953473, "time": 68.61131995023543}, "-31": {"optimal_thrust": 3344.8980129821307, "impact_speed": 29.41037122985446, "time": 68.7504158457106}, "-30": {"optimal_thrust": 3344.0805493615458, "impact_speed": 29.54928955730729, "time": 68.89113593140299}, "-29": {"optimal_thrust": 3343.2716989992064, "impact_speed": 29.674496319063884, "time": 69.03348323909864}, "-28": {"optimal_thrust": 3342.472580204311, "impact_speed": 29.785306967441052, "time": 69.17745035026871}, "-27": {"optimal_thrust": 3341.4477336577443, "impact_speed": 30.123073314368334, "time": 69.32301950396621}, "-26": {"optimal_thrust": 3340.6892481137975, "impact_speed": 30.212836559879182, "time": 69.47017389575532}, "-25": {"optimal_thrust": 3339.95223436383, "impact_speed": 30.27876402499738, "time": 69.61888481857208}, "-24": {"optimal_thrust": 3339.2379211881002, "impact_speed": 30.316945538067312, "time": 69.76912234123982}, "-23": {"optimal_thrust": 3338.546465745453, "impact_speed": 30.323553958413317, "time": 69.9208537229529}, "-22": {"optimal_thrust": 3337.8782778189743, "impact_speed": 29.390468944404613, "time": 70.07404404037891}, "-21": {"optimal_thrust": 3337.229774815111, "impact_speed": 28.178416269790315, "time": 70.22865659941685}, "-20": {"optimal_thrust": 3336.6025247846515, "impact_speed": 27.08545045896241, "time": 70.38465335948706}, "-19": {"optimal_thrust": 3335.9958903192583, "impact_speed": 26.10043873116457, "time": 70.54199510155709}, "-18": {"optimal_thrust": 3335.4102986047938, "impact_speed": 25.217113761506557, "time": 70.70064163396235}, "-17": {"optimal_thrust": 3334.84708592471,