{"-90": {"optimal_thrust": 3384.9361681668, "impact_speed": 14.1544647940675, "time": 64.16264414355946}, "-89": {"optimal_thrust": 3383.0893191950972, "impact_speed": 15.511881609124963, "time": 64.16252101848737}, "-88": {"optimal_thrust": 3382.5474667932726, "impact_speed": 15.855674395586886, "time": 64.16621231617037}, "-87": {"optimal_thrust": 3385.942674739545, "impact_speed": 13.315723652060234, "time": 64.17605197858975}, "-86": {"optimal_thrust": 3388.9819582574883, "impact_speed": 10.581382181423868, "time": 64.17964188071129}, "-85": {"optimal_thrust": 3393.2310700300472, "impact_speed": 4.671863177551607, "time": 64.1905720640182}, "-84": {"optimal_thrust": 3392.9820818239123, "impact_speed": 5.22027029475492, "time": 64.20915536792062}, "-83": {"optimal_thrust": 3388.315580118402, "impact_speed": 11.282888850827828, "time": 64.22949546925182}, "-82": {"optimal_thrust": 3380.525243581058, "impact_speed": 17.160012227295113, "time": 64.24710755993077}, "-81": {"optimal_thrust": 3381.8486602704643, "impact_speed": 16.311630987264724, "time": 64.27006465989611}, "-80": {"optimal_thrust": 3381.910956332829, "impact_speed": 16.270294447148967, "time": 64.29598559968213}, "-79": {"optimal_thrust": 3381.937242716768, "impact_speed": 16.246139710306405, "time": 64.32548572087144}, "-78": {"optimal_thrust": 3381.5268885214173, "impact_speed": 16.502883488232506, "time": 64.35815670801867}, "-77": {"optimal_thrust": 3381.1073877788767, "impact_speed": 16.756927672763915, "time": 64.38993644237664}, "-76": {"optimal_thrust": 3380.73835188821, "impact_speed": 16.971986699645804, "time": 64.42527368689254}, "-75": {"optimal_thrust": 3380.45252353885, "impact_speed": 17.13043370401854, "time": 64.46384022138956}, "-74": {"optimal_thrust": 3380.2214421521126, "impact_speed": 17.252765369045925, "time": 64.50525980554657}, "-73": {"optimal_thrust": 3379.9943919441234, "impact_speed": 17.37178578120087, "time": 64.54945903831141}, "-72": {"optimal_thrust": 3379.7340195102092, "impact_speed": 17.510668286401796, "time": 64.5963491818483}, "-71": {"optimal_thrust": 3377.8480898949306, "impact_speed": 18.59479519009461, "time": 64.64583013773901}, "-70": {"optimal_thrust": 3377.8037668717857, "impact_speed": 18.60199165328291, "time": 64.69794755009293}, "-69": {"optimal_thrust": 3377.697277608198, "impact_speed": 18.645882832093214, "time": 64.75267601219207}, "-68": {"optimal_thrust": 3377.5298360075913, "impact_speed": 18.725062773891192, "time": 64.81000580016635}, "-67": {"optimal_thrust": 3377.304063306399, "impact_speed": 18.837109711013063, "time": 64.8699268073906}, "-66": {"optimal_thrust": 3377.0222661357875, "impact_speed": 18.97963346301196, "time": 64.93243276306943}, "-65": {"optimal_thrust": 3376.6860392132917, "impact_speed": 19.150550176911814, "time": 64.99755411134696}, "-64": {"optimal_thrust": 3376.2980699914106, "impact_speed": 19.347098183473868, "time": 65.065381552743}, "-63": {"optimal_thrust": 3375.8597021963933, "impact_speed": 19.567256252962174, "time": 65.13588420243204}, "-62": {"optimal_thrust": 3375.373427233722, "impact_speed": 19.808366091520327, "time": 65.20905203440896}, "-61": {"optimal_thrust": 3374.841298134419, "impact_speed": 20.0680539772848, "time": 65.28491533654181}, "-60": {"optimal_thrust": 3374.2643327017176, "impact_speed": 20.344567185200425, "time": 65.36351091033846}, "-59": {"optimal_thrust": 3373.6454119690984, "impact_speed": 20.635194495426436, "time": 65.444497988296}, "-58": {"optimal_thrust": 3372.9851728240733, "impact_speed": 20.9385258008203, "time": 65.52483728662204}, "-57": {"optimal_thrust": 3372.2864325951414, "impact_speed": 21.25204604882858, "time": 65.61061729209793}, "-56": {"optimal_thrust": 3371.5504050922987, "impact_speed": 21.574190826766937, "time": 65.69673070329004}, "-55": {"optimal_thrust": 3370.778431696521, "impact_speed": 21.90340610479812, "time": 65.78674728532916}, "-54": {"optimal_thrust": 3369.9732022055805, "impact_speed": 22.237492387925627, "time": 65.88023098621319}, "-53": {"optimal_thrust": 3369.135798167947, "impact_speed": 22.575188653016163, "time": 65.9753805885217}, "-52": {"optimal_thrust": 3368.2682726146422, "impact_speed": 22.914776799536252, "time": 66.07148815809006}, "-51": {"optimal_thrust": 3367.460868928959, "impact_speed": 23.202951602609353, "time": 66.17069393882772}, "-50": {"optimal_thrust": 3366.7234315691026, "impact_speed": 23.422042157012903, "time": 66.2722846118685}, "-49": {"optimal_thrust": 3365.8954336152165, "impact_speed": 23.658708568822473, "time": 66.37603172882666}, "-48": {"optimal_thrust": 3364.97833995727, "impact_speed": 23.908920350684753, "time": 66.48186230597112}, "-47": {"optimal_thrust": 3363.973581839731, "impact_speed": 24.167668879135878, "time": 66.58957017431798}, "-46": {"optimal_thrust": 3362.8822026987436, "impact_speed": 24.448865653956766, "time": 66.69883981677268}, "-45": {"optimal_thrust": 3361.706739252879, "impact_speed": 24.96966925490507, "time": 66.80927819237223}, "-44": {"optimal_thrust": 3360.4477237846218, "impact_speed": 25.51955825860959, "time": 66.87962887786433}, "-43": {"optimal_thrust": 3359.1073348628456, "impact_speed": 26.089882205810465, "time": 67.01121495029604}, "-42": {"optimal_thrust": 3357.6871729076042, "impact_speed": 26.678968795858886, "time": 67.14118752344955}, "-41": {"optimal_thrust": 3356.1893055483565, "impact_speed": 27.284875611713026, "time": 67.270396492117}, "-40": {"optimal_thrust": 3354.6153489209146, "impact_speed": 27.906086683283704, "time": 67.3997627468269}, "-39": {"optimal_thrust": 3352.9672280375903, "impact_speed": 28.5409796478435, "time": 67.52989165267999}, "-38": {"optimal_thrust": 3351.551819658053, "impact_speed": 29.0406023324631, "time": 67.66109427106538}, "-37": {"optimal_thrust": 3350.915032712476, "impact_speed": 29.141490007566755, "time": 67.79359912168343}, "-36": {"optimal_thrust": 3350.264747133651, "impact_speed": 29.222859660840733, "time": 67.92755990524122}, "-35": {"optimal_thrust": 3349.3746278223275, "impact_speed": 29.421914395699023, "time": 68.063088211319}, "-34": {"optimal_thrust": 3348.2697920600594, "impact_speed": 29.744566494499285, "time": 68.2002615079117}, "-33": {"optimal_thrust": 3347.464496433422, "impact_speed": 29.878435092947942, "time": 68.33913373115418}, "-32": {"optimal_thrust": 3346.5851118868145, "impact_speed": 30.04869637295728, "time": 68.47972870342284}, "-31": {"optimal_thrust": 3345.714334701446, "impact_speed": 30.205135177596738, "time": 68.62205790024947}, "-30": {"optimal_thrust": 3344.85200551974, "impact_speed": 30.34786744581606, "time": 68.76611930605723}, "-29": {"optimal_thrust": 3343.9988813217287, "impact_speed": 30.476416355957426, "time": 68.91190127101416}, "-28": {"optimal_thrust": 3343.155639858275, "impact_speed": 30.590572392172138, "time": 69.05938485426589}, "-27": {"optimal_thrust": 3342.074943251596, "impact_speed": 30.93716145588416, "time": 69.20854319588997}, "-26": {"optimal_thrust": 3341.274642353237, "impact_speed": 31.029623524058604, "time": 69.35935273104974}, "-25": {"optimal_thrust": 3340.497165820473, "impact_speed": 31.09746260492373, "time": 69.51177920784947}, "-24": {"optimal_thrust": 3339.743884666423, "impact_speed": 31.136501545672484, "time": 69.66578847817854}, "-23": {"optimal_thrust": 3339.015053533102, "impact_speed": 31.142514664075577, "time": 69.82134451431077}, "-22": {"optimal_thrust": 3338.309159335486, "impact_speed": 30.719490094245366, "time": 69.97840979237999}, "-21": {"optimal_thrust": 3337.6256593089456, "impact_speed": 29.396615620119633, "time": 70.13694559727396}, "-20": {"optimal_thrust": 3336.963978811088, "impact_speed": 28.19736339010333, "time": 70.29691220761708}, "-19": {"optimal_thrust": 3336.3241468886995, "impact_speed": 27.11349163791263, "time": 70.4582690363047}, "-18": {"optimal_thrust": 3335.7064466140973, "impact_speed": 26.136716713071582, "time": 70.62097471727824}, "-17": {"optimal_thrust": 3335.112967148683,