{"-90": {"optimal_thrust": 3389.23746904416, "impact_speed": 13.474811505520943, "time": 63.929903419570415}, "-89": {"optimal_thrust": 3385.9202898312396, "impact_speed": 15.920067127451864, "time": 63.93013418389039}, "-88": {"optimal_thrust": 3385.3490800463715, "impact_speed": 16.27321245287242, "time": 63.933728708422834}, "-87": {"optimal_thrust": 3388.925867568616, "impact_speed": 13.66606014744839, "time": 63.941287637497446}, "-86": {"optimal_thrust": 3392.126900568946, "impact_speed": 10.86005361530264, "time": 63.9454524080168}, "-85": {"optimal_thrust": 3396.602678886416, "impact_speed": 4.795101083600991, "time": 63.9598372150498}, "-84": {"optimal_thrust": 3396.340449468496, "impact_speed": 5.357836927835577, "time": 63.97772739726001}, "-83": {"optimal_thrust": 3391.424959629759, "impact_speed": 11.58003548444437, "time": 63.997334348051616}, "-82": {"optimal_thrust": 3383.21953713365, "impact_speed": 17.61154247826214, "time": 64.01641745437398}, "-81": {"optimal_thrust": 3384.613499670521, "impact_speed": 16.740848279033152, "time": 64.03987933960109}, "-80": {"optimal_thrust": 3384.678866721613, "impact_speed": 16.698584873195195, "time": 64.06654775333955}, "-79": {"optimal_thrust": 3384.706943764068, "impact_speed": 16.673544897475796, "time": 64.09696859069253}, "-78": {"optimal_thrust": 3384.2746516150205, "impact_speed": 16.937082750930607, "time": 64.12945999406439}, "-77": {"optimal_thrust": 3383.8327658924554, "impact_speed": 17.19782343124164, "time": 64.16203633454097}, "-76": {"optimal_thrust": 3383.443966196314, "impact_speed": 17.418595190766048, "time": 64.19837775916234}, "-75": {"optimal_thrust": 3383.142852176575, "impact_speed": 17.581238808888347, "time": 64.2378807368796}, "-74": {"optimal_thrust": 3382.8990428321144, "impact_speed": 17.707033418415328, "time": 64.28028384794521}, "-73": {"optimal_thrust": 3382.6600951348964, "impact_speed": 17.8290591899665, "time": 64.32548291538383}, "-72": {"optimal_thrust": 3382.386164274765, "impact_speed": 17.971402529799317, "time": 64.37341559335707}, "-71": {"optimal_thrust": 3380.399437513215, "impact_speed": 19.084192516734177, "time": 64.42400139002908}, "-70": {"optimal_thrust": 3380.3529403331363, "impact_speed": 19.091472761839228, "time": 64.47728404667146}, "-69": {"optimal_thrust": 3380.240758953728, "impact_speed": 19.1365265353001, "time": 64.53323744750419}, "-68": {"optimal_thrust": 3380.0645543169685, "impact_speed": 19.217697670319257, "time": 64.59185190387427}, "-67": {"optimal_thrust": 3379.826437088245, "impact_speed": 19.33286362082049, "time": 64.65312004390292}, "-66": {"optimal_thrust": 3379.5297377651673, "impact_speed": 19.479068782497677, "time": 64.71703559020442}, "-65": {"optimal_thrust": 3379.1754742238113, "impact_speed": 19.65454284605111, "time": 64.78370641854903}, "-64": {"optimal_thrust": 3378.766527279127, "impact_speed": 19.856421835364944, "time": 64.85313857417722}, "-63": {"optimal_thrust": 3378.3048777634076, "impact_speed": 20.082321088812687, "time": 64.92530872354051}, "-62": {"optimal_thrust": 3377.792829674552, "impact_speed": 20.329689994943674, "time": 65.00023178021897}, "-61": {"optimal_thrust": 3377.2322399965665, "impact_speed": 20.596257137626353, "time": 65.07796096440656}, "-60": {"optimal_thrust": 3376.624573619421, "impact_speed": 20.880011571708838, "time": 65.15836762941916}, "-59": {"optimal_thrust": 3375.9727140426317, "impact_speed": 21.17825242513814, "time": 65.23814595755776}, "-58": {"optimal_thrust": 3375.277491734693, "impact_speed": 21.48944842935827, "time": 65.32371807905132}, "-57": {"optimal_thrust": 3374.541398101086, "impact_speed": 21.811268677815313, "time": 65.4090344982072}, "-56": {"optimal_thrust": 3373.7659729150787, "impact_speed": 22.14196934101061, "time": 65.49862977834891}, "-55": {"optimal_thrust": 3372.953194324397, "impact_speed": 22.47965979812669, "time": 65.5916368864579}, "-54": {"optimal_thrust": 3372.1049193130457, "impact_speed": 22.822593577469593, "time": 65.6866267261236}, "-53": {"optimal_thrust": 3371.2224916072746, "impact_speed": 23.16937256486221, "time": 65.782502984283}, "-52": {"optimal_thrust": 3370.3089158703215, "impact_speed": 23.517785288676485, "time": 65.88159842463672}, "-51": {"optimal_thrust": 3369.4584666642263, "impact_speed": 23.81353835093073, "time": 65.98312117282326}, "-50": {"optimal_thrust": 3368.6816977519698, "impact_speed": 24.0383979293653, "time": 66.08687119704965}, "-49": {"optimal_thrust": 3367.8093105514217, "impact_speed": 24.281462690411008, "time": 66.19274998520282}, "-48": {"optimal_thrust": 3366.8435453182765, "impact_speed": 24.5380862651484, "time": 66.30051084538594}, "-47": {"optimal_thrust": 3365.7849131744597, "impact_speed": 24.804147581844664, "time": 66.40978709265232}, "-46": {"optimal_thrust": 3364.6356918860806, "impact_speed": 25.091122931588774, "time": 66.52013004276081}, "-45": {"optimal_thrust": 3363.3973683987456, "impact_speed": 25.626945828302397, "time": 66.59659587435831}, "-44": {"optimal_thrust": 3362.071013056407, "impact_speed": 26.191444050976116, "time": 66.72787874561111}, "-43": {"optimal_thrust": 3360.6591206969647, "impact_speed": 26.776724294104444, "time": 66.85769168936118}, "-42": {"optimal_thrust": 3359.163473894921, "impact_speed": 27.38110856643555, "time": 66.98694800503681}, "-41": {"optimal_thrust": 3357.585607963423, "impact_speed": 28.003027298032446, "time": 67.11663921057946}, "-40": {"optimal_thrust": 3355.927983586862, "impact_speed": 28.640434213514833, "time": 67.247249245992}, "-39": {"optimal_thrust": 3354.192052546931, "impact_speed": 29.29199979817311, "time": 67.37907796192434}, "-38": {"optimal_thrust": 3352.701000734923, "impact_speed": 29.80485278010317, "time": 67.5123445369756}, "-37": {"optimal_thrust": 3352.0304836345617, "impact_speed": 29.90828089371818, "time": 67.6472084987112}, "-36": {"optimal_thrust": 3351.3452295064926, "impact_speed": 29.99194871364871, "time": 67.7837690927874}, "-35": {"optimal_thrust": 3350.408255522315, "impact_speed": 30.195878583600035, "time": 67.92209488164502}, "-34": {"optimal_thrust": 3349.2437960371135, "impact_speed": 30.527451359005624, "time": 68.06222914428864}, "-33": {"optimal_thrust": 3348.3958745582795, "impact_speed": 30.664644255058683, "time": 68.20419897144372}, "-32": {"optimal_thrust": 3347.4695273568905, "impact_speed": 30.839430865955073, "time": 68.34800664889683}, "-31": {"optimal_thrust": 3346.5522130445015, "impact_speed": 31.000064099032194, "time": 68.49364699848816}, "-30": {"optimal_thrust": 3345.6439230482456, "impact_speed": 31.14653924014523, "time": 68.64110504898555}, "-29": {"optimal_thrust": 3344.7450786004733, "impact_speed": 31.27868564967407, "time": 68.7903591590475}, "-28": {"optimal_thrust": 3343.8569601587205, "impact_speed": 31.39578443502298, "time": 68.94138273784603}, "-27": {"optimal_thrust": 3342.7188744111604, "impact_speed": 31.75125459280541, "time": 69.0941429612572}, "-26": {"optimal_thrust": 3341.875835996381, "impact_speed": 31.84620958326891, "time": 69.24861206108417}, "-25": {"optimal_thrust": 3341.0572328626017, "impact_speed": 31.91545100901425, "time": 69.404752279466}, "-24": {"optimal_thrust": 3340.2638361322947, "impact_speed": 31.955395089979387, "time": 69.56252686998214}, "-23": {"optimal_thrust": 3339.495532860978, "impact_speed": 31.962426894205684, "time": 69.72189779937}, "-22": {"optimal_thrust": 3338.752044505259, "impact_speed": 31.932154128495583, "time": 69.88282598504533}, "-21": {"optimal_thrust": 3338.0322033474613, "impact_speed": 30.655007174079827, "time": 70.04527144291579}, "-20": {"optimal_thrust": 3337.3352091711577, "impact_speed": 29.34544947984898, "time": 70.20919340089634}, "-19": {"optimal_thrust": 3336.6613639379952, "impact_speed": 28.159455916818363, "time": 70.37456822385272}, "-18": {"optimal_thrust": 3336.010757438923, "impact_speed": 27.08672284313253, "time": 70.54138410438374}, "-17": {"optimal_thrust": 3335.38563527947,