{"-90": {"optimal_thrust": 3393.595887125904, "impact_speed": 12.785908576558196, "time": 63.69814248938631}, "-89": {"optimal_thrust": 3388.824557164589, "impact_speed": 16.32840769387915, "time": 63.69874539969006}, "-88": {"optimal_thrust": 3388.223993007502, "impact_speed": 16.69040662703102, "time": 63.702208412893064}, "-87": {"optimal_thrust": 3391.9865758232563, "impact_speed": 14.016375892023426, "time": 63.7106396324563}, "-86": {"optimal_thrust": 3395.35370669546, "impact_speed": 11.138549596201242, "time": 63.71080226705918}, "-85": {"optimal_thrust": 3400.061910125917, "impact_speed": 4.918225917315645, "time": 63.72968563819191}, "-84": {"optimal_thrust": 3399.7865060420913, "impact_speed": 5.494501248960965, "time": 63.74733972066797}, "-83": {"optimal_thrust": 3394.6154388671102, "impact_speed": 11.87687204712382, "time": 63.76616954129598}, "-82": {"optimal_thrust": 3385.983416363035, "impact_speed": 18.06330921422941, "time": 63.78667479635575}, "-81": {"optimal_thrust": 3387.4498451696713, "impact_speed": 17.170258778107605, "time": 63.810650800527604}, "-80": {"optimal_thrust": 3387.519047394622, "impact_speed": 17.126636757385267, "time": 63.83808006949075}, "-79": {"optimal_thrust": 3387.5484681211997, "impact_speed": 17.10102640621004, "time": 63.86946096557212}, "-78": {"optimal_thrust": 3387.093407551014, "impact_speed": 17.37151653840357, "time": 63.901552139302545}, "-77": {"optimal_thrust": 3386.628753365165, "impact_speed": 17.63882976039699, "time": 63.935132252665944}, "-76": {"optimal_thrust": 3386.2198063099313, "impact_speed": 17.86523398981363, "time": 63.97242730846448}, "-75": {"optimal_thrust": 3385.9032134837767, "impact_speed": 18.031952957139406, "time": 64.01283889004391}, "-74": {"optimal_thrust": 3385.646805884961, "impact_speed": 18.160935585384554, "time": 64.05620136211593}, "-73": {"optimal_thrust": 3385.39513023002, "impact_speed": 18.286275561238806, "time": 64.10239919331387}, "-72": {"optimal_thrust": 3385.106680759996, "impact_speed": 18.432436429264662, "time": 64.15135742932131}, "-71": {"optimal_thrust": 3383.0174295833517, "impact_speed": 19.573384356012944, "time": 64.2030381507854}, "-70": {"optimal_thrust": 3382.968374736465, "impact_speed": 19.58092849926129, "time": 64.2574756846169}, "-69": {"optimal_thrust": 3382.8499879852284, "impact_speed": 19.62734375972881, "time": 64.31464322032662}, "-68": {"optimal_thrust": 3382.6649567821396, "impact_speed": 19.710418896754152, "time": 64.37453112251761}, "-67": {"optimal_thrust": 3382.4146248534485, "impact_speed": 19.828454804255802, "time": 64.43713359640155}, "-66": {"optimal_thrust": 3382.102063149662, "impact_speed": 19.978653784119334, "time": 64.502490380972}, "-65": {"optimal_thrust": 3381.729443050733, "impact_speed": 20.158603011339515, "time": 64.57069598183219}, "-64": {"optimal_thrust": 3381.2994548239517, "impact_speed": 20.36555122067855, "time": 64.6417182465713}, "-63": {"optimal_thrust": 3380.814206376792, "impact_speed": 20.597041589985462, "time": 64.71555375336355}, "-62": {"optimal_thrust": 3380.2753586462413, "impact_speed": 20.85086245676522, "time": 64.79224759713483}, "-61": {"optimal_thrust": 3379.6852818740613, "impact_speed": 21.124459154753975, "time": 64.87180928422038}, "-60": {"optimal_thrust": 3379.046663512751, "impact_speed": 21.415171977734072, "time": 64.9514849624408}, "-59": {"optimal_thrust": 3378.360521426298, "impact_speed": 21.72128086564735, "time": 65.0361739091259}, "-58": {"optimal_thrust": 3377.6294192551777, "impact_speed": 22.0403385021083, "time": 65.12060233859548}, "-57": {"optimal_thrust": 3376.854694700086, "impact_speed": 22.37061466886539, "time": 65.20961582066633}, "-56": {"optimal_thrust": 3376.0393584944836, "impact_speed": 22.709608932594165, "time": 65.30185501660208}, "-55": {"optimal_thrust": 3375.184113825806, "impact_speed": 23.056086093231933, "time": 65.3967982480063}, "-54": {"optimal_thrust": 3374.291962812317, "impact_speed": 23.407719169203713, "time": 65.49222806231235}, "-53": {"optimal_thrust": 3373.3639320092248, "impact_speed": 23.763269880433974, "time": 65.59102620205789}, "-52": {"optimal_thrust": 3372.402131893879, "impact_speed": 24.121021673288563, "time": 65.69233984023344}, "-51": {"optimal_thrust": 3371.5078728290123, "impact_speed": 24.42416807720579, "time": 65.79594842475103}, "-50": {"optimal_thrust": 3370.690745836723, "impact_speed": 24.654803866909447, "time": 65.90173867298383}, "-49": {"optimal_thrust": 3369.7732688500255, "impact_speed": 24.903949951910345, "time": 66.00942736307762}, "-48": {"optimal_thrust": 3368.757105072128, "impact_speed": 25.167339538686267, "time": 66.11860016908334}, "-47": {"optimal_thrust": 3367.6435959631026, "impact_speed": 25.4400973934372, "time": 66.2287545244302}, "-46": {"optimal_thrust": 3366.4345985565046, "impact_speed": 25.73529340966824, "time": 66.30959452218545}, "-45": {"optimal_thrust": 3365.1317098714208, "impact_speed": 26.284554096353684, "time": 66.4407095479615}, "-44": {"optimal_thrust": 3363.736815156072, "impact_speed": 26.862969934262424, "time": 66.57044033089589}, "-43": {"optimal_thrust": 3362.2516191636296, "impact_speed": 27.463246337351627, "time": 66.69980780940267}, "-42": {"optimal_thrust": 3360.6784316161093, "impact_speed": 28.083044776847704, "time": 66.82979123375011}, "-41": {"optimal_thrust": 3359.0183946018556, "impact_speed": 28.72105158741516, "time": 66.9608240625613}, "-40": {"optimal_thrust": 3357.2745431288477, "impact_speed": 29.37487067268146, "time": 67.09320401816355}, "-39": {"optimal_thrust": 3355.448953577792, "impact_speed": 30.042894562996583, "time": 67.2271442836004}, "-38": {"optimal_thrust": 3353.8802085649827, "impact_speed": 30.56901965504406, "time": 67.36279820695634}, "-37": {"optimal_thrust": 3353.174918937156, "impact_speed": 30.675068169642387, "time": 67.50027391547759}, "-36": {"optimal_thrust": 3352.4540420373028, "impact_speed": 30.760889177283374, "time": 67.6396294604452}, "-35": {"optimal_thrust": 3351.4680921039644, "impact_speed": 30.970224812564663, "time": 67.78090107966905}, "-34": {"optimal_thrust": 3350.2432908433047, "impact_speed": 31.31021770376782, "time": 67.92410681905386}, "-33": {"optimal_thrust": 3349.351394747004, "impact_speed": 31.45088682481466, "time": 68.0692543919724}, "-32": {"optimal_thrust": 3348.3769864406195, "impact_speed": 31.63011642377809, "time": 68.21633080954312}, "-31": {"optimal_thrust": 3347.412208634457, "impact_speed": 31.794727400956727, "time": 68.3653194112791}, "-30": {"optimal_thrust": 3346.4565546419653, "impact_speed": 31.94509197403865, "time": 68.51619649855252}, "-29": {"optimal_thrust": 3345.511313612826, "impact_speed": 32.08035938643675, "time": 68.66893388111151}, "-28": {"optimal_thrust": 3344.5771462554985, "impact_speed": 32.20034277062211, "time": 68.82350005989882}, "-27": {"optimal_thrust": 3343.3795051952243, "impact_speed": 32.56537233471234, "time": 68.97985843259424}, "-26": {"optimal_thrust": 3342.492729600072, "impact_speed": 32.66271002943396, "time": 69.13797877424085}, "-25": {"optimal_thrust": 3341.631128149077, "impact_speed": 32.73426213268989, "time": 69.29782115387363}, "-24": {"optimal_thrust": 3340.796642538493, "impact_speed": 32.775142381494504, "time": 69.45934729360653}, "-23": {"optimal_thrust": 3339.988887383193, "impact_speed": 32.7817326004109, "time": 69.62251796407828}, "-22": {"optimal_thrust": 3339.2066106107113, "impact_speed": 32.75094672284312, "time": 69.78729799095204}, "-21": {"optimal_thrust": 3338.449769835727, "impact_speed": 31.955617310474512, "time": 69.95369169236116}, "-20": {"optimal_thrust": 3337.7162539228157, "impact_speed": 30.52995319049517, "time": 70.12166033207865}, "-19": {"optimal_thrust": 3337.007093037852, "impact_speed": 29.23563765977055, "time": 70.29115011781423}, "-18": {"optimal_thrust": 3336.322889708321, "impact_speed": 28.064610118680097, "time": 70.46210646415966}, "-17": {"optimal_thrust": 3335.665185358314,