{"-90": {"optimal_thrust": 3398.0085389125156, "impact_speed": 12.088732709364269, "time": 63.4673567030676}, "-89": {"optimal_thrust": 3391.802441519811, "impact_speed": 16.736686455365202, "time": 63.468355888601174}, "-88": {"optimal_thrust": 3391.171623037831, "impact_speed": 17.107643068180924, "time": 63.47164985999478}, "-87": {"optimal_thrust": 3395.124482292728, "impact_speed": 14.366907070994108, "time": 63.478890693944074}, "-86": {"optimal_thrust": 3398.6621259591875, "impact_speed": 11.41711807225507, "time": 63.44033487984759}, "-85": {"optimal_thrust": 3403.6086972962116, "impact_speed": 5.041388439652718, "time": 63.500262785772975}, "-84": {"optimal_thrust": 3403.319417627832, "impact_speed": 5.631921669619688, "time": 63.5180218344278}, "-83": {"optimal_thrust": 3397.8870179724217, "impact_speed": 12.173421095917831, "time": 63.53653483363925}, "-82": {"optimal_thrust": 3388.8175213226027, "impact_speed": 18.51492410678106, "time": 63.55787740578079}, "-81": {"optimal_thrust": 3390.358397599124, "impact_speed": 17.599421292974515, "time": 63.582401413033416}, "-80": {"optimal_thrust": 3390.430734167786, "impact_speed": 17.554933805120054, "time": 63.61058335306849}, "-79": {"optimal_thrust": 3390.46188219943, "impact_speed": 17.52853808477042, "time": 63.64285266018483}, "-78": {"optimal_thrust": 3389.9836031829905, "impact_speed": 17.805899424714347, "time": 63.67461826178821}, "-77": {"optimal_thrust": 3389.495667283331, "impact_speed": 18.079751437844884, "time": 63.70920355177801}, "-76": {"optimal_thrust": 3389.0660626578506, "impact_speed": 18.31179011759074, "time": 63.74741151994381}, "-75": {"optimal_thrust": 3388.733353651413, "impact_speed": 18.482728888744596, "time": 63.78871471259581}, "-74": {"optimal_thrust": 3388.46377117677, "impact_speed": 18.615047231599927, "time": 63.83301572296755}, "-73": {"optimal_thrust": 3388.1994972294947, "impact_speed": 18.743439069044847, "time": 63.880197814159644}, "-72": {"optimal_thrust": 3387.896909743663, "impact_speed": 18.892991745865732, "time": 63.930173385225004}, "-71": {"optimal_thrust": 3385.70110593048, "impact_speed": 20.062894397136116, "time": 63.98293912917316}, "-70": {"optimal_thrust": 3385.6498105481983, "impact_speed": 20.07049856584454, "time": 64.03852121365426}, "-69": {"optimal_thrust": 3385.5257980192764, "impact_speed": 20.117878827883224, "time": 64.09689212541883}, "-68": {"optimal_thrust": 3385.3307263080706, "impact_speed": 20.203388562066362, "time": 64.15804475294809}, "-67": {"optimal_thrust": 3385.0681133442536, "impact_speed": 20.324167120805978, "time": 64.22197344795693}, "-66": {"optimal_thrust": 3384.739752732238, "impact_speed": 20.47810810888519, "time": 64.28879391693113}, "-65": {"optimal_thrust": 3384.348331909951, "impact_speed": 20.662522950464258, "time": 64.35851693427631}, "-64": {"optimal_thrust": 3383.8968526258855, "impact_speed": 20.87450055390822, "time": 64.43112046994385}, "-63": {"optimal_thrust": 3383.3865317803393, "impact_speed": 21.112042041808667, "time": 64.50662871708501}, "-62": {"optimal_thrust": 3382.8205671889605, "impact_speed": 21.372124408295825, "time": 64.58510204759277}, "-61": {"optimal_thrust": 3382.2006861026534, "impact_speed": 21.652526233825323, "time": 64.66526239371734}, "-60": {"optimal_thrust": 3381.529575973956, "impact_speed": 21.950589130483575, "time": 64.7484762003018}, "-59": {"optimal_thrust": 3380.8085142610553, "impact_speed": 22.264442919398665, "time": 64.83174540806317}, "-58": {"optimal_thrust": 3380.040442127772, "impact_speed": 22.59145522614051, "time": 64.91995695217607}, "-57": {"optimal_thrust": 3379.226833068597, "impact_speed": 22.929820446859328, "time": 65.01125793859265}, "-56": {"optimal_thrust": 3378.3697314631645, "impact_speed": 23.27753304938816, "time": 65.10618494560163}, "-55": {"optimal_thrust": 3377.471504904522, "impact_speed": 23.632515478970234, "time": 65.20090984438788}, "-54": {"optimal_thrust": 3376.533816978373, "impact_speed": 23.993125913009024, "time": 65.29921945959367}, "-53": {"optimal_thrust": 3375.558971694566, "impact_speed": 24.3574830300048, "time": 65.40018498364438}, "-52": {"optimal_thrust": 3374.5489472008285, "impact_speed": 24.72394036597193, "time": 65.50351167543786}, "-51": {"optimal_thrust": 3373.6094684519776, "impact_speed": 25.034632811161632, "time": 65.60908119238057}, "-50": {"optimal_thrust": 3372.7506396649082, "impact_speed": 25.27121852505597, "time": 65.71658473989282}, "-49": {"optimal_thrust": 3371.7866653405213, "impact_speed": 25.526635571067363, "time": 65.82556349846347}, "-48": {"optimal_thrust": 3370.7192064158285, "impact_speed": 25.796502092185865, "time": 65.93546334540011}, "-47": {"optimal_thrust": 3369.549223305274, "impact_speed": 26.076231958377146, "time": 66.01910856113068}, "-46": {"optimal_thrust": 3368.279209670604, "impact_speed": 26.37704012279117, "time": 66.15016723603384}, "-45": {"optimal_thrust": 3366.9106369669353, "impact_speed": 26.941037556201497, "time": 66.27986997844611}, "-44": {"optimal_thrust": 3365.4447211134157, "impact_speed": 27.534564170498363, "time": 66.40936013461138}, "-43": {"optimal_thrust": 3363.8845851080237, "impact_speed": 28.149656181998335, "time": 66.53958270138826}, "-42": {"optimal_thrust": 3362.2315814773924, "impact_speed": 28.785086539582412, "time": 66.6709623464555}, "-41": {"optimal_thrust": 3360.4877798138236, "impact_speed": 29.438893825977274, "time": 66.80380023472968}, "-40": {"optimal_thrust": 3358.6552934047213, "impact_speed": 30.10925437175034, "time": 66.93831041125074}, "-39": {"optimal_thrust": 3356.7372680409176, "impact_speed": 30.793985189808687, "time": 67.07464205311295}, "-38": {"optimal_thrust": 3355.0889924719595, "impact_speed": 31.33331416356139, "time": 67.21289857147055}, "-37": {"optimal_thrust": 3354.347636213066, "impact_speed": 31.442196223171994, "time": 67.35314903110995}, "-36": {"optimal_thrust": 3353.5908836478143, "impact_speed": 31.52985439074221, "time": 67.49542041684168}, "-35": {"optimal_thrust": 3352.554735750328, "impact_speed": 31.74458267856878, "time": 67.63972507173123}, "-34": {"optimal_thrust": 3351.507993669415, "impact_speed": 31.955641223752966, "time": 67.78606509883684}, "-33": {"optimal_thrust": 3350.3307922880945, "impact_speed": 32.23732597343634, "time": 67.93442793557453}, "-32": {"optimal_thrust": 3349.3073184940304, "impact_speed": 32.42087130334812, "time": 68.08479679833019}, "-31": {"optimal_thrust": 3348.293672499366, "impact_speed": 32.58961685010171, "time": 68.23714513439741}, "-30": {"optimal_thrust": 3347.2897215225917, "impact_speed": 32.74367649285247, "time": 68.39144359049334}, "-29": {"optimal_thrust": 3346.296124091231, "impact_speed": 32.882762466734576, "time": 68.54765983465767}, "-28": {"optimal_thrust": 3345.3150864366985, "impact_speed": 33.00537844617962, "time": 68.70575937551187}, "-27": {"optimal_thrust": 3344.05678111688, "impact_speed": 33.37956129647683, "time": 68.86570328964031}, "-26": {"optimal_thrust": 3343.1249256946917, "impact_speed": 33.479521873407926, "time": 69.02746002353065}, "-25": {"optimal_thrust": 3342.220273646685, "impact_speed": 33.55226570730352, "time": 69.19098834916159}, "-24": {"optimal_thrust": 3341.343208398946, "impact_speed": 33.59453873620913, "time": 69.3562651455765}, "-23": {"optimal_thrust": 3340.494553242689, "impact_speed": 33.60130759712125, "time": 69.52329948568875}, "-22": {"optimal_thrust": 3339.6727079108027, "impact_speed": 33.569697986822305, "time": 69.69204246960018}, "-21": {"optimal_thrust": 3338.8772672654645, "impact_speed": 33.293107311172214, "time": 69.86243833653434}, "-20": {"optimal_thrust": 3338.1072750479348, "impact_speed": 31.75184876827162, "time": 70.03443120523384}, "-19": {"optimal_thrust": 3337.361887918473, "impact_speed": 30.34510452968589, "time": 70.20796661550139}, "-18": {"optimal_thrust": 3336.6432939575952, "impact_speed": 29.072714638152032, "time": 70.38299239360019},