{"-90": {"optimal_thrust": 3402.4733167986747, "impact_speed": 11.383745171147549, "time": 63.23754219420523}, "-89": {"optimal_thrust": 3394.8539397829827, "impact_speed": 17.14490977745366, "time": 63.238970874967606}, "-88": {"optimal_thrust": 3394.191973224559, "impact_speed": 17.52491689026577, "time": 63.2420514563678}, "-87": {"optimal_thrust": 3398.3399041877688, "impact_speed": 14.71740921641922, "time": 63.24940519710657}, "-86": {"optimal_thrust": 3402.0524720191984, "impact_speed": 11.695466693367306, "time": 63.22537891653082}, "-85": {"optimal_thrust": 3407.2433031044907, "impact_speed": 5.16403611595444, "time": 63.2716555265267}, "-84": {"optimal_thrust": 3406.9395012792515, "impact_speed": 5.769453172980053, "time": 63.2897018024689}, "-83": {"optimal_thrust": 3401.2388629600227, "impact_speed": 12.470421503419415, "time": 63.30810567895011}, "-82": {"optimal_thrust": 3391.72172538279, "impact_speed": 18.96646965900353, "time": 63.330023065632226}, "-81": {"optimal_thrust": 3393.3385193552267, "impact_speed": 18.028732812245615, "time": 63.355124017448006}, "-80": {"optimal_thrust": 3393.414757509611, "impact_speed": 17.98296387572372, "time": 63.38406243919337}, "-79": {"optimal_thrust": 3393.4471828119786, "impact_speed": 17.956079678564954, "time": 63.41688600983463}, "-78": {"optimal_thrust": 3392.9456884861024, "impact_speed": 18.239971340899963, "time": 63.4486931954301}, "-77": {"optimal_thrust": 3392.4333231865094, "impact_speed": 18.520700779505894, "time": 63.48423452179151}, "-76": {"optimal_thrust": 3391.9822274337694, "impact_speed": 18.75855780862393, "time": 63.52331402488444}, "-75": {"optimal_thrust": 3391.6332725535503, "impact_speed": 18.933562261606742, "time": 63.56551405028057}, "-74": {"optimal_thrust": 3391.3504488674275, "impact_speed": 19.06906884574497, "time": 63.61072800701002}, "-73": {"optimal_thrust": 3391.073383717377, "impact_speed": 19.200449503473966, "time": 63.65887069283451}, "-72": {"optimal_thrust": 3390.7555768636266, "impact_speed": 19.35380439739564, "time": 63.70986211149416}, "-71": {"optimal_thrust": 3388.4514900951735, "impact_speed": 20.552170600044192, "time": 63.763703028420416}, "-70": {"optimal_thrust": 3388.3975736010448, "impact_speed": 20.56000585897452, "time": 63.82041936636433}, "-69": {"optimal_thrust": 3388.2673557392945, "impact_speed": 20.608584327463998, "time": 63.87998292176041}, "-68": {"optimal_thrust": 3388.063073991222, "impact_speed": 20.695960961463758, "time": 63.9423883677632}, "-67": {"optimal_thrust": 3387.7869025606615, "impact_speed": 20.819991918116138, "time": 64.00766991784062}, "-66": {"optimal_thrust": 3387.442809327685, "impact_speed": 20.977439640445862, "time": 64.07593935919826}, "-65": {"optimal_thrust": 3387.0320716428573, "impact_speed": 21.166348126389998, "time": 64.14716606282543}, "-64": {"optimal_thrust": 3386.557694169415, "impact_speed": 21.38380556465696, "time": 64.22134931773772}, "-63": {"optimal_thrust": 3386.022430705276, "impact_speed": 21.627010740855074, "time": 64.29854457215613}, "-62": {"optimal_thrust": 3385.428452455946, "impact_speed": 21.893470886687034, "time": 64.37873462456878}, "-61": {"optimal_thrust": 3384.77832014311, "impact_speed": 22.180534041792917, "time": 64.45850718944344}, "-60": {"optimal_thrust": 3384.0738877879935, "impact_speed": 22.485959464724207, "time": 64.54311709892447}, "-59": {"optimal_thrust": 3383.317329616684, "impact_speed": 22.807416118422623, "time": 64.6298919552333}, "-58": {"optimal_thrust": 3382.511073610233, "impact_speed": 23.14253170221843, "time": 64.72012191081384}, "-57": {"optimal_thrust": 3381.6576197409004, "impact_speed": 23.48899016412644, "time": 64.81517121920906}, "-56": {"optimal_thrust": 3380.7584328986577, "impact_speed": 23.845069792106308, "time": 64.90880121887423}, "-55": {"optimal_thrust": 3379.8155661145274, "impact_speed": 24.208851110528272, "time": 65.00641656299774}, "-54": {"optimal_thrust": 3378.8318280047292, "impact_speed": 24.578134944656078, "time": 65.10689671032246}, "-53": {"optimal_thrust": 3377.8086285191002, "impact_speed": 24.95148604478053, "time": 65.20980336904346}, "-52": {"optimal_thrust": 3376.748652486395, "impact_speed": 25.326920824765907, "time": 65.3150249760628}, "-51": {"optimal_thrust": 3375.762293117333, "impact_speed": 25.645448326130825, "time": 65.42223666044501}, "-50": {"optimal_thrust": 3374.86144532474, "impact_speed": 25.887603110978223, "time": 65.53094487894182}, "-49": {"optimal_thrust": 3373.850077089752, "impact_speed": 26.149115014156145, "time": 65.64054537839628}, "-48": {"optimal_thrust": 3372.7296620374013, "impact_speed": 26.42574809985879, "time": 65.725536644086}, "-47": {"optimal_thrust": 3371.502180713191, "impact_speed": 26.711914313139186, "time": 65.85663996948907}, "-46": {"optimal_thrust": 3370.1694877034065, "impact_speed": 27.01618275559005, "time": 65.98635637897233}, "-45": {"optimal_thrust": 3368.732992882574, "impact_speed": 27.59832930315587, "time": 66.1159465478179}, "-44": {"optimal_thrust": 3367.195121590046, "impact_speed": 28.205847074343865, "time": 66.24634209636635}, "-43": {"optimal_thrust": 3365.557862966471, "impact_speed": 28.836076075372116, "time": 66.3779806450888}, "-42": {"optimal_thrust": 3363.8228810412697, "impact_speed": 29.487252558084535, "time": 66.51117229733141}, "-41": {"optimal_thrust": 3361.9929347791135, "impact_speed": 30.15701966904279, "time": 66.64613583679295}, "-40": {"optimal_thrust": 3360.0701659303204, "impact_speed": 30.84362307294039, "time": 66.78302219052348}, "-39": {"optimal_thrust": 3358.057231746614, "impact_speed": 31.545149350940513, "time": 66.9219313446141}, "-38": {"optimal_thrust": 3356.3281363829137, "impact_speed": 32.097378936673, "time": 67.06292853842464}, "-37": {"optimal_thrust": 3355.549904917065, "impact_speed": 32.209033596229396, "time": 67.20605346201825}, "-36": {"optimal_thrust": 3354.7553510729003, "impact_speed": 32.29905501928034, "time": 67.35131009370409}, "-35": {"optimal_thrust": 3353.668431248979, "impact_speed": 32.518814556574796, "time": 67.4986935821664}, "-34": {"optimal_thrust": 3352.3183987802313, "impact_speed": 32.87563111463486, "time": 67.64819104211138}, "-33": {"optimal_thrust": 3351.3345479422333, "impact_speed": 33.023654034030194, "time": 67.799787487866}, "-32": {"optimal_thrust": 3350.2603442813906, "impact_speed": 33.211808129385865, "time": 67.95345239699888}, "-31": {"optimal_thrust": 3349.1968601512867, "impact_speed": 33.38453475454748, "time": 68.10915657367498}, "-30": {"optimal_thrust": 3348.14362029925, "impact_speed": 33.54213792200936, "time": 68.26686714940078}, "-29": {"optimal_thrust": 3347.1008950676573, "impact_speed": 33.68465805917748, "time": 68.4265493058752}, "-28": {"optimal_thrust": 3346.0711478218336, "impact_speed": 33.81050817460833, "time": 68.58816680726437}, "-27": {"optimal_thrust": 3344.7509060407656, "impact_speed": 34.193639559106515, "time": 68.75167937652398}, "-26": {"optimal_thrust": 3343.773379537853, "impact_speed": 34.295706130298285, "time": 68.9170750470698}, "-25": {"optimal_thrust": 3342.8238151622863, "impact_speed": 34.3704400654165, "time": 69.08436569185272}, "-24": {"optimal_thrust": 3341.903123549942, "impact_speed": 34.41411480721604, "time": 69.25350041151565}, "-23": {"optimal_thrust": 3341.012716571504, "impact_speed": 34.42086472612149, "time": 69.42442170072214}, "-22": {"optimal_thrust": 3340.1500644190014, "impact_speed": 34.388878581344784, "time": 69.5970724407297}, "-21": {"optimal_thrust": 3339.315318140447, "impact_speed": 34.31226317770514, "time": 69.77139791825547}, "-20": {"optimal_thrust": 3338.507509324869, "impact_speed": 33.00732034931096, "time": 69.94734678872267}, "-19": {"optimal_thrust": 3337.725494160786, "impact_speed": 31.486493931515508, "time": 70.1248713067555}, "-18": {"optimal_thrust": 3336.970989608191, "impact_speed": 30.10517969401302, "time": 70.30392707443036}, "-17": {"optimal_thrust": 3336.2459831941337,