{"-90": {"optimal_thrust": 3406.9885561261376, "impact_speed": 10.671061986553191, "time": 63.008695638473085}, "-89": {"optimal_thrust": 3397.9787346075827, "impact_speed": 17.55327565307794, "time": 63.010598871360024}, "-88": {"optimal_thrust": 3397.2851732366316, "impact_speed": 17.942148882568514, "time": 63.01341158058875}, "-87": {"optimal_thrust": 3401.6330375553966, "impact_speed": 15.067746069766196, "time": 63.02092666106828}, "-86": {"optimal_thrust": 3405.5239845933397, "impact_speed": 11.97429068672559, "time": 63.007059045328}, "-85": {"optimal_thrust": 3410.965081027853, "impact_speed": 5.287526567707605, "time": 63.04391354631871}, "-84": {"optimal_thrust": 3410.647274174102, "impact_speed": 5.906146307735963, "time": 63.06235164183718}, "-83": {"optimal_thrust": 3404.6718078155845, "impact_speed": 12.767140146460395, "time": 63.080719270809695}, "-82": {"optimal_thrust": 3394.6961550029346, "impact_speed": 19.417880811927215, "time": 63.10310958677961}, "-81": {"optimal_thrust": 3396.3905308308936, "impact_speed": 18.457996788317782, "time": 63.128812191318005}, "-80": {"optimal_thrust": 3396.4702204512064, "impact_speed": 18.411267408220326, "time": 63.15852566382603}, "-79": {"optimal_thrust": 3396.5044396465178, "impact_speed": 18.38360851115613, "time": 63.19142899112388}, "-78": {"optimal_thrust": 3395.97883312365, "impact_speed": 18.674229280484443, "time": 63.22376661863025}, "-77": {"optimal_thrust": 3395.441775884009, "impact_speed": 18.961645013478154, "time": 63.26021322429917}, "-76": {"optimal_thrust": 3394.968808614931, "impact_speed": 19.20524058364331, "time": 63.300132451653184}, "-75": {"optimal_thrust": 3394.603224167143, "impact_speed": 19.384309685557987, "time": 63.34321323541186}, "-74": {"optimal_thrust": 3394.3068420548034, "impact_speed": 19.52300502140035, "time": 63.38933649463149}, "-73": {"optimal_thrust": 3394.0162185221857, "impact_speed": 19.657626805391793, "time": 63.43842264312986}, "-72": {"optimal_thrust": 3393.683125845959, "impact_speed": 19.8146177727272, "time": 63.490422249385524}, "-71": {"optimal_thrust": 3391.268071794615, "impact_speed": 21.04148702831276, "time": 63.54532851622578}, "-70": {"optimal_thrust": 3391.2114678479875, "impact_speed": 21.049554039881738, "time": 63.60316884851318}, "-69": {"optimal_thrust": 3391.0747274436467, "impact_speed": 21.09941476342837, "time": 63.663915946795065}, "-68": {"optimal_thrust": 3390.8608520307803, "impact_speed": 21.188745110627877, "time": 63.72756242762693}, "-67": {"optimal_thrust": 3390.571889384063, "impact_speed": 21.315468233030472, "time": 63.79421979888799}, "-66": {"optimal_thrust": 3390.210653390979, "impact_speed": 21.476948597222965, "time": 63.8639215326609}, "-65": {"optimal_thrust": 3389.7802183075974, "impact_speed": 21.670307402732877, "time": 63.93664314112069}, "-64": {"optimal_thrust": 3389.283072363835, "impact_speed": 21.892897697262683, "time": 64.01241267197128}, "-63": {"optimal_thrust": 3388.7219694197706, "impact_speed": 22.141917164170273, "time": 64.09129781880394}, "-62": {"optimal_thrust": 3388.099530551717, "impact_speed": 22.4146429306969, "time": 64.17062979912231}, "-61": {"optimal_thrust": 3387.417866669995, "impact_speed": 22.70864112435707, "time": 64.25472804753764}, "-60": {"optimal_thrust": 3386.6791519390486, "impact_speed": 23.02150216009462, "time": 64.33965590654758}, "-59": {"optimal_thrust": 3385.886584050673, "impact_speed": 23.35039760256502, "time": 64.42882760043581}, "-58": {"optimal_thrust": 3385.0413800334254, "impact_speed": 23.69353909216895, "time": 64.52353488543129}, "-57": {"optimal_thrust": 3384.146671296821, "impact_speed": 24.04830856589967, "time": 64.61615830927208}, "-56": {"optimal_thrust": 3383.204121723428, "impact_speed": 24.412882610317023, "time": 64.71285054991337}, "-55": {"optimal_thrust": 3382.216035224143, "impact_speed": 24.78522417323502, "time": 64.81271246401371}, "-54": {"optimal_thrust": 3381.184585993708, "impact_speed": 25.163447922025004, "time": 64.91506064969403}, "-53": {"optimal_thrust": 3380.112265437605, "impact_speed": 25.545601326872152, "time": 65.01980819679481}, "-52": {"optimal_thrust": 3379.000996781114, "impact_speed": 25.930082038755366, "time": 65.12662575911595}, "-51": {"optimal_thrust": 3377.9678203724175, "impact_speed": 26.255834875115916, "time": 65.23499282425972}, "-50": {"optimal_thrust": 3377.0230966042814, "impact_speed": 26.503997075126094, "time": 65.34426283714897}, "-49": {"optimal_thrust": 3375.9630569443602, "impact_speed": 26.771698116614697, "time": 65.42920781391902}, "-48": {"optimal_thrust": 3374.78872536654, "impact_speed": 27.054850136703205, "time": 65.56045858690845}, "-47": {"optimal_thrust": 3373.5020825601714, "impact_speed": 27.347785368633637, "time": 65.69022795178499}, "-46": {"optimal_thrust": 3372.1049193130457, "impact_speed": 27.66268982462147, "time": 65.81987680817718}, "-45": {"optimal_thrust": 3370.5990926091686, "impact_speed": 28.255879617467574, "time": 65.95037187905955}, "-44": {"optimal_thrust": 3368.9872899010393, "impact_speed": 28.87752139414133, "time": 66.08217408414019}, "-43": {"optimal_thrust": 3367.270976078627, "impact_speed": 29.522847337200414, "time": 66.21560823855397}, "-42": {"optimal_thrust": 3365.452587424013, "impact_speed": 30.189378899098042, "time": 66.35090194261235}, "-41": {"optimal_thrust": 3363.534797274717, "impact_speed": 30.87490907881631, "time": 66.48821086137671}, "-40": {"optimal_thrust": 3361.519519919077, "impact_speed": 31.5778036641804, "time": 66.6276369839584}, "-39": {"optimal_thrust": 3359.4094528935966, "impact_speed": 32.29610898966283, "time": 66.7692424730411}, "-38": {"optimal_thrust": 3357.5967027740294, "impact_speed": 32.861636804329784, "time": 66.91306378343356}, "-37": {"optimal_thrust": 3356.7813729112236, "impact_speed": 32.97576506000475, "time": 67.05911903941625}, "-36": {"optimal_thrust": 3355.948465249942, "impact_speed": 33.067949340613424, "time": 67.20739556903453}, "-35": {"optimal_thrust": 3354.8089293628063, "impact_speed": 33.29306528084365, "time": 67.3578764753278}, "-34": {"optimal_thrust": 3353.3939259007275, "impact_speed": 33.6583317406156, "time": 67.51054024711165}, "-33": {"optimal_thrust": 3352.3630179633933, "impact_speed": 33.809666242773034, "time": 67.66536598852504}, "-32": {"optimal_thrust": 3351.236792460526, "impact_speed": 34.00244732820838, "time": 67.82231864804976}, "-31": {"optimal_thrust": 3350.12201740086, "impact_speed": 34.17930853816668, "time": 67.98136607257885}, "-30": {"optimal_thrust": 3349.0176956305972, "impact_speed": 34.340905878949705, "time": 68.14247333275192}, "-29": {"optimal_thrust": 3347.9252211249013, "impact_speed": 34.486420264482724, "time": 68.30560422938909}, "-28": {"optimal_thrust": 3346.8455907646958, "impact_speed": 34.61548348480154, "time": 68.4707352841014}, "-27": {"optimal_thrust": 3345.4615907100006, "impact_speed": 35.00785991090996, "time": 68.6378905570035}, "-26": {"optimal_thrust": 3344.4369435673048, "impact_speed": 35.112382292024115, "time": 68.80703093651371}, "-25": {"optimal_thrust": 3343.4414669330954, "impact_speed": 35.1890742377538, "time": 68.97809408677014}, "-24": {"optimal_thrust": 3342.476657612086, "impact_speed": 35.23353348822279, "time": 69.15102142018611}, "-23": {"optimal_thrust": 3341.5431139841685, "impact_speed": 35.240775506762695, "time": 69.32575756360743}, "-22": {"optimal_thrust": 3340.639412784068, "impact_speed": 35.2072280072353, "time": 69.50225171800244}, "-21": {"optimal_thrust": 3339.7639881335754, "impact_speed": 35.12962773152431, "time": 69.6804580376443}, "-20": {"optimal_thrust": 3338.9172492886223, "impact_speed": 34.29817402806529, "time": 69.86033541835603}, "-19": {"optimal_thrust": 3338.0977419985206, "impact_speed": 32.6590335324271, "time": 70.0418470161061}, "-18": {"optimal_thrust": 3337.307015674918, "impact_speed": 31.167997150467134, "time": 70.2249596040611}, "-17": {"optimal_thrust": 3336.546820574266,