{"-90": {"optimal_thrust": 3411.552916889912, "impact_speed": 9.950460082336363, "time": 62.78081409339998}, "-89": {"optimal_thrust": 3401.1774639363553, "impact_speed": 17.961392994547737, "time": 62.78324733135929}, "-88": {"optimal_thrust": 3400.4510935864605, "impact_speed": 18.359416654234405, "time": 62.78572857972032}, "-87": {"optimal_thrust": 3405.0036863485934, "impact_speed": 15.418064042533082, "time": 62.795340191288275}, "-86": {"optimal_thrust": 3409.077423760209, "impact_speed": 12.252893381352118, "time": 62.7865033589789}, "-85": {"optimal_thrust": 3414.774544158445, "impact_speed": 5.410777228907883, "time": 62.817063598483124}, "-84": {"optimal_thrust": 3414.441835156942, "impact_speed": 6.043661830499533, "time": 62.83601441092517}, "-83": {"optimal_thrust": 3408.1853394340997, "impact_speed": 13.064018104271693, "time": 62.85433462091294}, "-82": {"optimal_thrust": 3397.740170640324, "impact_speed": 19.86951218087711, "time": 62.87713482917392}, "-81": {"optimal_thrust": 3399.5143656163928, "impact_speed": 18.887254170700743, "time": 62.90346088409349}, "-80": {"optimal_thrust": 3399.5980864154544, "impact_speed": 18.839278022922354, "time": 62.933981265266176}, "-79": {"optimal_thrust": 3399.633582836124, "impact_speed": 18.811165221456495, "time": 62.96666182197937}, "-78": {"optimal_thrust": 3399.0833508741, "impact_speed": 19.10848503029262, "time": 62.99982137130857}, "-77": {"optimal_thrust": 3398.5209707429103, "impact_speed": 19.40261453202159, "time": 63.03713038380854}, "-76": {"optimal_thrust": 3398.0259989939236, "impact_speed": 19.651739742622613, "time": 63.07786703512515}, "-75": {"optimal_thrust": 3397.6428914136022, "impact_speed": 19.835147078790364, "time": 63.12181003765429}, "-74": {"optimal_thrust": 3397.3329508704487, "impact_speed": 19.976861512770814, "time": 63.16883621461501}, "-73": {"optimal_thrust": 3397.02831872371, "impact_speed": 20.11479181612131, "time": 63.21885394241272}, "-72": {"optimal_thrust": 3396.6793638434915, "impact_speed": 20.275533188074565, "time": 63.27185241130742}, "-71": {"optimal_thrust": 3394.150784688153, "impact_speed": 21.53087368718691, "time": 63.32781424088537}, "-70": {"optimal_thrust": 3394.091689336043, "impact_speed": 21.53904329551274, "time": 63.38676834622559}, "-69": {"optimal_thrust": 3393.9486771378542, "impact_speed": 21.589983173209188, "time": 63.44868895088576}, "-68": {"optimal_thrust": 3393.724314382365, "impact_speed": 21.68160088023558, "time": 63.51359370284176}, "-67": {"optimal_thrust": 3393.421793351701, "impact_speed": 21.81125202991052, "time": 63.58161698305104}, "-66": {"optimal_thrust": 3393.0438646294383, "impact_speed": 21.9763377789493, "time": 63.6527372845678}, "-65": {"optimal_thrust": 3392.5927688700067, "impact_speed": 22.174393120812294, "time": 63.726951111903055}, "-64": {"optimal_thrust": 3392.072470817062, "impact_speed": 22.402042540852428, "time": 63.80431899635712}, "-63": {"optimal_thrust": 3391.4850814973806, "impact_speed": 22.65679762857636, "time": 63.88455878727813}, "-62": {"optimal_thrust": 3390.833221920591, "impact_speed": 22.935930151414645, "time": 63.96617193558715}, "-61": {"optimal_thrust": 3390.1195795391927, "impact_speed": 23.236719993996264, "time": 64.04948758540927}, "-60": {"optimal_thrust": 3389.34619889563, "impact_speed": 23.556813457009575, "time": 64.13754694465358}, "-59": {"optimal_thrust": 3388.516343945429, "impact_speed": 23.893355682302985, "time": 64.22966215094749}, "-58": {"optimal_thrust": 3387.6313584517675, "impact_speed": 24.244483479774583, "time": 64.3232481264782}, "-57": {"optimal_thrust": 3386.6945009941114, "impact_speed": 24.607527121257117, "time": 64.4187800369763}, "-56": {"optimal_thrust": 3385.70724496332, "impact_speed": 24.980745359916362, "time": 64.51786595294608}, "-55": {"optimal_thrust": 3384.6731082803863, "impact_speed": 25.361541046695525, "time": 64.61951769239778}, "-54": {"optimal_thrust": 3383.5929877231874, "impact_speed": 25.74862521631975, "time": 64.72366114635025}, "-53": {"optimal_thrust": 3382.4702685772963, "impact_speed": 26.139638931915925, "time": 64.82998060376048}, "-52": {"optimal_thrust": 3381.306874152152, "impact_speed": 26.532982426393964, "time": 64.93793823570482}, "-51": {"optimal_thrust": 3380.2245130747715, "impact_speed": 26.866591669670402, "time": 65.04685037706817}, "-50": {"optimal_thrust": 3379.235529847571, "impact_speed": 27.120434870436792, "time": 65.1303904361872}, "-49": {"optimal_thrust": 3378.125604904345, "impact_speed": 27.39437781540368, "time": 65.26190539190624}, "-48": {"optimal_thrust": 3376.8960130740707, "impact_speed": 27.684145587984155, "time": 65.39177145385621}, "-47": {"optimal_thrust": 3375.5488013323943, "impact_speed": 27.98402979891545, "time": 65.52143570542653}, "-46": {"optimal_thrust": 3374.085953958859, "impact_speed": 28.307598801567934, "time": 65.65195454999149}, "-45": {"optimal_thrust": 3372.5095177693706, "impact_speed": 28.91278247867789, "time": 65.78382172663292}, "-44": {"optimal_thrust": 3370.8217944276703, "impact_speed": 29.549039846818303, "time": 65.91738316043498}, "-43": {"optimal_thrust": 3369.024960516452, "impact_speed": 30.209219546717176, "time": 66.05287977617598}, "-42": {"optimal_thrust": 3367.120610827714, "impact_speed": 30.891521259725277, "time": 66.19047520839996}, "-41": {"optimal_thrust": 3365.112459329467, "impact_speed": 31.59305152428322, "time": 66.3302758257178}, "-40": {"optimal_thrust": 3363.002195444412, "impact_speed": 32.312358559137834, "time": 66.47234580873224}, "-39": {"optimal_thrust": 3360.793216889004, "impact_speed": 33.047191433677426, "time": 66.61671869352897}, "-38": {"optimal_thrust": 3358.894955655419, "impact_speed": 33.62596264696773, "time": 66.76340971056365}, "-37": {"optimal_thrust": 3358.0413375077474, "impact_speed": 33.742718621297755, "time": 66.91242157286109}, "-36": {"optimal_thrust": 3357.169654108378, "impact_speed": 33.83684588754391, "time": 67.06372988163007}, "-35": {"optimal_thrust": 3355.9762384743667, "impact_speed": 34.06732909501012, "time": 67.21730955339481}, "-34": {"optimal_thrust": 3354.7703028086908, "impact_speed": 34.29406035568233, "time": 67.37313600145953}, "-33": {"optimal_thrust": 3353.415177856519, "impact_speed": 34.59598139653478, "time": 67.53117709893996}, "-32": {"optimal_thrust": 3352.2359102918317, "impact_speed": 34.79328053853146, "time": 67.69140263231964}, "-31": {"optimal_thrust": 3351.0688116584006, "impact_speed": 34.97417359763699, "time": 67.85377624261753}, "-30": {"optimal_thrust": 3349.9127037682047, "impact_speed": 35.13939914814399, "time": 68.01826460432683}, "-29": {"optimal_thrust": 3348.7684516666013, "impact_speed": 35.28858943074983, "time": 68.1848982744585}, "-28": {"optimal_thrust": 3347.6383370053672, "impact_speed": 35.42038596460555, "time": 68.35365449664361}, "-27": {"optimal_thrust": 3346.1891417470993, "impact_speed": 35.821958791854044, "time": 68.52446951093624}, "-26": {"optimal_thrust": 3345.115917502009, "impact_speed": 35.92924222199955, "time": 68.69728933293979}, "-25": {"optimal_thrust": 3344.073771205573, "impact_speed": 36.00757888024514, "time": 68.87205378087597}, "-24": {"optimal_thrust": 3343.0642808154776, "impact_speed": 36.05225222950414, "time": 69.04871174834544}, "-23": {"optimal_thrust": 3342.0866688732663, "impact_speed": 36.05974716412935, "time": 69.22721864004485}, "-22": {"optimal_thrust": 3341.1399318167205, "impact_speed": 36.026150863112036, "time": 69.40753639856572}, "-21": {"optimal_thrust": 3340.2236813522845, "impact_speed": 35.946045673419356, "time": 69.5896333119532}, "-20": {"optimal_thrust": 3339.336749616658, "impact_speed": 35.625972869163924, "time": 69.77348308426464}, "-19": {"optimal_thrust": 3338.4787394154487, "impact_speed": 33.863518080848955, "time": 69.95905725119282}, "-18": {"optimal_thrust": 3337.6507550668257, "impact_speed": 32.257682721129164, "time": 70.14628293751504},