{"-90": {"optimal_thrust": 3416.1633278373347, "impact_speed": 9.223638697482123, "time": 62.55389487310953}, "-89": {"optimal_thrust": 3404.4494898265566, "impact_speed": 18.369651264000257, "time": 62.55690725148107}, "-88": {"optimal_thrust": 3403.6897972502416, "impact_speed": 18.776682269852913, "time": 62.559001163664036}, "-87": {"optimal_thrust": 3408.451403987697, "impact_speed": 15.768665397200543, "time": 62.56804252550358}, "-86": {"optimal_thrust": 3412.712860118109, "impact_speed": 12.531229211654757, "time": 62.56481203022179}, "-85": {"optimal_thrust": 3418.671696764893, "impact_speed": 5.533795784399471, "time": 62.59111874288176}, "-84": {"optimal_thrust": 3418.3237015705004, "impact_speed": 6.181044755739371, "time": 62.610835036615285}, "-83": {"optimal_thrust": 3411.7796498871626, "impact_speed": 13.360890346390546, "time": 62.62887863170667}, "-82": {"optimal_thrust": 3400.8539649667837, "impact_speed": 20.321247324499996, "time": 62.65209672649729}, "-81": {"optimal_thrust": 3402.7100237117243, "impact_speed": 19.316505398975373, "time": 62.67906662155437}, "-80": {"optimal_thrust": 3402.797262431779, "impact_speed": 19.267622825492456, "time": 62.71042388869276}, "-79": {"optimal_thrust": 3402.834615836454, "impact_speed": 19.23874602755334, "time": 62.74278399379567}, "-78": {"optimal_thrust": 3402.258994545229, "impact_speed": 19.54287394544695, "time": 62.7768422109836}, "-77": {"optimal_thrust": 3401.6710919590732, "impact_speed": 19.843508606447916, "time": 62.814978755749934}, "-76": {"optimal_thrust": 3401.1533517468015, "impact_speed": 20.098304315673623, "time": 62.85651690300931}, "-75": {"optimal_thrust": 3400.7527840443686, "impact_speed": 20.285801124465195, "time": 62.90130568127165}, "-74": {"optimal_thrust": 3400.4279413533454, "impact_speed": 20.431077778464036, "time": 62.949220424768995}, "-73": {"optimal_thrust": 3400.109621246554, "impact_speed": 20.571977989487163, "time": 63.000163147165004}, "-72": {"optimal_thrust": 3399.7444204876188, "impact_speed": 20.73647721643631, "time": 63.05415118852017}, "-71": {"optimal_thrust": 3397.1001420335433, "impact_speed": 22.020078164796555, "time": 63.111158831971245}, "-70": {"optimal_thrust": 3397.037912479983, "impact_speed": 22.028635108165567, "time": 63.171216518212596}, "-69": {"optimal_thrust": 3396.8885072357766, "impact_speed": 22.080644890262523, "time": 63.23429824589183}, "-68": {"optimal_thrust": 3396.6539079280456, "impact_speed": 22.174307232491945, "time": 63.300483756721476}, "-67": {"optimal_thrust": 3396.3374448052587, "impact_speed": 22.306921954178154, "time": 63.36985658638288}, "-66": {"optimal_thrust": 3395.9419929761843, "impact_speed": 22.475831597393015, "time": 63.4423856729042}, "-65": {"optimal_thrust": 3395.470302948245, "impact_speed": 22.678319571750155, "time": 63.51809579611939}, "-64": {"optimal_thrust": 3394.926276351644, "impact_speed": 22.9110526839345, "time": 63.59706525151383}, "-63": {"optimal_thrust": 3394.311703702046, "impact_speed": 23.171683716725955, "time": 63.67622871543674}, "-62": {"optimal_thrust": 3393.629593020819, "impact_speed": 23.45729373179691, "time": 63.76045366851537}, "-61": {"optimal_thrust": 3392.8830752129998, "impact_speed": 23.764950866478227, "time": 63.84641250666617}, "-60": {"optimal_thrust": 3392.0746450118054, "impact_speed": 24.09208585035269, "time": 63.936479477313775}, "-59": {"optimal_thrust": 3391.206288990006, "impact_speed": 24.43643876441944, "time": 64.03043143238214}, "-58": {"optimal_thrust": 3390.2808157638237, "impact_speed": 24.79545710004451, "time": 64.1245268277379}, "-57": {"optimal_thrust": 3389.300595575019, "impact_speed": 25.166885582218065, "time": 64.22258633666009}, "-56": {"optimal_thrust": 3388.26831587609, "impact_speed": 25.54842196665816, "time": 64.32340563126375}, "-55": {"optimal_thrust": 3387.1863383881837, "impact_speed": 25.93800845750478, "time": 64.42680986626036}, "-54": {"optimal_thrust": 3386.056713101295, "impact_speed": 26.33382207260398, "time": 64.53251850949023}, "-53": {"optimal_thrust": 3384.882251672671, "impact_speed": 26.73378234144353, "time": 64.63999286735974}, "-52": {"optimal_thrust": 3383.6653242918487, "impact_speed": 27.136090190494166, "time": 64.74851873089543}, "-51": {"optimal_thrust": 3382.533395109091, "impact_speed": 27.477192552079458, "time": 64.82929589589781}, "-50": {"optimal_thrust": 3381.498874921751, "impact_speed": 27.73684357094144, "time": 64.96121860927214}, "-49": {"optimal_thrust": 3380.338038180449, "impact_speed": 28.016947384901, "time": 65.09124284050617}, "-48": {"optimal_thrust": 3379.0518423707317, "impact_speed": 28.31335651319308, "time": 65.22088704006013}, "-47": {"optimal_thrust": 3377.6429776813948, "impact_speed": 28.619653907114714, "time": 65.35135631354406}, "-46": {"optimal_thrust": 3376.112591728998, "impact_speed": 28.95151308626522, "time": 65.48318991122461}, "-45": {"optimal_thrust": 3374.463882675517, "impact_speed": 29.56965699091392, "time": 65.61676222410817}, "-44": {"optimal_thrust": 3372.698514006219, "impact_speed": 30.22052133337934, "time": 65.75233264392146}, "-43": {"optimal_thrust": 3370.818789764433, "impact_speed": 30.895923078643236, "time": 65.8900764545286}, "-42": {"optimal_thrust": 3368.82720135564, "impact_speed": 31.593534270564373, "time": 66.03010698919715}, "-41": {"optimal_thrust": 3366.7265022915535, "impact_speed": 32.31113379680934, "time": 66.17249232003482}, "-40": {"optimal_thrust": 3364.519608498955, "impact_speed": 33.0466067991552, "time": 66.31726790741781}, "-39": {"optimal_thrust": 3362.208912030985, "impact_speed": 33.79822199194629, "time": 66.46444607411614}, "-38": {"optimal_thrust": 3360.223602437364, "impact_speed": 34.3900586222252, "time": 66.61402683317685}, "-37": {"optimal_thrust": 3359.33061190159, "impact_speed": 34.50951648936636, "time": 66.76600221731226}, "-36": {"optimal_thrust": 3358.418445895426, "impact_speed": 34.60597646652799, "time": 66.92033978670268}, "-35": {"optimal_thrust": 3357.1705180754007, "impact_speed": 34.84152193773863, "time": 67.07700911859538}, "-34": {"optimal_thrust": 3355.620523004483, "impact_speed": 35.22393739640057, "time": 67.23597958701781}, "-33": {"optimal_thrust": 3354.491490338252, "impact_speed": 35.382315535814044, "time": 67.39722469079382}, "-32": {"optimal_thrust": 3353.258190752048, "impact_speed": 35.58399299757572, "time": 67.56070497384518}, "-31": {"optimal_thrust": 3352.037196607386, "impact_speed": 35.76915456281702, "time": 67.72641996680852}, "-30": {"optimal_thrust": 3350.827969307682, "impact_speed": 35.93812533774759, "time": 67.89439798092049}, "-29": {"optimal_thrust": 3349.631389709547, "impact_speed": 36.09049729612272, "time": 68.06458094658129}, "-28": {"optimal_thrust": 3348.4487911352044, "impact_speed": 36.22574909717346, "time": 68.23690594757954}, "-27": {"optimal_thrust": 3346.9333192404783, "impact_speed": 36.63613852200444, "time": 68.41131009136167}, "-26": {"optimal_thrust": 3345.811196000739, "impact_speed": 36.74547234110047, "time": 68.58774733430552}, "-25": {"optimal_thrust": 3344.720868686236, "impact_speed": 36.8258211258329, "time": 68.76616948455757}, "-24": {"optimal_thrust": 3343.6648661051345, "impact_speed": 36.87161430441753, "time": 68.94654044329424}, "-23": {"optimal_thrust": 3342.642286766729, "impact_speed": 36.879312645927094, "time": 69.12883296655572}, "-22": {"optimal_thrust": 3341.6520338351847, "impact_speed": 36.84494714143892, "time": 69.31302777793807}, "-21": {"optimal_thrust": 3340.693389245302, "impact_speed": 36.76356282599828, "time": 69.4990993065087}, "-20": {"optimal_thrust": 3339.765184609154, "impact_speed": 36.63131780440682, "time": 69.68692822045787}, "-19": {"optimal_thrust": 3338.868300738261, "impact_speed": 35.09919118233052, "time": 69.8761343161707}, "-18": {"optimal_thrust": 3338.0025069984686, "impact_speed": 33.37606810596454, "time": 70.06655490170105}, "-17": {"optimal_thrust": 3337.170042843211,