{"-90": {"optimal_thrust": 3420.8188293144276, "impact_speed": 8.49018670458507, "time": 62.32793550253147}, "-89": {"optimal_thrust": 3407.7951960116884, "impact_speed": 18.77782184482301, "time": 62.33151689876331}, "-88": {"optimal_thrust": 3407.000837482683, "impact_speed": 19.194192574156364, "time": 62.33322916645903}, "-87": {"optimal_thrust": 3411.976895790219, "impact_speed": 16.119066589736583, "time": 62.341390810553015}, "-86": {"optimal_thrust": 3416.429905644742, "impact_speed": 12.809639935283423, "time": 62.34273989444449}, "-85": {"optimal_thrust": 3422.656534578571, "impact_speed": 5.656605534189453, "time": 62.36608422352186}, "-84": {"optimal_thrust": 3422.293123914852, "impact_speed": 6.317877320197115, "time": 62.38657248724542}, "-83": {"optimal_thrust": 3415.4549310958905, "impact_speed": 13.65760630775684, "time": 62.40436475173472}, "-82": {"optimal_thrust": 3404.038368312255, "impact_speed": 20.772650470283647, "time": 62.4280023370855}, "-81": {"optimal_thrust": 3405.9772545475466, "impact_speed": 19.745886962955844, "time": 62.45562762700741}, "-80": {"optimal_thrust": 3406.0688416584467, "impact_speed": 19.695685549684292, "time": 62.48780070297503}, "-79": {"optimal_thrust": 3406.107856000688, "impact_speed": 19.66617657226901, "time": 62.51987604997037}, "-78": {"optimal_thrust": 3405.506011142963, "impact_speed": 19.97725517067356, "time": 62.55481690194128}, "-77": {"optimal_thrust": 3404.891822181587, "impact_speed": 20.28449908876858, "time": 62.59374787592744}, "-76": {"optimal_thrust": 3404.3508668735662, "impact_speed": 20.544930037310465, "time": 62.63608525606398}, "-75": {"optimal_thrust": 3403.932262872049, "impact_speed": 20.736611689961816, "time": 62.681699935863996}, "-74": {"optimal_thrust": 3403.592964675251, "impact_speed": 20.88504410284482, "time": 62.73048249249476}, "-73": {"optimal_thrust": 3403.2602556737484, "impact_speed": 21.029118358245707, "time": 62.782348790906575}, "-72": {"optimal_thrust": 3402.878809036097, "impact_speed": 21.197189941774237, "time": 62.83731715136808}, "-71": {"optimal_thrust": 3400.1153133622906, "impact_speed": 22.50950446432284, "time": 62.895360884616544}, "-70": {"optimal_thrust": 3400.050396400913, "impact_speed": 22.518200123869935, "time": 62.9565146280009}, "-69": {"optimal_thrust": 3399.894339031948, "impact_speed": 22.57133635946604, "time": 63.02075598337862}, "-68": {"optimal_thrust": 3399.649315457084, "impact_speed": 22.66702408499038, "time": 63.08822701040129}, "-67": {"optimal_thrust": 3399.318333935197, "impact_speed": 22.802726197893183, "time": 63.15893516559707}, "-66": {"optimal_thrust": 3398.905038302259, "impact_speed": 22.975423288687544, "time": 63.232868089265715}, "-65": {"optimal_thrust": 3398.412754013113, "impact_speed": 23.182128276614993, "time": 63.310083923080924}, "-64": {"optimal_thrust": 3397.8436552406292, "impact_speed": 23.420324653282584, "time": 63.38935242484037}, "-63": {"optimal_thrust": 3397.2014524375704, "impact_speed": 23.686752211156886, "time": 63.47166557805246}, "-62": {"optimal_thrust": 3396.4891537824215, "impact_speed": 23.978494962271196, "time": 63.55565633667112}, "-61": {"optimal_thrust": 3395.70918415991, "impact_speed": 24.292946077375845, "time": 63.64410015662756}, "-60": {"optimal_thrust": 3394.864109858813, "impact_speed": 24.627493645082684, "time": 63.73836549864584}, "-59": {"optimal_thrust": 3393.9566099114354, "impact_speed": 24.979553158483938, "time": 63.83036165932837}, "-58": {"optimal_thrust": 3392.9895644750077, "impact_speed": 25.346541667466152, "time": 63.9270962810682}, "-57": {"optimal_thrust": 3391.9654682972973, "impact_speed": 25.726146796439856, "time": 64.02695311148206}, "-56": {"optimal_thrust": 3390.8866251569643, "impact_speed": 26.11623922477961, "time": 64.12947761827259}, "-55": {"optimal_thrust": 3389.756106118043, "impact_speed": 26.514447489739513, "time": 64.23445090519178}, "-54": {"optimal_thrust": 3388.575952556179, "impact_speed": 26.91895212935458, "time": 64.34135388238063}, "-53": {"optimal_thrust": 3387.348534765644, "impact_speed": 27.32788013296178, "time": 64.44945493801663}, "-52": {"optimal_thrust": 3386.077307369498, "impact_speed": 27.73895085403776, "time": 64.52607968074152}, "-51": {"optimal_thrust": 3384.8941491619, "impact_speed": 28.087799725072387, "time": 64.6585931885107}, "-50": {"optimal_thrust": 3383.8135153502167, "impact_speed": 28.353022833359983, "time": 64.7888629576431}, "-49": {"optimal_thrust": 3382.6000395619317, "impact_speed": 28.63960993579695, "time": 64.91847546158593}, "-48": {"optimal_thrust": 3381.256092092802, "impact_speed": 28.942587458217396, "time": 65.04882902636415}, "-47": {"optimal_thrust": 3379.7839710784765, "impact_speed": 29.255645788685616, "time": 65.18053415143724}, "-46": {"optimal_thrust": 3378.1852135150943, "impact_speed": 29.588154096563517, "time": 65.31400240461491}, "-45": {"optimal_thrust": 3376.4619936685403, "impact_speed": 30.226788396092484, "time": 65.44951768814536}, "-44": {"optimal_thrust": 3374.6172525896677, "impact_speed": 30.892140058659024, "time": 65.58727118922677}, "-43": {"optimal_thrust": 3372.652977080326, "impact_speed": 31.582592075581555, "time": 65.72738620485893}, "-42": {"optimal_thrust": 3370.5723590837297, "impact_speed": 32.29542631071202, "time": 65.86993677824303}, "-41": {"optimal_thrust": 3368.3770021550886, "impact_speed": 33.02912193112912, "time": 66.01496172648997}, "-40": {"optimal_thrust": 3366.07074152382, "impact_speed": 33.78102955147633, "time": 66.16247514774975}, "-39": {"optimal_thrust": 3363.6561148793558, "impact_speed": 34.54938167554297, "time": 66.31247404928537}, "-38": {"optimal_thrust": 3361.5816863690907, "impact_speed": 35.15432779235947, "time": 66.46494784261878}, "-37": {"optimal_thrust": 3360.6485933752724, "impact_speed": 35.276432004740975, "time": 66.61988145055909}, "-36": {"optimal_thrust": 3359.5397375531384, "impact_speed": 35.44695829080298, "time": 66.77723567843611}, "-35": {"optimal_thrust": 3358.391417635909, "impact_speed": 35.615827295110705, "time": 66.93698099645741}, "-34": {"optimal_thrust": 3356.7719727318968, "impact_speed": 36.00663537512391, "time": 67.09908055133886}, "-33": {"optimal_thrust": 3355.5920585054864, "impact_speed": 36.168609931032215, "time": 67.26351132515398}, "-32": {"optimal_thrust": 3354.3036321173963, "impact_speed": 36.37459360622549, "time": 67.43031185855322}, "-31": {"optimal_thrust": 3353.0273071407864, "impact_speed": 36.56415635610989, "time": 67.59946393530801}, "-30": {"optimal_thrust": 3351.7636598166987, "impact_speed": 36.73695048506388, "time": 67.77090294363148}, "-29": {"optimal_thrust": 3350.513396004799, "impact_speed": 36.89266018396315, "time": 67.9445656300854}, "-28": {"optimal_thrust": 3349.2781925450213, "impact_speed": 37.0304664116739, "time": 68.12039537341906}, "-27": {"optimal_thrust": 3347.6942310842865, "impact_speed": 37.450308380824325, "time": 68.2983415731563}, "-26": {"optimal_thrust": 3346.5214982572716, "impact_speed": 37.562236010872624, "time": 68.47837503024071}, "-25": {"optimal_thrust": 3345.382564761021, "impact_speed": 37.64400958988133, "time": 68.6604674285513}, "-24": {"optimal_thrust": 3344.27869041362, "impact_speed": 37.6912661311709, "time": 68.84460561054709}, "-23": {"optimal_thrust": 3343.210338835409, "impact_speed": 37.698945423026714, "time": 69.03077151810986}, "-22": {"optimal_thrust": 3342.1757118982414, "impact_speed": 37.66363600306727, "time": 69.21881954430248}, "-21": {"optimal_thrust": 3341.174032030198, "impact_speed": 37.58033778018242, "time": 69.40826701318697}, "-20": {"optimal_thrust": 3340.20439710887, "impact_speed": 37.44442387935636, "time": 69.59907466012712}, "-19": {"optimal_thrust": 3339.2669345708946, "impact_speed": 36.36898057511662, "time": 69.79176508293975}, "-18": {"optimal_thrust": 3338.3620510539704, "impact_speed": 34.52209961800231, "time": 69.98641100804383}, "-17": {"optimal_thrust": 3337.491979602765,