{"-90": {"optimal_thrust": 3425.518269104378, "impact_speed": 7.749782547908282, "time": 62.102933644333916}, "-89": {"optimal_thrust": 3411.214069233987, "impact_speed": 19.186197579507958, "time": 62.10693179177545}, "-88": {"optimal_thrust": 3410.385174092536, "impact_speed": 19.61141319544402, "time": 62.10840760220819}, "-87": {"optimal_thrust": 3415.579840433211, "impact_speed": 16.469487757836433, "time": 62.116286041449605}, "-86": {"optimal_thrust": 3420.228368469977, "impact_speed": 13.088277748132402, "time": 62.12066137243303}, "-85": {"optimal_thrust": 3426.729057422165, "impact_speed": 5.77922012127223, "time": 62.14196110056863}, "-84": {"optimal_thrust": 3426.3494677685194, "impact_speed": 6.455251609098092, "time": 62.16165282284949}, "-83": {"optimal_thrust": 3419.210990923514, "impact_speed": 13.954323853556149, "time": 62.180790952050465}, "-82": {"optimal_thrust": 3407.2923579521043, "impact_speed": 21.22425997606654, "time": 62.20486947098417}, "-81": {"optimal_thrust": 3409.316755359094, "impact_speed": 20.175019920170673, "time": 62.233143915816214}, "-80": {"optimal_thrust": 3409.412373648803, "impact_speed": 20.123723945493747, "time": 62.26597545851231}, "-79": {"optimal_thrust": 3409.452665024368, "impact_speed": 20.093806583155654, "time": 62.297951873351195}, "-78": {"optimal_thrust": 3408.8249176367744, "impact_speed": 20.411358459548016, "time": 62.33373572248304}, "-77": {"optimal_thrust": 3408.1836118229644, "impact_speed": 20.7253479414545, "time": 62.373430553342935}, "-76": {"optimal_thrust": 3407.618544374215, "impact_speed": 20.991613004476203, "time": 62.416559890620384}, "-75": {"optimal_thrust": 3407.181453639707, "impact_speed": 21.18750564957778, "time": 62.46299102958327}, "-74": {"optimal_thrust": 3406.8277037662556, "impact_speed": 21.33893447628987, "time": 62.512627859027305}, "-73": {"optimal_thrust": 3406.4800926071307, "impact_speed": 21.486279946121616, "time": 62.56540938055669}, "-72": {"optimal_thrust": 3406.0820162311707, "impact_speed": 21.65793868800365, "time": 62.621348837909714}, "-71": {"optimal_thrust": 3403.19712914289, "impact_speed": 22.998754647904462, "time": 62.68041898349105}, "-70": {"optimal_thrust": 3403.129140964788, "impact_speed": 23.007740115310032, "time": 62.74265761869205}, "-69": {"optimal_thrust": 3402.9660477561515, "impact_speed": 23.062113540726745, "time": 62.808078048122205}, "-68": {"optimal_thrust": 3402.7100237117243, "impact_speed": 23.159988582631975, "time": 62.87681867458681}, "-67": {"optimal_thrust": 3402.365100010254, "impact_speed": 23.29836070652418, "time": 62.94885087384789}, "-66": {"optimal_thrust": 3401.933768057223, "impact_speed": 23.474753262097646, "time": 63.02418814728886}, "-65": {"optimal_thrust": 3401.4195457736246, "impact_speed": 23.68609070828607, "time": 63.10291618472264}, "-64": {"optimal_thrust": 3400.825504387679, "impact_speed": 23.929433488024713, "time": 63.1820586475329}, "-63": {"optimal_thrust": 3400.155224727488, "impact_speed": 24.201586027098354, "time": 63.26576899357003}, "-62": {"optimal_thrust": 3399.4112647723673, "impact_speed": 24.499831057775367, "time": 63.35247464864991}, "-61": {"optimal_thrust": 3398.59675870069, "impact_speed": 24.821231600591407, "time": 63.44355472689141}, "-60": {"optimal_thrust": 3397.714844252675, "impact_speed": 25.16291736201091, "time": 63.53654245156889}, "-59": {"optimal_thrust": 3396.7674330320397, "impact_speed": 25.52264141799452, "time": 63.63161196292561}, "-58": {"optimal_thrust": 3395.758305496621, "impact_speed": 25.89742415154214, "time": 63.730385741218655}, "-57": {"optimal_thrust": 3394.689119160948, "impact_speed": 26.285316971088296, "time": 63.83188718254606}, "-56": {"optimal_thrust": 3393.5629485679788, "impact_speed": 26.68385134302086, "time": 63.93598657764676}, "-55": {"optimal_thrust": 3392.382411355618, "impact_speed": 27.090860004835598, "time": 64.04221103593933}, "-54": {"optimal_thrust": 3391.1505819333534, "impact_speed": 27.504073943366194, "time": 64.14982876414388}, "-53": {"optimal_thrust": 3389.8692476105016, "impact_speed": 27.92187787165881, "time": 64.22083207314816}, "-52": {"optimal_thrust": 3388.5417998612525, "impact_speed": 28.342040238682312, "time": 64.35418028425572}, "-51": {"optimal_thrust": 3387.3068993359525, "impact_speed": 28.698354591695303, "time": 64.48481927336924}, "-50": {"optimal_thrust": 3386.1784880742407, "impact_speed": 28.969484345869674, "time": 64.61442651205628}, "-49": {"optimal_thrust": 3384.912055977604, "impact_speed": 29.262089358320868, "time": 64.74461075781859}, "-48": {"optimal_thrust": 3383.508883404004, "impact_speed": 29.571740237777192, "time": 64.8760998860415}, "-47": {"optimal_thrust": 3381.9719086689443, "impact_speed": 29.891797946760406, "time": 65.00935330870404}, "-46": {"optimal_thrust": 3380.3029887564303, "impact_speed": 30.2315081437874, "time": 65.14468666844088}, "-45": {"optimal_thrust": 3378.504297861207, "impact_speed": 30.88351992509478, "time": 65.28231210104177}, "-44": {"optimal_thrust": 3376.5780763833523, "impact_speed": 31.563830467226826, "time": 65.422366397393}, "-43": {"optimal_thrust": 3374.5278396748695, "impact_speed": 32.26902054332722, "time": 65.56493199268434}, "-42": {"optimal_thrust": 3372.3552512417364, "impact_speed": 32.997665182043406, "time": 65.71005271296862}, "-41": {"optimal_thrust": 3370.063828908325, "impact_speed": 33.747085384878574, "time": 65.85774551274237}, "-40": {"optimal_thrust": 3367.656323921015, "impact_speed": 34.51529213669397, "time": 66.00800896351218}, "-39": {"optimal_thrust": 3365.135227792414, "impact_speed": 35.30049704949554, "time": 66.16082931290444}, "-38": {"optimal_thrust": 3362.9694444329457, "impact_speed": 35.91866502328772, "time": 66.31618885947131}, "-37": {"optimal_thrust": 3361.9958019775822, "impact_speed": 36.04323540062819, "time": 66.47406803982629}, "-36": {"optimal_thrust": 3361.000896496734, "impact_speed": 36.14391104329929, "time": 66.6344256362134}, "-35": {"optimal_thrust": 3359.6394222642016, "impact_speed": 36.3899957248428, "time": 66.79722595777625}, "-34": {"optimal_thrust": 3358.2635532839727, "impact_speed": 36.6321162520363, "time": 66.96245877272545}, "-33": {"optimal_thrust": 3356.7170258844526, "impact_speed": 36.954788785537374, "time": 67.13017655928813}, "-32": {"optimal_thrust": 3355.371505002758, "impact_speed": 37.165517092158474, "time": 67.3003326027938}, "-31": {"optimal_thrust": 3354.0397189243977, "impact_speed": 37.35881216413769, "time": 67.47285843420994}, "-30": {"optimal_thrust": 3352.7202571644343, "impact_speed": 37.53553407670949, "time": 67.6476919999569}, "-29": {"optimal_thrust": 3351.415148848728, "impact_speed": 37.69454331573275, "time": 67.82478109451729}, "-28": {"optimal_thrust": 3350.1253117749097, "impact_speed": 37.83562420488211, "time": 68.00408595717379}, "-27": {"optimal_thrust": 3348.4721945670644, "impact_speed": 38.26422306219371, "time": 68.18557735956107}, "-26": {"optimal_thrust": 3347.2475804551573, "impact_speed": 38.37885066239607, "time": 68.3692527315916}, "-25": {"optimal_thrust": 3346.058642881348, "impact_speed": 38.46235630006269, "time": 68.55510347978635}, "-24": {"optimal_thrust": 3344.9063959021837, "impact_speed": 38.51048177872081, "time": 68.74301118548564}, "-23": {"optimal_thrust": 3343.790906359296, "impact_speed": 38.51853663223809, "time": 68.93243793330738}, "-22": {"optimal_thrust": 3342.710773651264, "impact_speed": 38.48251990610614, "time": 69.12328365990496}, "-21": {"optimal_thrust": 3341.6652283510116, "impact_speed": 38.39713566950672, "time": 69.3161801252857}, "-20": {"optimal_thrust": 3340.652932657802, "impact_speed": 38.25832974943926, "time": 69.51120236379136}, "-19": {"optimal_thrust": 3339.6740645263503, "impact_speed": 37.67007841869165, "time": 69.70815897029433}, "-18": {"optimal_thrust": 3338.72979068661, "impact_speed": 35.69820099016275, "time": 69.90698847051769}, "-17": {"optimal_thrust": 3337.8211751174736,