{"-90": {"optimal_thrust": 3430.2588352467997, "impact_speed": 7.004488963992543, "time": 61.87888704799126}, "-89": {"optimal_thrust": 3414.7066227512173, "impact_speed": 19.594484384706703, "time": 61.88301260353161}, "-88": {"optimal_thrust": 3413.842101848327, "impact_speed": 20.028735457864958, "time": 61.88453725044285}, "-87": {"optimal_thrust": 3419.2604298195565, "impact_speed": 16.819806391451003, "time": 61.8923551283816}, "-86": {"optimal_thrust": 3424.108444809855, "impact_speed": 13.366971267119082, "time": 61.89884635543632}, "-85": {"optimal_thrust": 3430.8887568384794, "impact_speed": 5.9025828645928735, "time": 61.91874842243875}, "-84": {"optimal_thrust": 3430.4929213002465, "impact_speed": 6.592826806146664, "time": 61.93774218969271}, "-83": {"optimal_thrust": 3423.0476376219176, "impact_speed": 14.251187406978387, "time": 61.95815514442748}, "-82": {"optimal_thrust": 3410.6161261424577, "impact_speed": 21.67596775041989, "time": 61.982693787851034}, "-81": {"optimal_thrust": 3412.727762270796, "impact_speed": 20.60431739588796, "time": 62.01161728692264}, "-80": {"optimal_thrust": 3412.827344996313, "impact_speed": 20.55200709829618, "time": 62.04479764197397}, "-79": {"optimal_thrust": 3412.869364001213, "impact_speed": 20.521456054724965, "time": 62.077004182400195}, "-78": {"optimal_thrust": 3412.2148837058403, "impact_speed": 20.845626964343865, "time": 62.11359081937718}, "-77": {"optimal_thrust": 3411.545947771919, "impact_speed": 21.16632267610844, "time": 62.15402635416708}, "-76": {"optimal_thrust": 3410.956317533501, "impact_speed": 21.438382784185546, "time": 62.19793241074413}, "-75": {"optimal_thrust": 3410.500873391274, "impact_speed": 21.638223594079356, "time": 62.24517599308553}, "-74": {"optimal_thrust": 3410.1317081566067, "impact_speed": 21.792973496330077, "time": 62.295655377770835}, "-73": {"optimal_thrust": 3409.7691948447946, "impact_speed": 21.943430966693697, "time": 62.349343400010845}, "-72": {"optimal_thrust": 3409.3540420728395, "impact_speed": 22.11872120410363, "time": 62.40624476617713}, "-71": {"optimal_thrust": 3406.344629506674, "impact_speed": 23.488274059178103, "time": 62.46633187323816}, "-70": {"optimal_thrust": 3406.2744671327887, "impact_speed": 23.49711103762249, "time": 62.52964365241071}, "-69": {"optimal_thrust": 3406.1039542256235, "impact_speed": 23.552825405436597, "time": 62.596259496726205}, "-68": {"optimal_thrust": 3405.837443057539, "impact_speed": 23.65254537730386, "time": 62.66625496762403}, "-67": {"optimal_thrust": 3405.477103940502, "impact_speed": 23.79412533260591, "time": 62.7396035153514}, "-66": {"optimal_thrust": 3405.0272852800335, "impact_speed": 23.97424224385709, "time": 62.816350814428674}, "-65": {"optimal_thrust": 3404.4908077912446, "impact_speed": 24.190139152536993, "time": 62.895254864103244}, "-64": {"optimal_thrust": 3403.87131053503, "impact_speed": 24.438618139069234, "time": 62.97733451850771}, "-63": {"optimal_thrust": 3403.1721864851997, "impact_speed": 24.71656897293977, "time": 63.06154248880765}, "-62": {"optimal_thrust": 3402.396631840462, "impact_speed": 25.020983538921076, "time": 63.15015086681555}, "-61": {"optimal_thrust": 3401.5470130902586, "impact_speed": 25.34925998380007, "time": 63.24355681986953}, "-60": {"optimal_thrust": 3400.626914755427, "impact_speed": 25.69832720474812, "time": 63.33653197935181}, "-59": {"optimal_thrust": 3399.6392749518604, "impact_speed": 26.065483144789216, "time": 63.43392360970177}, "-58": {"optimal_thrust": 3398.586271469481, "impact_speed": 26.448445157826775, "time": 63.534262123729405}, "-57": {"optimal_thrust": 3397.4710349082143, "impact_speed": 26.844620323114547, "time": 63.637335923452}, "-56": {"optimal_thrust": 3396.2966399774004, "impact_speed": 27.251545829879994, "time": 63.742751731719295}, "-55": {"optimal_thrust": 3395.065257373146, "impact_speed": 27.667246266836557, "time": 63.849801635178395}, "-54": {"optimal_thrust": 3393.780405071237, "impact_speed": 28.089272026613713, "time": 63.91356874890838}, "-53": {"optimal_thrust": 3392.4441941602267, "impact_speed": 28.515866650230105, "time": 64.04807710289847}, "-52": {"optimal_thrust": 3391.059441660086, "impact_speed": 28.945062423760344, "time": 64.1792644449362}, "-51": {"optimal_thrust": 3389.771455127468, "impact_speed": 29.30894789280099, "time": 64.30894496290117}, "-50": {"optimal_thrust": 3388.5948195041005, "impact_speed": 29.585691754892437, "time": 64.43892505834303}, "-49": {"optimal_thrust": 3387.273577109532, "impact_speed": 29.88469916811741, "time": 64.57012232242147}, "-48": {"optimal_thrust": 3385.810282646607, "impact_speed": 30.200767754674875, "time": 64.70305728233673}, "-47": {"optimal_thrust": 3384.206793164442, "impact_speed": 30.528096161500113, "time": 64.83808616553264}, "-46": {"optimal_thrust": 3382.465920187745, "impact_speed": 30.881129585546223, "time": 64.97544819457404}, "-45": {"optimal_thrust": 3380.5901608320405, "impact_speed": 31.540766747720433, "time": 65.11529789717048}, "-44": {"optimal_thrust": 3378.581496076038, "impact_speed": 32.23515926562077, "time": 65.25772897682475}, "-43": {"optimal_thrust": 3376.442743126587, "impact_speed": 32.95563126446833, "time": 65.402792211131}, "-42": {"optimal_thrust": 3374.176710599907, "impact_speed": 33.69977871382778, "time": 65.55050867566841}, "-41": {"optimal_thrust": 3371.7866653405213, "impact_speed": 34.46517728751311, "time": 65.70087932730348}, "-40": {"optimal_thrust": 3369.2756757529046, "impact_speed": 35.24969988394605, "time": 65.85389177404015}, "-39": {"optimal_thrust": 3366.646299412296, "impact_speed": 36.051551330190584, "time": 66.009524953517}, "-38": {"optimal_thrust": 3364.3874517064423, "impact_speed": 36.68284252302798, "time": 66.16775661135215}, "-37": {"optimal_thrust": 3363.3713810244917, "impact_speed": 36.8102921840931, "time": 66.32856456606292}, "-36": {"optimal_thrust": 3362.1640982361396, "impact_speed": 36.988200521159676, "time": 66.49190400478929}, "-35": {"optimal_thrust": 3360.914346085112, "impact_speed": 37.16412667149704, "time": 66.65778813956682}, "-34": {"optimal_thrust": 3359.478991516034, "impact_speed": 37.41155467910205, "time": 66.82625706238083}, "-33": {"optimal_thrust": 3357.8658079989186, "impact_speed": 37.741171671733454, "time": 66.99724616296861}, "-32": {"optimal_thrust": 3356.4628515554823, "impact_speed": 37.95614506884552, "time": 67.17069121737173}, "-31": {"optimal_thrust": 3355.0736278905806, "impact_speed": 38.15364347791127, "time": 67.34653068264495}, "-30": {"optimal_thrust": 3353.697677171088, "impact_speed": 38.333948367962606, "time": 67.52471781702313}, "-29": {"optimal_thrust": 3352.335971793815, "impact_speed": 38.49667048835083, "time": 67.70522179483784}, "-28": {"optimal_thrust": 3350.9910349245215, "impact_speed": 38.64045741422177, "time": 67.888030461833}, "-27": {"optimal_thrust": 3349.2666428482557, "impact_speed": 39.07832873005138, "time": 68.07314516486085}, "-26": {"optimal_thrust": 3347.9897058134793, "impact_speed": 39.19510457266242, "time": 68.26052391811476}, "-25": {"optimal_thrust": 3346.7494216808336, "impact_speed": 39.28055082778363, "time": 68.4496865870459}, "-24": {"optimal_thrust": 3345.5474076690593, "impact_speed": 39.32990864526371, "time": 68.64022790275764}, "-23": {"optimal_thrust": 3344.3839865913023, "impact_speed": 39.33809233599149, "time": 68.83287658489053}, "-22": {"optimal_thrust": 3343.2577133607247, "impact_speed": 39.300842862759346, "time": 69.02783541781298}, "-21": {"optimal_thrust": 3342.1668089212426, "impact_speed": 39.214267086997296, "time": 69.22490058458621}, "-20": {"optimal_thrust": 3341.1109120790825, "impact_speed": 39.07270582827738, "time": 69.42399347016172}, "-19": {"optimal_thrust": 3340.089752855025, "impact_speed": 38.87132498343875, "time": 69.62510304072218}, "-18": {"optimal_thrust": 3339.1051316199096, "impact_speed": 36.90133548202639, "time": 69.82804402350034},