{"-90": {"optimal_thrust": 3435.0406519695443, "impact_speed": 6.252286320735315, "time": 61.655793555970654}, "-89": {"optimal_thrust": 3418.272789739609, "impact_speed": 20.002723577237003, "time": 61.65978204992198}, "-88": {"optimal_thrust": 3417.3719419603785, "impact_speed": 20.44598661900869, "time": 61.661635814166495}, "-87": {"optimal_thrust": 3423.0182174218776, "impact_speed": 17.170305166424146, "time": 61.669272945034166}, "-86": {"optimal_thrust": 3428.0704471911563, "impact_speed": 13.64547183506055, "time": 61.67749033802357}, "-85": {"optimal_thrust": 3435.1361412847095, "impact_speed": 6.0257358381582184, "time": 61.69646754032694}, "-84": {"optimal_thrust": 3434.7236755890017, "impact_speed": 6.730285255718188, "time": 61.71526442321342}, "-83": {"optimal_thrust": 3426.9648713618208, "impact_speed": 14.548187903891561, "time": 61.736455215926476}, "-82": {"optimal_thrust": 3414.010056706697, "impact_speed": 22.12758160890757, "time": 61.76147034438124}, "-81": {"optimal_thrust": 3416.210721747233, "impact_speed": 21.03354168076579, "time": 61.791051089481236}, "-80": {"optimal_thrust": 3416.314590351466, "impact_speed": 20.980093918201373, "time": 61.82426836908557}, "-79": {"optimal_thrust": 3416.3583995456474, "impact_speed": 20.948895521688364, "time": 61.85702152136339}, "-78": {"optimal_thrust": 3415.6759051954314, "impact_speed": 21.280052657277988, "time": 61.89437572195877}, "-77": {"optimal_thrust": 3414.978825903487, "impact_speed": 21.607417622501814, "time": 61.93553436502138}, "-76": {"optimal_thrust": 3414.3651501998665, "impact_speed": 21.884764975820783, "time": 61.98020309632513}, "-75": {"optimal_thrust": 3413.8899422579307, "impact_speed": 22.089055565933855, "time": 62.028248131105194}, "-74": {"optimal_thrust": 3413.5050444523376, "impact_speed": 22.24712021852138, "time": 62.07956347482698}, "-73": {"optimal_thrust": 3413.127562240384, "impact_speed": 22.400572136475922, "time": 62.134149308089704}, "-72": {"optimal_thrust": 3412.694886561104, "impact_speed": 22.57953542264144, "time": 62.19200342996954}, "-71": {"optimal_thrust": 3409.5588370756377, "impact_speed": 23.977592926780694, "time": 62.25310020492315}, "-70": {"optimal_thrust": 3409.48554068597, "impact_speed": 23.98669397451659, "time": 62.31748706704626}, "-69": {"optimal_thrust": 3409.3080585799908, "impact_speed": 24.043475890703405, "time": 62.38529565526584}, "-68": {"optimal_thrust": 3409.030096536988, "impact_speed": 24.145375837796415, "time": 62.45653317969098}, "-67": {"optimal_thrust": 3408.6548552672634, "impact_speed": 24.28978620409691, "time": 62.53119455414556}, "-66": {"optimal_thrust": 3408.185786017708, "impact_speed": 24.473793920259187, "time": 62.60935945965098}, "-65": {"optimal_thrust": 3407.6268572767103, "impact_speed": 24.69412898212581, "time": 62.688282286806135}, "-64": {"optimal_thrust": 3406.9815869404442, "impact_speed": 24.947649878333227, "time": 62.77167184999746}, "-63": {"optimal_thrust": 3406.252975750287, "impact_speed": 25.231415304367825, "time": 62.85835170660581}, "-62": {"optimal_thrust": 3405.444612182588, "impact_speed": 25.542240242118638, "time": 62.950451783091815}, "-61": {"optimal_thrust": 3404.5591131800843, "impact_speed": 25.877403164173092, "time": 63.042195902648224}, "-60": {"optimal_thrust": 3403.600384334117, "impact_speed": 26.233697333257464, "time": 63.137775885475}, "-59": {"optimal_thrust": 3402.5711092831593, "impact_speed": 26.608525565818567, "time": 63.23682606203009}, "-58": {"optimal_thrust": 3401.473846053091, "impact_speed": 26.999435572628094, "time": 63.33871432170682}, "-57": {"optimal_thrust": 3400.311728796852, "impact_speed": 27.403834631426847, "time": 63.443167181477094}, "-56": {"optimal_thrust": 3399.0877658027953, "impact_speed": 27.81928998340034, "time": 63.54953326508156}, "-55": {"optimal_thrust": 3397.8046408983882, "impact_speed": 28.24360924790785, "time": 63.65690882268292}, "-54": {"optimal_thrust": 3396.465425304277, "impact_speed": 28.67454031080319, "time": 63.74031763918768}, "-53": {"optimal_thrust": 3395.0731236837423, "impact_speed": 29.109953310816277, "time": 63.87230571971454}, "-52": {"optimal_thrust": 3393.630039820324, "impact_speed": 29.548104708779768, "time": 64.00221351753333}, "-51": {"optimal_thrust": 3392.2876899741686, "impact_speed": 29.919634201711343, "time": 64.13197903375307}, "-50": {"optimal_thrust": 3391.0616158548296, "impact_speed": 30.202103096503574, "time": 64.26282532398163}, "-49": {"optimal_thrust": 3389.684600017888, "impact_speed": 30.50743308397473, "time": 64.39534882054234}, "-48": {"optimal_thrust": 3388.1599696300764, "impact_speed": 30.829923360564912, "time": 64.52995733504402}, "-47": {"optimal_thrust": 3386.48887552282, "impact_speed": 31.164183199730083, "time": 64.66692469237886}, "-46": {"optimal_thrust": 3384.6749652643916, "impact_speed": 31.52180756862302, "time": 64.80642836506898}, "-45": {"optimal_thrust": 3382.7197700411944, "impact_speed": 32.19823930413157, "time": 64.94857686635848}, "-44": {"optimal_thrust": 3380.626487721204, "impact_speed": 32.9069908647192, "time": 65.09343026295325}, "-43": {"optimal_thrust": 3378.397808599199, "impact_speed": 33.642336790320776, "time": 65.24101527612089}, "-42": {"optimal_thrust": 3376.036737239291, "impact_speed": 34.401774544523384, "time": 65.39133620398037}, "-41": {"optimal_thrust": 3373.546341920183, "impact_speed": 35.18300101125863, "time": 65.54438260727633}, "-40": {"optimal_thrust": 3370.9291802797215, "impact_speed": 35.984080840051, "time": 65.70013458614669}, "-39": {"optimal_thrust": 3368.1894134628237, "impact_speed": 36.80251528656722, "time": 65.8585663360028}, "-38": {"optimal_thrust": 3365.8353117475954, "impact_speed": 37.447021026895484, "time": 66.01965289065349}, "-37": {"optimal_thrust": 3364.776615648001, "impact_speed": 37.57706002645845, "time": 66.18337077822471}, "-36": {"optimal_thrust": 3363.6953038848264, "impact_speed": 37.68199612015044, "time": 66.34974552822169}, "-35": {"optimal_thrust": 3362.2157802050015, "impact_speed": 37.938418306880465, "time": 66.5187951715093}, "-34": {"optimal_thrust": 3360.3777989936953, "impact_speed": 38.35491367336836, "time": 66.69044978502147}, "-33": {"optimal_thrust": 3359.0391825803795, "impact_speed": 38.527338951287305, "time": 66.86464907127815}, "-32": {"optimal_thrust": 3357.5769378353007, "impact_speed": 38.74690832075587, "time": 67.04133053333868}, "-31": {"optimal_thrust": 3356.129216889885, "impact_speed": 38.94852820352124, "time": 67.220454930532}, "-30": {"optimal_thrust": 3354.6954149447834, "impact_speed": 39.13253961620485, "time": 67.40200190529498}, "-29": {"optimal_thrust": 3353.2765922146214, "impact_speed": 39.29849343632325, "time": 67.58597511560002}, "-28": {"optimal_thrust": 3351.874775984232, "impact_speed": 39.44546372619199, "time": 67.77238118018938}, "-27": {"optimal_thrust": 3350.077518879221, "impact_speed": 39.89265611480196, "time": 67.96096178183795}, "-26": {"optimal_thrust": 3348.7466787521353, "impact_speed": 40.01200334101919, "time": 68.15097622482992}, "-25": {"optimal_thrust": 3347.454328875857, "impact_speed": 40.09913127882056, "time": 68.34293049486021}, "-24": {"optimal_thrust": 3346.2017924832667, "impact_speed": 40.14946323636733, "time": 68.53736605538306}, "-23": {"optimal_thrust": 3344.989707231717, "impact_speed": 40.15745713031809, "time": 68.73411896781234}, "-22": {"optimal_thrust": 3343.815843674993, "impact_speed": 40.11965251260171, "time": 68.93304691307763}, "-21": {"optimal_thrust": 3342.6792126586565, "impact_speed": 40.03091916460721, "time": 69.13415218868235}, "-20": {"optimal_thrust": 3341.578900159733, "impact_speed": 39.88624162973779, "time": 69.3372517969518}, "-19": {"optimal_thrust": 3340.5145049449634, "impact_speed": 39.68124224521545, "time": 69.54230506093876}, "-18": {"optimal_thrust": 3339.4883416200155, "impact_speed": 38.13320175995571, "time": 69.74926545152945},