{"-90": {"optimal_thrust": 3439.861036777746, "impact_speed": 5.495509237700141, "time": 61.43365103733492}, "-89": {"optimal_thrust": 3421.91257462345, "impact_speed": 20.41091568649816, "time": 61.43737448193978}, "-88": {"optimal_thrust": 3420.974502608807, "impact_speed": 20.863268397922912, "time": 61.43970273855227}, "-87": {"optimal_thrust": 3426.853520450918, "impact_speed": 17.520780849138852, "time": 61.447057504880085}, "-86": {"optimal_thrust": 3432.1140630871014, "impact_speed": 13.92403137208062, "time": 61.45673431090659}, "-85": {"optimal_thrust": 3439.4712777100526, "impact_speed": 6.148573956043433, "time": 61.47520841454959}, "-84": {"optimal_thrust": 3439.041735602834, "impact_speed": 6.8676261878998845, "time": 61.493902683153074}, "-83": {"optimal_thrust": 3430.963267601917, "impact_speed": 14.844900751710579, "time": 61.51568905257162}, "-82": {"optimal_thrust": 3417.4740828329, "impact_speed": 22.579138944830014, "time": 61.54119471892556}, "-81": {"optimal_thrust": 3419.765442073916, "impact_speed": 21.46279295993024, "time": 61.57144914361837}, "-80": {"optimal_thrust": 3419.8732750637732, "impact_speed": 21.408413767378388, "time": 61.60451859576342}, "-79": {"optimal_thrust": 3419.919325248105, "impact_speed": 21.376361190334173, "time": 61.63799305337255}, "-78": {"optimal_thrust": 3419.208687519403, "impact_speed": 21.714278845350595, "time": 61.67608498110859}, "-77": {"optimal_thrust": 3418.4827636003874, "impact_speed": 22.04837518765568, "time": 61.71795309893991}, "-76": {"optimal_thrust": 3417.8436319813213, "impact_speed": 22.331455516870637, "time": 61.763371599652984}, "-75": {"optimal_thrust": 3417.348660239676, "impact_speed": 22.53999472299614, "time": 61.812206155498714}, "-74": {"optimal_thrust": 3416.948476317828, "impact_speed": 22.70101038524224, "time": 61.864350556610745}, "-73": {"optimal_thrust": 3416.55519898924, "impact_speed": 22.85770209294253, "time": 61.91982553907749}, "-72": {"optimal_thrust": 3416.1046164875725, "impact_speed": 23.040348546959617, "time": 61.9786232993374}, "-71": {"optimal_thrust": 3412.8395596962805, "impact_speed": 24.466806753847365, "time": 62.04071918164575}, "-70": {"optimal_thrust": 3412.762874739205, "impact_speed": 24.476252733852277, "time": 62.10619606357896}, "-69": {"optimal_thrust": 3412.578356793872, "impact_speed": 24.534070433734374, "time": 62.1751824703185}, "-68": {"optimal_thrust": 3412.2885640007707, "impact_speed": 24.638210993667805, "time": 62.24765176303152}, "-67": {"optimal_thrust": 3411.897907320596, "impact_speed": 24.785543617244965, "time": 62.32362684791973}, "-66": {"optimal_thrust": 3411.4095874809846, "impact_speed": 24.973267244636787, "time": 62.40245115703679}, "-65": {"optimal_thrust": 3410.8278902770403, "impact_speed": 25.19797930686039, "time": 62.48366780347187}, "-64": {"optimal_thrust": 3410.155820346161, "impact_speed": 25.45675748503369, "time": 62.56763999632109}, "-63": {"optimal_thrust": 3409.3970875932514, "impact_speed": 25.746347745965142, "time": 62.656159383473785}, "-62": {"optimal_thrust": 3408.55533516613, "impact_speed": 26.063540361476228, "time": 62.74891982710559}, "-61": {"optimal_thrust": 3407.6334465269024, "impact_speed": 26.405492071299964, "time": 62.8422000839115}, "-60": {"optimal_thrust": 3406.635252856432, "impact_speed": 26.76903018532474, "time": 62.9397986561617}, "-59": {"optimal_thrust": 3405.5634455580853, "impact_speed": 27.151546404831393, "time": 63.04034344686596}, "-58": {"optimal_thrust": 3404.4206454183995, "impact_speed": 27.550554721232476, "time": 63.14365789875628}, "-57": {"optimal_thrust": 3403.2106875691065, "impact_speed": 27.96317502477257, "time": 63.24918945677845}, "-56": {"optimal_thrust": 3401.936326044164, "impact_speed": 28.38708082356996, "time": 63.3560614682799}, "-55": {"optimal_thrust": 3400.60056180945, "impact_speed": 28.819950394506975, "time": 63.430859955226964}, "-54": {"optimal_thrust": 3399.206152555789, "impact_speed": 29.25966496906947, "time": 63.563996192771626}, "-53": {"optimal_thrust": 3397.756032789081, "impact_speed": 29.70413338951907, "time": 63.6943707954536}, "-52": {"optimal_thrust": 3396.253724006197, "impact_speed": 30.15111110359647, "time": 63.823962307932185}, "-51": {"optimal_thrust": 3394.8561139777585, "impact_speed": 30.530183088608826, "time": 63.95441939633403}, "-50": {"optimal_thrust": 3393.5791279894324, "impact_speed": 30.818584423037468, "time": 64.08645334620907}, "-49": {"optimal_thrust": 3392.145637853144, "impact_speed": 31.129992068188308, "time": 64.22053512062003}, "-48": {"optimal_thrust": 3390.55794733421, "impact_speed": 31.459197147970663, "time": 64.35698255798617}, "-47": {"optimal_thrust": 3388.818418177986, "impact_speed": 31.7997148837698, "time": 64.49600251793224}, "-46": {"optimal_thrust": 3386.9294175125806, "impact_speed": 32.164353819456025, "time": 64.63772272255758}, "-45": {"optimal_thrust": 3384.893635904144, "impact_speed": 32.85523718044665, "time": 64.7822154269431}, "-44": {"optimal_thrust": 3382.7140116290257, "impact_speed": 33.578520971270926, "time": 64.92951487448798}, "-43": {"optimal_thrust": 3380.393745397478, "impact_speed": 34.3286937926719, "time": 65.07962988273772}, "-42": {"optimal_thrust": 3377.93488158269, "impact_speed": 35.10389319984874, "time": 65.23255267222105}, "-41": {"optimal_thrust": 3375.3414487340456, "impact_speed": 35.90121946920559, "time": 65.38826494277409}, "-40": {"optimal_thrust": 3372.6169674019006, "impact_speed": 36.71838244900277, "time": 65.54674188209755}, "-39": {"optimal_thrust": 3369.764058813296, "impact_speed": 37.55359159647036, "time": 65.70795476955016}, "-38": {"optimal_thrust": 3367.3130611514407, "impact_speed": 38.2111868186058, "time": 65.87187781749387}, "-37": {"optimal_thrust": 3366.2105530117537, "impact_speed": 38.34393904739816, "time": 66.03857496109816}, "-36": {"optimal_thrust": 3365.0843819963793, "impact_speed": 38.45113785054975, "time": 66.2080405495842}, "-35": {"optimal_thrust": 3363.543911444386, "impact_speed": 38.71277328444986, "time": 66.38019846090532}, "-34": {"optimal_thrust": 3361.630469316707, "impact_speed": 39.13761517364557, "time": 66.55498097669401}, "-33": {"optimal_thrust": 3360.236478748839, "impact_speed": 39.31364774582101, "time": 66.73234226653781}, "-32": {"optimal_thrust": 3358.714089313476, "impact_speed": 39.53761937915663, "time": 66.9122427297928}, "-31": {"optimal_thrust": 3357.2062068074356, "impact_speed": 39.74362971303777, "time": 67.09467513216002}, "-30": {"optimal_thrust": 3355.7134785257826, "impact_speed": 39.93129197173691, "time": 67.27965914856722}, "-29": {"optimal_thrust": 3354.2362144004505, "impact_speed": 40.10060218310546, "time": 67.46715666481452}, "-28": {"optimal_thrust": 3352.776793986013, "impact_speed": 40.25042576829711, "time": 67.65653853217184}, "-27": {"optimal_thrust": 3350.905435492368, "impact_speed": 40.706745382482495, "time": 67.84746264333346}, "-26": {"optimal_thrust": 3349.519855698397, "impact_speed": 40.82841476851846, "time": 68.04089083473653}, "-25": {"optimal_thrust": 3348.1740982405136, "impact_speed": 40.91741006191521, "time": 68.23688893181601}, "-24": {"optimal_thrust": 3346.870030072999, "impact_speed": 40.968641147319865, "time": 68.43522416876266}, "-23": {"optimal_thrust": 3345.607392443873, "impact_speed": 40.97745970399101, "time": 68.63588798910062}, "-22": {"optimal_thrust": 3344.3853440643516, "impact_speed": 40.93866036844356, "time": 68.83873463672265}, "-21": {"optimal_thrust": 3343.2020204298374, "impact_speed": 40.84786226965861, "time": 69.04368034917563}, "-20": {"optimal_thrust": 3342.0560658050563, "impact_speed": 40.70083588736783, "time": 69.25068801031118}, "-19": {"optimal_thrust": 3340.9483665180337, "impact_speed": 40.490147880206976, "time": 69.45967329874003}, "-18": {"optimal_thrust": 3339.879823963115, "impact_speed": 39.396156975609074, "time": 69.67058686963982}, "-17": {"optimal_thrust": 3338.8516901223693,