{"-90": {"optimal_thrust": 3444.7190922013606, "impact_speed": 4.733907031121568, "time": 61.2124574062897}, "-89": {"optimal_thrust": 3425.6256557677093, "impact_speed": 20.819229365927793, "time": 61.215894836963486}, "-88": {"optimal_thrust": 3424.6497839539165, "impact_speed": 21.280578913661603, "time": 61.218733380580616}, "-87": {"optimal_thrust": 3430.7664679446175, "impact_speed": 17.87115805713725, "time": 61.22566967994459}, "-86": {"optimal_thrust": 3436.239542798103, "impact_speed": 14.202457696781142, "time": 61.23667898438875}, "-85": {"optimal_thrust": 3443.894098910712, "impact_speed": 6.271231549997207, "time": 61.25495027101861}, "-84": {"optimal_thrust": 3443.4473515474583, "impact_speed": 7.004472349743644, "time": 61.27361580010493}, "-83": {"optimal_thrust": 3435.0423799790337, "impact_speed": 15.141659505182707, "time": 61.29585453921199}, "-82": {"optimal_thrust": 3421.0082089098123, "impact_speed": 23.03064103760887, "time": 61.32186310252195}, "-81": {"optimal_thrust": 3423.391730854894, "impact_speed": 21.8921638944929, "time": 61.352812566650556}, "-80": {"optimal_thrust": 3423.5044254903946, "impact_speed": 21.83644951285754, "time": 61.385661230641745}, "-79": {"optimal_thrust": 3423.552136611031, "impact_speed": 21.80385372827842, "time": 61.419909532027695}, "-78": {"optimal_thrust": 3422.812591947536, "impact_speed": 22.14862553310736, "time": 61.45871377748081}, "-77": {"optimal_thrust": 3422.057694138627, "impact_speed": 22.489235109804792, "time": 61.50128104678496}, "-76": {"optimal_thrust": 3421.392660216403, "impact_speed": 22.778016677150884, "time": 61.54743680714828}, "-75": {"optimal_thrust": 3420.8776074566713, "impact_speed": 22.990766330632514, "time": 61.59704395697347}, "-74": {"optimal_thrust": 3420.4611776499296, "impact_speed": 23.155038548465896, "time": 61.65001499229287}, "-73": {"optimal_thrust": 3420.0517168351234, "impact_speed": 23.314998741461817, "time": 61.70637049971186}, "-72": {"optimal_thrust": 3419.5830983206215, "impact_speed": 23.50122119539482, "time": 61.76610281852052}, "-71": {"optimal_thrust": 3416.1860963002814, "impact_speed": 24.95622028858734, "time": 61.82918701269925}, "-70": {"optimal_thrust": 3416.1064066799686, "impact_speed": 24.96581547212111, "time": 61.89576621351321}, "-69": {"optimal_thrust": 3415.9143396348936, "impact_speed": 25.024829947955578, "time": 61.96591660470059}, "-68": {"optimal_thrust": 3415.613162659631, "impact_speed": 25.13091511886532, "time": 62.03961032843631}, "-67": {"optimal_thrust": 3415.206773358262, "impact_speed": 25.28117326335289, "time": 62.11690374153512}, "-66": {"optimal_thrust": 3414.6986896698636, "impact_speed": 25.472666826036164, "time": 62.19540438786996}, "-65": {"optimal_thrust": 3414.0933935344788, "impact_speed": 25.701914980825375, "time": 62.27837331689529}, "-64": {"optimal_thrust": 3413.394140047791, "impact_speed": 25.9658822602672, "time": 62.36453741859707}, "-63": {"optimal_thrust": 3412.604643177812, "impact_speed": 26.261310763423285, "time": 62.45687752881049}, "-62": {"optimal_thrust": 3411.728738056271, "impact_speed": 26.584907278743984, "time": 62.54774814603681}, "-61": {"optimal_thrust": 3410.770009316647, "impact_speed": 26.933531462386114, "time": 62.64338721267828}, "-60": {"optimal_thrust": 3409.7311403210037, "impact_speed": 27.30448270693655, "time": 62.74244915325532}, "-59": {"optimal_thrust": 3408.615840925022, "impact_speed": 27.694726070742156, "time": 62.844437300501305}, "-58": {"optimal_thrust": 3407.4274371789106, "impact_speed": 28.101486245705278, "time": 62.94894949861312}, "-57": {"optimal_thrust": 3406.168424482732, "impact_speed": 28.522428413813497, "time": 63.05517621518888}, "-56": {"optimal_thrust": 3404.842767334701, "impact_speed": 28.954736896358636, "time": 63.1195638150863}, "-55": {"optimal_thrust": 3403.4526399295614, "impact_speed": 29.396423353083478, "time": 63.254323258207485}, "-54": {"optimal_thrust": 3402.0020734460627, "impact_speed": 29.844861347683228, "time": 63.385448474688154}, "-53": {"optimal_thrust": 3400.493625849747, "impact_speed": 30.29811449621023, "time": 63.515037361186145}, "-52": {"optimal_thrust": 3398.930364707561, "impact_speed": 30.754137365508136, "time": 63.64510091386466}, "-51": {"optimal_thrust": 3397.4762802815017, "impact_speed": 31.14079574609532, "time": 63.77658520001321}, "-50": {"optimal_thrust": 3396.1476184505264, "impact_speed": 31.435006740230524, "time": 63.910047030915855}, "-49": {"optimal_thrust": 3394.6563101927777, "impact_speed": 31.752598340974878, "time": 64.0458577045825}, "-48": {"optimal_thrust": 3393.0044666274744, "impact_speed": 32.088397199745614, "time": 64.18426159366773}, "-47": {"optimal_thrust": 3391.1943915007773, "impact_speed": 32.43609712254966, "time": 64.32541114472208}, "-46": {"optimal_thrust": 3389.229155868906, "impact_speed": 32.81057162658855, "time": 64.46939447434966}, "-45": {"optimal_thrust": 3387.111444052432, "impact_speed": 33.5122030714347, "time": 64.61625570512177}, "-44": {"optimal_thrust": 3384.8437505887646, "impact_speed": 34.250018009840375, "time": 64.76600964035038}, "-43": {"optimal_thrust": 3382.4295270059147, "impact_speed": 35.01534372791573, "time": 64.91865207152935}, "-42": {"optimal_thrust": 3379.8716568033997, "impact_speed": 35.80586618746863, "time": 65.07416679480995}, "-41": {"optimal_thrust": 3377.173461855195, "impact_speed": 36.61914554520295, "time": 65.23253028503493}, "-40": {"optimal_thrust": 3374.3384600822933, "impact_speed": 37.4528452631725, "time": 65.39371469803338}, "-39": {"optimal_thrust": 3371.3706826634443, "impact_speed": 38.30460444831202, "time": 65.55769101558444}, "-38": {"optimal_thrust": 3368.820231603923, "impact_speed": 38.9755119781007, "time": 65.72452931907301}, "-37": {"optimal_thrust": 3367.673400268478, "impact_speed": 39.11084111977862, "time": 65.89423988045482}, "-36": {"optimal_thrust": 3366.5020734768505, "impact_speed": 39.220038107486616, "time": 66.06673556507629}, "-35": {"optimal_thrust": 3364.8993507905457, "impact_speed": 39.486906676384415, "time": 66.24194459875186}, "-34": {"optimal_thrust": 3363.27903284286, "impact_speed": 39.74976957784697, "time": 66.41981958398831}, "-33": {"optimal_thrust": 3361.458043987046, "impact_speed": 40.09991495474256, "time": 66.60033182477241}, "-32": {"optimal_thrust": 3359.874093858677, "impact_speed": 40.328395920615776, "time": 66.78348937346824}, "-31": {"optimal_thrust": 3358.305577622455, "impact_speed": 40.53836185795323, "time": 66.9693219364833}, "-30": {"optimal_thrust": 3356.752148345454, "impact_speed": 40.730016696046185, "time": 67.15766366810725}, "-29": {"optimal_thrust": 3355.215288224935, "impact_speed": 40.902662986274386, "time": 67.34759579169273}, "-28": {"optimal_thrust": 3353.69687945928, "impact_speed": 41.05551025488815, "time": 67.53956121168864}, "-27": {"optimal_thrust": 3351.7500960551897, "impact_speed": 41.52082243620931, "time": 67.73429816972957}, "-26": {"optimal_thrust": 3350.308717331569, "impact_speed": 41.644777949037945, "time": 67.93162193890267}, "-25": {"optimal_thrust": 3348.9084336041874, "impact_speed": 41.73566784096174, "time": 68.1313819397045}, "-24": {"optimal_thrust": 3347.5517753867434, "impact_speed": 41.78781479627001, "time": 68.3335708251649}, "-23": {"optimal_thrust": 3346.237923389374, "impact_speed": 41.7970179412922, "time": 68.53799056898781}, "-22": {"optimal_thrust": 3344.9664715268173, "impact_speed": 41.75749073785761, "time": 68.74462335167266}, "-21": {"optimal_thrust": 3343.73525551661, "impact_speed": 41.66503890982839, "time": 68.95340006084152}, "-20": {"optimal_thrust": 3342.5434422597314, "impact_speed": 41.51417351241981, "time": 69.1642516409182}, "-19": {"optimal_thrust": 3341.3905666001738, "impact_speed": 41.300271425109706, "time": 69.37713777105633}, "-18": {"optimal_thrust": 3340.2790611277346, "impact_speed": 40.68763189602325, "time": 69.59200678740027}, "-17": {"optimal_thrust": 3339.208939231569,