{"-90": {"optimal_thrust": 3449.6139877718942, "impact_speed": 3.9668272342169644, "time": 60.99221059593853}, "-89": {"optimal_thrust": 3429.4123502179036, "impact_speed": 21.227497229545843, "time": 60.99538849058678}, "-88": {"optimal_thrust": 3428.3979773346787, "impact_speed": 21.697823038677143, "time": 60.998723435726106}, "-87": {"optimal_thrust": 3434.756551625434, "impact_speed": 18.221738939674623, "time": 61.00502322889645}, "-86": {"optimal_thrust": 3440.4466362660814, "impact_speed": 14.480943398865422, "time": 61.017395343637375}, "-85": {"optimal_thrust": 3448.4044144040317, "impact_speed": 6.394041017166741, "time": 61.035662732139414}, "-84": {"optimal_thrust": 3447.939760218183, "impact_speed": 7.142001567998855, "time": 61.05433588751689}, "-83": {"optimal_thrust": 3439.202141358971, "impact_speed": 15.438508225113683, "time": 61.07694957626397}, "-82": {"optimal_thrust": 3424.6121133379447, "impact_speed": 23.4822380621967, "time": 61.1034723350359}, "-81": {"optimal_thrust": 3427.090227002351, "impact_speed": 22.321340616217277, "time": 61.13513206315509}, "-80": {"optimal_thrust": 3427.207270027339, "impact_speed": 22.264588736322874, "time": 61.16774777218601}, "-79": {"optimal_thrust": 3427.2568381319807, "impact_speed": 22.231369419306738, "time": 61.20276321890086}, "-78": {"optimal_thrust": 3426.4883196865667, "impact_speed": 22.582753854809038, "time": 61.242253708817564}, "-77": {"optimal_thrust": 3425.702787049711, "impact_speed": 22.9303894583168, "time": 61.28552000495072}, "-76": {"optimal_thrust": 3425.011466797223, "impact_speed": 23.224808178736133, "time": 61.33239683382565}, "-75": {"optimal_thrust": 3424.4766502374887, "impact_speed": 23.441440717122024, "time": 61.382765589465414}, "-74": {"optimal_thrust": 3424.0430771739275, "impact_speed": 23.60922885621222, "time": 61.43655513209466}, "-73": {"optimal_thrust": 3423.6179505943887, "impact_speed": 23.77207868619198, "time": 61.493782581594964}, "-72": {"optimal_thrust": 3423.130845163224, "impact_speed": 23.961921726286644, "time": 61.55444232443788}, "-71": {"optimal_thrust": 3419.599277356134, "impact_speed": 25.44547513282011, "time": 61.618510152202774}, "-70": {"optimal_thrust": 3419.516453867781, "impact_speed": 25.455249059958625, "time": 61.68619339350903}, "-69": {"optimal_thrust": 3419.3165205092605, "impact_speed": 25.515529728775032, "time": 61.75749549443355}, "-68": {"optimal_thrust": 3419.003575302825, "impact_speed": 25.623628617973175, "time": 61.832409597209164}, "-67": {"optimal_thrust": 3418.580940122499, "impact_speed": 25.77689693902737, "time": 61.91102645790004}, "-66": {"optimal_thrust": 3418.052775373606, "impact_speed": 25.972128923553115, "time": 61.991137428023876}, "-65": {"optimal_thrust": 3417.4232378131755, "impact_speed": 26.205984582194638, "time": 62.07444124341374}, "-64": {"optimal_thrust": 3416.6963542055178, "impact_speed": 26.47510213811938, "time": 62.162458695832505}, "-63": {"optimal_thrust": 3415.875838550987, "impact_speed": 26.77622250241065, "time": 62.254723232340645}, "-62": {"optimal_thrust": 3414.9652674772706, "impact_speed": 27.1061560478282, "time": 62.347800065139}, "-61": {"optimal_thrust": 3413.9683549119172, "impact_speed": 27.46170391223219, "time": 62.44525443317669}, "-60": {"optimal_thrust": 3412.8886812870755, "impact_speed": 27.839794543290378, "time": 62.54573189662046}, "-59": {"optimal_thrust": 3411.729251314027, "impact_speed": 28.237676150587056, "time": 62.64901200578029}, "-58": {"optimal_thrust": 3410.4933909999136, "impact_speed": 28.652568563008984, "time": 62.75440598528786}, "-57": {"optimal_thrust": 3409.184810179683, "impact_speed": 29.081650657473062, "time": 62.860888996886246}, "-56": {"optimal_thrust": 3407.8061963640625, "impact_speed": 29.52261653610798, "time": 62.94318799337626}, "-55": {"optimal_thrust": 3406.3613219963004, "impact_speed": 29.972844924830227, "time": 63.07545348040751}, "-54": {"optimal_thrust": 3404.8533210976802, "impact_speed": 30.430072690822758, "time": 63.205332948607555}, "-53": {"optimal_thrust": 3403.285198331438, "impact_speed": 30.892189552012745, "time": 63.335042851609614}, "-52": {"optimal_thrust": 3401.66015440783, "impact_speed": 31.35710415025694, "time": 63.4659471866535}, "-51": {"optimal_thrust": 3400.148635588216, "impact_speed": 31.75127916298125, "time": 63.598711249703506}, "-50": {"optimal_thrust": 3398.767271496506, "impact_speed": 32.05128750197243, "time": 63.73377981367115}, "-49": {"optimal_thrust": 3397.2168678477924, "impact_speed": 32.37511213566486, "time": 63.87144259675322}, "-48": {"optimal_thrust": 3395.499210299131, "impact_speed": 32.7177571074681, "time": 64.01188378357195}, "-47": {"optimal_thrust": 3393.6176955314136, "impact_speed": 33.07210336790666, "time": 64.15521203166924}, "-46": {"optimal_thrust": 3391.5748780506915, "impact_speed": 33.450620652066064, "time": 64.30148436924722}, "-45": {"optimal_thrust": 3389.372932142607, "impact_speed": 34.16947840583989, "time": 64.45072347961063}, "-44": {"optimal_thrust": 3387.0158257641415, "impact_speed": 34.92138994304104, "time": 64.60292985737885}, "-43": {"optimal_thrust": 3384.5056666822634, "impact_speed": 35.70196518073518, "time": 64.75809005822522}, "-42": {"optimal_thrust": 3381.846486075721, "impact_speed": 36.50798994174274, "time": 64.91618221608157}, "-41": {"optimal_thrust": 3379.041801865508, "impact_speed": 37.3370516968878, "time": 65.07717954487177}, "-40": {"optimal_thrust": 3376.094618714862, "impact_speed": 38.18707493595621, "time": 65.24105349115294}, "-39": {"optimal_thrust": 3373.008837907909, "impact_speed": 39.05572341847041, "time": 65.4078725574137}, "-38": {"optimal_thrust": 3370.3576535064694, "impact_speed": 39.73968935286641, "time": 65.5776481660208}, "-37": {"optimal_thrust": 3369.1652852621414, "impact_speed": 39.87771552990943, "time": 65.75031267527456}, "-36": {"optimal_thrust": 3367.9474611023684, "impact_speed": 39.98910108501996, "time": 65.92578448650569}, "-35": {"optimal_thrust": 3366.2810986479435, "impact_speed": 40.261282476715095, "time": 66.10401094931795}, "-34": {"optimal_thrust": 3364.2112354473215, "impact_speed": 40.70324914429594, "time": 66.2849716222716}, "-33": {"optimal_thrust": 3362.7036183854057, "impact_speed": 40.88627119129749, "time": 66.4686918134046}, "-32": {"optimal_thrust": 3361.0569007101244, "impact_speed": 41.119261061034095, "time": 66.65520080550753}, "-31": {"optimal_thrust": 3359.426612846687, "impact_speed": 41.33315710558797, "time": 66.84412755154753}, "-30": {"optimal_thrust": 3357.8116182006174, "impact_speed": 41.52859390329663, "time": 67.03455778782006}, "-29": {"optimal_thrust": 3356.213893922206, "impact_speed": 41.70462318043931, "time": 67.22750633002008}, "-28": {"optimal_thrust": 3354.1092954713927, "impact_speed": 42.20334151825375, "time": 67.42334375992179}, "-27": {"optimal_thrust": 3352.611495759017, "impact_speed": 42.334891348719665, "time": 67.62180330443033}, "-26": {"optimal_thrust": 3351.1128754594447, "impact_speed": 42.461396612567746, "time": 67.82284552735884}, "-25": {"optimal_thrust": 3349.657052101383, "impact_speed": 42.55415211299236, "time": 68.02632822842861}, "-24": {"optimal_thrust": 3348.2467915996926, "impact_speed": 42.6072202784635, "time": 68.23216244263173}, "-23": {"optimal_thrust": 3346.88119139092, "impact_speed": 42.616283854935645, "time": 68.44031108715843}, "-22": {"optimal_thrust": 3345.5589923679686, "impact_speed": 42.576478485964664, "time": 68.65068075193565}, "-21": {"optimal_thrust": 3344.2793008574236, "impact_speed": 42.48178406672631, "time": 68.86323762927815}, "-20": {"optimal_thrust": 3343.0401044796427, "impact_speed": 42.328305165121726, "time": 69.07793176682337}, "-19": {"optimal_thrust": 3341.8417284722514, "impact_speed": 42.10982186347793, "time": 69.29471201893189}, "-18": {"optimal_thrust": 3340.685071242083, "impact_speed": 41.820805959629205, "time": 69.51352603324854},