{"-90": {"optimal_thrust": 3454.5438665053416, "impact_speed": 3.1964056842886492, "time": 60.77290854012858}, "-89": {"optimal_thrust": 3433.272662894, "impact_speed": 21.635719429274815, "time": 60.77586648372466}, "-88": {"optimal_thrust": 3432.218762395725, "impact_speed": 22.115158072683858, "time": 60.77966901637778}, "-87": {"optimal_thrust": 3438.8247259000686, "impact_speed": 18.57196578605664, "time": 60.78499836836325}, "-86": {"optimal_thrust": 3444.7353380800764, "impact_speed": 14.759489042884795, "time": 60.79893260862738}, "-85": {"optimal_thrust": 3453.0020974619265, "impact_speed": 6.517203952935181, "time": 60.81732743866386}, "-84": {"optimal_thrust": 3452.5194691283787, "impact_speed": 7.27942534799263, "time": 60.83601047169607}, "-83": {"optimal_thrust": 3443.4424899002156, "impact_speed": 15.735484033496508, "time": 60.85897207869703}, "-82": {"optimal_thrust": 3428.2856668822, "impact_speed": 23.93398259740367, "time": 60.88601992280997}, "-81": {"optimal_thrust": 3430.8602962593745, "impact_speed": 22.750633097043057, "time": 60.91837383691161}, "-80": {"optimal_thrust": 3430.981687675649, "impact_speed": 22.692882690949794, "time": 60.95079197026954}, "-79": {"optimal_thrust": 3431.033429975802, "impact_speed": 22.658906875003385, "time": 60.98654759290505}, "-78": {"optimal_thrust": 3430.234723057246, "impact_speed": 23.017209171341655, "time": 61.02670181514029}, "-77": {"optimal_thrust": 3429.4193860598903, "impact_speed": 23.371208098829747, "time": 61.07065497847664}, "-76": {"optimal_thrust": 3428.7012662204347, "impact_speed": 23.671270519113005, "time": 61.11824922120391}, "-75": {"optimal_thrust": 3428.145471211244, "impact_speed": 23.892164695857744, "time": 61.1693693434532}, "-74": {"optimal_thrust": 3427.695205926998, "impact_speed": 24.063116408164937, "time": 61.22396930978007}, "-73": {"optimal_thrust": 3427.2533202109876, "impact_speed": 24.229209006066675, "time": 61.28206014105618}, "-72": {"optimal_thrust": 3426.747031187331, "impact_speed": 24.42282024731896, "time": 61.343638211737705}, "-71": {"optimal_thrust": 3423.0782723953444, "impact_speed": 25.934920600836108, "time": 61.40870036305744}, "-70": {"optimal_thrust": 3422.992377401539, "impact_speed": 25.944823310755897, "time": 61.47747389704607}, "-69": {"optimal_thrust": 3422.7849618369373, "impact_speed": 26.006147488630795, "time": 61.549917352567235}, "-68": {"optimal_thrust": 3422.459735044481, "impact_speed": 26.116378443273383, "time": 61.62605120797316}, "-67": {"optimal_thrust": 3422.0204076133073, "impact_speed": 26.272709321701313, "time": 61.70414749545932}, "-66": {"optimal_thrust": 3421.472032627155, "impact_speed": 26.471573225665423, "time": 61.786358555166416}, "-65": {"optimal_thrust": 3420.8179988459215, "impact_speed": 26.709946681382075, "time": 61.87153351148711}, "-64": {"optimal_thrust": 3420.063101066597, "impact_speed": 26.984154109260803, "time": 61.96313684743943}, "-63": {"optimal_thrust": 3419.2104776657584, "impact_speed": 27.29116444466321, "time": 62.05366092867064}, "-62": {"optimal_thrust": 3418.264923429129, "impact_speed": 27.627293356063234, "time": 62.14896613840606}, "-61": {"optimal_thrust": 3417.2289965704763, "impact_speed": 27.989799261128606, "time": 62.247776243941395}, "-60": {"optimal_thrust": 3416.1072371484624, "impact_speed": 28.375223912314173, "time": 62.3495977416935}, "-59": {"optimal_thrust": 3414.902971414906, "impact_speed": 28.780684180426128, "time": 62.45392876802926}, "-58": {"optimal_thrust": 3413.6190160610363, "impact_speed": 29.203596041025552, "time": 62.559824856494636}, "-57": {"optimal_thrust": 3412.2595901639024, "impact_speed": 29.640941651941805, "time": 62.630378238943}, "-56": {"optimal_thrust": 3410.8278902770403, "impact_speed": 30.090215358344107, "time": 62.764324345798734}, "-55": {"optimal_thrust": 3409.32641196265, "impact_speed": 30.549293622357702, "time": 62.894906149679976}, "-54": {"optimal_thrust": 3407.759699590492, "impact_speed": 31.015374129370354, "time": 63.02438925817455}, "-53": {"optimal_thrust": 3406.130753867319, "impact_speed": 31.48635181535274, "time": 63.15472159565629}, "-52": {"optimal_thrust": 3404.4425834128524, "impact_speed": 31.960217985265178, "time": 63.28673649433281}, "-51": {"optimal_thrust": 3402.872286451867, "impact_speed": 32.36201219329081, "time": 63.42097061054449}, "-50": {"optimal_thrust": 3401.437452589328, "impact_speed": 32.667725138918534, "time": 63.557777193917914}, "-49": {"optimal_thrust": 3399.826864110602, "impact_speed": 32.99777815845122, "time": 63.69737861671968}, "-48": {"optimal_thrust": 3398.042691606935, "impact_speed": 33.346903780523476, "time": 63.83991009147281}, "-47": {"optimal_thrust": 3396.088456602817, "impact_speed": 33.707592622845674, "time": 63.985445483185664}, "-46": {"optimal_thrust": 3393.965819948302, "impact_speed": 34.09527301891032, "time": 64.13401781774175}, "-45": {"optimal_thrust": 3391.6788094794433, "impact_speed": 34.82614478329952, "time": 64.28563377937401}, "-44": {"optimal_thrust": 3389.22960273368, "impact_speed": 35.59312639967469, "time": 64.44028355408105}, "-43": {"optimal_thrust": 3386.622164426523, "impact_speed": 36.388559766454755, "time": 64.59794740321172}, "-42": {"optimal_thrust": 3383.8600124789664, "impact_speed": 37.20994086845927, "time": 64.75859984235393}, "-41": {"optimal_thrust": 3380.9461515542457, "impact_speed": 38.05507634738307, "time": 64.92221234590545}, "-40": {"optimal_thrust": 3377.884483008807, "impact_speed": 38.92146240567195, "time": 65.08884866979585}, "-39": {"optimal_thrust": 3374.6791015714466, "impact_speed": 39.806732413327126, "time": 65.2585310881911}, "-38": {"optimal_thrust": 3371.9247497571996, "impact_speed": 40.50393047197911, "time": 65.43118611489584}, "-37": {"optimal_thrust": 3370.6863313292233, "impact_speed": 40.644517099279156, "time": 65.60675302946089}, "-36": {"optimal_thrust": 3369.4211793587338, "impact_speed": 40.758052701707506, "time": 65.78517068325125}, "-35": {"optimal_thrust": 3367.690093331691, "impact_speed": 41.03547140730053, "time": 65.96641959031894}, "-34": {"optimal_thrust": 3365.9405233309094, "impact_speed": 41.308493988522535, "time": 66.15053194070597}, "-33": {"optimal_thrust": 3363.9738058285116, "impact_speed": 41.67241913996492, "time": 66.33753698696064}, "-32": {"optimal_thrust": 3362.262760097758, "impact_speed": 41.9100796988399, "time": 66.52683798983698}, "-31": {"optimal_thrust": 3360.568986131369, "impact_speed": 42.1281956378817, "time": 66.71774627055117}, "-30": {"optimal_thrust": 3358.891981839148, "impact_speed": 42.32697426715946, "time": 66.91151850196903}, "-29": {"optimal_thrust": 3357.232110259976, "impact_speed": 42.50643505137688, "time": 67.10825002602358}, "-28": {"optimal_thrust": 3355.5917799596336, "impact_speed": 42.665621430358925, "time": 67.30767618343731}, "-27": {"optimal_thrust": 3353.489458661666, "impact_speed": 43.14907352632554, "time": 67.50979129179869}, "-26": {"optimal_thrust": 3351.932764896555, "impact_speed": 43.27792558095526, "time": 67.71440975251944}, "-25": {"optimal_thrust": 3350.4206303462206, "impact_speed": 43.37227206268719, "time": 67.92149172817838}, "-24": {"optimal_thrust": 3348.9552136933376, "impact_speed": 43.42671259285829, "time": 68.13097053892375}, "-23": {"optimal_thrust": 3347.5366896884498, "impact_speed": 43.43585202636369, "time": 68.34277604011373}, "-22": {"optimal_thrust": 3346.163579601078, "impact_speed": 43.39469749527112, "time": 68.55687120781965}, "-21": {"optimal_thrust": 3344.8335935468876, "impact_speed": 43.299061826771805, "time": 68.77320674355269}, "-20": {"optimal_thrust": 3343.546134647523, "impact_speed": 43.143013355193666, "time": 68.99173211841742}, "-19": {"optimal_thrust": 3342.301146859104, "impact_speed": 42.9207418508805, "time": 69.21239556418249}, "-18": {"optimal_thrust": 3341.1004380033514, "impact_speed": 42.623431042926015, "time": 69.43514408766528},