{"-90": {"optimal_thrust": 3459.508478626357, "impact_speed": 2.4203249156915447, "time": 60.55454918515857}, "-89": {"optimal_thrust": 3437.2065888760317, "impact_speed": 22.043900898474124, "time": 60.557326158644365}, "-88": {"optimal_thrust": 3436.1124592678916, "impact_speed": 22.53242837249828, "time": 60.561566695899565}, "-87": {"optimal_thrust": 3442.9699694107785, "impact_speed": 18.92243193743972, "time": 60.56545686334858}, "-86": {"optimal_thrust": 3449.105457604032, "impact_speed": 15.038227039822704, "time": 60.5813242151756}, "-85": {"optimal_thrust": 3457.68746509055, "impact_speed": 6.640184694767647, "time": 60.599943185294414}, "-84": {"optimal_thrust": 3457.18648402243, "impact_speed": 7.416741220784535, "time": 60.6186458467999}, "-83": {"optimal_thrust": 3447.764067835041, "impact_speed": 16.032149592443126, "time": 60.64192048884383}, "-82": {"optimal_thrust": 3432.0298290302844, "impact_speed": 24.385444155400144, "time": 60.66950404571198}, "-81": {"optimal_thrust": 3434.7022508523046, "impact_speed": 23.179890452826136, "time": 60.70246739706946}, "-80": {"optimal_thrust": 3434.8285039140223, "impact_speed": 23.12094037935312, "time": 60.73479210676482}, "-79": {"optimal_thrust": 3434.881907150395, "impact_speed": 23.08646720151632, "time": 60.771257070741605}, "-78": {"optimal_thrust": 3434.0529497388234, "impact_speed": 23.45145018621636, "time": 60.81205680986756}, "-77": {"optimal_thrust": 3433.206464653651, "impact_speed": 23.812169651201618, "time": 60.85668526638852}, "-76": {"optimal_thrust": 3432.4608437725774, "impact_speed": 24.11795842540443, "time": 60.904990569401754}, "-75": {"optimal_thrust": 3431.8838791945113, "impact_speed": 24.34301906133729, "time": 60.956853485381394}, "-74": {"optimal_thrust": 3431.4165375561233, "impact_speed": 24.517163275003426, "time": 61.01225581889964}, "-73": {"optimal_thrust": 3430.958021731937, "impact_speed": 24.686302375768047, "time": 61.07120151601592}, "-72": {"optimal_thrust": 3430.432415216865, "impact_speed": 24.88358076425734, "time": 61.13368803795932}, "-71": {"optimal_thrust": 3426.6237827870227, "impact_speed": 26.424263999195496, "time": 61.19975402196106}, "-70": {"optimal_thrust": 3426.5348161823467, "impact_speed": 26.43427276791015, "time": 61.269604511528655}, "-69": {"optimal_thrust": 3426.3191502058307, "impact_speed": 26.496895003524617, "time": 61.34318116313469}, "-68": {"optimal_thrust": 3425.981579557085, "impact_speed": 26.609187712230213, "time": 61.42053712742761}, "-67": {"optimal_thrust": 3425.5256890884484, "impact_speed": 26.768398999710133, "time": 61.49943031230995}, "-66": {"optimal_thrust": 3424.956206576025, "impact_speed": 26.971102848804406, "time": 61.582425072526505}, "-65": {"optimal_thrust": 3424.2776764816585, "impact_speed": 27.2138073110031, "time": 61.6695325592882}, "-64": {"optimal_thrust": 3423.4933584696596, "impact_speed": 27.49345245268688, "time": 61.761379618256555}, "-63": {"optimal_thrust": 3422.6087565691446, "impact_speed": 27.80605778821025, "time": 61.85378406413173}, "-62": {"optimal_thrust": 3421.626875443352, "impact_speed": 28.148649654515477, "time": 61.95080086137581}, "-61": {"optimal_thrust": 3420.55186743475, "impact_speed": 28.517847698197475, "time": 62.050947246659526}, "-60": {"optimal_thrust": 3419.387129300612, "impact_speed": 28.910640669482873, "time": 62.153953041429226}, "-59": {"optimal_thrust": 3418.136880205159, "impact_speed": 29.323793176464708, "time": 62.25902228791133}, "-58": {"optimal_thrust": 3416.8043164404066, "impact_speed": 29.75457017721704, "time": 62.36500149548278}, "-57": {"optimal_thrust": 3415.3930815093086, "impact_speed": 30.200177578721288, "time": 62.451899061603186}, "-56": {"optimal_thrust": 3413.9065721063916, "impact_speed": 30.65803152063662, "time": 62.583644265605585}, "-55": {"optimal_thrust": 3412.3481726115206, "impact_speed": 31.125668475838083, "time": 62.71324849001177}, "-54": {"optimal_thrust": 3410.721784937539, "impact_speed": 31.600541416168983, "time": 62.84306548513134}, "-53": {"optimal_thrust": 3409.0305431080665, "impact_speed": 32.08050002092943, "time": 62.97431333153419}, "-52": {"optimal_thrust": 3407.278415654247, "impact_speed": 32.56317184216749, "time": 63.10764410291876}, "-51": {"optimal_thrust": 3405.648063462154, "impact_speed": 32.97264196566819, "time": 63.243490210170926}, "-50": {"optimal_thrust": 3404.1589292582353, "impact_speed": 33.28396615197434, "time": 63.382128984698426}, "-49": {"optimal_thrust": 3402.4864914247287, "impact_speed": 33.62048669018458, "time": 63.52372738556457}, "-48": {"optimal_thrust": 3400.634781066024, "impact_speed": 33.97593919192725, "time": 63.66838123664112}, "-47": {"optimal_thrust": 3398.60552201172, "impact_speed": 34.34404628733752, "time": 63.81613715819732}, "-46": {"optimal_thrust": 3396.402298772482, "impact_speed": 34.73985070491315, "time": 63.96700999802592}, "-45": {"optimal_thrust": 3394.028049547429, "impact_speed": 35.48351598722917, "time": 64.120994731656}, "-44": {"optimal_thrust": 3391.4859119658745, "impact_speed": 36.26458718180448, "time": 64.27807437934203}, "-43": {"optimal_thrust": 3388.779020238696, "impact_speed": 37.07512897885621, "time": 64.43822508309916}, "-42": {"optimal_thrust": 3385.9115267083625, "impact_speed": 37.9120696452934, "time": 64.60141925803633}, "-41": {"optimal_thrust": 3382.8868281321475, "impact_speed": 38.77307816351046, "time": 64.76770532560741}, "-40": {"optimal_thrust": 3379.7085635947637, "impact_speed": 39.655801761813024, "time": 64.93713302964638}, "-39": {"optimal_thrust": 3376.380830477371, "impact_speed": 40.55786737825391, "time": 65.10962261678749}, "-38": {"optimal_thrust": 3373.5218463598803, "impact_speed": 41.268119152509726, "time": 65.28510708204655}, "-37": {"optimal_thrust": 3372.2360340220052, "impact_speed": 41.41143751815751, "time": 65.46354781503736}, "-36": {"optimal_thrust": 3370.9226576953943, "impact_speed": 41.52713291591784, "time": 65.64491886066605}, "-35": {"optimal_thrust": 3369.1257576627236, "impact_speed": 41.80973473385267, "time": 65.82925416787025}, "-34": {"optimal_thrust": 3366.893560619725, "impact_speed": 42.2687217131463, "time": 66.01657848869009}, "-33": {"optimal_thrust": 3365.267686227623, "impact_speed": 42.45880744411547, "time": 66.20610923046031}, "-32": {"optimal_thrust": 3363.491735932934, "impact_speed": 42.70082181284618, "time": 66.39741916752284}, "-31": {"optimal_thrust": 3361.733458188662, "impact_speed": 42.92304355962037, "time": 66.59182413206618}, "-30": {"optimal_thrust": 3359.992306420813, "impact_speed": 43.12573188718713, "time": 66.78925169784762}, "-29": {"optimal_thrust": 3358.2693262398698, "impact_speed": 43.30851338789764, "time": 66.98947199793874}, "-28": {"optimal_thrust": 3356.5668423245897, "impact_speed": 43.47046725786724, "time": 67.19247912377774}, "-27": {"optimal_thrust": 3354.383988485756, "impact_speed": 43.96336015747199, "time": 67.39806348367955}, "-26": {"optimal_thrust": 3352.7679040252747, "impact_speed": 44.094729363203015, "time": 67.60622233004584}, "-25": {"optimal_thrust": 3351.1984887654658, "impact_speed": 44.19061770696801, "time": 67.81685867502823}, "-24": {"optimal_thrust": 3349.677023546282, "impact_speed": 44.246304271082145, "time": 68.02993120739248}, "-23": {"optimal_thrust": 3348.204537665706, "impact_speed": 44.25557201055309, "time": 68.24539601894246}, "-22": {"optimal_thrust": 3346.7793159986404, "impact_speed": 44.21341738801447, "time": 68.46320455648005}, "-21": {"optimal_thrust": 3345.3989468755112, "impact_speed": 44.11551010047791, "time": 68.6833069846159}, "-20": {"optimal_thrust": 3344.0623818909703, "impact_speed": 43.95651773535626, "time": 68.90565220579553}, "-19": {"optimal_thrust": 3342.7700620709124, "impact_speed": 43.729658625074734, "time": 69.1301878616355}, "-18": {"optimal_thrust": 3341.5231357422604, "impact_speed": 43.42813532716989, "time": 69.35686032508646}, "-17": {"optimal_thrust": 3340.3244565566565,