{"-90": {"optimal_thrust": 3464.5063456120356, "impact_speed": 1.6398695776040526, "time": 60.337130462404026}, "-89": {"optimal_thrust": 3441.2138107782107, "impact_speed": 22.452195645583924, "time": 60.33976063081987}, "-88": {"optimal_thrust": 3440.078876949005, "impact_speed": 22.949725684673567, "time": 60.344413507504264}, "-87": {"optimal_thrust": 3447.19279559978, "impact_speed": 19.272841195536657, "time": 60.346256269649565}, "-86": {"optimal_thrust": 3453.557508290169, "impact_speed": 15.316787941187986, "time": 60.36459229063765}, "-85": {"optimal_thrust": 3462.460138778115, "impact_speed": 6.763598099484869, "time": 60.38353174364738}, "-84": {"optimal_thrust": 3461.9410548472733, "impact_speed": 7.553599200555074, "time": 60.40219190620198}, "-83": {"optimal_thrust": 3452.1661658586727, "impact_speed": 16.328988398619824, "time": 60.42580537744804}, "-82": {"optimal_thrust": 3435.8437072657407, "impact_speed": 24.83702384629664, "time": 60.453923525040985}, "-81": {"optimal_thrust": 3438.615966844028, "impact_speed": 23.609170897058707, "time": 60.48732469659836}, "-80": {"optimal_thrust": 3438.747081554933, "impact_speed": 23.5490644974444, "time": 60.519741547788726}, "-79": {"optimal_thrust": 3438.80227464786, "impact_speed": 23.514046878025994, "time": 60.556886784118}, "-78": {"optimal_thrust": 3437.9426154050357, "impact_speed": 23.885660585189278, "time": 60.5983171544413}, "-77": {"optimal_thrust": 3437.064218878014, "impact_speed": 24.25318007128073, "time": 60.64360998532414}, "-76": {"optimal_thrust": 3436.2908389307518, "impact_speed": 24.56458232328065, "time": 60.69261603824227}, "-75": {"optimal_thrust": 3435.6920653707166, "impact_speed": 24.793914671203886, "time": 60.745216259684554}, "-74": {"optimal_thrust": 3435.207647384865, "impact_speed": 24.97111571851316, "time": 60.801412940574835}, "-73": {"optimal_thrust": 3434.7315418994817, "impact_speed": 25.143578081406606, "time": 60.861205014865064}, "-72": {"optimal_thrust": 3434.186684842456, "impact_speed": 25.344342172777658, "time": 60.92459005789958}, "-71": {"optimal_thrust": 3430.235553525752, "impact_speed": 26.913611598195146, "time": 60.991667347759744}, "-70": {"optimal_thrust": 3430.1430689465114, "impact_speed": 26.923881887041244, "time": 61.06258252203844}, "-69": {"optimal_thrust": 3429.919536659516, "impact_speed": 26.987586459221703, "time": 61.137286658794714}, "-68": {"optimal_thrust": 3429.5692380530477, "impact_speed": 27.10200202078289, "time": 61.21521902707273}, "-67": {"optimal_thrust": 3429.0967175636106, "impact_speed": 27.263999123723938, "time": 61.295740612586734}, "-66": {"optimal_thrust": 3428.505810322936, "impact_speed": 27.470511262059226, "time": 61.37980518551772}, "-65": {"optimal_thrust": 3427.8017621541117, "impact_speed": 27.71777106146362, "time": 61.469700335022914}, "-64": {"optimal_thrust": 3426.988599387586, "impact_speed": 28.002410790856306, "time": 61.560415590286425}, "-63": {"optimal_thrust": 3426.0706752611454, "impact_speed": 28.3209051837378, "time": 61.65501177674236}, "-62": {"optimal_thrust": 3425.0518248657336, "impact_speed": 28.66994413469581, "time": 61.7533108696512}, "-61": {"optimal_thrust": 3423.9365879119196, "impact_speed": 29.045996191705203, "time": 61.85471863968435}, "-60": {"optimal_thrust": 3422.7284870466315, "impact_speed": 29.44599667458584, "time": 61.95867203682238}, "-59": {"optimal_thrust": 3421.4316745586443, "impact_speed": 29.866736238219058, "time": 62.06411712125627}, "-58": {"optimal_thrust": 3420.0490962327394, "impact_speed": 30.30556695570046, "time": 62.13788138963939}, "-57": {"optimal_thrust": 3418.584904472909, "impact_speed": 30.75950254499805, "time": 62.27141979863981}, "-56": {"optimal_thrust": 3417.043134896137, "impact_speed": 31.22572182885696, "time": 62.4016730699174}, "-55": {"optimal_thrust": 3415.426403735234, "impact_speed": 31.70204791356199, "time": 62.531105235945176}, "-54": {"optimal_thrust": 3413.739130505785, "impact_speed": 32.18574877492044, "time": 62.661610080597455}, "-53": {"optimal_thrust": 3411.984762100699, "impact_speed": 32.67456089317553, "time": 62.79399808215972}, "-52": {"optimal_thrust": 3410.1672045778027, "impact_speed": 33.166145967286376, "time": 62.928800200381914}, "-51": {"optimal_thrust": 3408.4759627565554, "impact_speed": 33.58317566199231, "time": 63.066362266164504}, "-50": {"optimal_thrust": 3406.9308045002776, "impact_speed": 33.90041688843024, "time": 63.206898551140256}, "-49": {"optimal_thrust": 3405.1960706044065, "impact_speed": 34.24306969810456, "time": 63.35053085586205}, "-48": {"optimal_thrust": 3403.2751578262146, "impact_speed": 34.60508872091636, "time": 63.49732371871583}, "-47": {"optimal_thrust": 3401.1700443134273, "impact_speed": 34.97998565695308, "time": 63.64730279425599}, "-46": {"optimal_thrust": 3398.884444034056, "impact_speed": 35.38281921966616, "time": 63.800469409809594}, "-45": {"optimal_thrust": 3396.421549314721, "impact_speed": 36.14045530551626, "time": 63.95681022520135}, "-44": {"optimal_thrust": 3393.7843066635137, "impact_speed": 36.93611478955328, "time": 64.11630346566454}, "-43": {"optimal_thrust": 3390.9765513295183, "impact_speed": 37.76149625746383, "time": 64.27892279711824}, "-42": {"optimal_thrust": 3388.001291185697, "impact_speed": 38.61424267382932, "time": 64.44469524082636}, "-41": {"optimal_thrust": 3384.863384669683, "impact_speed": 39.49124479301607, "time": 64.6137016775002}, "-40": {"optimal_thrust": 3381.5663498420968, "impact_speed": 40.390289189034675, "time": 64.78586642379373}, "-39": {"optimal_thrust": 3378.114667702338, "impact_speed": 41.30889582049578, "time": 64.9611139847922}, "-38": {"optimal_thrust": 3375.1485512204767, "impact_speed": 42.03239126892676, "time": 65.13939938821488}, "-37": {"optimal_thrust": 3373.814580668556, "impact_speed": 42.17840188770697, "time": 65.32072138537019}, "-36": {"optimal_thrust": 3372.229511437775, "impact_speed": 42.382244160299265, "time": 65.50510873725057}, "-35": {"optimal_thrust": 3370.588221635451, "impact_speed": 42.584012920927805, "time": 65.69258816278669}, "-34": {"optimal_thrust": 3368.2726870862766, "impact_speed": 43.05145567862892, "time": 65.88223758058092}, "-33": {"optimal_thrust": 3366.586307533668, "impact_speed": 43.244934232086436, "time": 66.07381955753716}, "-32": {"optimal_thrust": 3364.7437501874615, "impact_speed": 43.49153066407854, "time": 66.26866106840595}, "-31": {"optimal_thrust": 3362.919681458803, "impact_speed": 43.717899840210364, "time": 66.46660199247438}, "-30": {"optimal_thrust": 3361.1133245424016, "impact_speed": 43.92441194930584, "time": 66.66745179754932}, "-29": {"optimal_thrust": 3359.3261374655585, "impact_speed": 44.110454554245166, "time": 66.87115325027169}, "-28": {"optimal_thrust": 3357.5596572575105, "impact_speed": 44.275659607933285, "time": 67.07754386588697}, "-27": {"optimal_thrust": 3355.2957460453576, "impact_speed": 44.77730783682174, "time": 67.28659684424454}, "-26": {"optimal_thrust": 3353.6190817043616, "impact_speed": 44.911214808392465, "time": 67.4982251149701}, "-25": {"optimal_thrust": 3351.9908355739562, "impact_speed": 45.00900533626623, "time": 67.71239465730405}, "-24": {"optimal_thrust": 3350.4128700918814, "impact_speed": 45.065379014329075, "time": 67.92905907417263}, "-23": {"optimal_thrust": 3348.885244845673, "impact_speed": 45.07487546015343, "time": 68.14817064961963}, "-22": {"optimal_thrust": 3347.406440933414, "impact_speed": 45.03229650298396, "time": 68.36968035063104}, "-21": {"optimal_thrust": 3345.9741357205166, "impact_speed": 44.93314489898853, "time": 68.59353783302296}, "-20": {"optimal_thrust": 3344.587840743753, "impact_speed": 44.770916543874854, "time": 68.81969146471269}, "-19": {"optimal_thrust": 3343.2475713138374, "impact_speed": 44.53903707569918, "time": 69.04808831106558}, "-18": {"optimal_thrust": 3341.9538922764973, "impact_speed": 44.232283545628995, "time": 69.27867413303244},