{"-90": {"optimal_thrust": 3469.536319560755, "impact_speed": 0.8567304690204551, "time": 60.120650294908195}, "-89": {"optimal_thrust": 3445.2946512563803, "impact_speed": 22.860446050475772, "time": 60.12316234582738}, "-88": {"optimal_thrust": 3444.1180156155606, "impact_speed": 23.367048481963096, "time": 60.12820694096366}, "-87": {"optimal_thrust": 3451.4928815451867, "impact_speed": 19.6233715082049, "time": 60.127260656692506}, "-86": {"optimal_thrust": 3458.0912343477635, "impact_speed": 15.595356865479118, "time": 60.148750947664006}, "-85": {"optimal_thrust": 3467.320753158478, "impact_speed": 6.8864248773128995, "time": 60.16814779832661}, "-84": {"optimal_thrust": 3466.7824186776984, "impact_speed": 7.6910906558134915, "time": 60.186664760353146}, "-83": {"optimal_thrust": 3456.648980018129, "impact_speed": 16.625864516389743, "time": 60.21062878968511}, "-82": {"optimal_thrust": 3439.727301758277, "impact_speed": 25.28871526963054, "time": 60.239277812487636}, "-81": {"optimal_thrust": 3442.6017639886068, "impact_speed": 24.038330540412414, "time": 60.27290196526716}, "-80": {"optimal_thrust": 3442.7372270870533, "impact_speed": 23.977337929110476, "time": 60.30563277144902}, "-79": {"optimal_thrust": 3442.7950459004055, "impact_speed": 23.94141524364234, "time": 60.343432415315974}, "-78": {"optimal_thrust": 3441.903340970413, "impact_speed": 24.320008630425164, "time": 60.3854810532509}, "-77": {"optimal_thrust": 3440.992837057458, "impact_speed": 24.694155368773345, "time": 60.43142794350398}, "-76": {"optimal_thrust": 3440.19105832675, "impact_speed": 25.011227987135456, "time": 60.4811259217564}, "-75": {"optimal_thrust": 3439.570731131549, "impact_speed": 25.244553748516044, "time": 60.534455889790465}, "-74": {"optimal_thrust": 3439.0680219867736, "impact_speed": 25.42519357679807, "time": 60.59143892343334}, "-73": {"optimal_thrust": 3438.5747783070115, "impact_speed": 25.60065317398017, "time": 60.65207109618142}, "-72": {"optimal_thrust": 3438.009773114643, "impact_speed": 25.805132074767858, "time": 60.71635329042613}, "-71": {"optimal_thrust": 3433.9139687173215, "impact_speed": 27.402814196311166, "time": 60.78443681694421}, "-70": {"optimal_thrust": 3433.817966162528, "impact_speed": 27.413319182072655, "time": 60.856405735981284}, "-69": {"optimal_thrust": 3433.5860543072963, "impact_speed": 27.47825089262242, "time": 60.93223421164305}, "-68": {"optimal_thrust": 3433.223094788623, "impact_speed": 27.594671670090882, "time": 61.0100270074732}, "-67": {"optimal_thrust": 3432.732984686951, "impact_speed": 27.75971169746333, "time": 61.092134228663696}, "-66": {"optimal_thrust": 3432.120139442734, "impact_speed": 27.97007716119787, "time": 61.177991303757395}, "-65": {"optimal_thrust": 3431.390251171794, "impact_speed": 28.22183421187985, "time": 61.269477528012}, "-64": {"optimal_thrust": 3430.5472840471093, "impact_speed": 28.51163556565556, "time": 61.36063915852851}, "-63": {"optimal_thrust": 3429.5955914287, "impact_speed": 28.835952751876476, "time": 61.45692911113233}, "-62": {"optimal_thrust": 3428.539963017356, "impact_speed": 29.19110807445551, "time": 61.5564899839615}, "-61": {"optimal_thrust": 3427.3836044514533, "impact_speed": 29.57407257054431, "time": 61.65900636307516}, "-60": {"optimal_thrust": 3426.1311143395046, "impact_speed": 29.981367892567228, "time": 61.76361068147384}, "-59": {"optimal_thrust": 3424.786590780642, "impact_speed": 30.409803597093685, "time": 61.8690403778218}, "-58": {"optimal_thrust": 3423.3535469817252, "impact_speed": 30.856514991491217, "time": 61.95799543148028}, "-57": {"optimal_thrust": 3421.8355055778816, "impact_speed": 31.31874882627066, "time": 62.08948947860152}, "-56": {"optimal_thrust": 3420.2371321018554, "impact_speed": 31.793455744656395, "time": 62.218923715764205}, "-55": {"optimal_thrust": 3418.5613055414688, "impact_speed": 32.27835861758845, "time": 62.34876840437755}, "-54": {"optimal_thrust": 3416.8121827508867, "impact_speed": 32.77083019788896, "time": 62.48021066304088}, "-53": {"optimal_thrust": 3414.993281573323, "impact_speed": 33.26858706205102, "time": 62.61391117481163}, "-52": {"optimal_thrust": 3413.1086956563418, "impact_speed": 33.76923529379339, "time": 62.750300817685044}, "-51": {"optimal_thrust": 3411.355670986856, "impact_speed": 34.193741751836804, "time": 62.889652978879575}, "-50": {"optimal_thrust": 3409.75390878395, "impact_speed": 34.51670637404451, "time": 63.032129885177966}, "-49": {"optimal_thrust": 3407.9556017702043, "impact_speed": 34.865533841306856, "time": 63.17781694315173}, "-48": {"optimal_thrust": 3405.963696121129, "impact_speed": 35.234430701651256, "time": 63.32675421611144}, "-47": {"optimal_thrust": 3403.7818976189055, "impact_speed": 35.61559114032444, "time": 63.47895151243825}, "-46": {"optimal_thrust": 3401.4119966738826, "impact_speed": 36.027427077317206, "time": 63.63440033046083}, "-45": {"optimal_thrust": 3398.85898811861, "impact_speed": 36.79737140565091, "time": 63.79308163955455}, "-44": {"optimal_thrust": 3396.1247834919805, "impact_speed": 37.60770805451182, "time": 63.95497065213945}, "-43": {"optimal_thrust": 3393.2139936825843, "impact_speed": 38.448093350416094, "time": 64.12007121405068}, "-42": {"optimal_thrust": 3390.130003661498, "impact_speed": 39.316134050498306, "time": 64.28848954605735}, "-41": {"optimal_thrust": 3386.876844744701, "impact_speed": 40.20914812538196, "time": 64.46016484013897}, "-40": {"optimal_thrust": 3383.458868349001, "impact_speed": 41.12453456166136, "time": 64.63501762985993}, "-39": {"optimal_thrust": 3379.8800363716355, "impact_speed": 42.06002222704292, "time": 64.81299336584954}, "-38": {"optimal_thrust": 3376.805256433023, "impact_speed": 42.79661171254756, "time": 64.99408461270129}, "-37": {"optimal_thrust": 3375.422548268805, "impact_speed": 42.94520089037498, "time": 65.17834981245916}, "-36": {"optimal_thrust": 3374.0100994702775, "impact_speed": 43.06517554320586, "time": 65.36581341429775}, "-35": {"optimal_thrust": 3372.0778024606125, "impact_speed": 43.35817221298671, "time": 65.55550535762129}, "-34": {"optimal_thrust": 3369.6772034069586, "impact_speed": 43.83415365908586, "time": 65.74719134043214}, "-33": {"optimal_thrust": 3367.9285277711533, "impact_speed": 44.03133661892289, "time": 65.94227540458225}, "-32": {"optimal_thrust": 3366.018552015392, "impact_speed": 44.28233144953571, "time": 66.1405515334261}, "-31": {"optimal_thrust": 3364.1278536843206, "impact_speed": 44.512658659351914, "time": 66.34184654966737}, "-30": {"optimal_thrust": 3362.2553315911746, "impact_speed": 44.72284665448736, "time": 66.54607213080783}, "-29": {"optimal_thrust": 3360.4019335713906, "impact_speed": 44.9126575236876, "time": 66.75309282701822}, "-28": {"optimal_thrust": 3358.571111768539, "impact_speed": 45.08054705952519, "time": 66.96287432921012}, "-27": {"optimal_thrust": 3356.2237959570857, "impact_speed": 45.59154324189124, "time": 67.17532197499037}, "-26": {"optimal_thrust": 3354.4859459234012, "impact_speed": 45.72765234694426, "time": 67.39041751542781}, "-25": {"optimal_thrust": 3352.797701912766, "impact_speed": 45.82740752115369, "time": 67.60811036436354}, "-24": {"optimal_thrust": 3351.1620059023894, "impact_speed": 45.88465555452692, "time": 67.8283537316874}, "-23": {"optimal_thrust": 3349.5781759629926, "impact_speed": 45.89447051194739, "time": 68.05109946681142}, "-22": {"optimal_thrust": 3348.0451048434616, "impact_speed": 45.85113222064987, "time": 68.27629808547574}, "-21": {"optimal_thrust": 3346.5602836260205, "impact_speed": 45.75012758356631, "time": 68.50389875688833}, "-20": {"optimal_thrust": 3345.12339938957, "impact_speed": 45.584398411143965, "time": 68.73384933380049}, "-19": {"optimal_thrust": 3343.733260533307, "impact_speed": 45.34991430390457, "time": 68.96609631920914}, "-18": {"optimal_thrust": 3342.392209899813, "impact_speed": 45.03759907485624, "time": 69.20058490486473}, "-17": {"optimal_thrust": 3341.10314059539,