{"-90": {"optimal_thrust": 3474.5973130031625, "impact_speed": 0.1201204165959382, "time": 59.90510659130269}, "-89": {"optimal_thrust": 3449.4491048654404, "impact_speed": 23.26865695978893, "time": 59.90752421563193}, "-88": {"optimal_thrust": 3448.2300657402475, "impact_speed": 23.784310539044963, "time": 59.91294492390412}, "-87": {"optimal_thrust": 3455.8708673796223, "impact_speed": 19.973675880433763, "time": 59.87198001114206}, "-86": {"optimal_thrust": 3462.7068242216264, "impact_speed": 15.873806273022055, "time": 59.93380871024848}, "-85": {"optimal_thrust": 3472.2686672033797, "impact_speed": 7.009684387622382, "time": 59.953864797068775}, "-84": {"optimal_thrust": 3471.7110821886313, "impact_speed": 7.82848616228055, "time": 59.97206225744014}, "-83": {"optimal_thrust": 3461.21289498482, "impact_speed": 16.92253182258177, "time": 59.99638689876104}, "-82": {"optimal_thrust": 3443.681437597433, "impact_speed": 25.74016851621079, "time": 60.02556690542464}, "-81": {"optimal_thrust": 3446.6588095085517, "impact_speed": 24.46774075125573, "time": 60.059233269645915}, "-80": {"optimal_thrust": 3446.799580267196, "impact_speed": 24.40547204754193, "time": 60.09245868177688}, "-79": {"optimal_thrust": 3446.8591888770616, "impact_speed": 24.36903688214356, "time": 60.13089005775264}, "-78": {"optimal_thrust": 3445.935572634884, "impact_speed": 24.754294396922354, "time": 60.17354646306858}, "-77": {"optimal_thrust": 3444.9925770238237, "impact_speed": 25.13498794101039, "time": 60.22013759796858}, "-76": {"optimal_thrust": 3444.1615071866127, "impact_speed": 25.457892084902433, "time": 60.27051391676867}, "-75": {"optimal_thrust": 3443.5187287977615, "impact_speed": 25.695424944378743, "time": 60.32457056100276}, "-74": {"optimal_thrust": 3442.9979839222083, "impact_speed": 25.879257680826555, "time": 60.38233199809862}, "-73": {"optimal_thrust": 3442.4872795520278, "impact_speed": 26.057722593092382, "time": 60.443795352130124}, "-72": {"optimal_thrust": 3441.9016800334252, "impact_speed": 26.26594897062548, "time": 60.5089823310736}, "-71": {"optimal_thrust": 3437.658130781925, "impact_speed": 27.892221446592323, "time": 60.57805919805509}, "-70": {"optimal_thrust": 3437.5586773619034, "impact_speed": 27.902910963662034, "time": 60.651072449674864}, "-69": {"optimal_thrust": 3437.3188991961915, "impact_speed": 27.968814763391112, "time": 60.72802459547284}, "-68": {"optimal_thrust": 3436.9423142057835, "impact_speed": 28.08752350376524, "time": 60.807230177873286}, "-67": {"optimal_thrust": 3436.434614506415, "impact_speed": 28.255483524590204, "time": 60.88982407461485}, "-66": {"optimal_thrust": 3435.7998983605735, "impact_speed": 28.469524830720957, "time": 60.97762471462183}, "-65": {"optimal_thrust": 3435.0436566327817, "impact_speed": 28.725797747913372, "time": 61.06851273086369}, "-64": {"optimal_thrust": 3434.1704389637403, "impact_speed": 29.02072748215356, "time": 61.162002319707206}, "-63": {"optimal_thrust": 3433.1845266591986, "impact_speed": 29.350809220868864, "time": 61.25953860248994}, "-62": {"optimal_thrust": 3432.0903351373595, "impact_speed": 29.712501512923847, "time": 61.360296503854116}, "-61": {"optimal_thrust": 3430.8927210063353, "impact_speed": 30.102152595900247, "time": 61.463701473855295}, "-60": {"optimal_thrust": 3429.5952072262494, "impact_speed": 30.516682087874333, "time": 61.56861961229642}, "-59": {"optimal_thrust": 3428.2019460818965, "impact_speed": 30.95287390205841, "time": 61.64297149976312}, "-58": {"optimal_thrust": 3426.7171599329363, "impact_speed": 31.407599962481772, "time": 61.77645424330129}, "-57": {"optimal_thrust": 3425.1447557029032, "impact_speed": 31.87796685872935, "time": 61.906541983585235}, "-56": {"optimal_thrust": 3423.488563723548, "impact_speed": 32.36123097297077, "time": 62.03589193253807}, "-55": {"optimal_thrust": 3421.752168864934, "impact_speed": 32.854858497640684, "time": 62.16643668136582}, "-54": {"optimal_thrust": 3419.939919516613, "impact_speed": 33.356160890308686, "time": 62.29900968682187}, "-53": {"optimal_thrust": 3418.0557800368433, "impact_speed": 33.8626975141834, "time": 62.43415388805417}, "-52": {"optimal_thrust": 3416.103272761303, "impact_speed": 34.37229148630125, "time": 62.57221608886911}, "-51": {"optimal_thrust": 3414.2871215165414, "impact_speed": 34.80436429716196, "time": 62.713409197283866}, "-50": {"optimal_thrust": 3412.627795591536, "impact_speed": 35.133033122772915, "time": 62.857852914508484}, "-49": {"optimal_thrust": 3410.764763746182, "impact_speed": 35.488045457831596, "time": 63.005603694075205}, "-48": {"optimal_thrust": 3408.701352027557, "impact_speed": 35.86332436642076, "time": 63.156682758524596}, "-47": {"optimal_thrust": 3406.44018114812, "impact_speed": 36.25195603760897, "time": 63.31108815441225}, "-46": {"optimal_thrust": 3403.9852822866196, "impact_speed": 36.66978502025163, "time": 63.46880448740473}, "-45": {"optimal_thrust": 3401.34017336405, "impact_speed": 37.45449328378522, "time": 63.629809000233294}, "-44": {"optimal_thrust": 3398.507345785892, "impact_speed": 38.27936115589416, "time": 63.79408594304034}, "-43": {"optimal_thrust": 3395.4918572464067, "impact_speed": 39.134632133672525, "time": 63.96174890451035}, "-42": {"optimal_thrust": 3392.296516361813, "impact_speed": 40.018281469823506, "time": 64.13276980211116}, "-41": {"optimal_thrust": 3388.926251167843, "impact_speed": 40.927187225881404, "time": 64.30706487571166}, "-40": {"optimal_thrust": 3385.3850897247967, "impact_speed": 41.85892712896112, "time": 64.48457356610467}, "-39": {"optimal_thrust": 3381.677253774561, "impact_speed": 42.81113402769062, "time": 64.66527781452822}, "-38": {"optimal_thrust": 3378.491636137203, "impact_speed": 43.56088986891089, "time": 64.84923032052073}, "-37": {"optimal_thrust": 3377.0594234934447, "impact_speed": 43.712024124241175, "time": 65.03650609278405}, "-36": {"optimal_thrust": 3375.596129052223, "impact_speed": 43.8341164147623, "time": 65.22616295001599}, "-35": {"optimal_thrust": 3373.593669669713, "impact_speed": 44.132560853251476, "time": 65.41779310344235}, "-34": {"optimal_thrust": 3371.1067923085366, "impact_speed": 44.61695116165886, "time": 65.61291726487}, "-33": {"optimal_thrust": 3369.29537345559, "impact_speed": 44.817538131944275, "time": 65.81135349992637}, "-32": {"optimal_thrust": 3367.316579072486, "impact_speed": 45.073007783287586, "time": 66.01290990695985}, "-31": {"optimal_thrust": 3365.3574823920676, "impact_speed": 45.30758297142923, "time": 66.21749085664115}, "-30": {"optimal_thrust": 3363.4174870162688, "impact_speed": 45.52152965694446, "time": 66.4249689158145}, "-29": {"optimal_thrust": 3361.497335736477, "impact_speed": 45.71471694779527, "time": 66.63530292098532}, "-28": {"optimal_thrust": 3359.6007483440726, "impact_speed": 45.88546634933623, "time": 66.84840879918319}, "-27": {"optimal_thrust": 3357.168956218067, "impact_speed": 46.40552840409463, "time": 67.06425329347219}, "-26": {"optimal_thrust": 3355.3679927897765, "impact_speed": 46.54440085685988, "time": 67.28280251827793}, "-25": {"optimal_thrust": 3353.619365500815, "impact_speed": 46.645602892323, "time": 67.50400538649113}, "-24": {"optimal_thrust": 3351.9243904635728, "impact_speed": 46.70416010704455, "time": 67.72781471871059}, "-23": {"optimal_thrust": 3350.2835282011806, "impact_speed": 46.71413267191118, "time": 67.95418197410105}, "-22": {"optimal_thrust": 3348.6955478277446, "impact_speed": 46.66962250506681, "time": 68.18305723733243}, "-21": {"optimal_thrust": 3347.157347157236, "impact_speed": 46.56655993657803, "time": 68.41438921061979}, "-20": {"optimal_thrust": 3345.668176144547, "impact_speed": 46.398731520884304, "time": 68.6481252474894}, "-19": {"optimal_thrust": 3344.2283680767264, "impact_speed": 46.15909265123501, "time": 68.8842113352168}, "-18": {"optimal_thrust": 3342.838955189956, "impact_speed": 45.841124015550456, "time": 69.12259208564346},