{"-90": {"optimal_thrust": 3479.6890089537146, "impact_speed": 0.735645504741214, "time": 59.69049724755046}, "-89": {"optimal_thrust": 3453.6768542097925, "impact_speed": 23.676974356033153, "time": 59.69283988392657}, "-88": {"optimal_thrust": 3452.415154061114, "impact_speed": 24.20145949044826, "time": 59.698625791226085}, "-87": {"optimal_thrust": 3460.3260514288886, "impact_speed": 20.32413293227725, "time": 59.66768164246901}, "-86": {"optimal_thrust": 3467.404089195534, "impact_speed": 16.152267451674415, "time": 59.719770256068806}, "-85": {"optimal_thrust": 3477.304272429688, "impact_speed": 7.132760932065714, "time": 59.74042951471797}, "-84": {"optimal_thrust": 3476.7273691736395, "impact_speed": 7.965353505549209, "time": 59.75838221028193}, "-83": {"optimal_thrust": 3465.8570739552515, "impact_speed": 17.219523098828038, "time": 59.783076002220795}, "-82": {"optimal_thrust": 3447.704776435913, "impact_speed": 26.191944320097935, "time": 59.81279112021058}, "-81": {"optimal_thrust": 3450.7883204595523, "impact_speed": 24.89686432528281, "time": 59.84638949210492}, "-80": {"optimal_thrust": 3450.933439546433, "impact_speed": 24.83377663626242, "time": 59.880212912451064}, "-79": {"optimal_thrust": 3450.9957356087975, "impact_speed": 24.796453048942542, "time": 59.91925618598615}, "-78": {"optimal_thrust": 3450.0391816463734, "impact_speed": 25.188575745829052, "time": 59.96251110696919}, "-77": {"optimal_thrust": 3449.0624793640745, "impact_speed": 25.576085425062168, "time": 60.009737060415354}, "-76": {"optimal_thrust": 3448.202435630058, "impact_speed": 25.904470823310916, "time": 60.060781794662994}, "-75": {"optimal_thrust": 3447.53688883786, "impact_speed": 26.14617835899186, "time": 60.1155584488266}, "-74": {"optimal_thrust": 3446.9977238885735, "impact_speed": 26.333231719368467, "time": 60.17409037013042}, "-73": {"optimal_thrust": 3446.4685994446604, "impact_speed": 26.51496574278414, "time": 60.23637582867676}, "-72": {"optimal_thrust": 3445.8624055988016, "impact_speed": 26.726791464085135, "time": 60.302473685066495}, "-71": {"optimal_thrust": 3441.468491096389, "impact_speed": 28.38165373228399, "time": 60.37253159125211}, "-70": {"optimal_thrust": 3441.3659041324063, "impact_speed": 28.392385831853407, "time": 60.446581451523194}, "-69": {"optimal_thrust": 3441.1173620214263, "impact_speed": 28.45954981368967, "time": 60.52391980293459}, "-68": {"optimal_thrust": 3440.7276029723666, "impact_speed": 28.580282766689056, "time": 60.60423774609375}, "-67": {"optimal_thrust": 3440.2019964494984, "impact_speed": 28.751165678006767, "time": 60.68838458242323}, "-66": {"optimal_thrust": 3439.544890865697, "impact_speed": 28.968933590730025, "time": 60.77975335716737}, "-65": {"optimal_thrust": 3438.761983707621, "impact_speed": 29.22966490291688, "time": 60.86888320590704}, "-64": {"optimal_thrust": 3437.8576179939832, "impact_speed": 29.529857972024974, "time": 60.96411278350679}, "-63": {"optimal_thrust": 3436.8366554122695, "impact_speed": 29.865786841745408, "time": 61.06283906098629}, "-62": {"optimal_thrust": 3435.7038957778072, "impact_speed": 30.233765575928576, "time": 61.164659952776766}, "-61": {"optimal_thrust": 3434.4636874297435, "impact_speed": 30.630326320977584, "time": 61.26868136861736}, "-60": {"optimal_thrust": 3433.1205696598463, "impact_speed": 31.052012413117417, "time": 61.373553786464065}, "-59": {"optimal_thrust": 3431.6778694868276, "impact_speed": 31.49590110771959, "time": 61.462236350763135}, "-58": {"optimal_thrust": 3430.1404484938066, "impact_speed": 31.958633184569468, "time": 61.59372019967077}, "-57": {"optimal_thrust": 3428.5123329071666, "impact_speed": 32.43727154161341, "time": 61.72303193820204}, "-56": {"optimal_thrust": 3426.797429761214, "impact_speed": 32.929045376681906, "time": 61.852797430216505}, "-55": {"optimal_thrust": 3425.000082565581, "impact_speed": 33.43115405781838, "time": 61.984262001392544}, "-54": {"optimal_thrust": 3423.1238093212373, "impact_speed": 33.941207559105095, "time": 62.11811521538429}, "-53": {"optimal_thrust": 3421.172645847137, "impact_speed": 34.45674880188755, "time": 62.25480143315188}, "-52": {"optimal_thrust": 3419.1512531034296, "impact_speed": 34.97520072057984, "time": 62.394596607924}, "-51": {"optimal_thrust": 3417.2706315563514, "impact_speed": 35.41491983772343, "time": 62.53766351868516}, "-50": {"optimal_thrust": 3415.5522103226112, "impact_speed": 35.74950169463028, "time": 62.684087512833315}, "-49": {"optimal_thrust": 3413.6233644505232, "impact_speed": 36.11069620146341, "time": 62.833902335221794}, "-48": {"optimal_thrust": 3411.486785695816, "impact_speed": 36.49266148896482, "time": 62.987114947704086}, "-47": {"optimal_thrust": 3409.145795837442, "impact_speed": 36.88798371641858, "time": 63.143714908746865}, "-46": {"optimal_thrust": 3406.6041048252496, "impact_speed": 37.31220167853285, "time": 63.303682153156046}, "-45": {"optimal_thrust": 3403.865234598395, "impact_speed": 38.11165978906844, "time": 63.46699190526554}, "-44": {"optimal_thrust": 3400.9324403424594, "impact_speed": 38.95076045839303, "time": 63.63373178533428}, "-43": {"optimal_thrust": 3397.80994928321, "impact_speed": 39.821218156558764, "time": 63.803932717277235}, "-42": {"optimal_thrust": 3394.5014669765424, "impact_speed": 40.72038619222262, "time": 63.977507120292756}, "-41": {"optimal_thrust": 3391.012047750188, "impact_speed": 41.64517954518337, "time": 64.1543868260124}, "-40": {"optimal_thrust": 3387.345530102407, "impact_speed": 42.59327375100591, "time": 64.3345457090317}, "-39": {"optimal_thrust": 3383.5067092092604, "impact_speed": 43.5621024598009, "time": 64.51802420659418}, "-38": {"optimal_thrust": 3380.208267195814, "impact_speed": 44.32503718071361, "time": 64.70491944386222}, "-37": {"optimal_thrust": 3378.724825484965, "impact_speed": 44.47900223722417, "time": 64.8944565896902}, "-36": {"optimal_thrust": 3377.2097887443583, "impact_speed": 44.60322696602017, "time": 65.0858723599912}, "-35": {"optimal_thrust": 3375.1367199152046, "impact_speed": 44.90680410577676, "time": 65.28084985671157}, "-34": {"optimal_thrust": 3372.5617071815223, "impact_speed": 45.39973816796931, "time": 65.47926166703675}, "-33": {"optimal_thrust": 3370.6863313292233, "impact_speed": 45.60377616131021, "time": 65.68089886407725}, "-32": {"optimal_thrust": 3368.637374592865, "impact_speed": 45.86378308114249, "time": 65.88566580016406}, "-31": {"optimal_thrust": 3366.6090759966146, "impact_speed": 46.10240263415298, "time": 66.09342797919648}, "-30": {"optimal_thrust": 3364.600067644832, "impact_speed": 46.32029251067625, "time": 66.30414385195319}, "-29": {"optimal_thrust": 3362.6124014477036, "impact_speed": 46.51660464998164, "time": 66.51773123128132}, "-28": {"optimal_thrust": 3360.648358138867, "impact_speed": 46.69055971126719, "time": 66.73416298376807}, "-27": {"optimal_thrust": 3358.1302728386513, "impact_speed": 47.2198755040241, "time": 66.95339042504663}, "-26": {"optimal_thrust": 3356.2660471736945, "impact_speed": 47.36087096791209, "time": 67.17537971332644}, "-25": {"optimal_thrust": 3354.4551562771453, "impact_speed": 47.46412523057207, "time": 67.40007925979562}, "-24": {"optimal_thrust": 3352.700377778231, "impact_speed": 47.52356482630717, "time": 67.6274415514797}, "-23": {"optimal_thrust": 3351.0018581561753, "impact_speed": 47.53327826160462, "time": 67.85741766936583}, "-22": {"optimal_thrust": 3349.357287668248, "impact_speed": 47.48838589679399, "time": 68.08995728186997}, "-21": {"optimal_thrust": 3347.7646743601067, "impact_speed": 47.38346482480159, "time": 68.32500866246632}, "-20": {"optimal_thrust": 3346.22289140166, "impact_speed": 47.21249072975404, "time": 68.56251868699621}, "-19": {"optimal_thrust": 3344.732166556238, "impact_speed": 46.96846004316154, "time": 68.80243283084299}, "-18": {"optimal_thrust": 3343.293615428499, "impact_speed": 46.64463473306345, "time": 69.04469515752268},