{"-90": {"optimal_thrust": 3484.810124339702, "impact_speed": 1.532089972940497, "time": 59.47682013180611}, "-89": {"optimal_thrust": 3457.978155087153, "impact_speed": 24.085278785705793, "time": 59.47910370534257}, "-88": {"optimal_thrust": 3456.6726463428995, "impact_speed": 24.618774153344695, "time": 59.485248234778425}, "-87": {"optimal_thrust": 3464.8584336929866, "impact_speed": 20.674734899494947, "time": 59.462274246914895}, "-86": {"optimal_thrust": 3472.1827722095745, "impact_speed": 16.43090732742889, "time": 59.506637668821135}, "-85": {"optimal_thrust": 3482.4275620104504, "impact_speed": 7.255673991645733, "time": 59.526883185755}, "-84": {"optimal_thrust": 3481.8305776679645, "impact_speed": 8.102651250625904, "time": 59.54562239957422}, "-83": {"optimal_thrust": 3470.5822252855437, "impact_speed": 17.51638750267041, "time": 59.5706925864822}, "-82": {"optimal_thrust": 3451.798790904994, "impact_speed": 26.643433068185466, "time": 59.60095066758351}, "-81": {"optimal_thrust": 3454.989270142345, "impact_speed": 25.326150589741584, "time": 59.634428584469234}, "-80": {"optimal_thrust": 3455.1396353932582, "impact_speed": 25.261890918217617, "time": 59.66888983465095}, "-79": {"optimal_thrust": 3455.2036597641522, "impact_speed": 25.224109863538587, "time": 59.70852665857619}, "-78": {"optimal_thrust": 3454.214229523942, "impact_speed": 25.622827236802074, "time": 59.75237639593765}, "-77": {"optimal_thrust": 3453.2038204625997, "impact_speed": 26.0169108849572, "time": 59.80022417864573}, "-76": {"optimal_thrust": 3452.3133977280036, "impact_speed": 26.351148784319665, "time": 59.85192845041774}, "-75": {"optimal_thrust": 3451.6248267226406, "impact_speed": 26.596973783385295, "time": 59.90741769575141}, "-74": {"optimal_thrust": 3451.0671129710613, "impact_speed": 26.787171458043847, "time": 59.966712218901485}, "-73": {"optimal_thrust": 3450.519183940612, "impact_speed": 26.972197806886044, "time": 60.02981062289444}, "-72": {"optimal_thrust": 3449.892267021513, "impact_speed": 27.187533909302623, "time": 60.096823968213194}, "-71": {"optimal_thrust": 3445.345495862704, "impact_speed": 28.870945519908325, "time": 60.16785142091597}, "-70": {"optimal_thrust": 3445.239006600696, "impact_speed": 28.88198589825089, "time": 60.24293196233628}, "-69": {"optimal_thrust": 3444.9820232606876, "impact_speed": 28.95023290621586, "time": 60.32031502376742}, "-68": {"optimal_thrust": 3444.578767455671, "impact_speed": 29.07302563666713, "time": 60.40204525035108}, "-67": {"optimal_thrust": 3444.034740867139, "impact_speed": 29.246906188966282, "time": 60.48788508544222}, "-66": {"optimal_thrust": 3443.3548051182, "impact_speed": 29.468419792957615, "time": 60.57850464939281}, "-65": {"optimal_thrust": 3442.544713968002, "impact_speed": 29.733629736337146, "time": 60.67039453147815}, "-64": {"optimal_thrust": 3441.6088158420785, "impact_speed": 30.039026994159386, "time": 60.76692750735782}, "-63": {"optimal_thrust": 3440.5527411646917, "impact_speed": 30.38060455886944, "time": 60.86679977857495}, "-62": {"optimal_thrust": 3439.3805210676583, "impact_speed": 30.754951108907658, "time": 60.96948942495352}, "-61": {"optimal_thrust": 3438.0970118346977, "impact_speed": 31.158408783849186, "time": 61.07382014895046}, "-60": {"optimal_thrust": 3436.7068844295586, "impact_speed": 31.587469714513247, "time": 61.14630539438946}, "-59": {"optimal_thrust": 3435.214169969192, "impact_speed": 32.038954200553746, "time": 61.2800872127474}, "-58": {"optimal_thrust": 3433.6234077119716, "impact_speed": 32.50961901125428, "time": 61.41016226501103}, "-57": {"optimal_thrust": 3431.938755178498, "impact_speed": 32.99647904586256, "time": 61.53936813211791}, "-56": {"optimal_thrust": 3430.1641764724704, "impact_speed": 33.49674261796841, "time": 61.66980465219889}, "-55": {"optimal_thrust": 3428.3040869559327, "impact_speed": 34.00758814622336, "time": 61.80236089127663}, "-54": {"optimal_thrust": 3426.36257988074, "impact_speed": 34.52642786476131, "time": 61.93760875802364}, "-53": {"optimal_thrust": 3424.3438076757543, "impact_speed": 35.05076904625472, "time": 62.07590909157358}, "-52": {"optimal_thrust": 3422.251935378446, "impact_speed": 35.578221577478914, "time": 62.217478340530604}, "-51": {"optimal_thrust": 3420.305950749471, "impact_speed": 36.02550530375366, "time": 62.36243815551081}, "-50": {"optimal_thrust": 3418.527470057787, "impact_speed": 36.36597450427595, "time": 62.510846467281375}, "-49": {"optimal_thrust": 3416.5315332595073, "impact_speed": 36.733416685278826, "time": 62.66271947109629}, "-48": {"optimal_thrust": 3414.320827718357, "impact_speed": 37.12189016618221, "time": 62.81805356657436}, "-47": {"optimal_thrust": 3411.8988671068937, "impact_speed": 37.52354667591772, "time": 62.976832374756455}, "-46": {"optimal_thrust": 3409.2686603367906, "impact_speed": 37.95194507723774, "time": 63.139032866863744}, "-45": {"optimal_thrust": 3406.434042422799, "impact_speed": 38.76901630811016, "time": 63.304689991507324}, "-44": {"optimal_thrust": 3403.399236693188, "impact_speed": 39.62248630438903, "time": 63.47390447563901}, "-43": {"optimal_thrust": 3400.1683993879255, "impact_speed": 40.50778124296517, "time": 63.64659488533525}, "-42": {"optimal_thrust": 3396.7446645690934, "impact_speed": 41.42253442194008, "time": 63.822684437457845}, "-41": {"optimal_thrust": 3393.133790803326, "impact_speed": 42.363299966990326, "time": 64.00213616807127}, "-40": {"optimal_thrust": 3389.3401231744374, "impact_speed": 43.32760019442033, "time": 64.18497896006762}, "-39": {"optimal_thrust": 3385.367500119831, "impact_speed": 44.313230002388146, "time": 64.37132026816441}, "-38": {"optimal_thrust": 3381.9543190639783, "impact_speed": 45.08932295245237, "time": 64.56061907184537}, "-37": {"optimal_thrust": 3380.419584785977, "impact_speed": 45.24584459263474, "time": 64.75169109780704}, "-36": {"optimal_thrust": 3378.8519752542397, "impact_speed": 45.37216229664906, "time": 64.94632227215081}, "-35": {"optimal_thrust": 3376.7066334814945, "impact_speed": 45.68103655804498, "time": 65.14454087336274}, "-34": {"optimal_thrust": 3374.042144137676, "impact_speed": 46.18243542402163, "time": 65.34606861605025}, "-33": {"optimal_thrust": 3372.1014013920526, "impact_speed": 46.39004885149049, "time": 65.55085442214187}, "-32": {"optimal_thrust": 3369.9814518342914, "impact_speed": 46.65441262504108, "time": 65.75872742908204}, "-31": {"optimal_thrust": 3367.882543663865, "impact_speed": 46.89716890828127, "time": 65.96965477085631}, "-30": {"optimal_thrust": 3365.8037165041833, "impact_speed": 47.118775860229036, "time": 66.1835517354518}, "-29": {"optimal_thrust": 3363.7466714504444, "impact_speed": 47.31860902955051, "time": 66.40039307014095}, "-28": {"optimal_thrust": 3361.7140891177787, "impact_speed": 47.49571807947701, "time": 66.6201365084466}, "-27": {"optimal_thrust": 3359.1087888100637, "impact_speed": 48.03392210541341, "time": 66.84273295946814}, "-26": {"optimal_thrust": 3357.1794348743574, "impact_speed": 48.17753745843562, "time": 67.06814864211321}, "-25": {"optimal_thrust": 3355.3055974730123, "impact_speed": 48.28255636672968, "time": 67.29633151428055}, "-24": {"optimal_thrust": 3353.4900445201642, "impact_speed": 48.34280750129259, "time": 67.52723374183051}, "-23": {"optimal_thrust": 3351.7321549178364, "impact_speed": 48.35296951327565, "time": 67.76080604752876}, "-22": {"optimal_thrust": 3350.030299222433, "impact_speed": 48.30743929789139, "time": 67.99699772264863}, "-21": {"optimal_thrust": 3348.3822585651083, "impact_speed": 48.20082827326602, "time": 68.23575662065056}, "-20": {"optimal_thrust": 3346.7869838999786, "impact_speed": 48.02676302533607, "time": 68.47702916388533}, "-19": {"optimal_thrust": 3345.244424733887, "impact_speed": 47.778569863515195, "time": 68.72076062534313}, "-18": {"optimal_thrust": 3343.7558320832663, "impact_speed": 47.44929054372279, "time": 68.96690288679767},