{"-90": {"optimal_thrust": 3489.960145675492, "impact_speed": 2.3324487966906418, "time": 59.264073094628}, "-89": {"optimal_thrust": 3462.3531362583512, "impact_speed": 24.493514450819557, "time": 59.266310633585185}, "-88": {"optimal_thrust": 3461.0029211209267, "impact_speed": 25.036085982304638, "time": 59.27281123791374}, "-87": {"optimal_thrust": 3469.4688446404093, "impact_speed": 21.02505472950545, "time": 59.25612935038649}, "-86": {"optimal_thrust": 3477.0435150856883, "impact_speed": 16.709305665214742, "time": 59.294411327939045}, "-85": {"optimal_thrust": 3487.6385357176955, "impact_speed": 7.3784320704875475, "time": 59.31386777349758}, "-84": {"optimal_thrust": 3487.020828835326, "impact_speed": 8.240199744986436, "time": 59.333780593399794}, "-83": {"optimal_thrust": 3475.388153599392, "impact_speed": 17.813249187336883, "time": 59.35923333094307}, "-82": {"optimal_thrust": 3455.962454489164, "impact_speed": 27.095055726691577, "time": 59.390044662659264}, "-81": {"optimal_thrust": 3459.2621104410223, "impact_speed": 25.755403250319414, "time": 59.42338222982387}, "-80": {"optimal_thrust": 3459.417721983963, "impact_speed": 25.69001028226042, "time": 59.4584844310134}, "-79": {"optimal_thrust": 3459.48398179103, "impact_speed": 25.651569339003967, "time": 59.498696195675905}, "-78": {"optimal_thrust": 3458.460783501666, "impact_speed": 26.05702278081416, "time": 59.54313279139464}, "-77": {"optimal_thrust": 3457.4152625717516, "impact_speed": 26.458017410038362, "time": 59.59159658084798}, "-76": {"optimal_thrust": 3456.4946509791566, "impact_speed": 26.797818662063204, "time": 59.64395197369508}, "-75": {"optimal_thrust": 3455.782284933318, "impact_speed": 27.047910401237466, "time": 59.700146421333336}, "-74": {"optimal_thrust": 3455.205833958928, "impact_speed": 27.24120246313013, "time": 59.760196846868816}, "-73": {"optimal_thrust": 3454.639484793632, "impact_speed": 27.42924404144014, "time": 59.82410145773435}, "-72": {"optimal_thrust": 3453.99062988008, "impact_speed": 27.64842585245032, "time": 59.89202994989932}, "-71": {"optimal_thrust": 3449.288631823116, "impact_speed": 29.360289631212755, "time": 59.96401642140104}, "-70": {"optimal_thrust": 3449.1786246401143, "impact_speed": 29.371472672311008, "time": 60.040123579958866}, "-69": {"optimal_thrust": 3448.912560090463, "impact_speed": 29.440983904892402, "time": 60.11873275429631}, "-68": {"optimal_thrust": 3448.495617032143, "impact_speed": 29.565822120705498, "time": 60.20108385933632}, "-67": {"optimal_thrust": 3447.933170370152, "impact_speed": 29.742585331818578, "time": 60.28927520721844}, "-66": {"optimal_thrust": 3447.230081751733, "impact_speed": 29.967820647877925, "time": 60.37904663933946}, "-65": {"optimal_thrust": 3446.3918472456053, "impact_speed": 30.237687424592053, "time": 60.47280751043385}, "-64": {"optimal_thrust": 3445.424355014523, "impact_speed": 30.54811763087986, "time": 60.570453665038805}, "-63": {"optimal_thrust": 3444.331953447973, "impact_speed": 30.895564400246187, "time": 60.67136572623614}, "-62": {"optimal_thrust": 3443.1198214039364, "impact_speed": 31.27619894763813, "time": 60.77468257645481}, "-61": {"optimal_thrust": 3441.7925033189176, "impact_speed": 31.6864711208976, "time": 60.87899634577998}, "-60": {"optimal_thrust": 3440.3546647931416, "impact_speed": 32.1228699748078, "time": 60.965192775656256}, "-59": {"optimal_thrust": 3438.811038555234, "impact_speed": 32.5819662045344, "time": 61.09692466353182}, "-58": {"optimal_thrust": 3437.165846492779, "impact_speed": 33.06062515256806, "time": 61.22615983248523}, "-57": {"optimal_thrust": 3435.4237595441837, "impact_speed": 33.555683801832814, "time": 61.355733314880325}, "-56": {"optimal_thrust": 3433.588295552974, "impact_speed": 34.064501430737955, "time": 61.487040707132536}, "-55": {"optimal_thrust": 3431.6646952937517, "impact_speed": 34.583978994823035, "time": 61.62082255145677}, "-54": {"optimal_thrust": 3429.656476773102, "impact_speed": 35.11172900030815, "time": 61.757551328960155}, "-53": {"optimal_thrust": 3427.5689528652806, "impact_speed": 35.64486804480504, "time": 61.89751700429501}, "-52": {"optimal_thrust": 3425.4055744688776, "impact_speed": 36.181258733921496, "time": 62.04088642634881}, "-51": {"optimal_thrust": 3423.3930745811435, "impact_speed": 36.63612085771382, "time": 62.187747857445544}, "-50": {"optimal_thrust": 3421.554025618008, "impact_speed": 36.982269081280116, "time": 62.33813764729138}, "-49": {"optimal_thrust": 3419.4897834308886, "impact_speed": 37.35596038048046, "time": 62.492058647856425}, "-48": {"optimal_thrust": 3417.203669893762, "impact_speed": 37.75089563728443, "time": 62.64949963969394}, "-47": {"optimal_thrust": 3414.6986896698636, "impact_speed": 38.159468188671745, "time": 62.810440279473}, "-46": {"optimal_thrust": 3411.9786234576177, "impact_speed": 38.59326904551072, "time": 62.97487508204231}, "-45": {"optimal_thrust": 3409.047172884451, "impact_speed": 39.42590677224299, "time": 63.142935601668825}, "-44": {"optimal_thrust": 3405.9084358999307, "impact_speed": 40.29405132847089, "time": 63.31457780506525}, "-43": {"optimal_thrust": 3402.5666943027973, "impact_speed": 41.19458646590898, "time": 63.489716408567006}, "-42": {"optimal_thrust": 3399.026813465776, "impact_speed": 42.12441917108326, "time": 63.668301370455204}, "-41": {"optimal_thrust": 3395.2923075845024, "impact_speed": 43.08122581233762, "time": 63.850345631942545}, "-40": {"optimal_thrust": 3391.3684221078433, "impact_speed": 44.06206273213165, "time": 64.03595586367251}, "-39": {"optimal_thrust": 3387.2604655770956, "impact_speed": 45.06423884725169, "time": 64.22486960058085}, "-38": {"optimal_thrust": 3383.7306250184197, "impact_speed": 45.853481137529606, "time": 64.41552040087446}, "-37": {"optimal_thrust": 3382.14325168668, "impact_speed": 46.012708531607004, "time": 64.60959654852351}, "-36": {"optimal_thrust": 3380.2564915749217, "impact_speed": 46.2352184486226, "time": 64.80743655261782}, "-35": {"optimal_thrust": 3378.303534037158, "impact_speed": 46.45521036950917, "time": 65.00868589625274}, "-34": {"optimal_thrust": 3375.547904673831, "impact_speed": 46.965126831417436, "time": 65.21331308352401}, "-33": {"optimal_thrust": 3373.540583644078, "impact_speed": 47.176354469442764, "time": 65.42112583692098}, "-32": {"optimal_thrust": 3371.348297539002, "impact_speed": 47.44513939578062, "time": 65.63209419969638}, "-31": {"optimal_thrust": 3369.177499962109, "impact_speed": 47.69207616862635, "time": 65.84612891020727}, "-30": {"optimal_thrust": 3367.0276799919225, "impact_speed": 47.91740313590642, "time": 66.06320721987461}, "-29": {"optimal_thrust": 3364.9003112739447, "impact_speed": 48.12062513216123, "time": 66.28328805603194}, "-28": {"optimal_thrust": 3362.798437877803, "impact_speed": 48.30060752705404, "time": 66.50632895752307}, "-27": {"optimal_thrust": 3360.1041076168362, "impact_speed": 48.84792398775086, "time": 66.73228044674048}, "-26": {"optimal_thrust": 3358.108842419115, "impact_speed": 48.993929283282434, "time": 66.96110884774139}, "-25": {"optimal_thrust": 3356.1706444220986, "impact_speed": 49.100934575546574, "time": 67.19276167761574}, "-24": {"optimal_thrust": 3354.292772999847, "impact_speed": 49.16242929691001, "time": 67.42719081018929}, "-23": {"optimal_thrust": 3352.4748775577063, "impact_speed": 49.1727165083765, "time": 67.66434664276397}, "-22": {"optimal_thrust": 3350.715134182013, "impact_speed": 49.126103901949364, "time": 67.90417810308634}, "-21": {"optimal_thrust": 3349.0107992063377, "impact_speed": 49.017596006386164, "time": 68.14663264216635}, "-20": {"optimal_thrust": 3347.361030810355, "impact_speed": 48.840453095119784, "time": 68.39165910690133}, "-19": {"optimal_thrust": 3345.7655960799248, "impact_speed": 48.58829976376466, "time": 68.6392116866692}, "-18": {"optimal_thrust": 3344.2261027937952, "impact_speed": 48.25345332509334, "time": 68.88923303896343},