{"-90": {"optimal_thrust": 3495.1378649321487, "impact_speed": 3.137187856973611, "time": 59.05225395679581}, "-89": {"optimal_thrust": 3466.8017977233867, "impact_speed": 24.90168473329517, "time": 59.054456107641045}, "-88": {"optimal_thrust": 3465.405978202511, "impact_speed": 25.453395196955864, "time": 59.0601604013795}, "-87": {"optimal_thrust": 3474.156325408301, "impact_speed": 21.375583062559418, "time": 59.049548418093224}, "-86": {"optimal_thrust": 3481.9856762878862, "impact_speed": 16.987878720881497, "time": 59.08309050844402}, "-85": {"optimal_thrust": 3492.936687804528, "impact_speed": 7.50177150554856, "time": 59.10207647258054}, "-84": {"optimal_thrust": 3492.2985147697605, "impact_speed": 8.377483286231369, "time": 59.12285454724402}, "-83": {"optimal_thrust": 3480.275182859445, "impact_speed": 18.1099161418546, "time": 59.14869512508569}, "-82": {"optimal_thrust": 3460.196280446178, "impact_speed": 27.546605736097042, "time": 59.18006936359309}, "-81": {"optimal_thrust": 3463.6064568387933, "impact_speed": 26.184781443574487, "time": 59.21326290160427}, "-80": {"optimal_thrust": 3463.7676930634243, "impact_speed": 26.118137043636693, "time": 59.24899219139826}, "-79": {"optimal_thrust": 3463.836194499281, "impact_speed": 26.079049420578404, "time": 59.28976290723981}, "-78": {"optimal_thrust": 3462.778330321782, "impact_speed": 26.491372234032465, "time": 59.33477730341581}, "-77": {"optimal_thrust": 3461.698143439177, "impact_speed": 26.89886053337913, "time": 59.38385179742099}, "-76": {"optimal_thrust": 3460.7465124082023, "impact_speed": 27.24435691623401, "time": 59.4368504305241}, "-75": {"optimal_thrust": 3460.0104187745956, "impact_speed": 27.498534326779343, "time": 59.4937427314489}, "-74": {"optimal_thrust": 3459.413819418185, "impact_speed": 27.69534614312259, "time": 59.554541884104005}, "-73": {"optimal_thrust": 3458.8286042932477, "impact_speed": 27.886456222612097, "time": 59.61925622656978}, "-72": {"optimal_thrust": 3458.158324642999, "impact_speed": 28.109145077003106, "time": 59.68808859700574}, "-71": {"optimal_thrust": 3453.298095024641, "impact_speed": 29.84961368824374, "time": 59.761024635568376}, "-70": {"optimal_thrust": 3453.1840566628907, "impact_speed": 29.86110218009604, "time": 59.83807060598874}, "-69": {"optimal_thrust": 3452.9096125450037, "impact_speed": 29.93157078838573, "time": 59.91724989855777}, "-68": {"optimal_thrust": 3452.4786651338345, "impact_speed": 30.058486285288296, "time": 60.0009155428982}, "-67": {"optimal_thrust": 3451.8969679212623, "impact_speed": 30.23831903262741, "time": 60.09135930504334}, "-66": {"optimal_thrust": 3451.170213048907, "impact_speed": 30.46732046278364, "time": 60.18069650051859}, "-65": {"optimal_thrust": 3450.3039024737013, "impact_speed": 30.741650266139104, "time": 60.2759294822916}, "-64": {"optimal_thrust": 3449.303533975582, "impact_speed": 31.057379772034615, "time": 60.37467352428285}, "-63": {"optimal_thrust": 3448.1748055198686, "impact_speed": 31.41048063283319, "time": 60.476464086129}, "-62": {"optimal_thrust": 3446.9218693988673, "impact_speed": 31.79748092986788, "time": 60.58013402207969}, "-61": {"optimal_thrust": 3445.5497776077464, "impact_speed": 32.214646133229834, "time": 60.6483384119715}, "-60": {"optimal_thrust": 3444.064099120632, "impact_speed": 32.658151862510195, "time": 60.78282918240879}, "-59": {"optimal_thrust": 3442.468475084903, "impact_speed": 33.12493919445445, "time": 60.91307138205028}, "-58": {"optimal_thrust": 3440.7679610408773, "impact_speed": 33.611584621618455, "time": 61.04208695540403}, "-57": {"optimal_thrust": 3438.967095924199, "impact_speed": 34.11496972891992, "time": 61.172268080066004}, "-56": {"optimal_thrust": 3437.070295307069, "impact_speed": 34.63214874487557, "time": 61.304604064957154}, "-55": {"optimal_thrust": 3435.0818405059504, "impact_speed": 35.16035120407823, "time": 61.43971487911146}, "-54": {"optimal_thrust": 3433.0060850826394, "impact_speed": 35.696909850930595, "time": 61.577988142660814}, "-53": {"optimal_thrust": 3430.8483987699688, "impact_speed": 36.23893385418225, "time": 61.71965390734572}, "-52": {"optimal_thrust": 3428.6122995849446, "impact_speed": 36.784266639978604, "time": 61.864838062802455}, "-51": {"optimal_thrust": 3426.5318115191094, "impact_speed": 37.246834221959894, "time": 62.01360207926599}, "-50": {"optimal_thrust": 3424.6314930091203, "impact_speed": 37.598546888022256, "time": 62.16596556998512}, "-49": {"optimal_thrust": 3422.4979189176497, "impact_speed": 37.97842728733774, "time": 62.32192144158365}, "-48": {"optimal_thrust": 3420.1346071656917, "impact_speed": 38.38012349021679, "time": 62.48145316335071}, "-47": {"optimal_thrust": 3417.5450756742384, "impact_speed": 38.79594049284607, "time": 62.64453815416823}, "-46": {"optimal_thrust": 3414.733868879795, "impact_speed": 39.23882292359424, "time": 62.811276400671694}, "-45": {"optimal_thrust": 3411.70417933566, "impact_speed": 40.08284713392527, "time": 62.981704811561315}, "-44": {"optimal_thrust": 3408.459783556057, "impact_speed": 40.965631570155345, "time": 63.15573133744345}, "-43": {"optimal_thrust": 3405.006244381069, "impact_speed": 41.88090858199715, "time": 63.33329155857656}, "-42": {"optimal_thrust": 3401.3466959482803, "impact_speed": 42.826571758946095, "time": 63.5143792067495}, "-41": {"optimal_thrust": 3397.4868340446374, "impact_speed": 43.79925396997711, "time": 63.69908400804891}, "-40": {"optimal_thrust": 3393.4310033885677, "impact_speed": 44.79645763952053, "time": 63.887386168036514}, "-39": {"optimal_thrust": 3389.184896276281, "impact_speed": 45.815359211531884, "time": 64.07764162829685}, "-38": {"optimal_thrust": 3385.5362854442037, "impact_speed": 46.617793177385934, "time": 64.2709444046169}, "-37": {"optimal_thrust": 3383.8958924242506, "impact_speed": 46.77957118147862, "time": 64.46821286424579}, "-36": {"optimal_thrust": 3382.220066402892, "impact_speed": 46.910217254079356, "time": 64.66901657070031}, "-35": {"optimal_thrust": 3379.926917023778, "impact_speed": 47.229522576066735, "time": 64.87330816531679}, "-34": {"optimal_thrust": 3377.07874024816, "impact_speed": 47.74791048434804, "time": 65.08088074083295}, "-33": {"optimal_thrust": 3375.0038780852997, "impact_speed": 47.962691394761606, "time": 65.29172121202458}, "-32": {"optimal_thrust": 3372.737911706997, "impact_speed": 48.235958614478506, "time": 65.50572211783424}, "-31": {"optimal_thrust": 3370.4943303992472, "impact_speed": 48.486928882325124, "time": 65.72286496183143}, "-30": {"optimal_thrust": 3368.2723037933915, "impact_speed": 48.71598251512621, "time": 65.94310991933266}, "-29": {"optimal_thrust": 3366.073428976319, "impact_speed": 48.92258873291605, "time": 66.16641576957832}, "-28": {"optimal_thrust": 3363.90097018769, "impact_speed": 49.10552568649778, "time": 66.392739885836}, "-27": {"optimal_thrust": 3361.115596728906, "impact_speed": 49.662261132082, "time": 66.62203242805083}, "-26": {"optimal_thrust": 3359.053576635486, "impact_speed": 49.81051801110988, "time": 66.85425986651475}, "-25": {"optimal_thrust": 3357.050461772013, "impact_speed": 49.919140259402305, "time": 67.08936929604592}, "-24": {"optimal_thrust": 3355.1095633430805, "impact_speed": 49.9815626243033, "time": 67.3273123179216}, "-23": {"optimal_thrust": 3353.23055407773, "impact_speed": 49.99199318325465, "time": 67.56803902373771}, "-22": {"optimal_thrust": 3351.4114094620095, "impact_speed": 49.94485254333825, "time": 67.81149799838754}, "-21": {"optimal_thrust": 3349.6496857807965, "impact_speed": 49.83468275377806, "time": 68.05764333751425}, "-20": {"optimal_thrust": 3347.94466549542, "impact_speed": 49.65425788455836, "time": 68.30642782949333}, "-19": {"optimal_thrust": 3346.2955979310836, "impact_speed": 49.39786299865753, "time": 68.55779413452322}, "-18": {"optimal_thrust": 3344.7043808226463, "impact_speed": 49.057293346606855, "time": 68.81168338135502}, "-17": {"optimal_thrust": 3343.1739159347435,