{"-90": {"optimal_thrust": 3500.342701041239, "impact_speed": 3.9446461144296734, "time": 58.84136051710647}, "-89": {"optimal_thrust": 3471.3236262245055, "impact_speed": 25.310010542168655, "time": 58.843535950067675}, "-88": {"optimal_thrust": 3469.881756519981, "impact_speed": 25.87072694377967, "time": 58.849157481322266}, "-87": {"optimal_thrust": 3478.921450066802, "impact_speed": 21.726028975343812, "time": 58.84277641724964}, "-86": {"optimal_thrust": 3487.009444603853, "impact_speed": 17.266500961058995, "time": 58.87267381794909}, "-85": {"optimal_thrust": 3498.3230372756066, "impact_speed": 7.624219597756417, "time": 58.89145101323891}, "-84": {"optimal_thrust": 3497.6632433772315, "impact_speed": 8.515009941998597, "time": 58.91284199911603}, "-83": {"optimal_thrust": 3485.2428000254, "impact_speed": 18.4066971678724, "time": 58.93907505668297}, "-82": {"optimal_thrust": 3464.4998230277083, "impact_speed": 27.998257481566316, "time": 58.971015222377034}, "-81": {"optimal_thrust": 3468.023011318819, "impact_speed": 26.613996226341175, "time": 59.00407276820467}, "-80": {"optimal_thrust": 3468.18962245092, "impact_speed": 26.546241060213422, "time": 59.040409007870785}, "-79": {"optimal_thrust": 3468.260230517366, "impact_speed": 26.50657632637505, "time": 59.081724895928126}, "-78": {"optimal_thrust": 3467.16731569306, "impact_speed": 26.925691202017173, "time": 59.12730836244336}, "-77": {"optimal_thrust": 3466.051186680489, "impact_speed": 27.339951137054967, "time": 59.17698572394388}, "-76": {"optimal_thrust": 3465.068407553765, "impact_speed": 27.690990873941228, "time": 59.23062185688896}, "-75": {"optimal_thrust": 3464.3078845202244, "impact_speed": 27.949372140760655, "time": 59.28820469076082}, "-74": {"optimal_thrust": 3463.6919060722857, "impact_speed": 28.14928089609997, "time": 59.349744352780675}, "-73": {"optimal_thrust": 3463.087372907952, "impact_speed": 28.343514460752587, "time": 59.41527241904724}, "-72": {"optimal_thrust": 3462.3947094836976, "impact_speed": 28.5699393577888, "time": 59.48499706268263}, "-71": {"optimal_thrust": 3457.374006631, "impact_speed": 30.338876215420242, "time": 59.55887439045861}, "-70": {"optimal_thrust": 3457.256133137519, "impact_speed": 30.350575834606893, "time": 59.63565853664229}, "-69": {"optimal_thrust": 3456.972478982902, "impact_speed": 30.422248148013797, "time": 59.716536998346264}, "-68": {"optimal_thrust": 3456.5270753458985, "impact_speed": 30.551318319511925, "time": 59.80178995311733}, "-67": {"optimal_thrust": 3455.926512193002, "impact_speed": 30.73397196816639, "time": 59.89167640749493}, "-66": {"optimal_thrust": 3455.1756450716834, "impact_speed": 30.96675876351104, "time": 59.983447594070796}, "-65": {"optimal_thrust": 3454.280873976782, "impact_speed": 31.24552482099531, "time": 60.07977759698386}, "-64": {"optimal_thrust": 3453.2471831937496, "impact_speed": 31.566518564070417, "time": 60.179548269192516}, "-63": {"optimal_thrust": 3452.081101333361, "impact_speed": 31.925422539460467, "time": 60.28201132816121}, "-62": {"optimal_thrust": 3450.786592216513, "impact_speed": 32.31882017288105, "time": 60.38574188218588}, "-61": {"optimal_thrust": 3449.36934795894, "impact_speed": 32.74275515426319, "time": 60.46727155376416}, "-60": {"optimal_thrust": 3447.834547418624, "impact_speed": 33.193535497762646, "time": 60.59957119530696}, "-59": {"optimal_thrust": 3446.186289012106, "impact_speed": 33.66793846129479, "time": 60.72882452313224}, "-58": {"optimal_thrust": 3444.4292998849837, "impact_speed": 34.16264906723417, "time": 60.85810588357934}, "-57": {"optimal_thrust": 3442.568826157556, "impact_speed": 34.67431251558942, "time": 60.989082196399494}, "-56": {"optimal_thrust": 3440.6093451113197, "impact_speed": 35.19996334082525, "time": 61.12257081653102}, "-55": {"optimal_thrust": 3438.5551434294243, "impact_speed": 35.73683067171575, "time": 61.259089156071376}, "-54": {"optimal_thrust": 3436.4113998785206, "impact_speed": 36.28197787110728, "time": 61.39895230392938}, "-53": {"optimal_thrust": 3434.1818231952134, "impact_speed": 36.83307602915883, "time": 61.54234001099801}, "-52": {"optimal_thrust": 3431.8715974688907, "impact_speed": 37.38742159535999, "time": 61.68934468993201}, "-51": {"optimal_thrust": 3429.722674960796, "impact_speed": 37.85745815963934, "time": 61.840006587059875}, "-50": {"optimal_thrust": 3427.7592298908253, "impact_speed": 38.21506005770249, "time": 61.99433252935008}, "-49": {"optimal_thrust": 3425.555493393823, "impact_speed": 38.601025666428974, "time": 62.15230821941666}, "-48": {"optimal_thrust": 3423.1141529223296, "impact_speed": 39.00925159266465, "time": 62.313913605701615}, "-47": {"optimal_thrust": 3420.439239655152, "impact_speed": 39.431603264478525, "time": 62.47917709701606}, "-46": {"optimal_thrust": 3417.5345887240783, "impact_speed": 39.884838544007636, "time": 62.64822439361892}, "-45": {"optimal_thrust": 3414.404995010023, "impact_speed": 40.73990765658424, "time": 62.8209765438168}, "-44": {"optimal_thrust": 3411.053663475471, "impact_speed": 41.63697672784103, "time": 62.99735478148124}, "-43": {"optimal_thrust": 3407.485255468534, "impact_speed": 42.56766379277953, "time": 63.17733157971562}, "-42": {"optimal_thrust": 3403.705146052996, "impact_speed": 43.528629913397104, "time": 63.360969203095266}, "-41": {"optimal_thrust": 3399.717687394475, "impact_speed": 44.51726212640264, "time": 63.54838223077785}, "-40": {"optimal_thrust": 3395.5281841355695, "impact_speed": 45.53068155342771, "time": 63.73828432650593}, "-39": {"optimal_thrust": 3391.141371896487, "impact_speed": 46.566405282602766, "time": 63.93065630928038}, "-38": {"optimal_thrust": 3387.372200062523, "impact_speed": 47.381980867148144, "time": 64.12712507980702}, "-37": {"optimal_thrust": 3385.6774406583877, "impact_speed": 47.5464540976591, "time": 64.32730993626326}, "-36": {"optimal_thrust": 3383.946290998134, "impact_speed": 47.67921675514731, "time": 64.53108620024888}, "-35": {"optimal_thrust": 3381.5774168628323, "impact_speed": 48.00372629611861, "time": 64.73826028183849}, "-34": {"optimal_thrust": 3379.1829570796917, "impact_speed": 48.32320801761489, "time": 64.94879785576055}, "-33": {"optimal_thrust": 3376.4917979734732, "impact_speed": 48.74884575712006, "time": 65.16259114978476}, "-32": {"optimal_thrust": 3374.150807596039, "impact_speed": 49.0266377117565, "time": 65.37962646768267}, "-31": {"optimal_thrust": 3371.832715524853, "impact_speed": 49.28188344966456, "time": 65.59986252813839}, "-30": {"optimal_thrust": 3369.5373919169506, "impact_speed": 49.51461937268674, "time": 65.82325941081034}, "-29": {"optimal_thrust": 3367.265797220646, "impact_speed": 49.72463411875774, "time": 66.04977577109685}, "-28": {"optimal_thrust": 3365.0217026884193, "impact_speed": 49.91046044755026, "time": 66.2793688481444}, "-27": {"optimal_thrust": 3362.1443985069104, "impact_speed": 50.47624605204745, "time": 66.51198846788577}, "-26": {"optimal_thrust": 3360.014089103265, "impact_speed": 50.62700050925341, "time": 66.74760126230548}, "-25": {"optimal_thrust": 3357.9448826601442, "impact_speed": 50.737303599543424, "time": 66.98615393828845}, "-24": {"optimal_thrust": 3355.939485171037, "impact_speed": 50.801008119452824, "time": 67.22759784112701}, "-23": {"optimal_thrust": 3353.9982711374146, "impact_speed": 50.81171297326455, "time": 67.47188312530703}, "-22": {"optimal_thrust": 3352.1190835899192, "impact_speed": 50.76372948330585, "time": 67.71896873784061}, "-21": {"optimal_thrust": 3350.2993433206047, "impact_speed": 50.651466591782885, "time": 67.96880542358387}, "-20": {"optimal_thrust": 3348.537841782008, "impact_speed": 50.46825471947339, "time": 68.22133688233001}, "-19": {"optimal_thrust": 3346.8341543071547, "impact_speed": 50.20790683128397, "time": 68.47650525467863}, "-18": {"optimal_thrust": 3345.1903421742936, "impact_speed": 49.861822356533054, "time": 68.7342511754076}, "-17": {"optimal_thrust": 3343.6093479054753,