{"-90": {"optimal_thrust": 3505.5738235342683, "impact_speed": 4.75487873156446, "time": 58.63139054498427}, "-89": {"optimal_thrust": 3475.9194522302005, "impact_speed": 25.718137744480977, "time": 58.63354629932723}, "-88": {"optimal_thrust": 3474.430384662795, "impact_speed": 26.288028301809064, "time": 58.639509940034245}, "-87": {"optimal_thrust": 3483.7642184038796, "impact_speed": 22.076396495027954, "time": 58.636025506232464}, "-86": {"optimal_thrust": 3492.115212422688, "impact_speed": 17.54493056466554, "time": 58.663159476224024}, "-85": {"optimal_thrust": 3503.796557375741, "impact_speed": 7.747251250143572, "time": 58.68188403347565}, "-84": {"optimal_thrust": 3503.115792044707, "impact_speed": 8.651801813955005, "time": 58.703740684450565}, "-83": {"optimal_thrust": 3490.2911937400077, "impact_speed": 18.703478500297667, "time": 58.73037041480197}, "-82": {"optimal_thrust": 3468.8734605375284, "impact_speed": 28.4498634041823, "time": 58.76286318969944}, "-81": {"optimal_thrust": 3472.5111328215903, "impact_speed": 27.043309598985786, "time": 58.79580928762876}, "-80": {"optimal_thrust": 3472.682922809201, "impact_speed": 26.97455662911762, "time": 58.832731086193355}, "-79": {"optimal_thrust": 3472.7561574771703, "impact_speed": 26.934120940126174, "time": 58.87458016187374}, "-78": {"optimal_thrust": 3471.627746215458, "impact_speed": 27.359978557964023, "time": 58.9207242856611}, "-77": {"optimal_thrust": 3470.4757360219555, "impact_speed": 27.78076134188703, "time": 58.97099671300762}, "-76": {"optimal_thrust": 3469.4604650721735, "impact_speed": 28.137667277585017, "time": 59.025264270272864}, "-75": {"optimal_thrust": 3468.6753165916807, "impact_speed": 28.400176016599602, "time": 59.0835303547284}, "-74": {"optimal_thrust": 3468.039257197776, "impact_speed": 28.603327802603687, "time": 59.14580223752841}, "-73": {"optimal_thrust": 3467.415027721918, "impact_speed": 28.80070803160857, "time": 59.21214688147038}, "-72": {"optimal_thrust": 3466.6996568508657, "impact_speed": 29.03085194537116, "time": 59.282752700050864}, "-71": {"optimal_thrust": 3461.515799685883, "impact_speed": 30.828275605469457, "time": 59.357564267928105}, "-70": {"optimal_thrust": 3461.3943408062423, "impact_speed": 30.840078464413917, "time": 59.43499012911868}, "-69": {"optimal_thrust": 3461.101159404158, "impact_speed": 30.913011675427846, "time": 59.5169293315017}, "-68": {"optimal_thrust": 3460.6416840831816, "impact_speed": 31.044021106223642, "time": 59.60455435599057}, "-67": {"optimal_thrust": 3460.021357191313, "impact_speed": 31.229701776103468, "time": 59.693545603494506}, "-66": {"optimal_thrust": 3459.245864562306, "impact_speed": 31.46631477438795, "time": 59.7869798058241}, "-65": {"optimal_thrust": 3458.322248320129, "impact_speed": 31.749490735482116, "time": 59.884347875242455}, "-64": {"optimal_thrust": 3457.2553026690252, "impact_speed": 32.07553988076601, "time": 59.98502283506649}, "-63": {"optimal_thrust": 3456.0510369354683, "impact_speed": 32.44032279108651, "time": 60.087920052538934}, "-62": {"optimal_thrust": 3454.7143801309867, "impact_speed": 32.840083335433846, "time": 60.14933485626198}, "-61": {"optimal_thrust": 3453.2510856680615, "impact_speed": 33.27084407222697, "time": 60.2850548146954}, "-60": {"optimal_thrust": 3451.6660152590466, "impact_speed": 33.729014198568905, "time": 60.41570870877396}, "-59": {"optimal_thrust": 3449.964157625173, "impact_speed": 34.211068430093455, "time": 60.54454614142977}, "-58": {"optimal_thrust": 3448.1501800729166, "impact_speed": 34.71371024543456, "time": 60.67434067070176}, "-57": {"optimal_thrust": 3446.2296517438986, "impact_speed": 35.233481893011714, "time": 60.806261540278406}, "-56": {"optimal_thrust": 3444.2062136440113, "impact_speed": 35.76768827140561, "time": 60.940999469630775}, "-55": {"optimal_thrust": 3442.0853675102644, "impact_speed": 36.31316460584173, "time": 61.078983755210125}, "-54": {"optimal_thrust": 3439.871461637836, "impact_speed": 36.86725147504092, "time": 61.220467706832615}, "-53": {"optimal_thrust": 3437.5696154456073, "impact_speed": 37.427162570195144, "time": 61.3655892313248}, "-52": {"optimal_thrust": 3435.1843656638175, "impact_speed": 37.990415629241966, "time": 61.51441364629889}, "-51": {"optimal_thrust": 3432.965856019446, "impact_speed": 38.46793007085338, "time": 61.66696461507158}, "-50": {"optimal_thrust": 3430.9383249438565, "impact_speed": 38.83137819231806, "time": 61.8232394045466}, "-49": {"optimal_thrust": 3428.6626981580803, "impact_speed": 39.223662981717716, "time": 61.983218659640556}, "-48": {"optimal_thrust": 3426.1420522537105, "impact_speed": 39.63843685278163, "time": 62.146887694156185}, "-47": {"optimal_thrust": 3423.379833365665, "impact_speed": 40.06795179533066, "time": 62.314385006618984}, "-46": {"optimal_thrust": 3420.3814211733893, "impact_speed": 40.52312197022936, "time": 62.48569841986767}, "-45": {"optimal_thrust": 3417.149240141877, "impact_speed": 41.39748865417499, "time": 62.66073694839088}, "-44": {"optimal_thrust": 3413.689178433881, "impact_speed": 42.30867214766939, "time": 62.83945100546938}, "-43": {"optimal_thrust": 3410.0050711811346, "impact_speed": 43.25417345807309, "time": 63.02187068945358}, "-42": {"optimal_thrust": 3406.102163884867, "impact_speed": 44.230598086227964, "time": 63.2081403952994}, "-41": {"optimal_thrust": 3401.9845504232717, "impact_speed": 45.235366734436624, "time": 63.397607016862025}, "-40": {"optimal_thrust": 3397.658624034796, "impact_speed": 46.265186164408554, "time": 63.58900152752883}, "-39": {"optimal_thrust": 3393.129889220698, "impact_speed": 47.31738158277041, "time": 63.78445681530722}, "-38": {"optimal_thrust": 3389.237982301916, "impact_speed": 48.14616461547256, "time": 63.98383176282987}, "-37": {"optimal_thrust": 3387.4878993629773, "impact_speed": 48.31335536685082, "time": 64.18690237016436}, "-36": {"optimal_thrust": 3385.700275461974, "impact_speed": 48.448325037268354, "time": 64.39351276480147}, "-35": {"optimal_thrust": 3383.2545866009286, "impact_speed": 48.77799322162711, "time": 64.60357235918487}, "-34": {"optimal_thrust": 3380.2166467641746, "impact_speed": 49.31335202353444, "time": 64.81699391300093}, "-33": {"optimal_thrust": 3378.0033167930865, "impact_speed": 49.53524422136455, "time": 65.0337522124529}, "-32": {"optimal_thrust": 3375.586471948366, "impact_speed": 49.8174078356854, "time": 65.2538068434741}, "-31": {"optimal_thrust": 3373.1929724901083, "impact_speed": 50.0767847894638, "time": 65.47712118822719}, "-30": {"optimal_thrust": 3370.82313815392, "impact_speed": 50.31321068830357, "time": 65.70365525979547}, "-29": {"optimal_thrust": 3368.477799302855, "impact_speed": 50.526538790861984, "time": 65.9333676235765}, "-28": {"optimal_thrust": 3366.160154438618, "impact_speed": 50.71571604727411, "time": 66.16621540258532}, "-27": {"optimal_thrust": 3363.189683856713, "impact_speed": 51.290374968461556, "time": 66.40214812975111}, "-26": {"optimal_thrust": 3360.9902211816734, "impact_speed": 51.443483342763976, "time": 66.64113261781442}, "-25": {"optimal_thrust": 3358.8535798633475, "impact_speed": 51.55566179930121, "time": 66.88311520233759}, "-24": {"optimal_thrust": 3356.7828197595636, "impact_speed": 51.62051973324031, "time": 67.12804818247788}, "-23": {"optimal_thrust": 3354.778694668885, "impact_speed": 51.63121566989165, "time": 67.37589365792398}, "-22": {"optimal_thrust": 3352.8382568943075, "impact_speed": 51.58261355334572, "time": 67.62660178040903}, "-21": {"optimal_thrust": 3350.9595647399856, "impact_speed": 51.46825273449144, "time": 67.88011738691551}, "-20": {"optimal_thrust": 3349.140397630862, "impact_speed": 51.28272047729024, "time": 68.1363837266672}, "-19": {"optimal_thrust": 3347.3816264729526, "impact_speed": 51.017584945057656, "time": 68.39534253202105}, "-18": {"optimal_thrust": 3345.684258866552, "impact_speed": 50.666184477649864, "time": 68.65693401160341},