{"-90": {"optimal_thrust": 3510.830274092344, "impact_speed": 5.568196219314331, "time": 58.42234178035464}, "-89": {"optimal_thrust": 3480.588128061239, "impact_speed": 26.126547327495082, "time": 58.42448352325744}, "-88": {"optimal_thrust": 3479.0520515199437, "impact_speed": 26.70522572456089, "time": 58.430339566606264}, "-87": {"optimal_thrust": 3488.6845698898587, "impact_speed": 22.42671798153847, "time": 58.42958289880353}, "-86": {"optimal_thrust": 3497.3024590037517, "impact_speed": 17.823489409323038, "time": 58.45454549411431}, "-85": {"optimal_thrust": 3509.3573842070364, "impact_speed": 7.870652190977534, "time": 58.473284227968946}, "-84": {"optimal_thrust": 3508.6551260571114, "impact_speed": 8.78915944625917, "time": 58.495548316018535}, "-83": {"optimal_thrust": 3495.4201753605157, "impact_speed": 19.000366767575215, "time": 58.52257867138747}, "-82": {"optimal_thrust": 3473.3172604212346, "impact_speed": 28.90140060585233, "time": 58.555582532125094}, "-81": {"optimal_thrust": 3477.0711451958778, "impact_speed": 27.472590521175587, "time": 58.58846808146813}, "-80": {"optimal_thrust": 3477.2486272992246, "impact_speed": 27.402670006899612, "time": 58.625954895604465}, "-79": {"optimal_thrust": 3477.3240362296906, "impact_speed": 27.361658618877037, "time": 58.66832660319806}, "-78": {"optimal_thrust": 3476.1597436536676, "impact_speed": 27.794188953574572, "time": 58.71502326081993}, "-77": {"optimal_thrust": 3474.970380072578, "impact_speed": 28.221837904637592, "time": 58.7658834312615}, "-76": {"optimal_thrust": 3473.9230698233605, "impact_speed": 28.584240732564048, "time": 58.82077566665287}, "-75": {"optimal_thrust": 3473.1125938252444, "impact_speed": 28.850992221532824, "time": 58.87971775048042}, "-74": {"optimal_thrust": 3472.4563858589677, "impact_speed": 29.057293805778095, "time": 58.94271352772502}, "-73": {"optimal_thrust": 3471.8118793349026, "impact_speed": 29.257917598835036, "time": 59.009876545961546}, "-72": {"optimal_thrust": 3471.0741247643086, "impact_speed": 29.491531096147874, "time": 59.081353059044105}, "-71": {"optimal_thrust": 3465.724169789872, "impact_speed": 31.317569376174287, "time": 59.15709308199649}, "-70": {"optimal_thrust": 3465.5988757160803, "impact_speed": 31.329542006587552, "time": 59.235441132863954}, "-69": {"optimal_thrust": 3465.296355751489, "impact_speed": 31.403618286352945, "time": 59.318157991851265}, "-68": {"optimal_thrust": 3464.8219782710103, "impact_speed": 31.536775287174578, "time": 59.40786799853849}, "-67": {"optimal_thrust": 3464.1816314585076, "impact_speed": 31.725461220457298, "time": 59.496486126395055}, "-66": {"optimal_thrust": 3463.381580825548, "impact_speed": 31.96574315085795, "time": 59.59124270137765}, "-65": {"optimal_thrust": 3462.4280317101175, "impact_speed": 32.253541639449345, "time": 59.68961778653312}, "-64": {"optimal_thrust": 3461.326865885897, "impact_speed": 32.584792361239415, "time": 59.79103136248127}, "-63": {"optimal_thrust": 3460.0840990684337, "impact_speed": 32.95535370491077, "time": 59.89410468838048}, "-62": {"optimal_thrust": 3458.7049100604854, "impact_speed": 33.36138042132045, "time": 59.96871686930596}, "-61": {"optimal_thrust": 3457.1947349447223, "impact_speed": 33.79899745607862, "time": 60.10201393244316}, "-60": {"optimal_thrust": 3455.559137233875, "impact_speed": 34.264377568872874, "time": 60.23147922452799}, "-59": {"optimal_thrust": 3453.8025940137536, "impact_speed": 34.75415758130171, "time": 60.36039982695687}, "-58": {"optimal_thrust": 3451.931249340204, "impact_speed": 35.264560673959174, "time": 60.49088906280545}, "-57": {"optimal_thrust": 3449.948425003979, "impact_speed": 35.79285247124413, "time": 60.62387314519308}, "-56": {"optimal_thrust": 3447.860516591825, "impact_speed": 36.335450276884515, "time": 60.75993466967683}, "-55": {"optimal_thrust": 3445.6716822799763, "impact_speed": 36.88962504678026, "time": 60.89942704845458}, "-54": {"optimal_thrust": 3443.387229679837, "impact_speed": 37.45241294126336, "time": 61.04255132131812}, "-53": {"optimal_thrust": 3441.0117032279118, "impact_speed": 38.021219549580415, "time": 61.18941087427348}, "-52": {"optimal_thrust": 3438.550281782181, "impact_speed": 38.593362699913584, "time": 61.34004936552032}, "-51": {"optimal_thrust": 3436.2601370663056, "impact_speed": 39.078676400286945, "time": 61.49447769588784}, "-50": {"optimal_thrust": 3434.168264768997, "impact_speed": 39.44770502518407, "time": 61.65268618456958}, "-49": {"optimal_thrust": 3431.8194089364465, "impact_speed": 39.846392575050196, "time": 61.81465208378142}, "-48": {"optimal_thrust": 3429.2181089780847, "impact_speed": 40.26779184974034, "time": 61.98043532756359}, "-47": {"optimal_thrust": 3426.3682719965614, "impact_speed": 40.70344878382782, "time": 62.150143009571714}, "-46": {"optimal_thrust": 3423.2733441036567, "impact_speed": 41.16789215059031, "time": 62.32368225743333}, "-45": {"optimal_thrust": 3419.9381917311293, "impact_speed": 42.05422174105104, "time": 62.50098220116085}, "-44": {"optimal_thrust": 3416.367163120125, "impact_speed": 42.9801756124568, "time": 62.68203988481489}, "-43": {"optimal_thrust": 3412.5651823175044, "impact_speed": 43.94069456357857, "time": 62.86697131808224}, "-42": {"optimal_thrust": 3408.536915092671, "impact_speed": 44.9328190273556, "time": 63.05567715540233}, "-41": {"optimal_thrust": 3404.28818698319, "impact_speed": 45.953289491028045, "time": 63.24625656435486}, "-40": {"optimal_thrust": 3399.8237928971935, "impact_speed": 46.99947951262851, "time": 63.44047614418892}, "-39": {"optimal_thrust": 3395.1498086419556, "impact_speed": 48.068484231839406, "time": 63.63885942225086}, "-38": {"optimal_thrust": 3391.1334391646624, "impact_speed": 48.91040087271071, "time": 63.84101497455833}, "-37": {"optimal_thrust": 3389.327395216714, "impact_speed": 49.08023436990466, "time": 64.04689624229161}, "-36": {"optimal_thrust": 3387.4826541378416, "impact_speed": 49.21731770204527, "time": 64.25630821968356}, "-35": {"optimal_thrust": 3384.9584897016284, "impact_speed": 49.55229711375445, "time": 64.46919878544979}, "-34": {"optimal_thrust": 3381.823270638153, "impact_speed": 50.09618152342892, "time": 64.68550062956253}, "-33": {"optimal_thrust": 3379.5393312618935, "impact_speed": 50.32151592897157, "time": 64.90520399868453}, "-32": {"optimal_thrust": 3377.045034598734, "impact_speed": 50.608208822435245, "time": 65.12826281839745}, "-31": {"optimal_thrust": 3374.575233584768, "impact_speed": 50.8715737146278, "time": 65.35464050598185}, "-30": {"optimal_thrust": 3372.1290315022416, "impact_speed": 51.11201889397509, "time": 65.58429702340953}, "-29": {"optimal_thrust": 3369.7087985929174, "impact_speed": 51.32866676196814, "time": 65.81719088857544}, "-28": {"optimal_thrust": 3367.317539520032, "impact_speed": 51.52051948460901, "time": 66.05327913820763}, "-27": {"optimal_thrust": 3364.2516057157804, "impact_speed": 52.10455407456981, "time": 66.29251100881696}, "-26": {"optimal_thrust": 3361.9816884516927, "impact_speed": 52.260145653548506, "time": 66.53485354318845}, "-25": {"optimal_thrust": 3359.77681291119, "impact_speed": 52.37402211432179, "time": 66.78025470789791}, "-24": {"optimal_thrust": 3357.639889507282, "impact_speed": 52.43983354076743, "time": 67.02867900100193}, "-23": {"optimal_thrust": 3355.571703852766, "impact_speed": 52.45062558759473, "time": 67.28007701851683}, "-22": {"optimal_thrust": 3353.5691247091363, "impact_speed": 52.40128394194808, "time": 67.53439481652747}, "-21": {"optimal_thrust": 3351.630105806289, "impact_speed": 52.28537874299102, "time": 67.791576858668}, "-20": {"optimal_thrust": 3349.752648261626, "impact_speed": 52.09708535150639, "time": 68.05156604945806}, "-19": {"optimal_thrust": 3347.937553788468, "impact_speed": 51.82794791457557, "time": 68.3143037823689}, "-18": {"optimal_thrust": 3346.1860808807432, "impact_speed": 51.470536522282245, "time": 68.5797299252271},