{"-90": {"optimal_thrust": 3516.1122402196474, "impact_speed": 6.382855455160403, "time": 58.21421194140034}, "-89": {"optimal_thrust": 3485.3309974438716, "impact_speed": 26.534682505219465, "time": 58.21634419969907}, "-88": {"optimal_thrust": 3483.746183336054, "impact_speed": 27.122548232182773, "time": 58.222183681336645}, "-87": {"optimal_thrust": 3493.6819914859193, "impact_speed": 22.777234954168947, "time": 58.22359475278758}, "-86": {"optimal_thrust": 3502.571380163244, "impact_speed": 18.102055698317187, "time": 58.24683877400235}, "-85": {"optimal_thrust": 3515.006280226881, "impact_speed": 7.993374381794095, "time": 58.26564102024391}, "-84": {"optimal_thrust": 3514.281639072557, "impact_speed": 8.926582447882499, "time": 58.28826260617118}, "-83": {"optimal_thrust": 3500.6297451151504, "impact_speed": 19.29735690712106, "time": 58.31569747251035}, "-82": {"optimal_thrust": 3477.8308377609246, "impact_speed": 29.35301299964433, "time": 58.3491349303757}, "-81": {"optimal_thrust": 3481.7033658553314, "impact_speed": 27.90171849002019, "time": 58.382044238844664}, "-80": {"optimal_thrust": 3481.886155099081, "impact_speed": 27.830814055820056, "time": 58.42007709475816}, "-79": {"optimal_thrust": 3481.9637382931082, "impact_speed": 27.78923918802885, "time": 58.462962020015375}, "-78": {"optimal_thrust": 3480.763118759104, "impact_speed": 28.228397604961025, "time": 58.51020333929651}, "-77": {"optimal_thrust": 3479.536084562601, "impact_speed": 28.662809029480975, "time": 58.5616434224212}, "-76": {"optimal_thrust": 3478.455897696019, "impact_speed": 29.030834901360794, "time": 58.6171540141092}, "-75": {"optimal_thrust": 3477.6199050886626, "impact_speed": 29.301751617268554, "time": 58.6767654680336}, "-74": {"optimal_thrust": 3476.942717939417, "impact_speed": 29.511389553627883, "time": 58.740477491386756}, "-73": {"optimal_thrust": 3476.2785152997753, "impact_speed": 29.71493196774987, "time": 58.80845844681079}, "-72": {"optimal_thrust": 3475.5170941136084, "impact_speed": 29.952350192600846, "time": 58.880795854212295}, "-71": {"optimal_thrust": 3469.9987995449687, "impact_speed": 31.80686846078531, "time": 58.9568589986035}, "-70": {"optimal_thrust": 3469.869028562258, "impact_speed": 31.819205892262108, "time": 59.0362977936876}, "-69": {"optimal_thrust": 3469.5572986241373, "impact_speed": 31.89433320991028, "time": 59.120305304740356}, "-68": {"optimal_thrust": 3469.068147460805, "impact_speed": 32.02951498417267, "time": 59.209497574516476}, "-67": {"optimal_thrust": 3468.40746262541, "impact_speed": 32.22120627674865, "time": 59.3004903293001}, "-66": {"optimal_thrust": 3467.582469322524, "impact_speed": 32.4651578270891, "time": 59.39624587965387}, "-65": {"optimal_thrust": 3466.598731198135, "impact_speed": 32.757505680512075, "time": 59.49554965596018}, "-64": {"optimal_thrust": 3465.4628993598776, "impact_speed": 33.0939274829486, "time": 59.59750271732227}, "-63": {"optimal_thrust": 3464.181118200752, "impact_speed": 33.470237835619415, "time": 59.70048526639693}, "-62": {"optimal_thrust": 3462.75856652178, "impact_speed": 33.8825851368868, "time": 59.78699836306748}, "-61": {"optimal_thrust": 3461.2006128241796, "impact_speed": 34.32711027544039, "time": 59.918416129875396}, "-60": {"optimal_thrust": 3459.5137860959626, "impact_speed": 34.799671590931254, "time": 60.04719005277628}, "-59": {"optimal_thrust": 3457.701921393858, "impact_speed": 35.29710521452082, "time": 60.17649847543241}, "-58": {"optimal_thrust": 3455.7709007018448, "impact_speed": 35.8157172837629, "time": 60.30782825903346}, "-57": {"optimal_thrust": 3453.7262936170455, "impact_speed": 36.35205412091838, "time": 60.44196911656922}, "-56": {"optimal_thrust": 3451.572571165499, "impact_speed": 36.903148060489, "time": 60.57941018943583}, "-55": {"optimal_thrust": 3449.3146009963175, "impact_speed": 37.46604476347987, "time": 60.720439746041016}, "-54": {"optimal_thrust": 3446.958325086345, "impact_speed": 38.03758726252391, "time": 60.86521492395644}, "-53": {"optimal_thrust": 3444.507774614332, "impact_speed": 38.6153480168374, "time": 61.013810916298624}, "-52": {"optimal_thrust": 3441.968708871251, "impact_speed": 39.19647198920696, "time": 61.166254276554476}, "-51": {"optimal_thrust": 3439.6067408105087, "impact_speed": 39.68926989253792, "time": 61.32254628530664}, "-50": {"optimal_thrust": 3437.449054497839, "impact_speed": 40.06403824007366, "time": 61.48267235973986}, "-49": {"optimal_thrust": 3435.026134100077, "impact_speed": 40.46898797194107, "time": 61.64662416125644}, "-48": {"optimal_thrust": 3432.342841264539, "impact_speed": 40.89700898708793, "time": 61.814556629107095}, "-47": {"optimal_thrust": 3429.403140181174, "impact_speed": 41.339615993345596, "time": 61.98643389523337}, "-46": {"optimal_thrust": 3426.210870901327, "impact_speed": 41.81166147317797, "time": 62.162166972972656}, "-45": {"optimal_thrust": 3422.7705060515314, "impact_speed": 42.71153843037668, "time": 62.341720984312104}, "-44": {"optimal_thrust": 3419.087296103128, "impact_speed": 43.651695346259054, "time": 62.525164622914374}, "-43": {"optimal_thrust": 3415.1655848212454, "impact_speed": 44.627228508004485, "time": 62.7126436988168}, "-42": {"optimal_thrust": 3411.010747285386, "impact_speed": 45.6347427022263, "time": 62.90266824670552}, "-41": {"optimal_thrust": 3406.6277704077347, "impact_speed": 46.67133052718853, "time": 63.095459472430136}, "-40": {"optimal_thrust": 3402.0226677142655, "impact_speed": 47.733899473732116, "time": 63.292636340756204}, "-39": {"optimal_thrust": 3397.2014524375704, "impact_speed": 48.819611722466945, "time": 63.493734029698274}, "-38": {"optimal_thrust": 3393.0587667821255, "impact_speed": 49.67463091602722, "time": 63.69867260448147}, "-37": {"optimal_thrust": 3391.195735227027, "impact_speed": 49.84715177425604, "time": 63.907263155989014}, "-36": {"optimal_thrust": 3389.2927292645386, "impact_speed": 49.986437596096955, "time": 64.11945263004937}, "-35": {"optimal_thrust": 3386.6896393468687, "impact_speed": 50.32645094829268, "time": 64.3351407862216}, "-34": {"optimal_thrust": 3384.0576419090366, "impact_speed": 50.66146961538128, "time": 64.554317988611}, "-33": {"optimal_thrust": 3381.0999049515403, "impact_speed": 51.10764164135153, "time": 64.77694607461109}, "-32": {"optimal_thrust": 3378.526749113415, "impact_speed": 51.39893176193777, "time": 65.00299395366966}, "-31": {"optimal_thrust": 3375.978919416124, "impact_speed": 51.66652141519044, "time": 65.23242003681477}, "-30": {"optimal_thrust": 3373.456032376522, "impact_speed": 51.91055228939933, "time": 65.4651842784277}, "-29": {"optimal_thrust": 3370.95949784286, "impact_speed": 52.13061925748139, "time": 65.70124515398072}, "-28": {"optimal_thrust": 3368.492701455543, "impact_speed": 52.32560251620814, "time": 65.94055964397977}, "-27": {"optimal_thrust": 3365.330299500726, "impact_speed": 52.918705152984515, "time": 66.18307672630958}, "-26": {"optimal_thrust": 3362.9888566149557, "impact_speed": 53.07675234637572, "time": 66.42876609937417}, "-25": {"optimal_thrust": 3360.714341497989, "impact_speed": 53.19255183780316, "time": 66.67758782285301}, "-24": {"optimal_thrust": 3358.5107415866996, "impact_speed": 53.25892107386939, "time": 66.92949366648826}, "-23": {"optimal_thrust": 3356.3769905518066, "impact_speed": 53.27023364343244, "time": 67.18443101700028}, "-22": {"optimal_thrust": 3354.3113271145417, "impact_speed": 53.22015052151489, "time": 67.44234563606496}, "-21": {"optimal_thrust": 3352.311134037547, "impact_speed": 53.102600867654125, "time": 67.7031817069018}, "-20": {"optimal_thrust": 3350.3749273238923, "impact_speed": 52.91078341058626, "time": 67.96688187766094}, "-19": {"optimal_thrust": 3348.5027093743515, "impact_speed": 52.63725645730869, "time": 68.23338727323616}, "-18": {"optimal_thrust": 3346.695750804715, "impact_speed": 52.27504725951723, "time": 68.50263748944272}, "-17": {"optimal_thrust": 3344.9584025986296,