{"-90": {"optimal_thrust": 3521.4183867327642, "impact_speed": 7.200232601283268, "time": 58.00699870577446}, "-89": {"optimal_thrust": 3490.1469057054032, "impact_speed": 26.943015921064475, "time": 58.00912504334889}, "-88": {"optimal_thrust": 3488.5130971129865, "impact_speed": 27.539868131836545, "time": 58.01505644379914}, "-87": {"optimal_thrust": 3498.756988670031, "impact_speed": 23.127706234271297, "time": 58.01814820202923}, "-86": {"optimal_thrust": 3507.9217198760043, "impact_speed": 18.38077824325858, "time": 58.040078743763935}, "-85": {"optimal_thrust": 3520.742414966779, "impact_speed": 8.11655461708956, "time": 58.05896952651094}, "-84": {"optimal_thrust": 3519.995450359455, "impact_speed": 9.063926326816777, "time": 58.08188125461234}, "-83": {"optimal_thrust": 3505.9204762965196, "impact_speed": 19.59413001953599, "time": 58.10972462686216}, "-82": {"optimal_thrust": 3482.414449066652, "impact_speed": 29.804604798474347, "time": 58.1434876681974}, "-81": {"optimal_thrust": 3486.4067077083073, "impact_speed": 28.33111196009499, "time": 58.17653286058714}, "-80": {"optimal_thrust": 3486.5957022557873, "impact_speed": 28.25891307577719, "time": 58.21509450768973}, "-79": {"optimal_thrust": 3486.675905133856, "impact_speed": 28.216617279293015, "time": 58.25848412944577}, "-78": {"optimal_thrust": 3485.43748670588, "impact_speed": 28.662748109231234, "time": 58.30626244484696}, "-77": {"optimal_thrust": 3484.172781893964, "impact_speed": 29.103704291902154, "time": 58.3582716289169}, "-76": {"optimal_thrust": 3483.0588273284, "impact_speed": 29.477492693588907, "time": 58.41439725945769}, "-75": {"optimal_thrust": 3482.196993878049, "impact_speed": 29.752548499923655, "time": 58.47467202574238}, "-74": {"optimal_thrust": 3481.4990841072595, "impact_speed": 29.965314308343245, "time": 58.53910014841497}, "-73": {"optimal_thrust": 3480.8139022943815, "impact_speed": 30.17212453041045, "time": 58.607889717702584}, "-72": {"optimal_thrust": 3480.028753802243, "impact_speed": 30.413236678402168, "time": 58.681078973884105}, "-71": {"optimal_thrust": 3474.339628021747, "impact_speed": 32.2961926689129, "time": 58.757304023107125}, "-70": {"optimal_thrust": 3474.205825860288, "impact_speed": 32.30872232848078, "time": 58.83805233165653}, "-69": {"optimal_thrust": 3473.8845010902583, "impact_speed": 32.384982093112235, "time": 58.92401104428184}, "-68": {"optimal_thrust": 3473.3800021011452, "impact_speed": 32.52230339958559, "time": 59.012686830920615}, "-67": {"optimal_thrust": 3472.699168687917, "impact_speed": 32.716832929250984, "time": 59.1052659815471}, "-66": {"optimal_thrust": 3471.8482738424873, "impact_speed": 32.96464342961345, "time": 59.20198266838897}, "-65": {"optimal_thrust": 3470.8343465985968, "impact_speed": 33.26138686752594, "time": 59.302094668927616}, "-64": {"optimal_thrust": 3469.6634030909663, "impact_speed": 33.602950580318236, "time": 59.40436541145124}, "-63": {"optimal_thrust": 3468.3412638639284, "impact_speed": 33.98524915740039, "time": 59.469591817438165}, "-62": {"optimal_thrust": 3466.874964759469, "impact_speed": 34.4038245951257, "time": 59.6044842467706}, "-61": {"optimal_thrust": 3465.2687256408894, "impact_speed": 34.8551823659622, "time": 59.73448091015765}, "-60": {"optimal_thrust": 3463.5292586239625, "impact_speed": 35.335120713186704, "time": 59.86305426219044}, "-59": {"optimal_thrust": 3461.6613032917116, "impact_speed": 35.8401792256072, "time": 59.99293174693579}, "-58": {"optimal_thrust": 3459.6706739311066, "impact_speed": 36.36668753056157, "time": 60.12521918874514}, "-57": {"optimal_thrust": 3457.5625557550825, "impact_speed": 36.91131183964283, "time": 60.26058966578734}, "-56": {"optimal_thrust": 3455.342127527891, "impact_speed": 37.47086178721616, "time": 60.399451297489875}, "-55": {"optimal_thrust": 3453.0144408700244, "impact_speed": 38.042327372449414, "time": 60.542036709271244}, "-54": {"optimal_thrust": 3450.584484666214, "impact_speed": 38.622855816840215, "time": 60.68846645865882}, "-53": {"optimal_thrust": 3448.0581469711765, "impact_speed": 39.20944483604732, "time": 60.83879296796164}, "-52": {"optimal_thrust": 3445.4406008932388, "impact_speed": 39.79943077691421, "time": 60.99302946644982}, "-51": {"optimal_thrust": 3443.005465831448, "impact_speed": 40.299784756664785, "time": 61.151170149529946}, "-50": {"optimal_thrust": 3440.7806889987887, "impact_speed": 40.68037943324973, "time": 61.31319716710331}, "-49": {"optimal_thrust": 3438.2828735062803, "impact_speed": 41.091455333071956, "time": 61.47918634313351}, "-48": {"optimal_thrust": 3435.516244201749, "impact_speed": 41.52609734722373, "time": 61.649235004494116}, "-47": {"optimal_thrust": 3432.485340207086, "impact_speed": 41.97549195834966, "time": 61.82324520800808}, "-46": {"optimal_thrust": 3429.193996788889, "impact_speed": 42.454649428939625, "time": 62.00115287735635}, "-45": {"optimal_thrust": 3425.647080504724, "impact_speed": 43.368496363241896, "time": 62.18297860078688}, "-44": {"optimal_thrust": 3421.849448091655, "impact_speed": 44.32330959439363, "time": 62.36888490949724}, "-43": {"optimal_thrust": 3417.8059613659084, "impact_speed": 45.313923054662524, "time": 62.558316164887515}, "-42": {"optimal_thrust": 3413.522567304252, "impact_speed": 46.33681272105909, "time": 62.7497022266276}, "-41": {"optimal_thrust": 3409.003810152659, "impact_speed": 47.389307398248874, "time": 62.94541500671317}, "-40": {"optimal_thrust": 3404.2562084835135, "impact_speed": 48.46813704279107, "time": 63.14530310357221}, "-39": {"optimal_thrust": 3399.2854584243983, "impact_speed": 49.57057644411627, "time": 63.349114156231344}, "-38": {"optimal_thrust": 3395.013961851971, "impact_speed": 50.43885596145177, "time": 63.55670228195845}, "-37": {"optimal_thrust": 3393.0934327348145, "impact_speed": 50.61394960217649, "time": 63.76801259510435}, "-36": {"optimal_thrust": 3391.131264969919, "impact_speed": 50.75542277823039, "time": 63.98291953744578}, "-35": {"optimal_thrust": 3388.4471417056866, "impact_speed": 51.10077943298149, "time": 64.20140332771756}, "-34": {"optimal_thrust": 3385.112819801653, "impact_speed": 51.661692282976276, "time": 64.42343032826547}, "-33": {"optimal_thrust": 3382.6842073240928, "impact_speed": 51.89395079923007, "time": 64.64897798573752}, "-32": {"optimal_thrust": 3380.0312320910425, "impact_speed": 52.18974026133306, "time": 64.87799980210607}, "-31": {"optimal_thrust": 3377.4048604526706, "impact_speed": 52.46124517709708, "time": 65.11045935399503}, "-30": {"optimal_thrust": 3374.803627519006, "impact_speed": 52.70907688196046, "time": 65.3463166016941}, "-29": {"optimal_thrust": 3372.229511437775, "impact_speed": 52.932614183420384, "time": 65.58553001704632}, "-28": {"optimal_thrust": 3369.6860301299707, "impact_speed": 53.130716397751414, "time": 65.82805654642263}, "-27": {"optimal_thrust": 3366.425771785266, "impact_speed": 53.732825849600374, "time": 66.07384725838368}, "-26": {"optimal_thrust": 3364.0117706713772, "impact_speed": 53.8932784668186, "time": 66.32288492827092}, "-25": {"optimal_thrust": 3361.6668330647417, "impact_speed": 54.010785391830225, "time": 66.57511627345369}, "-24": {"optimal_thrust": 3359.3947009516296, "impact_speed": 54.078322243091684, "time": 66.83049011345227}, "-23": {"optimal_thrust": 3357.194995032396, "impact_speed": 54.08962748861302, "time": 67.08895359571069}, "-22": {"optimal_thrust": 3355.0652551837957, "impact_speed": 54.038776324185314, "time": 67.3504522690975}, "-21": {"optimal_thrust": 3353.003001347183, "impact_speed": 53.919443045860625, "time": 67.61493013217637}, "-20": {"optimal_thrust": 3351.0065463397577, "impact_speed": 53.72500474336652, "time": 67.8823296516187}, "-19": {"optimal_thrust": 3349.0765169393935, "impact_speed": 53.44681205458436, "time": 68.15259177382158}, "-18": {"optimal_thrust": 3347.213736763878, "impact_speed": 53.0783577595779, "time": 68.42565589241276}, "-17": {"optimal_thrust": 3345.422276868841,