{"-90": {"optimal_thrust": 3526.7481321773216, "impact_speed": 8.020167968851865, "time": 57.800699725505844}, "-89": {"optimal_thrust": 3495.0365545281215, "impact_speed": 27.35126323192303, "time": 57.80282290429781}, "-88": {"optimal_thrust": 3493.3527324631414, "impact_speed": 27.957208435171754, "time": 57.808828383143975}, "-87": {"optimal_thrust": 3503.909637315948, "impact_speed": 23.47809952083584, "time": 57.81331288904048}, "-86": {"optimal_thrust": 3513.353991637872, "impact_speed": 18.659355369408743, "time": 57.8342605721773}, "-85": {"optimal_thrust": 3526.5661740674896, "impact_speed": 8.23966648998859, "time": 57.853226077280226}, "-84": {"optimal_thrust": 3525.7963725672003, "impact_speed": 9.201413611043131, "time": 57.876403052911996}, "-83": {"optimal_thrust": 3511.2919236149105, "impact_speed": 19.890936278761245, "time": 57.90465807922334}, "-82": {"optimal_thrust": 3487.0682227452244, "impact_speed": 30.256131375326028, "time": 57.93862871737899}, "-81": {"optimal_thrust": 3491.1823182247526, "impact_speed": 28.760331168820063, "time": 57.97192929003904}, "-80": {"optimal_thrust": 3491.376559464571, "impact_speed": 28.687233912029317, "time": 58.011004080559104}, "-79": {"optimal_thrust": 3491.459449795139, "impact_speed": 28.64420827284795, "time": 58.05489055991008}, "-78": {"optimal_thrust": 3490.1833607517497, "impact_speed": 29.097045556455207, "time": 58.103198396862176}, "-77": {"optimal_thrust": 3488.8800266799526, "impact_speed": 29.544687938890842, "time": 58.155769344523776}, "-76": {"optimal_thrust": 3487.7319798112426, "impact_speed": 29.92416816027001, "time": 58.21250332873846}, "-75": {"optimal_thrust": 3486.8437317835574, "impact_speed": 30.2034264190445, "time": 58.273433980660016}, "-74": {"optimal_thrust": 3486.124397275753, "impact_speed": 30.419455821768093, "time": 58.33858008031867}, "-73": {"optimal_thrust": 3485.4186211943666, "impact_speed": 30.62928545392887, "time": 58.40816761639743}, "-72": {"optimal_thrust": 3484.6098059627316, "impact_speed": 30.873945168537485, "time": 58.48220046016535}, "-71": {"optimal_thrust": 3478.7465876926212, "impact_speed": 32.78556276646898, "time": 58.55920624583905}, "-70": {"optimal_thrust": 3478.608950399431, "impact_speed": 32.7982010152288, "time": 58.6407675851852}, "-69": {"optimal_thrust": 3478.2774567909414, "impact_speed": 32.87573261136988, "time": 58.72996100649739}, "-68": {"optimal_thrust": 3477.757542383895, "impact_speed": 33.01513828953253, "time": 58.81692830993319}, "-67": {"optimal_thrust": 3477.055729785656, "impact_speed": 33.21267716091513, "time": 58.910785101454074}, "-66": {"optimal_thrust": 3476.179507453377, "impact_speed": 33.46403107381605, "time": 59.0084323333063}, "-65": {"optimal_thrust": 3475.134303749708, "impact_speed": 33.76537339012225, "time": 59.10919713992383}, "-64": {"optimal_thrust": 3473.9275466106697, "impact_speed": 34.11213183956965, "time": 59.21155141390949}, "-63": {"optimal_thrust": 3472.565434155516, "impact_speed": 34.50009721982778, "time": 59.28873236063698}, "-62": {"optimal_thrust": 3471.053915313483, "impact_speed": 34.92515686230981, "time": 59.42142691086211}, "-61": {"optimal_thrust": 3469.3990670603966, "impact_speed": 35.383217529415674, "time": 59.550404657895434}, "-60": {"optimal_thrust": 3467.6061967458327, "impact_speed": 35.87051899800034, "time": 59.6791778640918}, "-59": {"optimal_thrust": 3465.6816375265857, "impact_speed": 36.38309750579046, "time": 59.809771140062736}, "-58": {"optimal_thrust": 3463.630055770234, "impact_speed": 36.91763691992314, "time": 59.943109727164995}, "-57": {"optimal_thrust": 3461.457467337101, "impact_speed": 37.47054505504529, "time": 60.079765585667126}, "-56": {"optimal_thrust": 3459.1691796052305, "impact_speed": 38.03859259315995, "time": 60.2200766622355}, "-55": {"optimal_thrust": 3456.770371432603, "impact_speed": 38.61873235596458, "time": 60.36422837067348}, "-54": {"optimal_thrust": 3454.266417724217, "impact_speed": 39.207996791980264, "time": 60.51231107216393}, "-53": {"optimal_thrust": 3451.662881867815, "impact_speed": 39.80349233563135, "time": 60.66435897672579}, "-52": {"optimal_thrust": 3448.9651328583427, "impact_speed": 40.4025059252719, "time": 60.82037512009765}, "-51": {"optimal_thrust": 3446.455871486749, "impact_speed": 40.91036946348952, "time": 60.980348660683724}, "-50": {"optimal_thrust": 3444.1627220736227, "impact_speed": 41.296889798399, "time": 61.144279791518166}, "-49": {"optimal_thrust": 3441.5890520423695, "impact_speed": 41.71404427894184, "time": 61.31232962047624}, "-48": {"optimal_thrust": 3438.7378715180666, "impact_speed": 42.155313131988315, "time": 61.48445610491929}, "-47": {"optimal_thrust": 3435.614482863009, "impact_speed": 42.61148542792156, "time": 61.660571157471566}, "-46": {"optimal_thrust": 3432.2227265438532, "impact_speed": 43.09677844324493, "time": 61.84065183643776}, "-45": {"optimal_thrust": 3428.5675931275455, "impact_speed": 44.02543522314137, "time": 62.024802170254006}, "-44": {"optimal_thrust": 3424.653748214311, "impact_speed": 44.9949364165573, "time": 62.21309078603711}, "-43": {"optimal_thrust": 3420.4870799669034, "impact_speed": 46.000417337262476, "time": 62.40349976389368}, "-42": {"optimal_thrust": 3416.0725711962873, "impact_speed": 47.03894655001435, "time": 62.597491375131646}, "-41": {"optimal_thrust": 3411.415792854477, "impact_speed": 48.107398741815764, "time": 62.795964943428714}, "-40": {"optimal_thrust": 3406.5234553389228, "impact_speed": 49.20249907041722, "time": 62.998455853794596}, "-39": {"optimal_thrust": 3401.400612442409, "impact_speed": 50.32173537690982, "time": 63.20490294398105}, "-38": {"optimal_thrust": 3396.9988981377414, "impact_speed": 51.203111387123236, "time": 63.415128687348826}, "-37": {"optimal_thrust": 3395.0196539677077, "impact_speed": 51.38088317452487, "time": 63.6290942375898}, "-36": {"optimal_thrust": 3392.9979440432435, "impact_speed": 51.52438403077611, "time": 63.84672206461337}, "-35": {"optimal_thrust": 3390.2317609169377, "impact_speed": 51.87500704081712, "time": 64.0679859620901}, "-34": {"optimal_thrust": 3386.7958113981385, "impact_speed": 52.44435421135729, "time": 64.29285241113419}, "-33": {"optimal_thrust": 3384.292688158247, "impact_speed": 52.68026298200162, "time": 64.52129928452116}, "-32": {"optimal_thrust": 3381.5589967893725, "impact_speed": 52.98041941705598, "time": 64.75327992845216}, "-31": {"optimal_thrust": 3378.8519752542397, "impact_speed": 53.25623670654834, "time": 64.98875802549652}, "-30": {"optimal_thrust": 3376.171303671937, "impact_speed": 53.507842810126235, "time": 65.22769358694333}, "-29": {"optimal_thrust": 3373.5187118095837, "impact_speed": 53.73471805171228, "time": 65.47004509872988}, "-28": {"optimal_thrust": 3370.897648916252, "impact_speed": 53.93578617623425, "time": 65.71577125628735}, "-27": {"optimal_thrust": 3367.537937168021, "impact_speed": 54.54696396255125, "time": 65.96483647409222}, "-26": {"optimal_thrust": 3365.0501632671026, "impact_speed": 54.709888482012964, "time": 66.21721101075003}, "-25": {"optimal_thrust": 3362.633834616199, "impact_speed": 54.829042158482224, "time": 66.47283811511787}, "-24": {"optimal_thrust": 3360.2920496625206, "impact_speed": 54.89780501185986, "time": 66.73166641173928}, "-23": {"optimal_thrust": 3358.0253187862595, "impact_speed": 54.90917635783132, "time": 66.99364291454776}, "-22": {"optimal_thrust": 3355.830524186094, "impact_speed": 54.8575869574309, "time": 67.2587130532239}, "-21": {"optimal_thrust": 3353.7054100024748, "impact_speed": 54.736315414969255, "time": 67.52682072872713}, "-20": {"optimal_thrust": 3351.648372771734, "impact_speed": 54.538286306258044, "time": 67.79790831143477}, "-19": {"optimal_thrust": 3349.6589000612867, "impact_speed": 54.25676755482313, "time": 68.07191663389595}, "-18": {"optimal_thrust": 3347.7390078379017, "impact_speed": 53.883454307835194, "time": 68.34878498437875}, "-17": {"optimal_thrust": 3345.893128988839,