{"-90": {"optimal_thrust": 3532.101159342582, "impact_speed": 8.842274325484254, "time": 57.59531262313642}, "-89": {"optimal_thrust": 3499.9998235234707, "impact_speed": 27.759474803822496, "time": 57.59743472539106}, "-88": {"optimal_thrust": 3498.2656028596325, "impact_speed": 28.374376430752257, "time": 57.60384642454545}, "-87": {"optimal_thrust": 3509.1395440357774, "impact_speed": 23.828593718533096, "time": 57.60914467566742}, "-86": {"optimal_thrust": 3518.8683828407297, "impact_speed": 18.93768753818989, "time": 57.629372947380126}, "-85": {"optimal_thrust": 3532.47774433299, "impact_speed": 8.362471573695185, "time": 57.64839076519461}, "-84": {"optimal_thrust": 3531.6850467527556, "impact_speed": 9.338299688876717, "time": 57.671832682889736}, "-83": {"optimal_thrust": 3516.744404281066, "impact_speed": 20.187605445718628, "time": 57.700495903503224}, "-82": {"optimal_thrust": 3491.7917134531162, "impact_speed": 30.707751259227685, "time": 57.73457025032609}, "-81": {"optimal_thrust": 3496.02988786248, "impact_speed": 29.18949753029198, "time": 57.76822914227385}, "-80": {"optimal_thrust": 3496.2298212210007, "impact_speed": 29.11536414286668, "time": 57.80780287540941}, "-79": {"optimal_thrust": 3496.3153310240095, "impact_speed": 29.07164965794277, "time": 57.852178889537065}, "-78": {"optimal_thrust": 3495.000612811522, "impact_speed": 29.531338650771303, "time": 57.90100892022768}, "-77": {"optimal_thrust": 3493.658324612211, "impact_speed": 29.985576127554225, "time": 57.95413444198721}, "-76": {"optimal_thrust": 3492.475551539725, "impact_speed": 30.370791646381043, "time": 58.01147012632004}, "-75": {"optimal_thrust": 3491.5606320629513, "impact_speed": 30.654203680055975, "time": 58.0730492059244}, "-74": {"optimal_thrust": 3490.819804918317, "impact_speed": 30.873409221874187, "time": 58.13891434488551}, "-73": {"optimal_thrust": 3490.092604110702, "impact_speed": 31.086439378666, "time": 58.20928950633833}, "-72": {"optimal_thrust": 3489.259231251817, "impact_speed": 31.33483020622041, "time": 58.28415847664691}, "-71": {"optimal_thrust": 3483.21974634468, "impact_speed": 33.27495507705788, "time": 58.36188304817117}, "-70": {"optimal_thrust": 3483.078206132671, "impact_speed": 33.28770639874008, "time": 58.44428427531713}, "-69": {"optimal_thrust": 3482.736604305176, "impact_speed": 33.36643970925835, "time": 58.53271929141472}, "-68": {"optimal_thrust": 3482.201342267601, "impact_speed": 33.507833791806874, "time": 58.6222339550133}, "-67": {"optimal_thrust": 3481.478489838751, "impact_speed": 33.70830002599696, "time": 58.71705586014472}, "-66": {"optimal_thrust": 3480.5754678513827, "impact_speed": 33.963548573323266, "time": 58.81556281089091}, "-65": {"optimal_thrust": 3479.4992444156824, "impact_speed": 34.269257432763176, "time": 58.91679865476465}, "-64": {"optimal_thrust": 3478.2560320539274, "impact_speed": 34.62124338682451, "time": 59.01899833370078}, "-63": {"optimal_thrust": 3476.852791766863, "impact_speed": 35.015050802661726, "time": 59.10706786838994}, "-62": {"optimal_thrust": 3475.2961209016557, "impact_speed": 35.44635995529822, "time": 59.23803549264691}, "-61": {"optimal_thrust": 3473.5913196881734, "impact_speed": 35.91131505828458, "time": 59.366456803636225}, "-60": {"optimal_thrust": 3471.7444044145573, "impact_speed": 36.405928567579785, "time": 59.49564557397167}, "-59": {"optimal_thrust": 3469.762026042494, "impact_speed": 36.926139382204234, "time": 59.62707364969333}, "-58": {"optimal_thrust": 3467.6487290084888, "impact_speed": 37.468662074626764, "time": 59.76153728731808}, "-57": {"optimal_thrust": 3465.410711325673, "impact_speed": 38.02985013068063, "time": 59.89952021660518}, "-56": {"optimal_thrust": 3463.0536049122456, "impact_speed": 38.60637648173759, "time": 60.04129985779539}, "-55": {"optimal_thrust": 3460.5824601353766, "impact_speed": 39.19523404095892, "time": 60.18702185734959}, "-54": {"optimal_thrust": 3458.0036110025985, "impact_speed": 39.793170952501235, "time": 60.336751876131025}, "-53": {"optimal_thrust": 3455.3219791438482, "impact_speed": 40.39749273996442, "time": 60.49050974900249}, "-52": {"optimal_thrust": 3452.5431353918993, "impact_speed": 41.00543425173841, "time": 60.64829087481026}, "-51": {"optimal_thrust": 3449.9580810048706, "impact_speed": 41.5209809920165, "time": 60.810080995130946}, "-50": {"optimal_thrust": 3447.5961129791617, "impact_speed": 41.913219671901025, "time": 60.97596325583343}, "-49": {"optimal_thrust": 3444.9447986831, "impact_speed": 42.336695557898395, "time": 61.14603955566949}, "-48": {"optimal_thrust": 3442.008169295433, "impact_speed": 42.78440406193817, "time": 61.32020999329416}, "-47": {"optimal_thrust": 3438.7904442867257, "impact_speed": 43.24771523972027, "time": 61.498414144836005}, "-46": {"optimal_thrust": 3435.296676013972, "impact_speed": 43.74323492820527, "time": 61.680691266530545}, "-45": {"optimal_thrust": 3431.5318526254014, "impact_speed": 44.68254548188233, "time": 61.86723552503869}, "-44": {"optimal_thrust": 3427.5006474764414, "impact_speed": 45.66630785901704, "time": 62.057023299499825}, "-43": {"optimal_thrust": 3423.208427485769, "impact_speed": 46.68695301592908, "time": 62.2491686082514}, "-42": {"optimal_thrust": 3418.6612722192463, "impact_speed": 47.7409453702366, "time": 62.445968039541775}, "-41": {"optimal_thrust": 3413.8644863424847, "impact_speed": 48.825340485772465, "time": 62.647000038286954}, "-40": {"optimal_thrust": 3408.824471062646, "impact_speed": 49.93696081750445, "time": 62.85210486309599}, "-39": {"optimal_thrust": 3403.5478115654582, "impact_speed": 51.07282538428559, "time": 63.06109264440369}, "-38": {"optimal_thrust": 3399.0140855078644, "impact_speed": 51.96725595238251, "time": 63.27392729408815}, "-37": {"optimal_thrust": 3396.9752326980756, "impact_speed": 52.14770021142625, "time": 63.490526646984705}, "-36": {"optimal_thrust": 3394.8925704374965, "impact_speed": 52.2933861976709, "time": 63.710859742237126}, "-35": {"optimal_thrust": 3392.0430501575856, "impact_speed": 52.64929245901469, "time": 63.93488821689176}, "-34": {"optimal_thrust": 3388.503615987517, "impact_speed": 53.227192261626705, "time": 64.16257869664997}, "-33": {"optimal_thrust": 3385.925598392335, "impact_speed": 53.46648339280451, "time": 64.3939095243542}, "-32": {"optimal_thrust": 3383.109529950649, "impact_speed": 53.77118290419971, "time": 64.62883389796438}, "-31": {"optimal_thrust": 3380.32140882989, "impact_speed": 54.05098169526366, "time": 64.8673156530457}, "-30": {"optimal_thrust": 3377.5600873508265, "impact_speed": 54.30634729166108, "time": 65.10931486020742}, "-29": {"optimal_thrust": 3374.8277397082024, "impact_speed": 54.53658749052362, "time": 65.35479097187482}, "-28": {"optimal_thrust": 3372.127753915319, "impact_speed": 54.740698581325454, "time": 65.60371685624528}, "-27": {"optimal_thrust": 3368.6671788982394, "impact_speed": 55.36091338615888, "time": 65.85604527112675}, "-26": {"optimal_thrust": 3366.1044470104707, "impact_speed": 55.526334084844414, "time": 66.11174251890958}, "-25": {"optimal_thrust": 3363.615185760516, "impact_speed": 55.6474279184365, "time": 66.37075152667778}, "-24": {"optimal_thrust": 3361.203194801183, "impact_speed": 55.71705578381951, "time": 66.63302084388681}, "-23": {"optimal_thrust": 3358.8680734267227, "impact_speed": 55.72877416521308, "time": 66.89849743193473}, "-22": {"optimal_thrust": 3356.607202307778, "impact_speed": 55.67650182263323, "time": 67.1671267025402}, "-21": {"optimal_thrust": 3354.4183357284664, "impact_speed": 55.55324823148796, "time": 67.43885254518584}, "-20": {"optimal_thrust": 3352.299151062477, "impact_speed": 55.352722775609934, "time": 67.7136173147422}, "-19": {"optimal_thrust": 3350.2497618221487, "impact_speed": 55.067309802974215, "time": 67.99136183682171}, "-18": {"optimal_thrust": 3348.272798640054, "impact_speed": 54.686797701119986, "time": 68.2720253820304}, "-17": {"optimal_thrust": 3346.3712297651923,