{"-90": {"optimal_thrust": 3537.4764417130323, "impact_speed": 9.6670437856369, "time": 57.39083498495972}, "-89": {"optimal_thrust": 3505.036704851391, "impact_speed": 28.167655179187136, "time": 57.39295752910493}, "-88": {"optimal_thrust": 3503.2508698502224, "impact_speed": 28.791688280597732, "time": 57.40081601695202}, "-87": {"optimal_thrust": 3514.447351485883, "impact_speed": 24.17890194867654, "time": 57.40568837358113}, "-86": {"optimal_thrust": 3524.4637479760177, "impact_speed": 19.21642371015829, "time": 57.42540577670982}, "-85": {"optimal_thrust": 3538.4768115189677, "impact_speed": 8.485383484725817, "time": 57.444470621173636}, "-84": {"optimal_thrust": 3537.6606424476277, "impact_speed": 9.475553264274275, "time": 57.46816836693496}, "-83": {"optimal_thrust": 3522.277087826479, "impact_speed": 20.48457894156259, "time": 57.49723626537986}, "-82": {"optimal_thrust": 3496.5852986907225, "impact_speed": 31.1593303656992, "time": 57.53133824422284}, "-81": {"optimal_thrust": 3500.9488956951704, "impact_speed": 29.618801957842575, "time": 57.56542830431649}, "-80": {"optimal_thrust": 3501.154966374165, "impact_speed": 29.54350099432662, "time": 57.60548808388283}, "-79": {"optimal_thrust": 3501.242590359367, "impact_speed": 29.49929583604575, "time": 57.65034761172721}, "-78": {"optimal_thrust": 3499.889303081074, "impact_speed": 29.965606107990215, "time": 57.699691672630294}, "-77": {"optimal_thrust": 3498.5071699990963, "impact_speed": 30.426550344111025, "time": 57.75336476518335}, "-76": {"optimal_thrust": 3497.2893458393223, "impact_speed": 30.817433385591197, "time": 57.81129553206808}, "-75": {"optimal_thrust": 3496.3476947162303, "impact_speed": 31.10488465921156, "time": 57.87351556099481}, "-74": {"optimal_thrust": 3495.5844842188703, "impact_speed": 31.327462042626824, "time": 57.940100019629355}, "-73": {"optimal_thrust": 3494.835790704072, "impact_speed": 31.5436069690415, "time": 58.011252855218444}, "-72": {"optimal_thrust": 3493.9778603448917, "impact_speed": 31.795605687632342, "time": 58.086674409964715}, "-71": {"optimal_thrust": 3487.7594817288373, "impact_speed": 33.76424972685957, "time": 58.165187706089}, "-70": {"optimal_thrust": 3487.6135930600058, "impact_speed": 33.777237318328325, "time": 58.24894729274907}, "-69": {"optimal_thrust": 3487.261950727287, "impact_speed": 33.857103033832296, "time": 58.33718667016024}, "-68": {"optimal_thrust": 3486.7105710860315, "impact_speed": 34.00065813460172, "time": 58.42836582640928}, "-67": {"optimal_thrust": 3485.966611141945, "impact_speed": 34.20397489485767, "time": 58.52407367162293}, "-66": {"optimal_thrust": 3485.0367895262757, "impact_speed": 34.46299129680186, "time": 58.62333383929941}, "-65": {"optimal_thrust": 3483.928527089348, "impact_speed": 34.77324359497165, "time": 58.72484164270885}, "-64": {"optimal_thrust": 3482.6485351166275, "impact_speed": 35.13038880255226, "time": 58.790128258478894}, "-63": {"optimal_thrust": 3481.2040457167927, "impact_speed": 35.529887028946554, "time": 58.92484221146851}, "-62": {"optimal_thrust": 3479.6009397638595, "impact_speed": 35.967635594255725, "time": 59.05448348026608}, "-61": {"optimal_thrust": 3477.8452266556355, "impact_speed": 36.43955013475565, "time": 59.1827690877697}, "-60": {"optimal_thrust": 3475.944077677152, "impact_speed": 36.94128991986337, "time": 59.31252549103163}, "-59": {"optimal_thrust": 3473.9029211637176, "impact_speed": 37.46916424152448, "time": 59.44488460422237}, "-58": {"optimal_thrust": 3471.7268824262123, "impact_speed": 38.01970357088717, "time": 59.580530895697486}, "-57": {"optimal_thrust": 3469.4227944567606, "impact_speed": 38.58907385478032, "time": 59.71987104934328}, "-56": {"optimal_thrust": 3466.99552570545, "impact_speed": 39.17417498828949, "time": 59.863130558835195}, "-55": {"optimal_thrust": 3464.451598648601, "impact_speed": 39.77156409416784, "time": 60.01042184455413}, "-54": {"optimal_thrust": 3461.795935923662, "impact_speed": 40.37841515610375, "time": 60.16179054248712}, "-53": {"optimal_thrust": 3459.0346144036416, "impact_speed": 40.991696282789135, "time": 60.31724532233409}, "-52": {"optimal_thrust": 3456.173772076192, "impact_speed": 41.60847822285158, "time": 60.47677602432292}, "-51": {"optimal_thrust": 3453.511971363601, "impact_speed": 42.131657471400885, "time": 60.64038253893536}, "-50": {"optimal_thrust": 3451.080286876353, "impact_speed": 42.52957899319755, "time": 60.80823735217023}, "-49": {"optimal_thrust": 3448.350497909103, "impact_speed": 42.959248134611734, "time": 60.98030390496574}, "-48": {"optimal_thrust": 3445.3266297565306, "impact_speed": 43.413652278848545, "time": 61.156492521611}, "-47": {"optimal_thrust": 3442.0138614111697, "impact_speed": 43.88354250643998, "time": 61.336786841608514}, "-46": {"optimal_thrust": 3438.4165467432713, "impact_speed": 44.384831065454726, "time": 61.52131743804394}, "-45": {"optimal_thrust": 3434.5399881121625, "impact_speed": 45.339693594891465, "time": 61.710051256486594}, "-44": {"optimal_thrust": 3430.3890524857156, "impact_speed": 46.33807391313579, "time": 61.90076483782034}, "-43": {"optimal_thrust": 3425.969749005789, "impact_speed": 47.37364228145968, "time": 62.095592974578835}, "-42": {"optimal_thrust": 3421.2879610683567, "impact_speed": 48.443081996853, "time": 62.29498772895428}, "-41": {"optimal_thrust": 3416.349189508918, "impact_speed": 49.54337222058138, "time": 62.49854534781073}, "-40": {"optimal_thrust": 3411.1601527390585, "impact_speed": 50.67124689028719, "time": 62.70615156240888}, "-39": {"optimal_thrust": 3405.7269226151425, "impact_speed": 51.823886708565226, "time": 62.91769181306653}, "-38": {"optimal_thrust": 3401.058693404176, "impact_speed": 52.731519067562466, "time": 63.1330797004342}, "-37": {"optimal_thrust": 3398.9593385444296, "impact_speed": 52.9146475144224, "time": 63.3523093330855}, "-36": {"optimal_thrust": 3396.46452833547, "impact_speed": 53.17039974999087, "time": 63.57532922885031}, "-35": {"optimal_thrust": 3393.881202217509, "impact_speed": 53.423567590377615, "time": 63.80210961827825}, "-34": {"optimal_thrust": 3390.237006182849, "impact_speed": 54.00992998848992, "time": 64.032608730256}, "-33": {"optimal_thrust": 3387.582620815619, "impact_speed": 54.25273395163408, "time": 64.26680826112135}, "-32": {"optimal_thrust": 3384.6828315748717, "impact_speed": 54.56202705543726, "time": 64.5046612927687}, "-31": {"optimal_thrust": 3381.812333381301, "impact_speed": 54.84584888269221, "time": 64.74613183816844}, "-30": {"optimal_thrust": 3378.9690182809627, "impact_speed": 55.10505539822951, "time": 64.99118023421407}, "-29": {"optimal_thrust": 3376.15595446079, "impact_speed": 55.33856631081105, "time": 65.23977957955184}, "-28": {"optimal_thrust": 3373.376212867037, "impact_speed": 55.545537028034815, "time": 65.49189472585232}, "-27": {"optimal_thrust": 3369.812666507415, "impact_speed": 56.17512082738235, "time": 65.74747190988812}, "-26": {"optimal_thrust": 3367.174080129939, "impact_speed": 56.34293894887719, "time": 66.00647772642176}, "-25": {"optimal_thrust": 3364.6110555188006, "impact_speed": 56.46582614762017, "time": 66.26885488410407}, "-24": {"optimal_thrust": 3362.1273764948187, "impact_speed": 56.53665490571925, "time": 66.53455195193862}, "-23": {"optimal_thrust": 3359.723353424504, "impact_speed": 56.54833599484625, "time": 66.80351594849459}, "-22": {"optimal_thrust": 3357.395837034724, "impact_speed": 56.49494318356686, "time": 67.07569235158985}, "-21": {"optimal_thrust": 3355.1420499143205, "impact_speed": 56.369890858991674, "time": 67.3510251290973}, "-20": {"optimal_thrust": 3352.9600095755372, "impact_speed": 56.16644538434607, "time": 67.62945672904969}, "-19": {"optimal_thrust": 3350.8498440674825, "impact_speed": 55.87686980599686, "time": 67.91092806797609}, "-18": {"optimal_thrust": 3348.81423085608, "impact_speed": 55.49089021903067, "time": 68.19537849814037}, "-17": {"optimal_thrust": 3346.8561867625117,