{"-90": {"optimal_thrust": 3542.872831609442, "impact_speed": 10.494971105326016, "time": 57.187264364730815}, "-89": {"optimal_thrust": 3510.146881077016, "impact_speed": 28.5759249728586, "time": 57.18938842885182}, "-88": {"optimal_thrust": 3508.3087307415917, "impact_speed": 29.209066219862905, "time": 57.19851117575093}, "-87": {"optimal_thrust": 3519.8323571508186, "impact_speed": 24.529336573321626, "time": 57.20297981222539}, "-86": {"optimal_thrust": 3530.141104658753, "impact_speed": 19.494987626936716, "time": 57.22235100846736}, "-85": {"optimal_thrust": 3544.563176258652, "impact_speed": 8.60864796921531, "time": 57.24146318479806}, "-84": {"optimal_thrust": 3543.7232808155372, "impact_speed": 9.613023040477596, "time": 57.265406969949616}, "-83": {"optimal_thrust": 3527.8909323170074, "impact_speed": 20.781348533329787, "time": 57.2948774072047}, "-82": {"optimal_thrust": 3501.4490463022153, "impact_speed": 31.61084740760632, "time": 57.32895922504685}, "-81": {"optimal_thrust": 3505.939854761697, "impact_speed": 30.048055428353518, "time": 57.36352291245051}, "-80": {"optimal_thrust": 3506.152002817219, "impact_speed": 29.97164136196976, "time": 57.40405655915977}, "-79": {"optimal_thrust": 3506.2422462005115, "impact_speed": 29.92677365843212, "time": 57.449394101670016}, "-78": {"optimal_thrust": 3504.849114132135, "impact_speed": 30.39996064414476, "time": 57.49924426140621}, "-77": {"optimal_thrust": 3503.426563056367, "impact_speed": 30.86760682699896, "time": 57.55345813962119}, "-76": {"optimal_thrust": 3502.173687646877, "impact_speed": 31.26398189690764, "time": 57.61197740774493}, "-75": {"optimal_thrust": 3501.2040212210513, "impact_speed": 31.55577639471384, "time": 57.674830888863184}, "-74": {"optimal_thrust": 3500.418872740558, "impact_speed": 31.781463587901555, "time": 57.742134238519256}, "-73": {"optimal_thrust": 3499.648309201794, "impact_speed": 32.00074499011336, "time": 57.81405522828219}, "-72": {"optimal_thrust": 3498.765368238267, "impact_speed": 32.256383687332416, "time": 57.88954058068922}, "-71": {"optimal_thrust": 3492.365159221612, "impact_speed": 34.25364781368917, "time": 57.96939702750715}, "-70": {"optimal_thrust": 3492.2151791019483, "impact_speed": 34.26677155058769, "time": 58.055465843353495}, "-69": {"optimal_thrust": 3491.853496258642, "impact_speed": 34.34772439832422, "time": 58.14275681446503}, "-68": {"optimal_thrust": 3491.285802823523, "impact_speed": 34.493427228035664, "time": 58.23524745416138}, "-67": {"optimal_thrust": 3490.5199727803515, "impact_speed": 34.69973706434886, "time": 58.33182291619989}, "-66": {"optimal_thrust": 3489.562966416881, "impact_speed": 34.96251888993069, "time": 58.43170018013775}, "-65": {"optimal_thrust": 3488.4223404719387, "impact_speed": 35.27726946822761, "time": 58.53327206924121}, "-64": {"optimal_thrust": 3487.1054479476034, "impact_speed": 35.6394467875514, "time": 58.60966573252889}, "-63": {"optimal_thrust": 3485.61848673022, "impact_speed": 36.044826176830085, "time": 58.74225922557768}, "-62": {"optimal_thrust": 3483.9685001489215, "impact_speed": 36.48894204066911, "time": 58.87093149321014}, "-61": {"optimal_thrust": 3482.1619429432176, "impact_speed": 36.967571627079174, "time": 58.999424024961705}, "-60": {"optimal_thrust": 3480.2050204866005, "impact_speed": 37.47666328968314, "time": 59.129872448482956}, "-59": {"optimal_thrust": 3478.1039381525625, "impact_speed": 38.01228620172816, "time": 59.26323987397286}, "-58": {"optimal_thrust": 3475.8647052675774, "impact_speed": 38.570705244705714, "time": 59.40011287089163}, "-57": {"optimal_thrust": 3473.493081590201, "impact_speed": 39.14840514515663, "time": 59.54083098967295}, "-56": {"optimal_thrust": 3470.995265612489, "impact_speed": 39.74189314350647, "time": 59.68557547638934}, "-55": {"optimal_thrust": 3468.376760284598, "impact_speed": 40.348029649981044, "time": 59.834431189490644}, "-54": {"optimal_thrust": 3465.6439669106144, "impact_speed": 40.96355773752785, "time": 59.987427738991364}, "-53": {"optimal_thrust": 3462.8020578163473, "impact_speed": 41.58571733431673, "time": 60.14456525725376}, "-52": {"optimal_thrust": 3459.8574335117514, "impact_speed": 42.211515001920326, "time": 60.305829695862286}, "-51": {"optimal_thrust": 3457.11804998651, "impact_speed": 42.74223635323389, "time": 60.47129375630764}, "-50": {"optimal_thrust": 3454.615372604436, "impact_speed": 43.14592185246863, "time": 60.641089459084085}, "-49": {"optimal_thrust": 3451.80582674698, "impact_speed": 43.581837336036095, "time": 60.81511420488856}, "-48": {"optimal_thrust": 3448.6937606786773, "impact_speed": 44.04277827867873, "time": 60.99330653161647}, "-47": {"optimal_thrust": 3445.284097493244, "impact_speed": 44.51960391015606, "time": 61.17571573943017}, "-46": {"optimal_thrust": 3441.582016200383, "impact_speed": 45.02547322508802, "time": 61.36255758415008}, "-45": {"optimal_thrust": 3437.5919995878294, "impact_speed": 45.9968779235579, "time": 61.55251235284259}, "-44": {"optimal_thrust": 3433.319989757645, "impact_speed": 47.009626423078984, "time": 61.74516132942714}, "-43": {"optimal_thrust": 3428.7718748725874, "impact_speed": 48.06011256035148, "time": 61.94266201558444}, "-42": {"optimal_thrust": 3423.9532179093962, "impact_speed": 49.14513529888539, "time": 62.14449901045278}, "-41": {"optimal_thrust": 3418.8702863971444, "impact_speed": 50.261364236170216, "time": 62.35055000367789}, "-40": {"optimal_thrust": 3413.529603146238, "impact_speed": 51.4056320444374, "time": 62.5606182667924}, "-39": {"optimal_thrust": 3407.9381415415164, "impact_speed": 52.57486656160284, "time": 62.77465775518714}, "-38": {"optimal_thrust": 3403.133172143537, "impact_speed": 53.49577562164752, "time": 62.99259755715729}, "-37": {"optimal_thrust": 3400.9727984103715, "impact_speed": 53.681482217386844, "time": 63.21444180202828}, "-36": {"optimal_thrust": 3398.765544025063, "impact_speed": 53.8315445579805, "time": 63.440138605950544}, "-35": {"optimal_thrust": 3395.7465375645847, "impact_speed": 54.19772541591662, "time": 63.66964969245873}, "-34": {"optimal_thrust": 3391.9957858599864, "impact_speed": 54.792638947186006, "time": 63.90294205453471}, "-33": {"optimal_thrust": 3389.2634382173615, "impact_speed": 55.039129611877016, "time": 64.13999506106246}, "-32": {"optimal_thrust": 3386.2794149197966, "impact_speed": 55.3527463885449, "time": 64.38076171367439}, "-31": {"optimal_thrust": 3383.3246826694085, "impact_speed": 55.64086127028078, "time": 64.62520620651273}, "-30": {"optimal_thrust": 3380.398607044721, "impact_speed": 55.90372061141028, "time": 64.8732995273004}, "-29": {"optimal_thrust": 3377.5031661934604, "impact_speed": 56.140747289435716, "time": 65.12501347063208}, "-28": {"optimal_thrust": 3374.642261423981, "impact_speed": 56.350740982281955, "time": 65.38030321686144}, "-27": {"optimal_thrust": 3370.974847131083, "impact_speed": 56.9893425017813, "time": 65.63911475806484}, "-26": {"optimal_thrust": 3368.2595758356683, "impact_speed": 57.1594006892804, "time": 65.90141509073794}, "-25": {"optimal_thrust": 3365.6213727508893, "impact_speed": 57.28428232437737, "time": 66.16714680579028}, "-24": {"optimal_thrust": 3363.065264726805, "impact_speed": 57.35609183041928, "time": 66.43625860201682}, "-23": {"optimal_thrust": 3360.591096486297, "impact_speed": 57.3679171979349, "time": 66.70869764256976}, "-22": {"optimal_thrust": 3358.1954876306336, "impact_speed": 57.3139022141848, "time": 66.98440957478654}, "-21": {"optimal_thrust": 3355.8757822322714, "impact_speed": 57.18722944244919, "time": 67.26333855757854}, "-20": {"optimal_thrust": 3353.6303508963583, "impact_speed": 56.9804338229564, "time": 67.54542724575683}, "-19": {"optimal_thrust": 3351.45856484786, "impact_speed": 56.68668315263337, "time": 67.83061675601152}, "-18": {"optimal_thrust": 3349.363202891009, "impact_speed": 56.29597652483016, "time": 68.11884662849668}, "-17": {"optimal_thrust": 3347.3483181937945,