{"-90": {"optimal_thrust": 3548.2903290318104, "impact_speed": 11.32548556798065, "time": 56.98459829162437}, "-89": {"optimal_thrust": 3515.3302924494096, "impact_speed": 28.984302541604514, "time": 56.98672322226884}, "-88": {"optimal_thrust": 3513.4395011868883, "impact_speed": 29.62639452401759, "time": 56.99439627294059}, "-87": {"optimal_thrust": 3525.2944333947244, "impact_speed": 24.879946775619526, "time": 57.00104749997749}, "-86": {"optimal_thrust": 3535.9005212047805, "impact_speed": 19.773349573612364, "time": 57.02020310665753}, "-85": {"optimal_thrust": 3550.7372343243455, "impact_speed": 8.731760197646402, "time": 57.03934847026131}, "-84": {"optimal_thrust": 3549.873226679219, "impact_speed": 9.750407771328804, "time": 57.063545381337626}, "-83": {"optimal_thrust": 3533.5854337968763, "impact_speed": 21.078179645033334, "time": 57.09341757635024}, "-82": {"optimal_thrust": 3506.3821258190865, "impact_speed": 32.062582999463736, "time": 57.12745299139759}, "-81": {"optimal_thrust": 3511.002577340266, "impact_speed": 30.47732615009937, "time": 57.162509304663224}, "-80": {"optimal_thrust": 3511.2208625701064, "impact_speed": 30.39980904862746, "time": 57.203504452163706}, "-79": {"optimal_thrust": 3511.313793405898, "impact_speed": 30.354268427052595, "time": 57.24931306663246}, "-78": {"optimal_thrust": 3509.880816527365, "impact_speed": 30.834131443129174, "time": 57.29966427098298}, "-77": {"optimal_thrust": 3508.4170088283877, "impact_speed": 31.308569980394342, "time": 57.35441237261031}, "-76": {"optimal_thrust": 3507.1281918272753, "impact_speed": 31.710570478419793, "time": 57.41351360397957}, "-75": {"optimal_thrust": 3506.1304501604127, "impact_speed": 32.006591258149705, "time": 57.47699312889009}, "-74": {"optimal_thrust": 3505.3229783478214, "impact_speed": 32.235413429318754, "time": 57.545014188396046}, "-73": {"optimal_thrust": 3504.5299635568485, "impact_speed": 32.45791897944906, "time": 57.6176942759288}, "-72": {"optimal_thrust": 3503.6216347675727, "impact_speed": 32.71720324138471, "time": 57.693714457167694}, "-71": {"optimal_thrust": 3497.037352973644, "impact_speed": 34.74296932743693, "time": 57.77449545250236}, "-70": {"optimal_thrust": 3496.8829565439814, "impact_speed": 34.75631132160382, "time": 57.8625800983752}, "-69": {"optimal_thrust": 3496.510787927286, "impact_speed": 34.838444625764055, "time": 57.94935414183908}, "-68": {"optimal_thrust": 3495.926848544372, "impact_speed": 34.986201357138775, "time": 58.04288900397106}, "-67": {"optimal_thrust": 3495.1390805752603, "impact_speed": 35.195428077161914, "time": 58.14027900312292}, "-66": {"optimal_thrust": 3494.154511982365, "impact_speed": 35.461971274389306, "time": 58.240614732476054}, "-65": {"optimal_thrust": 3492.981009119976, "impact_speed": 35.7812349686658, "time": 58.342040884363406}, "-64": {"optimal_thrust": 3491.626060924768, "impact_speed": 36.14863485483335, "time": 58.42859268873249}, "-63": {"optimal_thrust": 3490.0965071315195, "impact_speed": 36.55974651304606, "time": 58.55948944883551}, "-62": {"optimal_thrust": 3488.399126615147, "impact_speed": 37.01018161055002, "time": 58.68760463651837}, "-61": {"optimal_thrust": 3486.540442035409, "impact_speed": 37.49569107541073, "time": 58.81648832071401}, "-60": {"optimal_thrust": 3484.5274288899195, "impact_speed": 38.011990820095896, "time": 58.947730550448256}, "-59": {"optimal_thrust": 3482.3657792049253, "impact_speed": 38.555297125778786, "time": 59.08216767903845}, "-58": {"optimal_thrust": 3480.062076028663, "impact_speed": 39.121703887478255, "time": 59.22030018865424}, "-57": {"optimal_thrust": 3477.6225248371334, "impact_speed": 39.707565399781096, "time": 59.36240939971932}, "-56": {"optimal_thrust": 3475.052439934652, "impact_speed": 40.30964490917142, "time": 59.5086390816698}, "-55": {"optimal_thrust": 3472.3589782126683, "impact_speed": 40.92432756051094, "time": 59.659051456124814}, "-54": {"optimal_thrust": 3469.547258118764, "impact_speed": 41.54873205670293, "time": 59.81366343545859}, "-53": {"optimal_thrust": 3466.6232891045283, "impact_speed": 42.17986210884289, "time": 59.97246879622228}, "-52": {"optimal_thrust": 3463.594113587801, "impact_speed": 42.814546711056586, "time": 60.13545860436072}, "-51": {"optimal_thrust": 3460.775803455379, "impact_speed": 43.35288113653203, "time": 60.30280658913679}, "-50": {"optimal_thrust": 3458.201241532396, "impact_speed": 43.76229289356473, "time": 60.474508778176656}, "-49": {"optimal_thrust": 3455.3105949123747, "impact_speed": 44.20453776355327, "time": 60.650466819084805}, "-48": {"optimal_thrust": 3452.109115979931, "impact_speed": 44.67202347324904, "time": 60.830663569141464}, "-47": {"optimal_thrust": 3448.601275825657, "impact_speed": 45.1557712503248, "time": 61.01524322864295}, "-46": {"optimal_thrust": 3444.7927724951987, "impact_speed": 45.66974994980722, "time": 61.204135004768084}, "-45": {"optimal_thrust": 3440.6882042631387, "impact_speed": 46.653795886042, "time": 61.39500755296464}, "-44": {"optimal_thrust": 3436.2934592922315, "impact_speed": 47.68097440435059, "time": 61.59028789584382}, "-43": {"optimal_thrust": 3431.6142967198684, "impact_speed": 48.74659401588726, "time": 61.790255191818225}, "-42": {"optimal_thrust": 3426.6567208545766, "impact_speed": 49.84722652615424, "time": 61.994529652334904}, "-41": {"optimal_thrust": 3421.427326169093, "impact_speed": 50.97946387273473, "time": 62.202974261515465}, "-40": {"optimal_thrust": 3415.933143708157, "impact_speed": 52.14001770940331, "time": 62.415499982671214}, "-39": {"optimal_thrust": 3410.1808923474937, "impact_speed": 53.32592493342105, "time": 62.632001378948786}, "-38": {"optimal_thrust": 3405.2377723985683, "impact_speed": 54.259960017360974, "time": 62.85248034610664}, "-37": {"optimal_thrust": 3403.0151692004993, "impact_speed": 54.448334434992475, "time": 63.07692353944056}, "-36": {"optimal_thrust": 3400.744788250657, "impact_speed": 54.600416876699555, "time": 63.30527881283107}, "-35": {"optimal_thrust": 3397.6384765063376, "impact_speed": 54.971962538042945, "time": 63.53750796143453}, "-34": {"optimal_thrust": 3393.779574602743, "impact_speed": 55.57544896981222, "time": 63.77357821873624}, "-33": {"optimal_thrust": 3390.969068648565, "impact_speed": 55.82529642211175, "time": 64.01346951366087}, "-32": {"optimal_thrust": 3387.8987667276683, "impact_speed": 56.143545356681585, "time": 64.25713476814829}, "-31": {"optimal_thrust": 3384.8594832097247, "impact_speed": 56.435581265176374, "time": 64.5045446839243}, "-30": {"optimal_thrust": 3381.84917352822, "impact_speed": 56.70219786522857, "time": 64.75567742278594}, "-29": {"optimal_thrust": 3378.8703953279723, "impact_speed": 56.94260548037881, "time": 65.01049109592616}, "-28": {"optimal_thrust": 3375.9271771167387, "impact_speed": 57.15557605668948, "time": 65.26894077853908}, "-27": {"optimal_thrust": 3372.154040299649, "impact_speed": 57.80341384738283, "time": 65.53097233554145}, "-26": {"optimal_thrust": 3369.3603569704537, "impact_speed": 57.97605306320636, "time": 65.79655327816155}, "-25": {"optimal_thrust": 3366.6467466120275, "impact_speed": 58.10240553791629, "time": 66.06562619595411}, "-24": {"optimal_thrust": 3364.017035950416, "impact_speed": 58.17524473715422, "time": 66.33813999786935}, "-23": {"optimal_thrust": 3361.4712483158196, "impact_speed": 58.18756319230175, "time": 66.61404210300707}, "-22": {"optimal_thrust": 3359.0068378854435, "impact_speed": 58.132661266349686, "time": 66.89327845115669}, "-21": {"optimal_thrust": 3356.620687053168, "impact_speed": 58.0037959934347, "time": 67.17579350938836}, "-20": {"optimal_thrust": 3354.3101887717276, "impact_speed": 57.79465533787871, "time": 67.4615302543778}, "-19": {"optimal_thrust": 3352.076361720736, "impact_speed": 57.495854325095145, "time": 67.7504301419064}, "-18": {"optimal_thrust": 3349.920669785745, "impact_speed": 57.0994506886881, "time": 68.04243295272012},