{"-90": {"optimal_thrust": 3553.7282935082617, "impact_speed": 12.15876540251594, "time": 56.78283409914951}, "-89": {"optimal_thrust": 3520.587701326379, "impact_speed": 29.392504893205945, "time": 56.784959361175815}, "-88": {"optimal_thrust": 3518.6435068274845, "impact_speed": 30.043560374375648, "time": 56.792025780042195}, "-87": {"optimal_thrust": 3530.8346660399916, "impact_speed": 25.230267835236454, "time": 56.79991396064884}, "-86": {"optimal_thrust": 3541.740971098571, "impact_speed": 20.052066131512035, "time": 56.81895941113586}, "-85": {"optimal_thrust": 3556.998975672193, "impact_speed": 8.854738781045413, "time": 56.83811826300267}, "-84": {"optimal_thrust": 3556.1104697585374, "impact_speed": 9.887722183595812, "time": 56.862580522518385}, "-83": {"optimal_thrust": 3539.360582964097, "impact_speed": 21.37507438807235, "time": 56.89285496341124}, "-82": {"optimal_thrust": 3511.3856849205863, "impact_speed": 32.514149195411854, "time": 56.92683146913176}, "-81": {"optimal_thrust": 3516.1368656665995, "impact_speed": 30.906682026436386, "time": 56.96238399088151}, "-80": {"optimal_thrust": 3516.3617416798443, "impact_speed": 30.827934802182977, "time": 57.003829440726214}, "-79": {"optimal_thrust": 3516.457232201196, "impact_speed": 30.781779357366567, "time": 57.050102376220615}, "-78": {"optimal_thrust": 3514.983511763934, "impact_speed": 31.268433325180382, "time": 57.10094925902264}, "-77": {"optimal_thrust": 3513.4785155285504, "impact_speed": 31.749440932750325, "time": 57.156225246981116}, "-76": {"optimal_thrust": 3512.1528583805193, "impact_speed": 32.157197460689645, "time": 57.21590345212942}, "-75": {"optimal_thrust": 3511.1271012658212, "impact_speed": 32.4572932097209, "time": 57.28000509658675}, "-74": {"optimal_thrust": 3510.296415859436, "impact_speed": 32.68943904580076, "time": 57.34873711220471}, "-73": {"optimal_thrust": 3509.4809498162545, "impact_speed": 32.91506404310472, "time": 57.42216772889056}, "-72": {"optimal_thrust": 3508.546779811098, "impact_speed": 33.178024111446035, "time": 57.499004660637574}, "-71": {"optimal_thrust": 3501.7756779197716, "impact_speed": 35.23233361857639, "time": 57.58039555443674}, "-70": {"optimal_thrust": 3501.617001160585, "impact_speed": 35.24583348314562, "time": 57.667848477956156}, "-69": {"optimal_thrust": 3501.2343387837395, "impact_speed": 35.329104291714344, "time": 57.756935009916184}, "-68": {"optimal_thrust": 3500.6337082485798, "impact_speed": 35.47898031210333, "time": 57.85129044678081}, "-67": {"optimal_thrust": 3499.8236171103968, "impact_speed": 35.691146670603665, "time": 57.949410675401396}, "-66": {"optimal_thrust": 3498.8114184219157, "impact_speed": 35.96135392832627, "time": 58.050031219821214}, "-65": {"optimal_thrust": 3497.6045332363083, "impact_speed": 36.28514255117207, "time": 58.111934407408526}, "-64": {"optimal_thrust": 3496.211015956745, "impact_speed": 36.657756854798514, "time": 58.247112000575825}, "-63": {"optimal_thrust": 3494.6380315432607, "impact_speed": 37.07467106129726, "time": 58.37667569592143}, "-62": {"optimal_thrust": 3492.8924266736717, "impact_speed": 37.53147202680121, "time": 58.50460755137567}, "-61": {"optimal_thrust": 3490.9811090451553, "impact_speed": 38.02379248130227, "time": 58.634016146773725}, "-60": {"optimal_thrust": 3488.9106614538337, "impact_speed": 38.54745945200121, "time": 58.76613514655882}, "-59": {"optimal_thrust": 3486.688119833823, "impact_speed": 39.098294615482196, "time": 58.901690037957096}, "-58": {"optimal_thrust": 3484.319183769523, "impact_speed": 39.67264575490627, "time": 59.04110559551136}, "-57": {"optimal_thrust": 3481.8099833997617, "impact_speed": 40.266885553364304, "time": 59.184612883907775}, "-56": {"optimal_thrust": 3479.167365882673, "impact_speed": 40.877338981233784, "time": 59.33232418192193}, "-55": {"optimal_thrust": 3476.39683436688, "impact_speed": 41.50086736538364, "time": 59.484283256434836}, "-54": {"optimal_thrust": 3473.5057419051063, "impact_speed": 42.133956101176636, "time": 59.6404971456304}, "-53": {"optimal_thrust": 3470.498950144595, "impact_speed": 42.77394026541953, "time": 59.800955024509584}, "-52": {"optimal_thrust": 3467.3838796902733, "impact_speed": 43.41755378984005, "time": 59.96570294938388}, "-51": {"optimal_thrust": 3464.485751343527, "impact_speed": 43.963430030011395, "time": 60.13490992925993}, "-50": {"optimal_thrust": 3461.838083506258, "impact_speed": 44.37862697978845, "time": 60.308487576617374}, "-49": {"optimal_thrust": 3458.8654444401664, "impact_speed": 44.827091419121835, "time": 60.48636384830685}, "-48": {"optimal_thrust": 3455.573208918056, "impact_speed": 45.30111484622455, "time": 60.66858683757701}, "-47": {"optimal_thrust": 3451.965786568878, "impact_speed": 45.7916712538718, "time": 60.855391270392026}, "-46": {"optimal_thrust": 3448.0489369343095, "impact_speed": 46.315589240345844, "time": 61.045389518937135}, "-45": {"optimal_thrust": 3443.8278388724093, "impact_speed": 47.31117291513395, "time": 61.23820274264004}, "-44": {"optimal_thrust": 3439.308630620979, "impact_speed": 48.352591435688055, "time": 61.436039747834265}, "-43": {"optimal_thrust": 3434.496625381013, "impact_speed": 49.43325296550845, "time": 61.638349550057264}, "-42": {"optimal_thrust": 3429.398791791687, "impact_speed": 50.54923800446447, "time": 61.845011960035606}, "-41": {"optimal_thrust": 3424.0212060885065, "impact_speed": 51.69738077455094, "time": 62.05583293351198}, "-40": {"optimal_thrust": 3418.3709662586057, "impact_speed": 52.87434831554745, "time": 62.27075943136249}, "-39": {"optimal_thrust": 3412.455108395392, "impact_speed": 54.07707641236121, "time": 62.48972509426035}, "-38": {"optimal_thrust": 3407.3721769585322, "impact_speed": 55.02415746371134, "time": 62.71272753246351}, "-37": {"optimal_thrust": 3405.086447260327, "impact_speed": 55.21520445723208, "time": 62.9397540295775}, "-36": {"optimal_thrust": 3402.3694483997415, "impact_speed": 55.48223149160651, "time": 63.17074913086647}, "-35": {"optimal_thrust": 3399.5568978790484, "impact_speed": 55.74631515391536, "time": 63.405683957017736}, "-34": {"optimal_thrust": 3395.5886897012383, "impact_speed": 56.35825006084152, "time": 63.644516787842306}, "-33": {"optimal_thrust": 3392.6984276650887, "impact_speed": 56.611630283765194, "time": 63.887231204026335}, "-32": {"optimal_thrust": 3389.5412706068355, "impact_speed": 56.93427384377496, "time": 64.13378257939577}, "-31": {"optimal_thrust": 3386.415708486738, "impact_speed": 57.23044651557401, "time": 64.38415525657159}, "-30": {"optimal_thrust": 3383.319887327499, "impact_speed": 57.50087098763961, "time": 64.63831243411236}, "-29": {"optimal_thrust": 3380.2564915749217, "impact_speed": 57.744728373078715, "time": 64.89621094976654}, "-28": {"optimal_thrust": 3377.22993596981, "impact_speed": 57.9606258697691, "time": 65.1578059719266}, "-27": {"optimal_thrust": 3373.3499264827074, "impact_speed": 58.61750281254381, "time": 65.42304334909424}, "-26": {"optimal_thrust": 3370.4768707262, "impact_speed": 58.79263773770525, "time": 65.69189121296996}, "-25": {"optimal_thrust": 3367.6861282263894, "impact_speed": 58.920869256722035, "time": 65.96429224994303}, "-24": {"optimal_thrust": 3364.981857878263, "impact_speed": 58.99472401087176, "time": 66.240195702274}, "-23": {"optimal_thrust": 3362.3639718941795, "impact_speed": 59.00713441342838, "time": 66.5195493611727}, "-22": {"optimal_thrust": 3359.8298605175482, "impact_speed": 58.951256046214866, "time": 66.80229958058952}, "-21": {"optimal_thrust": 3357.375888630689, "impact_speed": 58.8206988716917, "time": 67.08839127264734}, "-20": {"optimal_thrust": 3354.999646480619, "impact_speed": 58.60890977339285, "time": 67.37776787492064}, "-19": {"optimal_thrust": 3352.7024816173157, "impact_speed": 58.305911890744994, "time": 67.670371242486}, "-18": {"optimal_thrust": 3350.4858052833442, "impact_speed": 57.90356720118226, "time": 67.96614131614021},