{"-90": {"optimal_thrust": 3559.1860801656444, "impact_speed": 12.994963084898025, "time": 56.58196738519385}, "-89": {"optimal_thrust": 3525.918662870583, "impact_speed": 29.800699508514896, "time": 56.58409439119095}, "-88": {"optimal_thrust": 3523.9197213794173, "impact_speed": 30.460927562789767, "time": 56.59080054166324}, "-87": {"optimal_thrust": 3536.4520283245843, "impact_speed": 25.580738234893776, "time": 56.59959680313288}, "-86": {"optimal_thrust": 3547.6637980663963, "impact_speed": 20.330414999372923, "time": 56.618620572209316}, "-85": {"optimal_thrust": 3563.3484000235644, "impact_speed": 8.977589547042763, "time": 56.63777954415863}, "-84": {"optimal_thrust": 3562.434824286611, "impact_speed": 10.025168458543089, "time": 56.66250935306421}, "-83": {"optimal_thrust": 3545.216892819447, "impact_speed": 21.67177589015465, "time": 56.69318759181558}, "-82": {"optimal_thrust": 3516.459020905122, "impact_speed": 32.965781735310884, "time": 56.727100337645595}, "-81": {"optimal_thrust": 3521.343362712677, "impact_speed": 31.335899509354867, "time": 56.76314362816591}, "-80": {"optimal_thrust": 3521.5744440994144, "impact_speed": 31.256087526690433, "time": 56.80502920429334}, "-79": {"optimal_thrust": 3521.6726221506224, "impact_speed": 31.209285349589315, "time": 56.8517598589732}, "-78": {"optimal_thrust": 3520.1575853875443, "impact_speed": 31.702730905142598, "time": 56.90309591133602}, "-77": {"optimal_thrust": 3518.610570124315, "impact_speed": 32.190393525136145, "time": 56.95889452136669}, "-76": {"optimal_thrust": 3517.2476873066084, "impact_speed": 32.60386126561013, "time": 57.01914306126471}, "-75": {"optimal_thrust": 3516.1933418423746, "impact_speed": 32.90809141944793, "time": 57.083866960364404}, "-74": {"optimal_thrust": 3515.3393747026203, "impact_speed": 33.143476534569785, "time": 57.15330031486934}, "-73": {"optimal_thrust": 3514.5012679800116, "impact_speed": 33.37218136978617, "time": 57.22747338439159}, "-72": {"optimal_thrust": 3513.5408115909154, "impact_speed": 33.63884363854727, "time": 57.3047879675989}, "-71": {"optimal_thrust": 3506.5807154513377, "impact_speed": 35.72156594734045, "time": 57.3874180604414}, "-70": {"optimal_thrust": 3506.4172368983764, "impact_speed": 35.735361445598784, "time": 57.47473709928724}, "-69": {"optimal_thrust": 3506.0239608968254, "impact_speed": 35.81976199420128, "time": 57.565280349922745}, "-68": {"optimal_thrust": 3505.4066991468835, "impact_speed": 35.97166926509583, "time": 57.66044277841428}, "-67": {"optimal_thrust": 3504.573839545754, "impact_speed": 36.18681518249998, "time": 57.75918243138235}, "-66": {"optimal_thrust": 3503.53318027859, "impact_speed": 36.46081955019648, "time": 57.859906248120666}, "-65": {"optimal_thrust": 3502.2925876558697, "impact_speed": 36.78909048529725, "time": 57.93238083574434}, "-64": {"optimal_thrust": 3500.8599279880746, "impact_speed": 37.16692834633723, "time": 58.065394854361024}, "-63": {"optimal_thrust": 3499.2427503749464, "impact_speed": 37.58968974093796, "time": 58.19394037282768}, "-62": {"optimal_thrust": 3497.4484758673434, "impact_speed": 38.05278938090853, "time": 58.32200758194624}, "-61": {"optimal_thrust": 3495.4836870711038, "impact_speed": 38.551950221153966, "time": 58.45205152461228}, "-60": {"optimal_thrust": 3493.3558050638085, "impact_speed": 39.082754153464684, "time": 58.58511444434152}, "-59": {"optimal_thrust": 3491.070650104764, "impact_speed": 39.6413668121013, "time": 58.721823974070574}, "-58": {"optimal_thrust": 3488.6353868633696, "impact_speed": 40.22371350047665, "time": 58.86253849741792}, "-57": {"optimal_thrust": 3486.0564090966436, "impact_speed": 40.826092567861366, "time": 59.00744595992533}, "-56": {"optimal_thrust": 3483.3397940346854, "impact_speed": 41.445047453169224, "time": 59.15663234676693}, "-55": {"optimal_thrust": 3480.4916793044545, "impact_speed": 42.07726098545199, "time": 59.31012656633072}, "-54": {"optimal_thrust": 3477.5195534961185, "impact_speed": 42.71918975348676, "time": 59.46792809211073}, "-53": {"optimal_thrust": 3474.4290409365453, "impact_speed": 43.367954541726995, "time": 59.63002343136458}, "-52": {"optimal_thrust": 3471.2266642099653, "impact_speed": 44.020556815922994, "time": 59.79656075236105}, "-51": {"optimal_thrust": 3468.247502559643, "impact_speed": 44.57400505028337, "time": 59.967593979737984}, "-50": {"optimal_thrust": 3465.525580157621, "impact_speed": 44.99503142478554, "time": 60.14302198765728}, "-49": {"optimal_thrust": 3462.4696660255827, "impact_speed": 45.44978040673634, "time": 60.322814424116174}, "-48": {"optimal_thrust": 3459.0854588061693, "impact_speed": 45.93035783291196, "time": 60.50711319419507}, "-47": {"optimal_thrust": 3455.377239364226, "impact_speed": 46.4276789122629, "time": 60.69591600481527}, "-46": {"optimal_thrust": 3451.3507671298853, "impact_speed": 46.95974478880894, "time": 60.88676009738768}, "-45": {"optimal_thrust": 3447.0117283227178, "impact_speed": 47.96822874010974, "time": 61.082113040930075}, "-44": {"optimal_thrust": 3442.365820954626, "impact_speed": 49.02429124897469, "time": 61.282316024807365}, "-43": {"optimal_thrust": 3437.4192501924636, "impact_speed": 50.11991754567276, "time": 61.48696882193374}, "-42": {"optimal_thrust": 3432.178917584977, "impact_speed": 51.25135554728939, "time": 61.6959304669256}, "-41": {"optimal_thrust": 3426.65102873884, "impact_speed": 52.4154044549296, "time": 61.909113795221806}, "-40": {"optimal_thrust": 3420.8425574313533, "impact_speed": 53.60877274222619, "time": 62.12641411934685}, "-39": {"optimal_thrust": 3414.761816200722, "impact_speed": 54.82804582298354, "time": 62.347828352994476}, "-38": {"optimal_thrust": 3409.5360686126915, "impact_speed": 55.78844850107208, "time": 62.57333857442557}, "-37": {"optimal_thrust": 3407.1863152869496, "impact_speed": 55.98217886187304, "time": 62.802932753161095}, "-36": {"optimal_thrust": 3404.7861633880725, "impact_speed": 56.13857269149283, "time": 63.036558290016806}, "-35": {"optimal_thrust": 3401.50275331493, "impact_speed": 56.52047252590788, "time": 63.27417722754339}, "-34": {"optimal_thrust": 3397.423323787578, "impact_speed": 57.14097924539769, "time": 63.515757336742574}, "-33": {"optimal_thrust": 3394.4520284477358, "impact_speed": 57.39794399940088, "time": 63.76127999155353}, "-32": {"optimal_thrust": 3391.2066726230573, "impact_speed": 57.725030589709576, "time": 64.01071509574483}, "-31": {"optimal_thrust": 3387.9933585004474, "impact_speed": 58.025451052645614, "time": 64.2640365906574}, "-30": {"optimal_thrust": 3384.8112588313325, "impact_speed": 58.29950399582814, "time": 64.52120312965343}, "-29": {"optimal_thrust": 3381.6623516218733, "impact_speed": 58.54666373618224, "time": 64.782171653965}, "-28": {"optimal_thrust": 3378.5508613026113, "impact_speed": 58.76570462917786, "time": 65.04689753678035}, "-27": {"optimal_thrust": 3374.562505627045, "impact_speed": 59.431608700558506, "time": 65.31532672751634}, "-26": {"optimal_thrust": 3371.6091171029066, "impact_speed": 59.609157496604745, "time": 65.58742808646278}, "-25": {"optimal_thrust": 3368.740475893341, "impact_speed": 59.73906509822115, "time": 65.86314450798793}, "-24": {"optimal_thrust": 3365.9602210830626, "impact_speed": 59.81416826390782, "time": 66.14242568246675}, "-23": {"optimal_thrust": 3363.269399651395, "impact_speed": 59.82652425005059, "time": 66.42521991976024}, "-22": {"optimal_thrust": 3360.6642520892437, "impact_speed": 59.7699936058061, "time": 66.71147412461029}, "-21": {"optimal_thrust": 3358.1413157728116, "impact_speed": 59.638010570202105, "time": 67.0011338006221}, "-20": {"optimal_thrust": 3355.6989072029423, "impact_speed": 59.42291677936281, "time": 67.29414293501458}, "-19": {"optimal_thrust": 3353.3375727621437, "impact_speed": 59.11554436130258, "time": 67.5904436754676}, "-18": {"optimal_thrust": 3351.058679266663, "impact_speed": 58.708117310655396, "time": 67.8899755734394},