{"-90": {"optimal_thrust": 3564.6631861978776, "impact_speed": 13.834094186173132, "time": 56.38199513814993}, "-89": {"optimal_thrust": 3531.3230467040758, "impact_speed": 30.208933043087804, "time": 56.3841258185874}, "-88": {"optimal_thrust": 3529.2692307030297, "impact_speed": 30.87811518639336, "time": 56.39068015869177}, "-87": {"optimal_thrust": 3542.146847142177, "impact_speed": 25.931217937473125, "time": 56.400109642449465}, "-86": {"optimal_thrust": 3553.6677855970042, "impact_speed": 20.609043149653406, "time": 56.41919118539215}, "-85": {"optimal_thrust": 3569.7851319764004, "impact_speed": 9.10076353798311, "time": 56.43832981603839}, "-84": {"optimal_thrust": 3568.846930792495, "impact_speed": 10.162063369092559, "time": 56.46332887907774}, "-83": {"optimal_thrust": 3551.1537913833945, "impact_speed": 21.968571643070334, "time": 56.49441314770803}, "-82": {"optimal_thrust": 3521.6029046780977, "impact_speed": 33.4172303379161, "time": 56.528261147721224}, "-81": {"optimal_thrust": 3526.6214342886874, "impact_speed": 31.765198319262133, "time": 56.56478498156043}, "-80": {"optimal_thrust": 3526.858652618079, "impact_speed": 31.684373360525626, "time": 56.60710138075349}, "-79": {"optimal_thrust": 3526.9598354109467, "impact_speed": 31.636829872379963, "time": 56.65428329658718}, "-78": {"optimal_thrust": 3525.403224487338, "impact_speed": 32.13696212716143, "time": 56.70610193077689}, "-77": {"optimal_thrust": 3523.8131637266433, "impact_speed": 32.631427354504495, "time": 56.76241793715893}, "-76": {"optimal_thrust": 3522.4129958162803, "impact_speed": 33.05045817495444, "time": 56.82323016292775}, "-75": {"optimal_thrust": 3521.329359381049, "impact_speed": 33.35892219427262, "time": 56.8885758947415}, "-74": {"optimal_thrust": 3520.4517249701757, "impact_speed": 33.597566539174636, "time": 56.9587011547465}, "-73": {"optimal_thrust": 3519.5907903276584, "impact_speed": 33.829312268403974, "time": 57.033182005167745}, "-72": {"optimal_thrust": 3518.6035342822242, "impact_speed": 34.09972307913012, "time": 57.1114746592473}, "-71": {"optimal_thrust": 3511.4514989049203, "impact_speed": 36.210955389109486, "time": 57.19609716022297}, "-70": {"optimal_thrust": 3511.2839891009653, "impact_speed": 36.22479923523566, "time": 57.28266437522607}, "-69": {"optimal_thrust": 3510.87945678963, "impact_speed": 36.31047597534701, "time": 57.37438818700002}, "-68": {"optimal_thrust": 3510.245058958726, "impact_speed": 36.46449619350038, "time": 57.47032946821778}, "-67": {"optimal_thrust": 3509.3893627067123, "impact_speed": 36.682548719065345, "time": 57.56955685532872}, "-66": {"optimal_thrust": 3508.3197296031094, "impact_speed": 36.96038464642094, "time": 57.670200532051716}, "-65": {"optimal_thrust": 3507.0453696371865, "impact_speed": 37.29301975078106, "time": 57.752340423327276}, "-64": {"optimal_thrust": 3505.5733102765125, "impact_speed": 37.67599894114321, "time": 57.88358580960755}, "-63": {"optimal_thrust": 3503.911426205985, "impact_speed": 38.10457982012169, "time": 58.01146614447432}, "-62": {"optimal_thrust": 3502.0677116426245, "impact_speed": 38.57400794135683, "time": 58.13985970217093}, "-61": {"optimal_thrust": 3500.0488783710844, "impact_speed": 39.07996344485292, "time": 58.27063018116303}, "-60": {"optimal_thrust": 3497.861833006537, "impact_speed": 39.618170141725784, "time": 58.40469078563499}, "-59": {"optimal_thrust": 3495.5139366648013, "impact_speed": 40.18435271349054, "time": 58.54258250385756}, "-58": {"optimal_thrust": 3493.0113266826647, "impact_speed": 40.77472420798218, "time": 58.68460569578951}, "-57": {"optimal_thrust": 3490.3608428550965, "impact_speed": 41.38545589933239, "time": 58.83091153439675}, "-56": {"optimal_thrust": 3487.5692716649455, "impact_speed": 42.01289458488276, "time": 58.98156424341824}, "-55": {"optimal_thrust": 3484.6431281886576, "impact_speed": 42.65362064033269, "time": 59.13658089970312}, "-54": {"optimal_thrust": 3481.5889425182477, "impact_speed": 43.30436329030655, "time": 59.29595532307368}, "-53": {"optimal_thrust": 3478.4129198913984, "impact_speed": 43.96208762776401, "time": 59.459704490993026}, "-52": {"optimal_thrust": 3475.1224739274644, "impact_speed": 44.623554017809475, "time": 59.62802223676976}, "-51": {"optimal_thrust": 3472.060867537344, "impact_speed": 45.18466159824014, "time": 59.80085127764167}, "-50": {"optimal_thrust": 3469.2640496376116, "impact_speed": 45.61139908210548, "time": 59.978112686307654}, "-49": {"optimal_thrust": 3466.123968973396, "impact_speed": 46.0723269021778, "time": 60.159836964927635}, "-48": {"optimal_thrust": 3462.646385142371, "impact_speed": 46.55948230453882, "time": 60.346269753258404}, "-47": {"optimal_thrust": 3458.8360247713904, "impact_speed": 47.06343048263661, "time": 60.53620323893171}, "-46": {"optimal_thrust": 3454.6982629350036, "impact_speed": 47.60253153076612, "time": 60.728828691192355}, "-45": {"optimal_thrust": 3450.2395609647438, "impact_speed": 48.62526013428207, "time": 60.92664679993002}, "-44": {"optimal_thrust": 3445.465610778032, "impact_speed": 49.695754221719184, "time": 61.129101177469884}, "-43": {"optimal_thrust": 3440.3826121140687, "impact_speed": 50.80640367636902, "time": 61.336047690923735}, "-42": {"optimal_thrust": 3434.997673520972, "impact_speed": 51.953372974803465, "time": 61.54729602093577}, "-41": {"optimal_thrust": 3429.317245187369, "impact_speed": 53.13339075661287, "time": 61.76278898485543}, "-40": {"optimal_thrust": 3423.34875223354, "impact_speed": 54.34305193166758, "time": 61.98246347084683}, "-39": {"optimal_thrust": 3417.099672037235, "impact_speed": 55.57919094728021, "time": 62.20631057925855}, "-38": {"optimal_thrust": 3411.7300817825208, "impact_speed": 56.55266937332698, "time": 62.43431293451692}, "-37": {"optimal_thrust": 3409.3155409889328, "impact_speed": 56.74904502822985, "time": 62.666459201300356}, "-36": {"optimal_thrust": 3406.4458732638564, "impact_speed": 57.023386950659706, "time": 62.90269338047182}, "-35": {"optimal_thrust": 3403.47509118177, "impact_speed": 57.29474442557533, "time": 63.14298731483481}, "-34": {"optimal_thrust": 3399.283284229655, "impact_speed": 57.923701925046245, "time": 63.38729944851149}, "-33": {"optimal_thrust": 3396.22999552456, "impact_speed": 58.1841952192492, "time": 63.635624177119546}, "-32": {"optimal_thrust": 3392.8952899129667, "impact_speed": 58.51569636702218, "time": 63.887932242061545}, "-31": {"optimal_thrust": 3389.593459766365, "impact_speed": 58.820175261816054, "time": 64.14418731473576}, "-30": {"optimal_thrust": 3386.3231612115633, "impact_speed": 59.09815439088027, "time": 64.4043481607874}, "-29": {"optimal_thrust": 3383.0875919561963, "impact_speed": 59.34860538602109, "time": 64.66837196193856}, "-28": {"optimal_thrust": 3379.890076876859, "impact_speed": 59.57074433709083, "time": 64.93621440209108}, "-27": {"optimal_thrust": 3375.7917140182917, "impact_speed": 60.245762195597614, "time": 65.20782163709916}, "-26": {"optimal_thrust": 3372.7567788898345, "impact_speed": 60.425787779179956, "time": 65.48316337556797}, "-25": {"optimal_thrust": 3369.8087652706945, "impact_speed": 60.55763069285732, "time": 65.76218283970208}, "-24": {"optimal_thrust": 3366.952338761097, "impact_speed": 60.63342974263792, "time": 66.04483032095686}, "-23": {"optimal_thrust": 3364.1870684788205, "impact_speed": 60.64611844523632, "time": 66.33105477808755}, "-22": {"optimal_thrust": 3361.5100063144737, "impact_speed": 60.588874300199805, "time": 66.62080383611803}, "-21": {"optimal_thrust": 3358.9175328010047, "impact_speed": 60.4550397298458, "time": 66.9140236876057}, "-20": {"optimal_thrust": 3356.4082425648116, "impact_speed": 60.236278161285114, "time": 67.21065878190018}, "-19": {"optimal_thrust": 3353.98120059542, "impact_speed": 59.92561222564285, "time": 67.51065098058446}, "-18": {"optimal_thrust": 3351.63943690128, "impact_speed": 59.512709386825144, "time": 67.81393777190348},