{"-90": {"optimal_thrust": 3570.1594158016583, "impact_speed": 14.675951537098832, "time": 56.18291488524061}, "-89": {"optimal_thrust": 3536.800469947047, "impact_speed": 30.617338216991435, "time": 56.185051109107135}, "-88": {"optimal_thrust": 3534.6910080447733, "impact_speed": 31.295478179518653, "time": 56.19161517199254}, "-87": {"optimal_thrust": 3547.9194361571385, "impact_speed": 26.281579724877442, "time": 56.201462832947996}, "-86": {"optimal_thrust": 3559.753774607887, "impact_speed": 20.887508319024082, "time": 56.220680906699585}, "-85": {"optimal_thrust": 3576.3094198600293, "impact_speed": 9.223956815074606, "time": 56.239766564695245}, "-84": {"optimal_thrust": 3575.3458319142164, "impact_speed": 10.299428655346842, "time": 56.26503613757896}, "-83": {"optimal_thrust": 3557.1712789201147, "impact_speed": 22.265457750323378, "time": 56.29652876769135}, "-82": {"optimal_thrust": 3526.816120355423, "impact_speed": 33.868887659632016, "time": 56.330312951043595}, "-81": {"optimal_thrust": 3531.971774080806, "impact_speed": 32.19434412912423, "time": 56.36730491938545}, "-80": {"optimal_thrust": 3532.21507017112, "impact_speed": 32.112552523225794, "time": 56.41004357516715}, "-79": {"optimal_thrust": 3532.3189995138405, "impact_speed": 32.06436879700319, "time": 56.45767042546766}, "-78": {"optimal_thrust": 3530.719797208044, "impact_speed": 32.57133701324762, "time": 56.50996575769513}, "-77": {"optimal_thrust": 3529.086818482328, "impact_speed": 33.0723707134679, "time": 56.5667932188709}, "-76": {"optimal_thrust": 3527.6485351448696, "impact_speed": 33.497069963379445, "time": 56.62816247186852}, "-75": {"optimal_thrust": 3526.535470864044, "impact_speed": 33.80968449393283, "time": 56.69412908232001}, "-74": {"optimal_thrust": 3525.6337926163196, "impact_speed": 34.05160514705835, "time": 56.76493704453742}, "-73": {"optimal_thrust": 3524.749190715805, "impact_speed": 34.28655744181418, "time": 56.83964433298625}, "-72": {"optimal_thrust": 3523.7356483010744, "impact_speed": 34.560444051198225, "time": 56.91904052038433}, "-71": {"optimal_thrust": 3516.3888585322775, "impact_speed": 36.70025522109835, "time": 57.00628002577002}, "-70": {"optimal_thrust": 3516.216623563422, "impact_speed": 36.71433459752553, "time": 57.0915943837359}, "-69": {"optimal_thrust": 3515.801024225187, "impact_speed": 36.80118651383052, "time": 57.184264105160075}, "-68": {"optimal_thrust": 3515.149609635808, "impact_speed": 36.957216914417984, "time": 57.28092812440211}, "-67": {"optimal_thrust": 3514.270186593274, "impact_speed": 37.17834467918105, "time": 57.380496719834156}, "-66": {"optimal_thrust": 3513.1720929109874, "impact_speed": 37.459749062168314, "time": 57.48087913708683}, "-65": {"optimal_thrust": 3511.8626816416718, "impact_speed": 37.79698779409426, "time": 57.57198823864082}, "-64": {"optimal_thrust": 3510.3503323535647, "impact_speed": 38.18520956082522, "time": 57.7018070250092}, "-63": {"optimal_thrust": 3508.6432285678825, "impact_speed": 38.619581668791525, "time": 57.82936589363448}, "-62": {"optimal_thrust": 3506.749432642124, "impact_speed": 39.095328829756845, "time": 57.95820894750918}, "-61": {"optimal_thrust": 3504.675535265848, "impact_speed": 39.608158117376476, "time": 58.089780995954676}, "-60": {"optimal_thrust": 3502.4292665055596, "impact_speed": 40.153558224876214, "time": 58.224881745050844}, "-59": {"optimal_thrust": 3500.01734509246, "impact_speed": 40.72743028133333, "time": 58.363975425972455}, "-58": {"optimal_thrust": 3497.446746932222, "impact_speed": 41.3257502664318, "time": 58.50731194982388}, "-57": {"optimal_thrust": 3494.724439794821, "impact_speed": 41.944654536647015, "time": 58.65501132397535}, "-56": {"optimal_thrust": 3491.857014179687, "impact_speed": 42.58054413876945, "time": 58.80711990173058}, "-55": {"optimal_thrust": 3488.851052843084, "impact_speed": 43.22998261913579, "time": 58.963645473167176}, "-54": {"optimal_thrust": 3485.713659584833, "impact_speed": 43.88954745996389, "time": 59.12457778913779}, "-53": {"optimal_thrust": 3482.4512892135713, "impact_speed": 44.556140283725135, "time": 59.29001114347722}, "-52": {"optimal_thrust": 3479.0709171258886, "impact_speed": 45.226655964995146, "time": 59.46007838263545}, "-51": {"optimal_thrust": 3475.9264880721867, "impact_speed": 45.795207811467854, "time": 59.634677353920445}, "-50": {"optimal_thrust": 3473.0533700624123, "impact_speed": 46.22777084559591, "time": 59.81376578022645}, "-49": {"optimal_thrust": 3469.8278400258523, "impact_speed": 46.69493104203318, "time": 59.99746145034628}, "-48": {"optimal_thrust": 3466.255468428561, "impact_speed": 47.18875346410022, "time": 60.18590337650837}, "-47": {"optimal_thrust": 3462.341238769122, "impact_speed": 47.699757042259584, "time": 60.37656265182898}, "-46": {"optimal_thrust": 3458.0912343477635, "impact_speed": 48.24606694438194, "time": 60.57161058150233}, "-45": {"optimal_thrust": 3453.511073548657, "impact_speed": 49.2825045254933, "time": 60.77171652075618}, "-44": {"optimal_thrust": 3448.6074811991493, "impact_speed": 50.3672687663606, "time": 60.97641576159876}, "-43": {"optimal_thrust": 3443.3859531498447, "impact_speed": 51.49303032494977, "time": 61.18557602216881}, "-42": {"optimal_thrust": 3437.8545462164875, "impact_speed": 52.65547204676029, "time": 61.399096840837316}, "-41": {"optimal_thrust": 3432.0193422949674, "impact_speed": 53.85149812533919, "time": 61.61687390490251}, "-40": {"optimal_thrust": 3425.8886487212935, "impact_speed": 55.077442418452804, "time": 61.838906885255824}, "-39": {"optimal_thrust": 3419.4695732149435, "impact_speed": 56.33027388651064, "time": 62.06517120936602}, "-38": {"optimal_thrust": 3413.953899257283, "impact_speed": 57.3169018015501, "time": 62.295650067390945}, "-37": {"optimal_thrust": 3411.473611203258, "impact_speed": 57.51594472267896, "time": 62.53033285861835}, "-36": {"optimal_thrust": 3408.9402997247744, "impact_speed": 57.676577727965544, "time": 62.769166634875056}, "-35": {"optimal_thrust": 3405.4744164879626, "impact_speed": 58.06896821923685, "time": 63.012113781894826}, "-34": {"optimal_thrust": 3401.1687005871777, "impact_speed": 58.70637689243598, "time": 63.25914585333116}, "-33": {"optimal_thrust": 3398.0321378439558, "impact_speed": 58.97045178756731, "time": 63.5102670363105}, "-32": {"optimal_thrust": 3394.6067420881363, "impact_speed": 59.306414558754156, "time": 63.76543268941793}, "-31": {"optimal_thrust": 3391.2145389336547, "impact_speed": 59.615216598661675, "time": 64.02460610372567}, "-30": {"optimal_thrust": 3387.8557212072565, "impact_speed": 59.89676638701138, "time": 64.28774630011176}, "-29": {"optimal_thrust": 3384.5319530662027, "impact_speed": 60.150677402599655, "time": 64.55481079262412}, "-28": {"optimal_thrust": 3381.2477125245664, "impact_speed": 60.37567739014561, "time": 64.82575570424531}, "-27": {"optimal_thrust": 3377.037551711143, "impact_speed": 61.059961365758525, "time": 65.10052749698116}, "-26": {"optimal_thrust": 3373.9202394636372, "impact_speed": 61.2423180967368, "time": 65.37909686726769}, "-25": {"optimal_thrust": 3370.8919568005153, "impact_speed": 61.37597141754443, "time": 65.66140749892826}, "-24": {"optimal_thrust": 3367.957884895808, "impact_speed": 61.45274083429428, "time": 65.94741043796651}, "-23": {"optimal_thrust": 3365.1173209767103, "impact_speed": 61.4656326279055, "time": 66.2370554655741}, "-22": {"optimal_thrust": 3362.367255870489, "impact_speed": 61.40776458792278, "time": 66.5302910399274}, "-21": {"optimal_thrust": 3359.7047337321023, "impact_speed": 61.27156877779081, "time": 66.82706399659742}, "-20": {"optimal_thrust": 3357.1267265440406, "impact_speed": 61.050392828218904, "time": 67.12731868187011}, "-19": {"optimal_thrust": 3354.633538204654, "impact_speed": 60.7357666194737, "time": 67.43099496081622}, "-18": {"optimal_thrust": 3352.228325505268, "impact_speed": 60.31671330742745, "time": 67.73802408572034}, "-17": {"optimal_thrust": 3349.91544368972,