{"-90": {"optimal_thrust": 3575.6738061619562, "impact_speed": 15.520907547895611, "time": 55.98472412630127}, "-89": {"optimal_thrust": 3542.352086741613, "impact_speed": 31.02550882032072, "time": 55.98686770157211}, "-88": {"optimal_thrust": 3540.1855762669816, "impact_speed": 31.712834861017686, "time": 55.99341561157645}, "-87": {"optimal_thrust": 3553.769482045279, "impact_speed": 26.63195329286226, "time": 56.003664076846924}, "-86": {"optimal_thrust": 3565.9212413922946, "impact_speed": 21.166081883643105, "time": 56.02310570248286}, "-85": {"optimal_thrust": 3582.9218461981145, "impact_speed": 9.3464949819879, "time": 56.042087259348456}, "-84": {"optimal_thrust": 3581.9320294959334, "impact_speed": 10.436728612536292, "time": 56.06762821387275}, "-83": {"optimal_thrust": 3563.2695408717454, "impact_speed": 22.562342362453872, "time": 56.09953074346356}, "-82": {"optimal_thrust": 3532.099370870666, "impact_speed": 34.320525641176886, "time": 56.13325341808268}, "-81": {"optimal_thrust": 3537.393234171727, "impact_speed": 32.62372033022322, "time": 56.170700375656104}, "-80": {"optimal_thrust": 3537.6434386477213, "impact_speed": 32.54071418271362, "time": 56.213853349655366}, "-79": {"optimal_thrust": 3537.750055362426, "impact_speed": 32.49192181936999, "time": 56.26191893478809}, "-78": {"optimal_thrust": 3536.108252302346, "impact_speed": 33.005542619691106, "time": 56.31468501919132}, "-77": {"optimal_thrust": 3534.43102136827, "impact_speed": 33.513390509681344, "time": 56.37201806453432}, "-76": {"optimal_thrust": 3532.9541684789265, "impact_speed": 33.943738973297116, "time": 56.43393769041108}, "-75": {"optimal_thrust": 3531.8112998144725, "impact_speed": 34.26049792026255, "time": 56.50052371808741}, "-74": {"optimal_thrust": 3530.8855093775524, "impact_speed": 34.50561542867556, "time": 56.57200544088894}, "-73": {"optimal_thrust": 3529.977180979192, "impact_speed": 34.74369430971674, "time": 56.647249262723086}, "-72": {"optimal_thrust": 3528.936453231415, "impact_speed": 35.0212259536186, "time": 56.72740579514599}, "-71": {"optimal_thrust": 3521.392100348825, "impact_speed": 37.18966731184091, "time": 56.813781254647864}, "-70": {"optimal_thrust": 3521.215448713972, "impact_speed": 37.20387530845675, "time": 56.90149028722496}, "-69": {"optimal_thrust": 3520.788850705493, "impact_speed": 37.29183997429493, "time": 56.99490621140503}, "-68": {"optimal_thrust": 3520.119914771572, "impact_speed": 37.449960668977475, "time": 57.09221222604782}, "-67": {"optimal_thrust": 3519.2168244631926, "impact_speed": 37.674053886883975, "time": 57.191966683936144}, "-66": {"optimal_thrust": 3518.0889264759735, "impact_speed": 37.9593033169762, "time": 57.25739798174808}, "-65": {"optimal_thrust": 3516.744404281066, "impact_speed": 38.301026901672735, "time": 57.39147339437739}, "-64": {"optimal_thrust": 3515.191696902016, "impact_speed": 38.69435687971904, "time": 57.520161833666855}, "-63": {"optimal_thrust": 3513.439056164445, "impact_speed": 39.13443967134693, "time": 57.64769715794775}, "-62": {"optimal_thrust": 3511.493962961744, "impact_speed": 39.616658093690326, "time": 57.77709225434027}, "-61": {"optimal_thrust": 3509.364805434642, "impact_speed": 40.13621110493044, "time": 57.90952722094199}, "-60": {"optimal_thrust": 3507.058097595098, "impact_speed": 40.6889216812403, "time": 58.045701002772816}, "-59": {"optimal_thrust": 3504.581260702408, "impact_speed": 41.270491303461846, "time": 58.18600999092505}, "-58": {"optimal_thrust": 3501.9418438564267, "impact_speed": 41.87673809516164, "time": 58.33066044563194}, "-57": {"optimal_thrust": 3499.146301618162, "impact_speed": 42.503936537095626, "time": 58.47974613147122}, "-56": {"optimal_thrust": 3496.2018059200154, "impact_speed": 43.14833032168637, "time": 58.63329887539964}, "-55": {"optimal_thrust": 3493.1151284921734, "impact_speed": 43.80643417359696, "time": 58.79131931146265}, "-54": {"optimal_thrust": 3489.8935012236407, "impact_speed": 44.47479687001476, "time": 58.95380171127807}, "-53": {"optimal_thrust": 3486.543959956402, "impact_speed": 45.15016732769438, "time": 59.12093492859433}, "-52": {"optimal_thrust": 3483.072831227672, "impact_speed": 45.82962574658378, "time": 59.2927218151155}, "-51": {"optimal_thrust": 3479.843850906414, "impact_speed": 46.405796889124076, "time": 59.46907121017343}, "-50": {"optimal_thrust": 3476.893534738768, "impact_speed": 46.844148689549094, "time": 59.6499943451099}, "-49": {"optimal_thrust": 3473.581596393688, "impact_speed": 47.3174719623081, "time": 59.83572010599734}, "-48": {"optimal_thrust": 3469.9132893516226, "impact_speed": 47.817878214656666, "time": 60.02546100876944}, "-47": {"optimal_thrust": 3465.8942988430185, "impact_speed": 48.335365815536676, "time": 60.2175836141499}, "-46": {"optimal_thrust": 3461.5298039046897, "impact_speed": 48.88900928073717, "time": 60.41502522091132}, "-45": {"optimal_thrust": 3456.8269753792315, "impact_speed": 49.93932477868518, "time": 60.617301421937825}, "-44": {"optimal_thrust": 3451.7913091261803, "impact_speed": 51.03889815959584, "time": 60.82420879930571}, "-43": {"optimal_thrust": 3446.430031118774, "impact_speed": 52.17948428632003, "time": 61.03556334004958}, "-42": {"optimal_thrust": 3440.749540967144, "impact_speed": 53.35764772883071, "time": 61.25130636305388}, "-41": {"optimal_thrust": 3434.7578282834215, "impact_speed": 54.569568380313946, "time": 61.47136793542204}, "-40": {"optimal_thrust": 3428.4628317774363, "impact_speed": 55.8117793606276, "time": 61.695743765931745}, "-39": {"optimal_thrust": 3421.871386086433, "impact_speed": 57.08133102948047, "time": 61.92440966908427}, "-38": {"optimal_thrust": 3416.207587830115, "impact_speed": 58.08112893172004, "time": 62.157349432394625}, "-37": {"optimal_thrust": 3413.6611018213025, "impact_speed": 58.282724414391225, "time": 62.3945532232992}, "-36": {"optimal_thrust": 3411.059355591292, "impact_speed": 58.44561410614559, "time": 62.63596794254347}, "-35": {"optimal_thrust": 3407.5001576212217, "impact_speed": 58.84332234978723, "time": 62.88155629631917}, "-34": {"optimal_thrust": 3403.079126200801, "impact_speed": 59.48914710947541, "time": 63.13130457735421}, "-33": {"optimal_thrust": 3399.858458849369, "impact_speed": 59.756712331037875, "time": 63.385207297966666}, "-32": {"optimal_thrust": 3396.3409627262517, "impact_speed": 60.09720717858108, "time": 63.64321515779897}, "-31": {"optimal_thrust": 3392.858002955098, "impact_speed": 60.41001009039375, "time": 63.90529175317856}, "-30": {"optimal_thrust": 3389.4089418210324, "impact_speed": 60.69534021151718, "time": 64.171396458805}, "-29": {"optimal_thrust": 3385.99576076518, "impact_speed": 60.95272059913838, "time": 64.44148724895688}, "-28": {"optimal_thrust": 3382.623321282979, "impact_speed": 61.180742980411324, "time": 64.71552079386935}, "-27": {"optimal_thrust": 3378.3005293739207, "impact_speed": 61.87395960019021, "time": 64.99344399506663}, "-26": {"optimal_thrust": 3375.099049299233, "impact_speed": 62.05899083646998, "time": 65.27522866064623}, "-25": {"optimal_thrust": 3371.989733272064, "impact_speed": 62.19428513382921, "time": 65.56081911479964}, "-24": {"optimal_thrust": 3368.97673613806, "impact_speed": 62.27218362588089, "time": 65.85016731618079}, "-23": {"optimal_thrust": 3366.0601877608406, "impact_speed": 62.28504559504638, "time": 66.14322402041928}, "-22": {"optimal_thrust": 3363.2364180894683, "impact_speed": 62.226267381320184, "time": 66.43993850418265}, "-21": {"optimal_thrust": 3360.5019950308774, "impact_speed": 62.088692674016755, "time": 66.74025775820718}, "-20": {"optimal_thrust": 3357.854940689918, "impact_speed": 61.86438006120448, "time": 67.04412438384448}, "-19": {"optimal_thrust": 3355.295021718773, "impact_speed": 61.545180291137804, "time": 67.35147201691063}, "-18": {"optimal_thrust": 3352.8252526761244, "impact_speed": 61.120383912800484, "time": 67.66221730351039}, "-17": {"optimal_thrust": 3350.4497562637794,