{"-90": {"optimal_thrust": 3581.2060456080094, "impact_speed": 16.368828510403326, "time": 55.78742034304804}, "-89": {"optimal_thrust": 3547.976870572261, "impact_speed": 31.433804642749664, "time": 55.78957298742558}, "-88": {"optimal_thrust": 3545.7533703082368, "impact_speed": 32.13004199413139, "time": 55.796079675868185}, "-87": {"optimal_thrust": 3559.6967845282497, "impact_speed": 26.982417071721247, "time": 55.806718933159196}, "-86": {"optimal_thrust": 3572.1702547822306, "impact_speed": 21.444725249810062, "time": 55.826486805309365}, "-85": {"optimal_thrust": 3589.6210555137004, "impact_speed": 9.469950702816757, "time": 55.84528933944428}, "-84": {"optimal_thrust": 3588.605408254435, "impact_speed": 10.574083041252363, "time": 55.87110222550939}, "-83": {"optimal_thrust": 3569.448905053904, "impact_speed": 22.859071501870815, "time": 55.9034141710809}, "-82": {"optimal_thrust": 3537.452842781592, "impact_speed": 34.772087453891686, "time": 55.93707948606563}, "-81": {"optimal_thrust": 3542.886903293415, "impact_speed": 33.05296469829961, "time": 55.97496836113414}, "-80": {"optimal_thrust": 3543.143757806336, "impact_speed": 32.96885909939476, "time": 56.0185282338314}, "-79": {"optimal_thrust": 3543.253320409111, "impact_speed": 32.919385134793586, "time": 56.067026472381066}, "-78": {"optimal_thrust": 3541.567768729614, "impact_speed": 33.43984799901521, "time": 56.12025732025033}, "-77": {"optimal_thrust": 3539.846276049221, "impact_speed": 33.95432549078963, "time": 56.178090159006544}, "-76": {"optimal_thrust": 3538.329964186869, "impact_speed": 34.390441800928244, "time": 56.240553508903446}, "-75": {"optimal_thrust": 3537.1568464670945, "impact_speed": 34.71136040929131, "time": 56.30775702186521}, "-74": {"optimal_thrust": 3536.206943826889, "impact_speed": 34.959577625141804, "time": 56.379903842439745}, "-73": {"optimal_thrust": 3535.274562232723, "impact_speed": 35.200787228629416, "time": 56.455851457938344}, "-72": {"optimal_thrust": 3534.2061453516894, "impact_speed": 35.4820074587238, "time": 56.53666470450465}, "-71": {"optimal_thrust": 3526.4618589986776, "impact_speed": 37.67900827054172, "time": 56.622980717710924}, "-70": {"optimal_thrust": 3526.2803457138893, "impact_speed": 37.69345476769037, "time": 56.71215864373802}, "-69": {"optimal_thrust": 3525.8424227508485, "impact_speed": 37.78258392235632, "time": 56.806306101746934}, "-68": {"optimal_thrust": 3525.1558972218845, "impact_speed": 37.94274837775246, "time": 56.904152882772486}, "-67": {"optimal_thrust": 3524.2292763164696, "impact_speed": 38.169679722144394, "time": 57.0039344550053}, "-66": {"optimal_thrust": 3523.0714463554837, "impact_speed": 38.458698264321214, "time": 57.07878184617498}, "-65": {"optimal_thrust": 3521.691042224355, "impact_speed": 38.804993211758905, "time": 57.21092295811014}, "-64": {"optimal_thrust": 3520.09707797422, "impact_speed": 39.20353392353449, "time": 57.33875569325626}, "-63": {"optimal_thrust": 3518.2980698682586, "impact_speed": 39.649390937053504, "time": 57.46650725062792}, "-62": {"optimal_thrust": 3516.301619812223, "impact_speed": 40.137908547244976, "time": 57.59653986946272}, "-61": {"optimal_thrust": 3514.115986210629, "impact_speed": 40.664318868742285, "time": 57.729887435122365}, "-60": {"optimal_thrust": 3511.748326069184, "impact_speed": 41.22426152589187, "time": 57.867159081288094}, "-59": {"optimal_thrust": 3509.2056752298736, "impact_speed": 41.813538639007476, "time": 58.00869142242215}, "-58": {"optimal_thrust": 3506.496481393271, "impact_speed": 42.42772543551977, "time": 58.15465315504515}, "-57": {"optimal_thrust": 3503.6269415828747, "impact_speed": 43.06316242788091, "time": 58.30511610465}, "-56": {"optimal_thrust": 3500.604417201403, "impact_speed": 43.71604366472051, "time": 58.460100413705916}, "-55": {"optimal_thrust": 3497.436193169243, "impact_speed": 44.38274936454666, "time": 58.61960133378259}, "-54": {"optimal_thrust": 3494.1291841646603, "impact_speed": 45.059917662646015, "time": 58.78365842981411}, "-53": {"optimal_thrust": 3490.6905471933624, "impact_speed": 45.7442736007991, "time": 58.95246757683583}, "-52": {"optimal_thrust": 3487.1273859423814, "impact_speed": 46.432696308079805, "time": 59.1259473527832}, "-51": {"optimal_thrust": 3483.812827788894, "impact_speed": 47.01646387103396, "time": 59.30403589735186}, "-50": {"optimal_thrust": 3480.7845434958012, "impact_speed": 47.46053243086011, "time": 59.486820532666655}, "-49": {"optimal_thrust": 3477.3849208661654, "impact_speed": 47.94006917593526, "time": 59.67455995098246}, "-48": {"optimal_thrust": 3473.619334653791, "impact_speed": 48.447112904554736, "time": 59.8649605449616}, "-47": {"optimal_thrust": 3469.4937872980995, "impact_speed": 48.97153860930893, "time": 60.05932497437177}, "-46": {"optimal_thrust": 3465.0140453189338, "impact_speed": 49.53049975214343, "time": 60.258998747023355}, "-45": {"optimal_thrust": 3460.186624597144, "impact_speed": 50.596298932850544, "time": 60.46341584449232}, "-44": {"optimal_thrust": 3455.0174135102898, "impact_speed": 51.710470908949226, "time": 60.67246220529645}, "-43": {"optimal_thrust": 3449.5140210941167, "impact_speed": 52.866102846497554, "time": 60.8860043521368}, "-42": {"optimal_thrust": 3443.6831657350863, "impact_speed": 54.05972572989, "time": 61.103939963733005}, "-41": {"optimal_thrust": 3437.533221446458, "impact_speed": 55.28744856090563, "time": 61.32627044671495}, "-40": {"optimal_thrust": 3431.0711005917738, "impact_speed": 56.54611921645011, "time": 61.5529735055697}, "-39": {"optimal_thrust": 3424.3053065918475, "impact_speed": 57.83231427667053, "time": 61.78402538636046}, "-38": {"optimal_thrust": 3418.4911431686232, "impact_speed": 58.845352020055564, "time": 62.019410491344665}, "-37": {"optimal_thrust": 3415.877053018453, "impact_speed": 59.04963916524403, "time": 62.259119787160515}, "-36": {"optimal_thrust": 3413.2064881408264, "impact_speed": 59.21464749430502, "time": 62.503100056007895}, "-35": {"optimal_thrust": 3409.553144959901, "impact_speed": 59.617548606160426, "time": 62.75132148761245}, "-34": {"optimal_thrust": 3405.014557322311, "impact_speed": 60.27201003262625, "time": 63.00377494760694}, "-33": {"optimal_thrust": 3401.708892043978, "impact_speed": 60.54299884786021, "time": 63.26044371598642}, "-32": {"optimal_thrust": 3398.0983355625845, "impact_speed": 60.88793401157511, "time": 63.52127844613371}, "-31": {"optimal_thrust": 3394.523021289074, "impact_speed": 61.20488727672617, "time": 63.78624315659532}, "-30": {"optimal_thrust": 3390.982627074983, "impact_speed": 61.493960326562856, "time": 64.05529769951818}, "-29": {"optimal_thrust": 3387.479202583874, "impact_speed": 61.754648589993394, "time": 64.32840062170834}, "-28": {"optimal_thrust": 3384.017413571866, "impact_speed": 61.985671084490754, "time": 64.60550925821924}, "-27": {"optimal_thrust": 3379.579689330404, "impact_speed": 62.68821786548025, "time": 64.88657108263833}, "-26": {"optimal_thrust": 3376.2940388126617, "impact_speed": 62.87536569375548, "time": 65.17155920052339}, "-25": {"optimal_thrust": 3373.1022158490605, "impact_speed": 63.01250164437733, "time": 65.46041872246094}, "-24": {"optimal_thrust": 3370.009529094744, "impact_speed": 63.09132487194277, "time": 65.75310270110226}, "-23": {"optimal_thrust": 3367.0154652919555, "impact_speed": 63.1045211218285, "time": 66.0495628955727}, "-22": {"optimal_thrust": 3364.1169010727253, "impact_speed": 63.04495312354778, "time": 66.34974904055808}, "-21": {"optimal_thrust": 3361.3100695544654, "impact_speed": 62.905523093394436, "time": 66.65360679340208}, "-20": {"optimal_thrust": 3358.592649488081, "impact_speed": 62.67858499919879, "time": 66.96107296179291}, "-19": {"optimal_thrust": 3355.9648231970873, "impact_speed": 62.3554258257401, "time": 67.27206649269661}, "-18": {"optimal_thrust": 3353.4297649270893, "impact_speed": 61.924856966776694, "time": 67.58647748342197}, "-17": {"optimal_thrust": 3350.9913986636466,