{"-90": {"optimal_thrust": 3586.7559322251277, "impact_speed": 17.21953552364097, "time": 55.591000996055115}, "-89": {"optimal_thrust": 3553.675334696746, "impact_speed": 31.842047790782512, "time": 55.59316433647613}, "-88": {"optimal_thrust": 3551.3935695491064, "impact_speed": 32.54737257609027, "time": 55.59961172439495}, "-87": {"optimal_thrust": 3565.701671270299, "impact_speed": 27.33284018032466, "time": 55.610631234231406}, "-86": {"optimal_thrust": 3578.501258835115, "impact_speed": 21.72321684677597, "time": 55.63083450549697}, "-85": {"optimal_thrust": 3596.4084727496906, "impact_speed": 9.592683111187268, "time": 55.649370244587054}, "-84": {"optimal_thrust": 3595.3659564830577, "impact_speed": 10.711501600177186, "time": 55.67545532322589}, "-83": {"optimal_thrust": 3575.708858483792, "impact_speed": 23.155889101027753, "time": 55.708172588931156}, "-82": {"optimal_thrust": 3542.876349530435, "impact_speed": 35.22363287137726, "time": 55.741787742262396}, "-81": {"optimal_thrust": 3548.4524644795806, "impact_speed": 33.48218382765337, "time": 55.780105928603234}, "-80": {"optimal_thrust": 3548.715968869105, "impact_speed": 33.39700676783441, "time": 55.82406572559076}, "-79": {"optimal_thrust": 3548.8281502468494, "impact_speed": 33.346969107961414, "time": 55.87299063975864}, "-78": {"optimal_thrust": 3547.0987912559763, "impact_speed": 33.874108960765106, "time": 55.926680262628864}, "-77": {"optimal_thrust": 3545.3321475687926, "impact_speed": 34.395313849538745, "time": 55.985007162013176}, "-76": {"optimal_thrust": 3543.776366841172, "impact_speed": 34.837041223586674, "time": 56.04800760657573}, "-75": {"optimal_thrust": 3542.5726143653715, "impact_speed": 35.16211772928179, "time": 56.11582624179625}, "-74": {"optimal_thrust": 3541.5975730345467, "impact_speed": 35.41365064095289, "time": 56.18862977971636}, "-73": {"optimal_thrust": 3540.6406345664436, "impact_speed": 35.658046807308544, "time": 56.2650470027388}, "-72": {"optimal_thrust": 3539.54427044366, "impact_speed": 35.94292326093643, "time": 56.347183038610055}, "-71": {"optimal_thrust": 3531.597876537352, "impact_speed": 38.16835265984756, "time": 56.4332620052198}, "-70": {"optimal_thrust": 3531.411946361118, "impact_speed": 38.18289510061808, "time": 56.523594446362196}, "-69": {"optimal_thrust": 3530.962194334628, "impact_speed": 38.273288026756454, "time": 56.61844998044288}, "-68": {"optimal_thrust": 3530.257761989959, "impact_speed": 38.435521114351566, "time": 56.7167204735546}, "-67": {"optimal_thrust": 3529.3069013190016, "impact_speed": 38.665403873621635, "time": 56.81637132929938}, "-66": {"optimal_thrust": 3528.1188814465395, "impact_speed": 38.958153957220816, "time": 56.89990617733882}, "-65": {"optimal_thrust": 3526.702595251429, "impact_speed": 39.30888958502081, "time": 57.030445267237226}, "-64": {"optimal_thrust": 3525.0669975648416, "impact_speed": 39.712596380432544, "time": 57.157738726837756}, "-63": {"optimal_thrust": 3523.22091275972, "impact_speed": 40.1642567354193, "time": 57.28583525765914}, "-62": {"optimal_thrust": 3521.1724031935605, "impact_speed": 40.659083221394326, "time": 57.41657648132731}, "-61": {"optimal_thrust": 3518.9293351768447, "impact_speed": 41.192410204426764, "time": 57.55087637959522}, "-60": {"optimal_thrust": 3516.4997644644827, "impact_speed": 41.75962858390805, "time": 57.689263948675766}, "-59": {"optimal_thrust": 3513.890982392382, "impact_speed": 42.3564686802258, "time": 57.8320233516087}, "-58": {"optimal_thrust": 3511.1104103301227, "impact_speed": 42.978777854480846, "time": 57.97929112402466}, "-57": {"optimal_thrust": 3508.165846431203, "impact_speed": 43.622468845576655, "time": 58.13112089937507}, "-56": {"optimal_thrust": 3505.06433496199, "impact_speed": 44.283821195695865, "time": 58.2875235431019}, "-55": {"optimal_thrust": 3501.8133485351846, "impact_speed": 44.95916883660964, "time": 58.44849038731337}, "-54": {"optimal_thrust": 3498.419931279041, "impact_speed": 45.64511956344761, "time": 58.61414554812649}, "-53": {"optimal_thrust": 3494.8914360953954, "impact_speed": 46.338353478818945, "time": 58.784601811293335}, "-52": {"optimal_thrust": 3491.2354042503875, "impact_speed": 47.03564087742358, "time": 58.959752416020876}, "-51": {"optimal_thrust": 3487.8341206837636, "impact_speed": 47.62700741173211, "time": 59.13957944295651}, "-50": {"optimal_thrust": 3484.726403539398, "impact_speed": 48.07691960163439, "time": 59.324274456344014}, "-49": {"optimal_thrust": 3481.2378134432847, "impact_speed": 48.562720517943305, "time": 59.51359417221}, "-48": {"optimal_thrust": 3477.3740498924476, "impact_speed": 49.07623851221125, "time": 59.705019696256294}, "-47": {"optimal_thrust": 3473.1406087837613, "impact_speed": 49.60746378995856, "time": 59.90171660437827}, "-46": {"optimal_thrust": 3468.543884671983, "impact_speed": 50.1711112116256, "time": 60.10349371678536}, "-45": {"optimal_thrust": 3463.5897651982496, "impact_speed": 51.253642409276964, "time": 60.31004036793044}, "-44": {"optimal_thrust": 3458.285921430966, "impact_speed": 52.38192350069758, "time": 60.52118568346617}, "-43": {"optimal_thrust": 3452.6382404238448, "impact_speed": 53.55275413702249, "time": 60.736865893570695}, "-42": {"optimal_thrust": 3446.655420389775, "impact_speed": 54.76170985085177, "time": 60.956996975039836}, "-41": {"optimal_thrust": 3440.3441110301624, "impact_speed": 56.005560876114494, "time": 61.18158078777938}, "-40": {"optimal_thrust": 3433.713204890295, "impact_speed": 57.28052877071794, "time": 61.41059549412156}, "-39": {"optimal_thrust": 3426.770759216327, "impact_speed": 58.58336885019771, "time": 61.64401778434492}, "-38": {"optimal_thrust": 3420.8043735581846, "impact_speed": 59.609617081469985, "time": 61.881832708502984}, "-37": {"optimal_thrust": 3418.121978052471, "impact_speed": 59.816551604929096, "time": 62.12403205959141}, "-36": {"optimal_thrust": 3414.9336729625743, "impact_speed": 60.10572705141413, "time": 62.370560135599945}, "-35": {"optimal_thrust": 3411.6328025572425, "impact_speed": 60.39182522698266, "time": 62.62141268091258}, "-34": {"optimal_thrust": 3406.9758948246235, "impact_speed": 61.054684852520225, "time": 62.87655576210715}, "-33": {"optimal_thrust": 3403.5837546385214, "impact_speed": 61.32920601661655, "time": 63.135975101992685}, "-32": {"optimal_thrust": 3399.878606410755, "impact_speed": 61.678687379382254, "time": 63.39962144302329}, "-31": {"optimal_thrust": 3396.2098480172917, "impact_speed": 61.99974773013028, "time": 63.66745934588428}, "-30": {"optimal_thrust": 3392.5766525954364, "impact_speed": 62.29267693452958, "time": 63.93944924743543}, "-29": {"optimal_thrust": 3388.9815113890413, "impact_speed": 62.55681919049629, "time": 64.21555038999755}, "-28": {"optimal_thrust": 3385.429349261062, "impact_speed": 62.79079489931773, "time": 64.49572091172998}, "-27": {"optimal_thrust": 3380.875989181401, "impact_speed": 63.5022788668613, "time": 64.77990901479565}, "-26": {"optimal_thrust": 3377.5039966619543, "impact_speed": 63.69208018478993, "time": 65.068089261907}, "-25": {"optimal_thrust": 3374.2288362805216, "impact_speed": 63.83095455349321, "time": 65.3602077541935}, "-24": {"optimal_thrust": 3371.055433343312, "impact_speed": 63.91072747214431, "time": 65.65621871868332}, "-23": {"optimal_thrust": 3367.982957523038, "impact_speed": 63.924208787596136, "time": 65.95607467628793}, "-22": {"optimal_thrust": 3365.008527506672, "impact_speed": 63.86397903537776, "time": 66.25972458442989}, "-21": {"optimal_thrust": 3362.1284084660747, "impact_speed": 63.72269394649181, "time": 66.56710913502998}, "-20": {"optimal_thrust": 3359.3399868514202, "impact_speed": 63.492808308401614, "time": 66.87815116550856}, "-19": {"optimal_thrust": 3356.643739317814, "impact_speed": 63.165004852852746, "time": 67.19274239584655}, "-18": {"optimal_thrust": 3354.0420822370766, "impact_speed": 62.72956388114786, "time": 67.51074145239423},