{"-90": {"optimal_thrust": 3592.322768382898, "impact_speed": 18.07317355719929, "time": 55.39546352150691}, "-89": {"optimal_thrust": 3559.4473519857784, "impact_speed": 32.25028259177309, "time": 55.39763908608067}, "-88": {"optimal_thrust": 3557.106935826058, "impact_speed": 32.9645769575302, "time": 55.40401053887999}, "-87": {"optimal_thrust": 3571.784073437918, "impact_speed": 27.683250590078696, "time": 55.41540341892122}, "-86": {"optimal_thrust": 3584.9138785987548, "impact_speed": 22.001744921101345, "time": 55.436074848237325}, "-85": {"optimal_thrust": 3603.283059341754, "impact_speed": 9.715875073681321, "time": 55.454327382887186}, "-84": {"optimal_thrust": 3602.2138699279926, "impact_speed": 10.848787801049415, "time": 55.480684687608154}, "-83": {"optimal_thrust": 3582.0494589846276, "impact_speed": 23.452765318723838, "time": 55.513797739077724}, "-82": {"optimal_thrust": 3548.3695741477827, "impact_speed": 35.67525787424764, "time": 55.54737463743178}, "-81": {"optimal_thrust": 3554.0895903025676, "impact_speed": 33.91148222370011, "time": 55.58611017180037}, "-80": {"optimal_thrust": 3554.3600032417057, "impact_speed": 33.82517880395689, "time": 55.63046329423295}, "-79": {"optimal_thrust": 3554.4752581266653, "impact_speed": 33.774443036182134, "time": 55.679809010264535}, "-78": {"optimal_thrust": 3552.7011926520795, "impact_speed": 34.308366832715244, "time": 55.73395143296708}, "-77": {"optimal_thrust": 3550.8889433037593, "impact_speed": 34.836259412610445, "time": 55.79276706301627}, "-76": {"optimal_thrust": 3549.292804425806, "impact_speed": 35.283713840473546, "time": 55.85629789015765}, "-75": {"optimal_thrust": 3548.0579039188233, "impact_speed": 35.61298285255981, "time": 55.924728644543855}, "-74": {"optimal_thrust": 3547.05798866427, "impact_speed": 35.86765481873492, "time": 55.99818082022969}, "-73": {"optimal_thrust": 3546.0765520622717, "impact_speed": 36.115126591930554, "time": 56.07513301276609}, "-72": {"optimal_thrust": 3544.9516587382896, "impact_speed": 36.4037252067423, "time": 56.159701312832745}, "-71": {"optimal_thrust": 3536.800469947047, "impact_speed": 38.65761320046679, "time": 56.2445150297005}, "-70": {"optimal_thrust": 3536.6093019494488, "impact_speed": 38.672463096162026, "time": 56.33580279598438}, "-69": {"optimal_thrust": 3536.1481656846454, "impact_speed": 38.76395373776825, "time": 56.43131986283659}, "-68": {"optimal_thrust": 3535.4257579521304, "impact_speed": 38.92821084193723, "time": 56.52988607292592}, "-67": {"optimal_thrust": 3534.449886152812, "impact_speed": 39.161171272121415, "time": 56.629252054458945}, "-66": {"optimal_thrust": 3533.231231524545, "impact_speed": 39.45766815040759, "time": 56.72090529648043}, "-65": {"optimal_thrust": 3531.7784908463022, "impact_speed": 39.81287468646053, "time": 56.850132746628745}, "-64": {"optimal_thrust": 3530.1008741548153, "impact_speed": 40.22170607736336, "time": 56.977172500307}, "-63": {"optimal_thrust": 3528.2070782290566, "impact_speed": 40.67917654114824, "time": 57.10571349972052}, "-62": {"optimal_thrust": 3526.1054826372624, "impact_speed": 41.18040663905309, "time": 57.23722214332217}, "-61": {"optimal_thrust": 3523.8048525474696, "impact_speed": 41.7204856790661, "time": 57.37250562963421}, "-60": {"optimal_thrust": 3521.3122830335856, "impact_speed": 42.29505593306558, "time": 57.512021517339434}, "-59": {"optimal_thrust": 3518.6359577277426, "impact_speed": 42.89960563909247, "time": 57.65600814847341}, "-58": {"optimal_thrust": 3515.783947877724, "impact_speed": 43.52981050368362, "time": 57.80457470190982}, "-57": {"optimal_thrust": 3512.7635294209026, "impact_speed": 44.18171995591027, "time": 57.95775983005363}, "-56": {"optimal_thrust": 3509.5822602202816, "impact_speed": 44.85147939935156, "time": 58.11556715993753}, "-55": {"optimal_thrust": 3506.2471078477543, "impact_speed": 45.53555583853628, "time": 58.27799708216438}, "-54": {"optimal_thrust": 3502.7659386138002, "impact_speed": 46.23034848654417, "time": 58.44525569499109}, "-53": {"optimal_thrust": 3499.146301618162, "impact_speed": 46.93249343251388, "time": 58.61733186702089}, "-52": {"optimal_thrust": 3495.39606317132, "impact_speed": 47.63868431377763, "time": 58.794137355802654}, "-51": {"optimal_thrust": 3491.907027626886, "impact_speed": 48.23762803723536, "time": 58.97571631804292}, "-50": {"optimal_thrust": 3488.7191076636727, "impact_speed": 48.69331228422778, "time": 59.162364933003374}, "-49": {"optimal_thrust": 3485.1406591513637, "impact_speed": 49.185285455773865, "time": 59.35248108513558}, "-48": {"optimal_thrust": 3481.1768611071698, "impact_speed": 49.70553236843762, "time": 59.54580375137643}, "-47": {"optimal_thrust": 3476.834371693403, "impact_speed": 50.24348841324447, "time": 59.74469811795119}, "-46": {"optimal_thrust": 3472.118815210222, "impact_speed": 50.81739430568107, "time": 59.94851590744556}, "-45": {"optimal_thrust": 3467.037098999654, "impact_speed": 51.910742424589365, "time": 60.15713427723109}, "-44": {"optimal_thrust": 3461.596002565141, "impact_speed": 53.05368428191397, "time": 60.370378251605366}, "-43": {"optimal_thrust": 3455.8033924592764, "impact_speed": 54.23916221039607, "time": 60.58816567504046}, "-42": {"optimal_thrust": 3449.66573007128, "impact_speed": 55.46379261572701, "time": 60.810476715957115}, "-41": {"optimal_thrust": 3443.191711907145, "impact_speed": 56.72354374202947, "time": 61.037298322980746}, "-40": {"optimal_thrust": 3436.3894618837426, "impact_speed": 58.01492166125194, "time": 61.2686091250526}, "-39": {"optimal_thrust": 3429.267677082727, "impact_speed": 59.334508377563196, "time": 61.50438629224005}, "-38": {"optimal_thrust": 3423.1479215104337, "impact_speed": 60.37377077425895, "time": 61.74461555889193}, "-37": {"optimal_thrust": 3420.3958100681, "impact_speed": 60.58347881988207, "time": 61.98928955145185}, "-36": {"optimal_thrust": 3417.58543374215, "impact_speed": 60.752579597541185, "time": 62.238366038225124}, "-35": {"optimal_thrust": 3413.739577007017, "impact_speed": 61.166017607135274, "time": 62.49182871119428}, "-34": {"optimal_thrust": 3408.962108357878, "impact_speed": 61.837491788802645, "time": 62.7496458379664}, "-33": {"optimal_thrust": 3405.4824122115224, "impact_speed": 62.11554285474939, "time": 63.01180033449291}, "-32": {"optimal_thrust": 3401.681645722209, "impact_speed": 62.46951145761401, "time": 63.278243145846616}, "-31": {"optimal_thrust": 3397.918612739961, "impact_speed": 62.79454312895393, "time": 63.548939489504676}, "-30": {"optimal_thrust": 3394.1915264333893, "impact_speed": 63.091276715191825, "time": 63.823850500743745}, "-29": {"optimal_thrust": 3390.5035175823255, "impact_speed": 63.35884550151357, "time": 64.102936248616}, "-28": {"optimal_thrust": 3386.8601519660733, "impact_speed": 63.59558927644265, "time": 64.38615582799223}, "-27": {"optimal_thrust": 3382.1889183717094, "impact_speed": 64.31638555497733, "time": 64.67345833199096}, "-26": {"optimal_thrust": 3378.7300705802013, "impact_speed": 64.5085357340162, "time": 64.96481999221687}, "-25": {"optimal_thrust": 3375.370422570484, "impact_speed": 64.64916031757186, "time": 65.26018802036853}, "-24": {"optimal_thrust": 3372.114642607531, "impact_speed": 64.73025451733055, "time": 65.5595177030876}, "-23": {"optimal_thrust": 3368.963177711843, "impact_speed": 64.74370768362893, "time": 65.86276140591599}, "-22": {"optimal_thrust": 3365.9119967046704, "impact_speed": 64.68269264389058, "time": 66.16986423127935}, "-21": {"optimal_thrust": 3362.957421109153, "impact_speed": 64.53973380687378, "time": 66.48075441594024}, "-20": {"optimal_thrust": 3360.097391325004, "impact_speed": 64.3064319826235, "time": 66.79532807370472}, "-19": {"optimal_thrust": 3357.331289689823, "impact_speed": 63.97481568456302, "time": 67.11344212466449}, "-18": {"optimal_thrust": 3354.6627618704424, "impact_speed": 63.53315124689657, "time": 67.43494827353643}, "-17": {"optimal_thrust": 3352.0960782667926,