{"-90": {"optimal_thrust": 3597.9068769348955, "impact_speed": 18.929279927045933, "time": 55.20080534077279}, "-89": {"optimal_thrust": 3565.293107780214, "impact_speed": 32.65844842180754, "time": 55.202994549572374}, "-88": {"optimal_thrust": 3562.892511592407, "impact_speed": 33.38196391256967, "time": 55.2092700524216}, "-87": {"optimal_thrust": 3577.943673820367, "impact_speed": 28.033769039930323, "time": 55.221036809943605}, "-86": {"optimal_thrust": 3591.4079183114723, "impact_speed": 22.280402187119165, "time": 55.24192388601923}, "-85": {"optimal_thrust": 3610.245715123673, "impact_speed": 9.838520809452989, "time": 55.26015815833293}, "-84": {"optimal_thrust": 3609.1488954964493, "impact_speed": 10.986194374272287, "time": 55.28678752103299}, "-83": {"optimal_thrust": 3588.4707756224852, "impact_speed": 23.74966672045715, "time": 55.32027960645323}, "-82": {"optimal_thrust": 3553.9330196781616, "impact_speed": 36.12681003241273, "time": 55.35383660431267}, "-81": {"optimal_thrust": 3559.7984810659486, "impact_speed": 34.34079436091017, "time": 55.39297822048352}, "-80": {"optimal_thrust": 3560.0759298511884, "impact_speed": 34.253352741031165, "time": 55.437718384111776}, "-79": {"optimal_thrust": 3560.193930464639, "impact_speed": 34.20203444457476, "time": 55.48747911592804}, "-78": {"optimal_thrust": 3558.374645301212, "impact_speed": 34.74272253087848, "time": 55.54206730943093}, "-77": {"optimal_thrust": 3556.5163457961226, "impact_speed": 35.27725980350414, "time": 55.601368075325915}, "-76": {"optimal_thrust": 3554.879917641041, "impact_speed": 35.7302659185219, "time": 55.665425809389504}, "-75": {"optimal_thrust": 3553.6134246763136, "impact_speed": 36.06374243271544, "time": 55.73446153090671}, "-74": {"optimal_thrust": 3552.588111988177, "impact_speed": 36.32161579362139, "time": 55.80797746455825}, "-73": {"optimal_thrust": 3551.5816054154325, "impact_speed": 36.57223975420881, "time": 55.88606626255163}, "-72": {"optimal_thrust": 3550.4282515127675, "impact_speed": 36.864434542208386, "time": 55.9719130965457}, "-71": {"optimal_thrust": 3542.0688184576943, "impact_speed": 39.14701587320182, "time": 56.05675355026499}, "-70": {"optimal_thrust": 3541.8729162779828, "impact_speed": 39.162016833335905, "time": 56.148783139084344}, "-69": {"optimal_thrust": 3541.400327131491, "impact_speed": 39.25458512941202, "time": 56.24489483829296}, "-68": {"optimal_thrust": 3540.6590546399034, "impact_speed": 39.42104673928066, "time": 56.343622570810965}, "-67": {"optimal_thrust": 3539.658753440651, "impact_speed": 39.656838376527006, "time": 56.408087481536825}, "-66": {"optimal_thrust": 3538.4089507812014, "impact_speed": 39.95711579460952, "time": 56.541894705336894}, "-65": {"optimal_thrust": 3536.9192424926023, "impact_speed": 40.31680701479396, "time": 56.670064305551854}, "-64": {"optimal_thrust": 3535.1987077441413, "impact_speed": 40.730861242897284, "time": 56.79709955251912}, "-63": {"optimal_thrust": 3533.2566874399904, "impact_speed": 41.194116154895795, "time": 56.926168691559575}, "-62": {"optimal_thrust": 3531.1016886118236, "impact_speed": 41.70165434771922, "time": 57.05849305838931}, "-61": {"optimal_thrust": 3528.7422804538924, "impact_speed": 42.24861333248807, "time": 57.194784161840516}, "-60": {"optimal_thrust": 3526.18607115045, "impact_speed": 42.83049214734372, "time": 57.33543605291162}, "-59": {"optimal_thrust": 3523.441953641234, "impact_speed": 43.442593001878805, "time": 57.48064722551073}, "-58": {"optimal_thrust": 3520.517025695778, "impact_speed": 44.08084165010194, "time": 57.63050371006022}, "-57": {"optimal_thrust": 3517.4199905519745, "impact_speed": 44.74091783293004, "time": 57.78503196205088}, "-56": {"optimal_thrust": 3514.1571747470352, "impact_speed": 45.419282478290015, "time": 57.944230064887726}, "-55": {"optimal_thrust": 3510.737343255174, "impact_speed": 46.11194425262832, "time": 58.10814549051536}, "-54": {"optimal_thrust": 3507.167719426694, "impact_speed": 46.81547155265346, "time": 58.27698188209033}, "-53": {"optimal_thrust": 3503.4559820637583, "impact_speed": 47.526473538008375, "time": 58.45065384604099}, "-52": {"optimal_thrust": 3499.609680101059, "impact_speed": 48.24173909504831, "time": 58.6291059678279}, "-51": {"optimal_thrust": 3496.0316768693924, "impact_speed": 48.84828752357401, "time": 58.81246880045423}, "-50": {"optimal_thrust": 3492.7626556909618, "impact_speed": 49.30971032572596, "time": 59.00093611429733}, "-49": {"optimal_thrust": 3489.093133379943, "impact_speed": 49.807882518146776, "time": 59.191697174645824}, "-48": {"optimal_thrust": 3485.028477771955, "impact_speed": 50.334654701614035, "time": 59.38726372977567}, "-47": {"optimal_thrust": 3480.575082892778, "impact_speed": 50.87960288033606, "time": 59.5882150265614}, "-46": {"optimal_thrust": 3475.7397959321097, "impact_speed": 51.457425783522844, "time": 59.79407904272846}, "-45": {"optimal_thrust": 3470.528308790615, "impact_speed": 52.56787533521968, "time": 60.00470782538389}, "-44": {"optimal_thrust": 3464.9486770762787, "impact_speed": 53.72522753679685, "time": 60.220015222280665}, "-43": {"optimal_thrust": 3459.008260591338, "impact_speed": 54.925805419976555, "time": 60.43990297290581}, "-42": {"optimal_thrust": 3452.7145408366914, "impact_speed": 56.165825536269516, "time": 60.664378506560006}, "-41": {"optimal_thrust": 3446.075384122818, "impact_speed": 57.441585516928114, "time": 60.893422400010024}, "-40": {"optimal_thrust": 3439.10000048645, "impact_speed": 58.749264916860724, "time": 61.12701379070119}, "-39": {"optimal_thrust": 3431.796640473163, "impact_speed": 60.08558970206206, "time": 61.36513034685415}, "-38": {"optimal_thrust": 3425.520827441134, "impact_speed": 61.138041075671964, "time": 61.6077585097464}, "-37": {"optimal_thrust": 3422.699066841858, "impact_speed": 61.350290251463655, "time": 61.85489398936927}, "-36": {"optimal_thrust": 3419.8168003166547, "impact_speed": 61.52160516028511, "time": 62.10650773431857}, "-35": {"optimal_thrust": 3415.8731510984876, "impact_speed": 61.94022197714251, "time": 62.36256842203864}, "-34": {"optimal_thrust": 3410.973907138467, "impact_speed": 62.62021308229189, "time": 62.62304406130148}, "-33": {"optimal_thrust": 3407.405499184458, "impact_speed": 62.90180107047729, "time": 62.887918389924515}, "-32": {"optimal_thrust": 3403.5079001499403, "impact_speed": 63.26024976014279, "time": 63.15714267240647}, "-31": {"optimal_thrust": 3399.6488687468595, "impact_speed": 63.58944254954514, "time": 63.430682893862375}, "-30": {"optimal_thrust": 3395.8271241442367, "impact_speed": 63.88981476079332, "time": 63.708501024421864}, "-29": {"optimal_thrust": 3392.0453539646282, "impact_speed": 64.16067328973216, "time": 63.990558094356466}, "-28": {"optimal_thrust": 3388.3085442763117, "impact_speed": 64.4007045795923, "time": 64.27681431418459}, "-27": {"optimal_thrust": 3383.5184769597504, "impact_speed": 65.1305361911174, "time": 64.56721988266035}, "-26": {"optimal_thrust": 3379.971623481177, "impact_speed": 65.32506308637268, "time": 64.8617528569175}, "-25": {"optimal_thrust": 3376.525950667893, "impact_speed": 65.4677077977442, "time": 65.1603615588881}, "-24": {"optimal_thrust": 3373.1877936321275, "impact_speed": 65.54948918699792, "time": 65.46300172585309}, "-23": {"optimal_thrust": 3369.9559959184676, "impact_speed": 65.56312309943345, "time": 65.76962314005077}, "-22": {"optimal_thrust": 3366.826916167873, "impact_speed": 65.50146012685626, "time": 66.08016060060207}, "-21": {"optimal_thrust": 3363.7969312043056, "impact_speed": 65.35684255518484, "time": 66.39451748643084}, "-20": {"optimal_thrust": 3360.864100445405, "impact_speed": 65.12053840654251, "time": 66.71255259397039}, "-19": {"optimal_thrust": 3358.027876427732, "impact_speed": 64.78412793941224, "time": 67.03410711069439}, "-18": {"optimal_thrust": 3355.290947146171, "impact_speed": 64.33770227327241, "time": 67.35908146064295}, "-17": {"optimal_thrust": 3352.659060263555,