{"-90": {"optimal_thrust": 3603.508765826841, "impact_speed": 19.787316897597968, "time": 55.007023855637485}, "-89": {"optimal_thrust": 3571.211972573664, "impact_speed": 33.06675225115462, "time": 55.00922801198324}, "-88": {"optimal_thrust": 3568.7513815599314, "impact_speed": 33.799186512197195, "time": 55.0153801864285}, "-87": {"optimal_thrust": 3584.1808589129687, "impact_speed": 28.384246806968452, "time": 55.027531844156336}, "-86": {"optimal_thrust": 3597.9839485920247, "impact_speed": 22.558913007982834, "time": 55.04812951193569}, "-85": {"optimal_thrust": 3617.2952226404486, "impact_speed": 9.961961522300921, "time": 55.066859946641095}, "-84": {"optimal_thrust": 3616.171673042716, "impact_speed": 11.123098199621849, "time": 55.09376105165657}, "-83": {"optimal_thrust": 3594.9732522104664, "impact_speed": 24.046394129153583, "time": 55.12760695461971}, "-82": {"optimal_thrust": 3559.5661830770455, "impact_speed": 36.57843964444899, "time": 55.16117010310897}, "-81": {"optimal_thrust": 3565.5797665980685, "impact_speed": 34.76992546921466, "time": 55.20070723293412}, "-80": {"optimal_thrust": 3565.863806976321, "impact_speed": 34.68151051032172, "time": 55.24582841635621}, "-79": {"optimal_thrust": 3565.98481216716, "impact_speed": 34.629539576753956, "time": 55.29599846835153}, "-78": {"optimal_thrust": 3564.1199900778406, "impact_speed": 35.176916908380015, "time": 55.35102602437695}, "-77": {"optimal_thrust": 3562.2148099206083, "impact_speed": 35.718177108246536, "time": 55.410806779761046}, "-76": {"optimal_thrust": 3560.537193229121, "impact_speed": 36.176853031768104, "time": 55.4753899718395}, "-75": {"optimal_thrust": 3559.2386529335236, "impact_speed": 36.51455295460485, "time": 55.545022217975365}, "-74": {"optimal_thrust": 3558.1874399033795, "impact_speed": 36.77568066984408, "time": 55.61891370557832}, "-73": {"optimal_thrust": 3557.1555462989213, "impact_speed": 37.02945643668974, "time": 55.69779493044253}, "-72": {"optimal_thrust": 3555.9732185422804, "impact_speed": 37.325291747891264, "time": 55.78294879114924}, "-71": {"optimal_thrust": 3547.40387014729, "impact_speed": 39.63630119149144, "time": 55.86984199573744}, "-70": {"optimal_thrust": 3547.203106323241, "impact_speed": 39.65147162479456, "time": 55.96252996226309}, "-69": {"optimal_thrust": 3546.718243815742, "impact_speed": 39.74530048242337, "time": 56.05915231151739}, "-68": {"optimal_thrust": 3545.958551239427, "impact_speed": 39.91378164265291, "time": 56.15790544443828}, "-67": {"optimal_thrust": 3544.9332386648302, "impact_speed": 40.15247984490322, "time": 56.2310283055609}, "-66": {"optimal_thrust": 3543.6518433998835, "impact_speed": 40.456551667641754, "time": 56.362973748036325}, "-65": {"optimal_thrust": 3542.124523275869, "impact_speed": 40.82077540838844, "time": 56.490319890178306}, "-64": {"optimal_thrust": 3540.36049833282, "impact_speed": 41.24006019294066, "time": 56.617555240587755}, "-63": {"optimal_thrust": 3538.369936439539, "impact_speed": 41.70902342694914, "time": 56.747222855770495}, "-62": {"optimal_thrust": 3536.1605078594876, "impact_speed": 42.22296275331114, "time": 56.88040220210599}, "-61": {"optimal_thrust": 3533.7419358871502, "impact_speed": 42.77670934732828, "time": 57.01771883166502}, "-60": {"optimal_thrust": 3531.1217696222707, "impact_speed": 43.36577258713347, "time": 57.159510507328285}, "-59": {"optimal_thrust": 3528.308261041924, "impact_speed": 43.985616909924566, "time": 57.30594122673997}, "-58": {"optimal_thrust": 3525.309780393791, "impact_speed": 44.63183674906952, "time": 57.45707758127829}, "-57": {"optimal_thrust": 3522.134716566662, "impact_speed": 45.30019394613905, "time": 57.612936188473306}, "-56": {"optimal_thrust": 3518.789840899649, "impact_speed": 45.987033006886726, "time": 57.77351102448564}, "-55": {"optimal_thrust": 3515.283729008005, "impact_speed": 46.68841622426793, "time": 57.938930602888135}, "-54": {"optimal_thrust": 3511.62424720221, "impact_speed": 47.40075315842045, "time": 58.10931801219272}, "-53": {"optimal_thrust": 3507.8190657457276, "impact_speed": 48.12066174477973, "time": 58.28456594034532}, "-52": {"optimal_thrust": 3503.8764430430715, "impact_speed": 48.84475576813151, "time": 58.46466630816034}, "-51": {"optimal_thrust": 3500.208453661094, "impact_speed": 49.45887960628407, "time": 58.649862094243375}, "-50": {"optimal_thrust": 3496.8575686179047, "impact_speed": 49.925957500083044, "time": 58.83954436563316}, "-49": {"optimal_thrust": 3493.0954326260317, "impact_speed": 50.430441588433546, "time": 59.031602114081096}, "-48": {"optimal_thrust": 3488.92825105906, "impact_speed": 50.963913051597906, "time": 59.22934286672307}, "-47": {"optimal_thrust": 3484.3629919550335, "impact_speed": 51.51559405293176, "time": 59.43226399943357}, "-46": {"optimal_thrust": 3479.405868052653, "impact_speed": 52.10305326515142, "time": 59.64012958107949}, "-45": {"optimal_thrust": 3474.0638401776105, "impact_speed": 53.224669185964515, "time": 59.852763763727964}, "-44": {"optimal_thrust": 3468.343505625109, "impact_speed": 54.3967800096106, "time": 60.070097510206885}, "-43": {"optimal_thrust": 3462.25355426742, "impact_speed": 55.612404805510636, "time": 60.292077069098696}, "-42": {"optimal_thrust": 3455.8016028556817, "impact_speed": 56.86789055259368, "time": 60.518701657102135}, "-41": {"optimal_thrust": 3448.995450421031, "impact_speed": 58.1595926165018, "time": 60.74995237231752}, "-40": {"optimal_thrust": 3441.8446300024366, "impact_speed": 59.48360945949826, "time": 60.98580888208281}, "-39": {"optimal_thrust": 3434.357644361573, "impact_speed": 60.8366161769991, "time": 61.22624938352492}, "-38": {"optimal_thrust": 3427.924113118992, "impact_speed": 61.90218830458732, "time": 61.471261047906786}, "-37": {"optimal_thrust": 3425.0312305972257, "impact_speed": 62.117118587300666, "time": 61.72085168148957}, "-36": {"optimal_thrust": 3421.5925935749237, "impact_speed": 62.417507647449376, "time": 61.974983873245435}, "-35": {"optimal_thrust": 3418.033395604853, "impact_speed": 62.7144753421726, "time": 62.23363069486989}, "-34": {"optimal_thrust": 3413.011032473152, "impact_speed": 63.40292856895032, "time": 62.496749379596345}, "-33": {"optimal_thrust": 3409.352765038053, "impact_speed": 63.68806291368197, "time": 62.76432833369476}, "-32": {"optimal_thrust": 3405.3569896182994, "impact_speed": 64.05103475148236, "time": 63.036319254339446}, "-31": {"optimal_thrust": 3401.401125700165, "impact_speed": 64.38425436595303, "time": 63.312689018918945}, "-30": {"optimal_thrust": 3397.482932397443, "impact_speed": 64.68849996419543, "time": 63.59340055583948}, "-29": {"optimal_thrust": 3393.605927631128, "impact_speed": 64.96279471053401, "time": 63.87841602708653}, "-28": {"optimal_thrust": 3389.7753566602823, "impact_speed": 65.205719256841, "time": 64.16769695363244}, "-27": {"optimal_thrust": 3384.864728395952, "impact_speed": 65.94470060714953, "time": 64.46119481216849}, "-26": {"optimal_thrust": 3381.2284619826128, "impact_speed": 66.14175582994328, "time": 64.7588895879726}, "-25": {"optimal_thrust": 3377.696380917768, "impact_speed": 66.28604751362683, "time": 65.06073037041718}, "-24": {"optimal_thrust": 3374.2739898251853, "impact_speed": 66.36901549346128, "time": 65.36667159473788}, "-23": {"optimal_thrust": 3370.9607754471103, "impact_speed": 66.38293342643517, "time": 65.67665526818308}, "-22": {"optimal_thrust": 3367.753603147736, "impact_speed": 66.31999651024579, "time": 65.99059453980212}, "-21": {"optimal_thrust": 3364.647583708244, "impact_speed": 66.173313139774, "time": 66.30835473409671}, "-20": {"optimal_thrust": 3361.6406135842726, "impact_speed": 65.9344240716115, "time": 66.62976841166613}, "-19": {"optimal_thrust": 3358.732755290196, "impact_speed": 65.59427939551153, "time": 66.95471547870976}, "-18": {"optimal_thrust": 3355.927110408506, "impact_speed": 65.14206964880766, "time": 67.28318017218207}, "-17": {"optimal_thrust": 3353.2291370485764,