{"-90": {"optimal_thrust": 3609.127857625097, "impact_speed": 20.647322666045774, "time": 54.81411644122127}, "-89": {"optimal_thrust": 3577.204575523523, "impact_speed": 33.47498722009011, "time": 54.81633674469641}, "-88": {"optimal_thrust": 3574.6825880961164, "impact_speed": 34.21654742162678, "time": 54.82232769164821}, "-87": {"optimal_thrust": 3590.495616908991, "impact_speed": 28.73468974686445, "time": 54.834888247783226}, "-86": {"optimal_thrust": 3604.641525478105, "impact_speed": 22.837490903997043, "time": 54.854929285073645}, "-85": {"optimal_thrust": 3624.4328690169596, "impact_speed": 10.084788596456272, "time": 54.87443012322359}, "-84": {"optimal_thrust": 3623.2812459158176, "impact_speed": 11.260431359801894, "time": 54.90160251455012}, "-83": {"optimal_thrust": 3601.5563182354667, "impact_speed": 24.343205641706483, "time": 54.93576843578039}, "-82": {"optimal_thrust": 3565.2693818058365, "impact_speed": 37.03005186478701, "time": 54.96937165785394}, "-81": {"optimal_thrust": 3571.432113894461, "impact_speed": 35.19928830319644, "time": 55.00929437605275}, "-80": {"optimal_thrust": 3571.723634359558, "impact_speed": 35.10965278188766, "time": 55.054790791046415}, "-79": {"optimal_thrust": 3571.847713226532, "impact_speed": 35.057019623100736, "time": 55.105364548962086}, "-78": {"optimal_thrust": 3569.9363276958074, "impact_speed": 35.611225808360416, "time": 55.160825838341275}, "-77": {"optimal_thrust": 3567.9838226730194, "impact_speed": 36.15916574586095, "time": 55.22108073463051}, "-76": {"optimal_thrust": 3566.264504161868, "impact_speed": 36.623510841291605, "time": 55.28618759443179}, "-75": {"optimal_thrust": 3564.9341123947715, "impact_speed": 36.965261839236426, "time": 55.35640805096788}, "-74": {"optimal_thrust": 3563.8564859167946, "impact_speed": 37.229698944169755, "time": 55.430849332832324}, "-73": {"optimal_thrust": 3562.799194577052, "impact_speed": 37.4865400657072, "time": 55.51035584398751}, "-72": {"optimal_thrust": 3561.587448693222, "impact_speed": 37.786040714670825, "time": 55.59552190039403}, "-71": {"optimal_thrust": 3552.805121690942, "impact_speed": 40.125606766921955, "time": 55.68369642314676}, "-70": {"optimal_thrust": 3552.5990517780433, "impact_speed": 40.14104893123778, "time": 55.777033568876185}, "-69": {"optimal_thrust": 3552.1023502832613, "impact_speed": 40.23598122569179, "time": 55.87406917296729}, "-68": {"optimal_thrust": 3551.323793184233, "impact_speed": 40.406539968682914, "time": 55.972713070116406}, "-67": {"optimal_thrust": 3550.2725801384972, "impact_speed": 40.64829840839715, "time": 56.053851282928676}, "-66": {"optimal_thrust": 3548.9596509287153, "impact_speed": 40.95604440438387, "time": 56.184227907530904}, "-65": {"optimal_thrust": 3547.3942155917534, "impact_speed": 41.32480942216975, "time": 56.31102196877122}, "-64": {"optimal_thrust": 3545.5868278907483, "impact_speed": 41.749149493722555, "time": 56.43856903287859}, "-63": {"optimal_thrust": 3543.5466291806842, "impact_speed": 42.22395032960971, "time": 56.56889407011926}, "-62": {"optimal_thrust": 3541.2824536380094, "impact_speed": 42.74419766269728, "time": 56.702959877761565}, "-61": {"optimal_thrust": 3538.8034425873134, "impact_speed": 43.30487089086123, "time": 56.84131475727876}, "-60": {"optimal_thrust": 3536.118361379271, "impact_speed": 43.90116056119804, "time": 56.984246775269995}, "-59": {"optimal_thrust": 3533.2351351852117, "impact_speed": 44.52861180712074, "time": 57.131890221781795}, "-58": {"optimal_thrust": 3530.1621437016684, "impact_speed": 45.18281419992128, "time": 57.284295461276}, "-57": {"optimal_thrust": 3526.9080931107933, "impact_speed": 45.859449319093486, "time": 57.441471295994646}, "-56": {"optimal_thrust": 3523.4800098516284, "impact_speed": 46.55479482982359, "time": 57.60341765761735}, "-55": {"optimal_thrust": 3519.8871041134416, "impact_speed": 47.26475956824981, "time": 57.77034603994461}, "-54": {"optimal_thrust": 3516.136352408844, "impact_speed": 47.98597934384665, "time": 57.942259245297436}, "-53": {"optimal_thrust": 3512.2370924373367, "impact_speed": 48.71466037771886, "time": 58.119068722254646}, "-52": {"optimal_thrust": 3508.1961639938913, "impact_speed": 49.44778416223791, "time": 58.300831904853325}, "-51": {"optimal_thrust": 3504.4370327210577, "impact_speed": 50.06949417983154, "time": 58.487882874997496}, "-50": {"optimal_thrust": 3501.002812190099, "impact_speed": 50.54236528819758, "time": 58.67816495375755}, "-49": {"optimal_thrust": 3497.147360156645, "impact_speed": 51.05303222512211, "time": 58.87221182465416}, "-48": {"optimal_thrust": 3492.8766940527116, "impact_speed": 51.59306717573178, "time": 59.07199285448863}, "-47": {"optimal_thrust": 3488.1979777164493, "impact_speed": 52.15156706469774, "time": 59.27685069199624}, "-46": {"optimal_thrust": 3483.1176054706434, "impact_speed": 52.74706143915172, "time": 59.48666734033995}, "-45": {"optimal_thrust": 3477.6428018945985, "impact_speed": 53.881868915477604, "time": 59.70129432698771}, "-44": {"optimal_thrust": 3471.780798921141, "impact_speed": 55.06818858515773, "time": 59.92063121161074}, "-43": {"optimal_thrust": 3465.539267106215, "impact_speed": 56.29896437332811, "time": 60.144687233645044}, "-42": {"optimal_thrust": 3458.9267814137847, "impact_speed": 57.57002915246637, "time": 60.373445475464706}, "-41": {"optimal_thrust": 3451.9518436084068, "impact_speed": 58.877585106653804, "time": 60.60688758987794}, "-40": {"optimal_thrust": 3444.62302786992, "impact_speed": 60.21803725468951, "time": 60.84499379078943}, "-39": {"optimal_thrust": 3436.9501805162636, "impact_speed": 61.58770941006098, "time": 61.08774283691976}, "-38": {"optimal_thrust": 3430.356560728283, "impact_speed": 62.66649406423802, "time": 61.33512526025663}, "-37": {"optimal_thrust": 3427.3918549316977, "impact_speed": 62.88407256063457, "time": 61.587162074993614}, "-36": {"optimal_thrust": 3423.86828252308, "impact_speed": 63.18804496258258, "time": 61.84380073534132}, "-35": {"optimal_thrust": 3420.220055754392, "impact_speed": 63.48884883853621, "time": 62.10501446149818}, "-34": {"optimal_thrust": 3415.0731004655286, "impact_speed": 64.18575084283295, "time": 62.37076081746272}, "-33": {"optimal_thrust": 3411.32407641862, "impact_speed": 64.47436996881626, "time": 62.64102933312466}, "-32": {"optimal_thrust": 3407.229231420309, "impact_speed": 64.84175810901587, "time": 62.91577225197685}, "-31": {"optimal_thrust": 3403.1747444905095, "impact_speed": 65.17921437734913, "time": 63.19495746318742}, "-30": {"optimal_thrust": 3399.159718620437, "impact_speed": 65.48702183198823, "time": 63.478549021608515}, "-29": {"optimal_thrust": 3395.1862650973367, "impact_speed": 65.7647492193178, "time": 63.76651038177087}, "-28": {"optimal_thrust": 3391.260589117986, "impact_speed": 66.01063699042069, "time": 64.05880458004805}, "-27": {"optimal_thrust": 3386.2276726204113, "impact_speed": 66.75887832511872, "time": 64.35538452501282}, "-26": {"optimal_thrust": 3382.501416608941, "impact_speed": 66.95819960697737, "time": 64.65623201146323}, "-25": {"optimal_thrust": 3378.881396109371, "impact_speed": 67.1043622219316, "time": 64.96129575668951}, "-24": {"optimal_thrust": 3375.3739404914777, "impact_speed": 67.18837484619354, "time": 65.27052501188001}, "-23": {"optimal_thrust": 3371.978666251329, "impact_speed": 67.20227624722361, "time": 65.58384434185194}, "-22": {"optimal_thrust": 3368.6912910877936, "impact_speed": 67.1389856640994, "time": 65.90113067169945}, "-21": {"optimal_thrust": 3365.508294861829, "impact_speed": 66.99033831556216, "time": 66.22221310679171}, "-20": {"optimal_thrust": 3362.426414413456, "impact_speed": 66.7487973262532, "time": 66.54694653700093}, "-19": {"optimal_thrust": 3359.4467094586553, "impact_speed": 66.40386792694784, "time": 66.87529722843239}, "-18": {"optimal_thrust": 3356.571240670467, "impact_speed": 65.9462856709978, "time": 67.20730634572594}, "-17": {"optimal_thrust": 3353.8063525009657,