{"-90": {"optimal_thrust": 3614.764025770816, "impact_speed": 21.509096036012707, "time": 54.62208045559192}, "-89": {"optimal_thrust": 3583.2704146016868, "impact_speed": 33.883314909630734, "time": 54.624317993320744}, "-88": {"optimal_thrust": 3580.6870884837263, "impact_speed": 34.63374867084717, "time": 54.63009705953903}, "-87": {"optimal_thrust": 3596.888029088227, "impact_speed": 29.085069417171535, "time": 54.64310518611191}, "-86": {"optimal_thrust": 3611.3810925394473, "impact_speed": 23.115927978822082, "time": 54.66263164904985}, "-85": {"optimal_thrust": 3631.6581413130484, "impact_speed": 10.207567348383325, "time": 54.682866037703704}, "-84": {"optimal_thrust": 3630.4779877511833, "impact_speed": 11.397825780335408, "time": 54.71030916532828}, "-83": {"optimal_thrust": 3608.219973990414, "impact_speed": 24.6400980911085, "time": 54.74475413074659}, "-82": {"optimal_thrust": 3571.04280094633, "impact_speed": 37.48159432499042, "time": 54.778437859068084}, "-81": {"optimal_thrust": 3577.356670894788, "impact_speed": 35.62852895380447, "time": 54.818736847168964}, "-80": {"optimal_thrust": 3577.6552272062995, "impact_speed": 35.53783581116364, "time": 54.86460288871925}, "-79": {"optimal_thrust": 3577.7823107383956, "impact_speed": 35.484572926685644, "time": 54.915574816548094}, "-78": {"optimal_thrust": 3575.8241714128694, "impact_speed": 36.045492881639966, "time": 54.971464291296265}, "-77": {"optimal_thrust": 3573.8238862251023, "impact_speed": 36.60007674052205, "time": 55.03218749048925}, "-76": {"optimal_thrust": 3572.062035476798, "impact_speed": 37.070183626932945, "time": 55.09781589448343}, "-75": {"optimal_thrust": 3570.6990940087076, "impact_speed": 37.416074357578765, "time": 55.16861638690426}, "-74": {"optimal_thrust": 3569.5952391260685, "impact_speed": 37.68367537812806, "time": 55.24361180728873}, "-73": {"optimal_thrust": 3568.511603390663, "impact_speed": 37.94376105567275, "time": 55.32408417518624}, "-72": {"optimal_thrust": 3567.270111247279, "impact_speed": 38.24691683089694, "time": 55.409114516582484}, "-71": {"optimal_thrust": 3558.272504428691, "impact_speed": 40.61494983457646, "time": 55.49832351763668}, "-70": {"optimal_thrust": 3558.061186841662, "impact_speed": 40.63063040761502, "time": 55.5922809392206}, "-69": {"optimal_thrust": 3557.5526566738, "impact_speed": 40.726625947558546, "time": 55.68962281077805}, "-68": {"optimal_thrust": 3556.7548491133743, "impact_speed": 40.89930286153457, "time": 55.78802661574868}, "-67": {"optimal_thrust": 3555.6781801518146, "impact_speed": 41.14392063427186, "time": 55.87666461872113}, "-66": {"optimal_thrust": 3554.3323731315163, "impact_speed": 41.45559201101802, "time": 56.00573077238977}, "-65": {"optimal_thrust": 3552.7288227626786, "impact_speed": 41.82877614012465, "time": 56.13222128826679}, "-64": {"optimal_thrust": 3550.877173070764, "impact_speed": 42.25826800109343, "time": 56.26016548911527}, "-63": {"optimal_thrust": 3548.7865172122874, "impact_speed": 42.73895974299185, "time": 56.39119709331683}, "-62": {"optimal_thrust": 3546.4670814148317, "impact_speed": 43.265474656643185, "time": 56.52617415756174}, "-61": {"optimal_thrust": 3543.927117990347, "impact_speed": 43.83301557072005, "time": 56.66557565313726}, "-60": {"optimal_thrust": 3541.176350233462, "impact_speed": 44.43652611153247, "time": 56.809645933348634}, "-59": {"optimal_thrust": 3538.222131197012, "impact_speed": 45.07168931839792, "time": 56.95849383227821}, "-58": {"optimal_thrust": 3535.0741841756253, "impact_speed": 45.733757694992796, "time": 57.1121562904185}, "-57": {"optimal_thrust": 3531.7398622221353, "impact_speed": 46.41874821853429, "time": 57.270635995705156}, "-56": {"optimal_thrust": 3528.2280581626665, "impact_speed": 47.12247495866068, "time": 57.43397194499975}, "-55": {"optimal_thrust": 3524.5465699077504, "impact_speed": 47.841200232948246, "time": 57.60238574491154}, "-54": {"optimal_thrust": 3520.7042310936104, "impact_speed": 48.57110356473407, "time": 57.77580220314424}, "-53": {"optimal_thrust": 3516.70890785987, "impact_speed": 49.308765172440005, "time": 57.954165487894436}, "-52": {"optimal_thrust": 3512.568970970346, "impact_speed": 50.05079127034332, "time": 58.137622502803765}, "-51": {"optimal_thrust": 3508.717739330214, "impact_speed": 50.680044056183704, "time": 58.32633365593506}, "-50": {"optimal_thrust": 3505.198899480848, "impact_speed": 51.15877793127937, "time": 58.51728931226348}, "-49": {"optimal_thrust": 3501.24872767845, "impact_speed": 51.67571774492114, "time": 58.71347327369871}, "-48": {"optimal_thrust": 3496.873746507252, "impact_speed": 52.222148127144564, "time": 58.91518077072177}, "-47": {"optimal_thrust": 3492.0801613407457, "impact_speed": 52.78742314458915, "time": 59.12197482069423}, "-46": {"optimal_thrust": 3486.874879815202, "impact_speed": 53.39109264003314, "time": 59.33369815434046}, "-45": {"optimal_thrust": 3481.265443553474, "impact_speed": 54.53925705315511, "time": 59.55027407284801}, "-44": {"optimal_thrust": 3475.259726342931, "impact_speed": 55.73986196965778, "time": 59.77161554720958}, "-43": {"optimal_thrust": 3468.8652094420127, "impact_speed": 56.98555607030969, "time": 59.997732730177205}, "-42": {"optimal_thrust": 3462.0905896296927, "impact_speed": 58.272078137652684, "time": 60.22860927202881}, "-41": {"optimal_thrust": 3454.9445636849455, "impact_speed": 59.595563515180764, "time": 60.46422740319738}, "-40": {"optimal_thrust": 3447.436091690093, "impact_speed": 60.95231982445942, "time": 60.70456791920023}, "-39": {"optimal_thrust": 3439.57469517063, "impact_speed": 62.33876324235683, "time": 60.949610151880094}, "-38": {"optimal_thrust": 3432.819392939793, "impact_speed": 63.43067777119195, "time": 61.199356452358025}, "-37": {"optimal_thrust": 3429.781899366326, "impact_speed": 63.65091541730722, "time": 61.45382408371813}, "-36": {"optimal_thrust": 3426.6790430082206, "impact_speed": 63.82875130657818, "time": 61.71295746436989}, "-35": {"optimal_thrust": 3422.4342791290355, "impact_speed": 64.26301358346552, "time": 61.97671872591909}, "-34": {"optimal_thrust": 3418.1430187568985, "impact_speed": 64.69071764889684, "time": 62.245085142369064}, "-33": {"optimal_thrust": 3413.320013246504, "impact_speed": 65.26054136985609, "time": 62.518020664623045}, "-32": {"optimal_thrust": 3409.124371100427, "impact_speed": 65.63250653058927, "time": 62.79550114541566}, "-31": {"optimal_thrust": 3404.970364122668, "impact_speed": 65.97408747336273, "time": 63.07748798498837}, "-30": {"optimal_thrust": 3400.8565858538773, "impact_speed": 66.28573858113988, "time": 63.36394651637975}, "-29": {"optimal_thrust": 3396.7858531054994, "impact_speed": 66.56676504062646, "time": 63.65484169956571}, "-28": {"optimal_thrust": 3392.7638579932686, "impact_speed": 66.81564598029452, "time": 63.95013826472208}, "-27": {"optimal_thrust": 3387.60762984224, "impact_speed": 67.57292830687399, "time": 64.24979059069504}, "-26": {"optimal_thrust": 3383.789403160663, "impact_speed": 67.77493001184867, "time": 64.5537816413635}, "-25": {"optimal_thrust": 3380.081183663718, "impact_speed": 67.92255058232665, "time": 64.86205711410346}, "-24": {"optimal_thrust": 3376.4874495839863, "impact_speed": 68.00769559053272, "time": 65.17455346183382}, "-23": {"optimal_thrust": 3373.008837907909, "impact_speed": 68.02177342353363, "time": 65.49116353051645}, "-22": {"optimal_thrust": 3369.640810414816, "impact_speed": 67.9576883489717, "time": 65.81172117370032}, "-21": {"optimal_thrust": 3366.3793383361262, "impact_speed": 67.80760628470998, "time": 66.13605641384433}, "-20": {"optimal_thrust": 3363.222430042148, "impact_speed": 67.5623983242985, "time": 66.46410520365733}, "-19": {"optimal_thrust": 3360.169273056111, "impact_speed": 67.21371984630068, "time": 66.79590881171671}, "-18": {"optimal_thrust": 3357.2233501326873, "impact_speed": 66.75032778938967, "time": 67.13151092220585}, "-17": {"optimal_thrust": 3354.390544404599,