{"-90": {"optimal_thrust": 3620.4173964889596, "impact_speed": 22.37234138760003, "time": 54.430913238928106}, "-89": {"optimal_thrust": 3589.410251184428, "impact_speed": 34.29149360179795, "time": 54.433168993631945}, "-88": {"optimal_thrust": 3586.7637985356077, "impact_speed": 35.051123821032434, "time": 54.43867137353542}, "-87": {"optimal_thrust": 3603.3580137939275, "impact_speed": 29.435417561192587, "time": 54.45218137996857}, "-86": {"optimal_thrust": 3618.2017625354156, "impact_speed": 23.394635359184353, "time": 54.47132336712454}, "-85": {"optimal_thrust": 3638.97070839864, "impact_speed": 10.330645961134346, "time": 54.49216502599449}, "-84": {"optimal_thrust": 3637.7620942755966, "impact_speed": 11.535096784359979, "time": 54.51987826742891}, "-83": {"optimal_thrust": 3614.9644026459223, "impact_speed": 24.936989689028742, "time": 54.55455700832292}, "-82": {"optimal_thrust": 3576.8859382059927, "impact_speed": 37.933211632789515, "time": 54.588365360167955}, "-81": {"optimal_thrust": 3583.3531781575434, "impact_speed": 36.05772894773608, "time": 54.629031846876565}, "-80": {"optimal_thrust": 3583.6587703111454, "impact_speed": 35.96600311028274, "time": 54.675262075618384}, "-79": {"optimal_thrust": 3583.7889852747726, "impact_speed": 35.91208340074424, "time": 54.726626714930084}, "-78": {"optimal_thrust": 3581.78339443103, "impact_speed": 36.47975677712898, "time": 54.78293890197999}, "-77": {"optimal_thrust": 3579.7344984051106, "impact_speed": 37.04105751994945, "time": 54.844124578190275}, "-76": {"optimal_thrust": 3577.93011539415, "impact_speed": 37.51677767265206, "time": 54.91027209294906}, "-75": {"optimal_thrust": 3576.533851786678, "impact_speed": 37.86691544771764, "time": 54.98164460517201}, "-74": {"optimal_thrust": 3575.40326633019, "impact_speed": 38.13773227903936, "time": 55.05711071623752}, "-73": {"optimal_thrust": 3574.293402051302, "impact_speed": 38.40094007297126, "time": 55.139386070815014}, "-72": {"optimal_thrust": 3573.0220477272087, "impact_speed": 38.70768386034646, "time": 55.22365263736627}, "-71": {"optimal_thrust": 3563.806087342911, "impact_speed": 41.10431121875487, "time": 55.31372550713337}, "-70": {"optimal_thrust": 3563.5900351732816, "impact_speed": 41.12008015331318, "time": 55.40825660249444}, "-69": {"optimal_thrust": 3563.068777047696, "impact_speed": 41.217336072295325, "time": 55.50579193588212}, "-68": {"optimal_thrust": 3562.2516500675274, "impact_speed": 41.39208803598913, "time": 55.56519446310098}, "-67": {"optimal_thrust": 3561.148694737998, "impact_speed": 41.639701113137555, "time": 55.699562203473654}, "-66": {"optimal_thrust": 3559.77085095535, "impact_speed": 41.95497589007749, "time": 55.82754572168257}, "-65": {"optimal_thrust": 3558.1283445512695, "impact_speed": 42.332678026551925, "time": 55.95395123784097}, "-64": {"optimal_thrust": 3556.231416785282, "impact_speed": 42.76744449200185, "time": 56.08236505464614}, "-63": {"optimal_thrust": 3554.0904207710614, "impact_speed": 43.253841284603965, "time": 56.2141438956883}, "-62": {"optimal_thrust": 3551.71438106138, "impact_speed": 43.78679477444256, "time": 56.35005127311453}, "-61": {"optimal_thrust": 3549.1131481277157, "impact_speed": 44.36109765013101, "time": 56.49050409253439}, "-60": {"optimal_thrust": 3546.295222702024, "impact_speed": 44.971997000616525, "time": 56.63570839992504}, "-59": {"optimal_thrust": 3543.2700108680538, "impact_speed": 45.614659399408616, "time": 56.7857513518519}, "-58": {"optimal_thrust": 3540.0453789362823, "impact_speed": 46.28479615180909, "time": 56.940658859187}, "-57": {"optimal_thrust": 3536.6304094757206, "impact_speed": 46.977995281530426, "time": 57.100428960810895}, "-56": {"optimal_thrust": 3533.0335408896785, "impact_speed": 47.69018440151999, "time": 57.26517009663125}, "-55": {"optimal_thrust": 3529.2626396486876, "impact_speed": 48.41760985570635, "time": 57.43504437148701}, "-54": {"optimal_thrust": 3525.3273699987562, "impact_speed": 49.15625504877332, "time": 57.609945130048935}, "-53": {"optimal_thrust": 3521.2350848176093, "impact_speed": 49.90283068718635, "time": 57.78986291397417}, "-52": {"optimal_thrust": 3516.99473621347, "impact_speed": 50.653809983282606, "time": 57.97505875330836}, "-51": {"optimal_thrust": 3513.0501882387566, "impact_speed": 51.29063262736993, "time": 58.16482390315547}, "-50": {"optimal_thrust": 3509.4459666533407, "impact_speed": 51.77515593442273, "time": 58.35711808268291}, "-49": {"optimal_thrust": 3505.4001765626526, "impact_speed": 52.29827781532286, "time": 58.555343257771476}, "-48": {"optimal_thrust": 3500.9190913897955, "impact_speed": 52.85130043460274, "time": 58.75890917826515}, "-47": {"optimal_thrust": 3496.0092935939715, "impact_speed": 53.42336852995838, "time": 58.96759219945832}, "-46": {"optimal_thrust": 3490.6778192356396, "impact_speed": 54.03383999022766, "time": 59.181221353278154}, "-45": {"optimal_thrust": 3484.932859482246, "impact_speed": 55.195949071159866, "time": 59.399718870911336}, "-44": {"optimal_thrust": 3478.781253644797, "impact_speed": 56.4113271372351, "time": 59.62304974364403}, "-43": {"optimal_thrust": 3472.2318270564606, "impact_speed": 57.672015001369694, "time": 59.851212822999436}, "-42": {"optimal_thrust": 3465.2928378304437, "impact_speed": 58.974099344305344, "time": 60.08419235054676}, "-41": {"optimal_thrust": 3457.9732934399103, "impact_speed": 60.31361497332169, "time": 60.32197116085885}, "-40": {"optimal_thrust": 3450.2829236958937, "impact_speed": 61.68668518136077, "time": 60.564530658167065}, "-39": {"optimal_thrust": 3442.231255503803, "impact_speed": 63.089763648002794, "time": 60.81185291811475}, "-38": {"optimal_thrust": 3435.3119624536766, "impact_speed": 64.1948875635119, "time": 61.06395380542104}, "-37": {"optimal_thrust": 3432.2007885494004, "impact_speed": 64.41778870842948, "time": 61.32083662685212}, "-36": {"optimal_thrust": 3429.022590995231, "impact_speed": 64.5977991176666, "time": 61.582445349645134}, "-35": {"optimal_thrust": 3424.67485574027, "impact_speed": 65.03731514795973, "time": 61.848742541446875}, "-34": {"optimal_thrust": 3419.2736041966173, "impact_speed": 65.75126047778612, "time": 62.1196985947227}, "-33": {"optimal_thrust": 3415.3396782729355, "impact_speed": 66.04685596754653, "time": 62.39530169736372}, "-32": {"optimal_thrust": 3411.042212527306, "impact_speed": 66.42334345412087, "time": 62.67550554013928}, "-31": {"optimal_thrust": 3406.7877923020887, "impact_speed": 66.7689450746294, "time": 62.96028048675758}, "-30": {"optimal_thrust": 3402.574243402539, "impact_speed": 67.0843679626654, "time": 63.24959333108816}, "-29": {"optimal_thrust": 3398.4047581846935, "impact_speed": 67.36881152693434, "time": 63.543410739159384}, "-28": {"optimal_thrust": 3394.2849040603505, "impact_speed": 67.62086627079152, "time": 63.841699271933706}, "-27": {"optimal_thrust": 3389.0038962519407, "impact_speed": 68.38716037826997, "time": 64.14441451888628}, "-26": {"optimal_thrust": 3385.0935692596995, "impact_speed": 68.59138604703642, "time": 64.45153896912205}, "-25": {"optimal_thrust": 3381.2951064344647, "impact_speed": 68.74096054913322, "time": 64.76300981109226}, "-24": {"optimal_thrust": 3377.6145171027115, "impact_speed": 68.82697910322186, "time": 65.07873824802944}, "-23": {"optimal_thrust": 3374.051354174542, "impact_speed": 68.84137355523164, "time": 65.39857243506329}, "-22": {"optimal_thrust": 3370.601780061668, "impact_speed": 68.7764425573183, "time": 65.72232454115046}, "-21": {"optimal_thrust": 3367.261318851288, "impact_speed": 68.62447140300313, "time": 66.04988885810819}, "-20": {"optimal_thrust": 3364.0276503716937, "impact_speed": 68.37659196044046, "time": 66.38129364810038}, "-19": {"optimal_thrust": 3360.900336133982, "impact_speed": 68.02401364339885, "time": 66.71660078039473}, "-18": {"optimal_thrust": 3357.8832481020863, "impact_speed": 67.5546349320585, "time": 67.05582390165839}, "-17": {"optimal_thrust": 3354.9816128880307,