{"-90": {"optimal_thrust": 3626.0868867770064, "impact_speed": 23.237360743887272, "time": 54.24061210550145}, "-89": {"optimal_thrust": 3595.623324257552, "impact_speed": 34.69976404498646, "time": 54.24288695693229}, "-88": {"optimal_thrust": 3592.9137450376847, "impact_speed": 35.46835988670363, "time": 54.24803315739172}, "-87": {"optimal_thrust": 3609.9051398066385, "impact_speed": 29.78588916097846, "time": 54.26211519919225}, "-86": {"optimal_thrust": 3625.1048794957806, "impact_speed": 23.672995569538415, "time": 54.28099029170265}, "-85": {"optimal_thrust": 3646.370901403809, "impact_speed": 10.453671472282949, "time": 54.30232441317301}, "-84": {"optimal_thrust": 3645.1333134443266, "impact_speed": 11.672480960941225, "time": 54.33030708712793}, "-83": {"optimal_thrust": 3621.7899342891337, "impact_speed": 25.23373995851445, "time": 54.365173738917846}, "-82": {"optimal_thrust": 3582.7991110555704, "impact_speed": 38.38481237954927, "time": 54.39915088159939}, "-81": {"optimal_thrust": 3589.421191520455, "impact_speed": 36.48702026846085, "time": 54.440176583144186}, "-80": {"optimal_thrust": 3589.7342634069564, "impact_speed": 36.39415531304604, "time": 54.48676570210881}, "-79": {"optimal_thrust": 3589.8674256325703, "impact_speed": 36.339644252837836, "time": 54.53851766699095}, "-78": {"optimal_thrust": 3587.8136678395026, "impact_speed": 36.914112852513604, "time": 54.59524717093275}, "-77": {"optimal_thrust": 3585.7161034264573, "impact_speed": 37.48197916712147, "time": 54.65688952060518}, "-76": {"optimal_thrust": 3583.8683576843473, "impact_speed": 37.96340411746907, "time": 54.72355341208724}, "-75": {"optimal_thrust": 3582.4387719385336, "impact_speed": 38.317676877830586, "time": 54.79549009967775}, "-74": {"optimal_thrust": 3581.281000387638, "impact_speed": 38.5917475096042, "time": 54.87146596833477}, "-73": {"optimal_thrust": 3580.1447228321827, "impact_speed": 38.85804236792939, "time": 54.956380775145476}, "-72": {"optimal_thrust": 3578.84286066261, "impact_speed": 39.16845380053922, "time": 55.03914568655746}, "-71": {"optimal_thrust": 3569.4058595334927, "impact_speed": 41.59369305822869, "time": 55.12990065373471}, "-70": {"optimal_thrust": 3569.184501441241, "impact_speed": 41.609683427396696, "time": 55.224943503285516}, "-69": {"optimal_thrust": 3568.651028615689, "impact_speed": 41.70802795481036, "time": 55.32255717636895}, "-68": {"optimal_thrust": 3567.814651093566, "impact_speed": 41.88477812156489, "time": 55.39016901032698}, "-67": {"optimal_thrust": 3566.6848961223413, "impact_speed": 42.13543689516492, "time": 55.52262554227413}, "-66": {"optimal_thrust": 3565.274174448999, "impact_speed": 42.454433476486216, "time": 55.649727346574075}, "-65": {"optimal_thrust": 3563.592209368025, "impact_speed": 42.83666213158915, "time": 55.776239785329714}, "-64": {"optimal_thrust": 3561.650189063874, "impact_speed": 43.27651835084974, "time": 55.9051846996178}, "-63": {"optimal_thrust": 3559.457836831032, "impact_speed": 43.76872518480363, "time": 56.03774408669512}, "-62": {"optimal_thrust": 3557.0248759639844, "impact_speed": 44.30802666698599, "time": 56.17459593617005}, "-61": {"optimal_thrust": 3554.3613469679553, "impact_speed": 44.88916513238758, "time": 56.31610172644253}, "-60": {"optimal_thrust": 3551.4759466219184, "impact_speed": 45.507333022653924, "time": 56.4624340924537}, "-59": {"optimal_thrust": 3548.3779537161427, "impact_speed": 46.15772497946219, "time": 56.61366181220915}, "-58": {"optimal_thrust": 3545.0761235205673, "impact_speed": 46.83583075179147, "time": 56.76980186295897}, "-57": {"optimal_thrust": 3541.579221613785, "impact_speed": 47.53731574139762, "time": 56.93085085813758}, "-56": {"optimal_thrust": 3537.89638943459, "impact_speed": 48.2579385925099, "time": 57.09700655800159}, "-55": {"optimal_thrust": 3534.0351858300373, "impact_speed": 48.994020192204296, "time": 57.26831751253911}, "-54": {"optimal_thrust": 3530.005641558297, "impact_speed": 49.74146368031702, "time": 57.44468806869995}, "-53": {"optimal_thrust": 3525.8153058984153, "impact_speed": 50.49693587861217, "time": 57.62617193831492}, "-52": {"optimal_thrust": 3521.473646953143, "impact_speed": 51.25679335811829, "time": 57.813126753422445}, "-51": {"optimal_thrust": 3517.4343794466854, "impact_speed": 51.901258527929926, "time": 58.00342592025643}, "-50": {"optimal_thrust": 3513.7441350602835, "impact_speed": 52.391465887771034, "time": 58.19763700810069}, "-49": {"optimal_thrust": 3509.6010656828653, "impact_speed": 52.920931172251, "time": 58.39778289137916}, "-48": {"optimal_thrust": 3505.012592661837, "impact_speed": 53.480581766404896, "time": 58.603182982744116}, "-47": {"optimal_thrust": 3499.9853665927835, "impact_speed": 54.05940642287529, "time": 58.81371007804062}, "-46": {"optimal_thrust": 3494.5262353310436, "impact_speed": 54.67728725173865, "time": 59.02922512734959}, "-45": {"optimal_thrust": 3488.6432531739665, "impact_speed": 55.85339379559547, "time": 59.249627881779716}, "-44": {"optimal_thrust": 3482.3447999515633, "impact_speed": 57.08286698039011, "time": 59.47493301088102}, "-43": {"optimal_thrust": 3475.6384855280826, "impact_speed": 58.35857615172544, "time": 59.705126765643755}, "-42": {"optimal_thrust": 3468.5333309090033, "impact_speed": 59.67615335979258, "time": 59.94019401377089}, "-41": {"optimal_thrust": 3461.0384175421223, "impact_speed": 61.03163308824217, "time": 60.18011821712626}, "-40": {"optimal_thrust": 3453.1638469467125, "impact_speed": 62.42105116340446, "time": 60.42488140927436}, "-39": {"optimal_thrust": 3444.919025556916, "impact_speed": 63.84090229488152, "time": 60.67447603756266}, "-38": {"optimal_thrust": 3437.8343362729356, "impact_speed": 64.95910781290162, "time": 60.92891625104386}, "-37": {"optimal_thrust": 3434.6487186355766, "impact_speed": 65.18464500561431, "time": 61.18819865929562}, "-36": {"optimal_thrust": 3430.8624704541503, "impact_speed": 65.49976766496658, "time": 61.452263190058716}, "-35": {"optimal_thrust": 3426.942549203937, "impact_speed": 65.81153783082274, "time": 61.72108504777326}, "-34": {"optimal_thrust": 3421.4120399353305, "impact_speed": 66.53395101340466, "time": 61.994623416346904}, "-33": {"optimal_thrust": 3417.3838394496074, "impact_speed": 66.833076945388, "time": 62.27287191802637}, "-32": {"optimal_thrust": 3412.983786319021, "impact_speed": 67.21393167787637, "time": 62.555785176398736}, "-31": {"optimal_thrust": 3408.6272251566643, "impact_speed": 67.56371886915805, "time": 62.843335025772085}, "-30": {"optimal_thrust": 3404.3122991723862, "impact_speed": 67.88306344398887, "time": 63.1354899292969}, "-29": {"optimal_thrust": 3400.042976794702, "impact_speed": 68.17088909128894, "time": 63.432218449371106}, "-28": {"optimal_thrust": 3395.824949949461, "impact_speed": 68.4257156811478, "time": 63.7334889592731}, "-27": {"optimal_thrust": 3390.4171757413674, "impact_speed": 69.20126640519707, "time": 64.03925735624306}, "-26": {"optimal_thrust": 3386.4130210342387, "impact_speed": 69.40800132969405, "time": 64.34950209572514}, "-25": {"optimal_thrust": 3382.5238015679556, "impact_speed": 69.5592448985498, "time": 64.66414213282721}, "-24": {"optimal_thrust": 3378.754629789898, "impact_speed": 69.6465393775166, "time": 64.98304803023507}, "-23": {"optimal_thrust": 3375.106532215577, "impact_speed": 69.66084738071545, "time": 65.30602805449527}, "-22": {"optimal_thrust": 3371.574133939993, "impact_speed": 69.59530264468566, "time": 65.63292991398781}, "-21": {"optimal_thrust": 3368.1539170421543, "impact_speed": 69.44128032542052, "time": 65.96374960419885}, "-20": {"optimal_thrust": 3364.8428768588224, "impact_speed": 69.19030868213746, "time": 66.29856190727605}, "-19": {"optimal_thrust": 3361.6405599029736, "impact_speed": 68.83361688081109, "time": 66.63740511833882}, "-18": {"optimal_thrust": 3358.55128367391, "impact_speed": 68.3584148560234, "time": 66.98025894212115}, "-17": {"optimal_thrust": 3355.5800759383246,