{"-90": {"optimal_thrust": 3631.7721096860137, "impact_speed": 24.10409976504892, "time": 54.05117435519054}, "-89": {"optimal_thrust": 3601.9100082634595, "impact_speed": 35.10800851772525, "time": 54.05346908686922}, "-88": {"optimal_thrust": 3599.136085326142, "impact_speed": 35.88571061547916, "time": 54.0581650907431}, "-87": {"optimal_thrust": 3616.5298379596647, "impact_speed": 30.13632796600953, "time": 54.072904745027444}, "-86": {"optimal_thrust": 3632.089086066557, "impact_speed": 23.951627543105044, "time": 54.091601976547345}, "-85": {"optimal_thrust": 3653.858720657844, "impact_speed": 10.576645398324008, "time": 54.11334150781614}, "-84": {"optimal_thrust": 3652.5918416323934, "impact_speed": 11.809795526940231, "time": 54.14159289546872}, "-83": {"optimal_thrust": 3628.6960559660015, "impact_speed": 25.53056963794572, "time": 54.1766045406768}, "-82": {"optimal_thrust": 3588.7825037968346, "impact_speed": 38.83634621019249, "time": 54.210791198648224}, "-81": {"optimal_thrust": 3595.561028194263, "impact_speed": 36.916307579439355, "time": 54.25216827418693}, "-80": {"optimal_thrust": 3595.8815225005533, "impact_speed": 36.82234646536969, "time": 54.29911110416735}, "-79": {"optimal_thrust": 3596.018259867118, "impact_speed": 36.767070820983704, "time": 54.35124508605486}, "-78": {"optimal_thrust": 3593.91583380683, "impact_speed": 37.34831685400535, "time": 54.40838658880584}, "-77": {"optimal_thrust": 3591.768257428509, "impact_speed": 37.922968629228244, "time": 54.47047982189951}, "-76": {"optimal_thrust": 3589.8770795581277, "impact_speed": 38.409973869802016, "time": 54.53765708536895}, "-75": {"optimal_thrust": 3588.413341206511, "impact_speed": 38.76850226554861, "time": 54.60991238909009}, "-74": {"optimal_thrust": 3587.2284527145653, "impact_speed": 39.045719413674234, "time": 54.686626260371824}, "-73": {"optimal_thrust": 3586.065058306676, "impact_speed": 39.315207990668426, "time": 54.77059087168681}, "-72": {"optimal_thrust": 3584.732365316659, "impact_speed": 39.62927623044531, "time": 54.85550644711084}, "-71": {"optimal_thrust": 3575.072345158302, "impact_speed": 42.0829622606381, "time": 54.94684378242192}, "-70": {"optimal_thrust": 3574.845681307171, "impact_speed": 42.099157443838706, "time": 55.04232386033952}, "-69": {"optimal_thrust": 3574.299480515795, "impact_speed": 42.19868470976007, "time": 55.13990139266296}, "-68": {"optimal_thrust": 3573.442952845207, "impact_speed": 42.377604170711905, "time": 55.21511059630952}, "-67": {"optimal_thrust": 3572.286911490043, "impact_speed": 42.631097411784204, "time": 55.34592538733562}, "-66": {"optimal_thrust": 3570.842423419761, "impact_speed": 42.95394211793641, "time": 55.47235765691143}, "-65": {"optimal_thrust": 3569.1209307138342, "impact_speed": 43.34059704901778, "time": 55.599110416676886}, "-64": {"optimal_thrust": 3567.1324739540883, "impact_speed": 43.7857458848012, "time": 55.728638431692076}, "-63": {"optimal_thrust": 3564.888448420291, "impact_speed": 44.283689658511946, "time": 55.86200529956541}, "-62": {"optimal_thrust": 3562.3980531011835, "impact_speed": 44.82929918820573, "time": 55.99981159695055}, "-61": {"optimal_thrust": 3559.671328612804, "impact_speed": 45.4173124159393, "time": 56.14236946521053}, "-60": {"optimal_thrust": 3556.7176228779276, "impact_speed": 46.04275602370181, "time": 56.28982251933806}, "-59": {"optimal_thrust": 3553.5463941825296, "impact_speed": 46.700778510855855, "time": 56.442224066357376}, "-58": {"optimal_thrust": 3550.166535352603, "impact_speed": 47.386833617580535, "time": 56.599583927603895}, "-57": {"optimal_thrust": 3546.5867431671213, "impact_speed": 48.096601400929636, "time": 56.76192206114397}, "-56": {"optimal_thrust": 3542.81674092057, "impact_speed": 48.82570343373476, "time": 56.92947596867557}, "-55": {"optimal_thrust": 3538.864394923429, "impact_speed": 49.5703869001116, "time": 57.10220186113296}, "-54": {"optimal_thrust": 3534.7392324231655, "impact_speed": 50.326682857155376, "time": 57.280033109174184}, "-53": {"optimal_thrust": 3530.4497014756375, "impact_speed": 51.09104787195747, "time": 57.46310839868782}, "-52": {"optimal_thrust": 3526.005515959485, "impact_speed": 51.859788619797655, "time": 57.65166371238211}, "-51": {"optimal_thrust": 3521.8703129539986, "impact_speed": 52.511920455326994, "time": 57.842563413613924}, "-50": {"optimal_thrust": 3518.092829912044, "impact_speed": 53.00787229546147, "time": 58.038800597157994}, "-49": {"optimal_thrust": 3513.851968050141, "impact_speed": 53.54348525057447, "time": 58.24076789210031}, "-48": {"optimal_thrust": 3509.1548315707487, "impact_speed": 54.109733476454466, "time": 58.447996851199676}, "-47": {"optimal_thrust": 3504.008388220526, "impact_speed": 54.69552732063907, "time": 58.66033203962284}, "-46": {"optimal_thrust": 3498.4203165023278, "impact_speed": 55.31946394502779, "time": 58.877694094524834}, "-45": {"optimal_thrust": 3492.397968189782, "impact_speed": 56.51051212371937, "time": 59.10000028078309}, "-44": {"optimal_thrust": 3485.9503652632293, "impact_speed": 57.754478899109024, "time": 59.32726455844974}, "-43": {"optimal_thrust": 3479.085373746364, "impact_speed": 59.04516818573338, "time": 59.5594738151703}, "-42": {"optimal_thrust": 3471.8118793349026, "impact_speed": 60.37829627014003, "time": 59.79661356383541}, "-41": {"optimal_thrust": 3464.139929664346, "impact_speed": 61.749620710812515, "time": 60.03866792397638}, "-40": {"optimal_thrust": 3456.0786670456573, "impact_speed": 63.15546487619352, "time": 60.28562065637274}, "-39": {"optimal_thrust": 3447.6390297118955, "impact_speed": 64.59194450627749, "time": 60.537478780684836}, "-38": {"optimal_thrust": 3440.3866432928176, "impact_speed": 65.72331018995314, "time": 60.79424273549038}, "-37": {"optimal_thrust": 3437.125488424867, "impact_speed": 65.95153189549075, "time": 61.05590917153914}, "-36": {"optimal_thrust": 3433.794367231088, "impact_speed": 66.13577008470334, "time": 61.322422153723316}, "-35": {"optimal_thrust": 3429.2370423093003, "impact_speed": 66.58577096280214, "time": 61.593745448939956}, "-34": {"optimal_thrust": 3423.5758024448965, "impact_speed": 67.31663673402514, "time": 61.86985132603935}, "-33": {"optimal_thrust": 3419.451983609717, "impact_speed": 67.61936063912428, "time": 62.150730907102485}, "-32": {"optimal_thrust": 3414.9477446467554, "impact_speed": 68.00471170201929, "time": 62.436339900686114}, "-31": {"optimal_thrust": 3410.4881454335514, "impact_speed": 68.3585912711368, "time": 62.72665180499738}, "-30": {"optimal_thrust": 3406.071529110986, "impact_speed": 68.68152857532336, "time": 63.02163695668527}, "-29": {"optimal_thrust": 3401.7008962644477, "impact_speed": 68.97283482659147, "time": 63.321265920057186}, "-28": {"optimal_thrust": 3397.3829657196657, "impact_speed": 69.2306856620957, "time": 63.625508523564996}, "-27": {"optimal_thrust": 3391.8471479778736, "impact_speed": 70.01538649089147, "time": 63.934318891083024}, "-26": {"optimal_thrust": 3387.7484014767547, "impact_speed": 70.22446889957968, "time": 64.2476646520107}, "-25": {"optimal_thrust": 3383.766568385419, "impact_speed": 70.3777769163623, "time": 64.56543215291389}, "-24": {"optimal_thrust": 3379.908880415797, "impact_speed": 70.46570878447969, "time": 64.88744310717956}, "-23": {"optimal_thrust": 3376.1739911244363, "impact_speed": 70.48046712843745, "time": 65.21350588506336}, "-22": {"optimal_thrust": 3372.558189260529, "impact_speed": 70.41399843100943, "time": 65.54356267432783}, "-21": {"optimal_thrust": 3369.0569390161286, "impact_speed": 70.2582345053919, "time": 65.87768682971047}, "-20": {"optimal_thrust": 3365.667422935221, "impact_speed": 70.00445302729783, "time": 66.21594469411586}, "-19": {"optimal_thrust": 3362.3894284059456, "impact_speed": 69.6434149982597, "time": 66.55833763369613}, "-18": {"optimal_thrust": 3359.2267352283143, "impact_speed": 69.163285485236, "time": 66.90482023040946}, "-17": {"optimal_thrust": 3356.1856918660483,