{"-90": {"optimal_thrust": 3637.473578473737, "impact_speed": 24.972123385224066, "time": 53.86259727488104}, "-89": {"optimal_thrust": 3608.2699857116713, "impact_speed": 35.51632390175388, "time": 53.86491257001405}, "-88": {"optimal_thrust": 3605.4314660177765, "impact_speed": 36.30298325902567, "time": 53.86905065125837}, "-87": {"optimal_thrust": 3623.232121204396, "impact_speed": 30.486730592049437, "time": 53.88454790266233}, "-86": {"optimal_thrust": 3639.155226343973, "impact_speed": 24.23014888216452, "time": 53.903132552922116}, "-85": {"optimal_thrust": 3661.4338340428058, "impact_speed": 10.699905018980559, "time": 53.92521360220684}, "-84": {"optimal_thrust": 3660.137981199707, "impact_speed": 11.946770689426922, "time": 53.953732963117744}, "-83": {"optimal_thrust": 3635.6832671467487, "impact_speed": 25.82726826783026, "time": 53.98885223102608}, "-82": {"optimal_thrust": 3594.835614917276, "impact_speed": 39.287952434847625, "time": 54.023283131287286}, "-81": {"optimal_thrust": 3601.772814680476, "impact_speed": 37.34555469231474, "time": 54.06500414177041}, "-80": {"optimal_thrust": 3602.100731585114, "impact_speed": 37.250522320029084, "time": 54.112295607751754}, "-79": {"optimal_thrust": 3602.240543075122, "impact_speed": 37.19463975105469, "time": 54.16480636275749}, "-78": {"optimal_thrust": 3600.0890621360354, "impact_speed": 37.782608906176364, "time": 54.22235462016787}, "-77": {"optimal_thrust": 3597.8914615246736, "impact_speed": 38.36388419533879, "time": 54.28489297834438}, "-76": {"optimal_thrust": 3595.955646594015, "impact_speed": 38.856662785307826, "time": 54.35258034844382}, "-75": {"optimal_thrust": 3594.4580728483747, "impact_speed": 39.219250185466954, "time": 54.425068140873066}, "-74": {"optimal_thrust": 3593.245110317853, "impact_speed": 39.499787617816295, "time": 54.50256583709625}, "-73": {"optimal_thrust": 3592.0545296385035, "impact_speed": 39.772402332276414, "time": 54.58629755180482}, "-72": {"optimal_thrust": 3590.6906886173033, "impact_speed": 40.09011559822176, "time": 54.67263316898717}, "-71": {"optimal_thrust": 3580.8045179539554, "impact_speed": 42.57237891906215, "time": 54.76454683098953}, "-70": {"optimal_thrust": 3580.5730501219764, "impact_speed": 42.58863797817397, "time": 54.86037990204232}, "-69": {"optimal_thrust": 3580.0141213809784, "impact_speed": 42.689310396035616, "time": 54.95780971676512}, "-68": {"optimal_thrust": 3579.137385790944, "impact_speed": 42.87035361825382, "time": 55.04011030253983}, "-67": {"optimal_thrust": 3577.9542275833464, "impact_speed": 43.12681342044273, "time": 55.16952316812034}, "-66": {"optimal_thrust": 3576.4760309896587, "impact_speed": 43.45339232398955, "time": 55.29551194011292}, "-65": {"optimal_thrust": 3574.714180241354, "impact_speed": 43.84456572130027, "time": 55.42258284648007}, "-64": {"optimal_thrust": 3572.6792291014112, "impact_speed": 44.29488631027417, "time": 55.552737761082206}, "-63": {"optimal_thrust": 3570.3825618013047, "impact_speed": 44.79865714511805, "time": 55.686933512118706}, "-62": {"optimal_thrust": 3567.8342878883814, "impact_speed": 45.350519955300605, "time": 55.82570068005234}, "-61": {"optimal_thrust": 3565.043606320017, "impact_speed": 45.945413308597786, "time": 55.96930763281293}, "-60": {"optimal_thrust": 3562.0210819385456, "impact_speed": 46.57806474698308, "time": 56.11787289255742}, "-59": {"optimal_thrust": 3558.775342480816, "impact_speed": 47.243817987134534, "time": 56.27143682795435}, "-58": {"optimal_thrust": 3555.316497308508, "impact_speed": 47.93783346257602, "time": 56.43000363412599}, "-57": {"optimal_thrust": 3551.653111514527, "impact_speed": 48.655821189322275, "time": 56.59364454720606}, "-56": {"optimal_thrust": 3547.794526821671, "impact_speed": 49.39349463095492, "time": 56.762573440599446}, "-55": {"optimal_thrust": 3543.7500804572323, "impact_speed": 50.14675529187469, "time": 56.936695312534596}, "-54": {"optimal_thrust": 3539.5284692001846, "impact_speed": 50.91183505543128, "time": 57.11598479338854}, "-53": {"optimal_thrust": 3535.13858587652, "impact_speed": 51.68509138238936, "time": 57.30069024007715}, "-52": {"optimal_thrust": 3530.590026223408, "impact_speed": 52.462872335658815, "time": 57.49032961208209}, "-51": {"optimal_thrust": 3526.358374398372, "impact_speed": 53.12251947333456, "time": 57.682398247501084}, "-50": {"optimal_thrust": 3522.492368225855, "impact_speed": 53.62428343815465, "time": 57.880573531484806}, "-49": {"optimal_thrust": 3518.1524385227935, "impact_speed": 54.16608884865706, "time": 58.084300304846394}, "-48": {"optimal_thrust": 3513.3452266248473, "impact_speed": 54.73901135596555, "time": 58.293316458398955}, "-47": {"optimal_thrust": 3508.0786077111484, "impact_speed": 55.33153326213583, "time": 58.50745662478706}, "-46": {"optimal_thrust": 3502.3600625762156, "impact_speed": 55.96017611809454, "time": 58.72664057123709}, "-45": {"optimal_thrust": 3496.1969442727723, "impact_speed": 57.16736204711861, "time": 58.95083522711551}, "-44": {"optimal_thrust": 3489.5981456268123, "impact_speed": 58.42606954342829, "time": 59.18004359341643}, "-43": {"optimal_thrust": 3482.572680628046, "impact_speed": 59.731723034674474, "time": 59.41425322665363}, "-42": {"optimal_thrust": 3475.129124891727, "impact_speed": 61.0803334464365, "time": 59.65345030826893}, "-41": {"optimal_thrust": 3467.277322876061, "impact_speed": 62.46771255782135, "time": 59.8976196303117}, "-40": {"optimal_thrust": 3459.028024391047, "impact_speed": 63.88977120725961, "time": 60.14675317984746}, "-39": {"optimal_thrust": 3450.3907566841513, "impact_speed": 65.34300701258681, "time": 60.4008600905137}, "-38": {"optimal_thrust": 3442.968625684529, "impact_speed": 66.48755060559724, "time": 60.65993222670906}, "-37": {"optimal_thrust": 3439.6312991172585, "impact_speed": 66.71840186947396, "time": 60.92396720136203}, "-36": {"optimal_thrust": 3435.6644352601174, "impact_speed": 67.0410260350646, "time": 61.19290510312892}, "-35": {"optimal_thrust": 3431.558139009341, "impact_speed": 67.36006707768823, "time": 61.46672302283029}, "-34": {"optimal_thrust": 3425.7646367892107, "impact_speed": 68.09938814768249, "time": 61.74538178046313}, "-33": {"optimal_thrust": 3421.544369195816, "impact_speed": 68.40562868259059, "time": 62.02887835414907}, "-32": {"optimal_thrust": 3416.9344046338556, "impact_speed": 68.79557647789004, "time": 62.31716969719606}, "-31": {"optimal_thrust": 3412.370557127837, "impact_speed": 69.15355750962792, "time": 62.61023117963894}, "-30": {"optimal_thrust": 3407.8509028214617, "impact_speed": 69.48015741168672, "time": 62.908035194120515}, "-29": {"optimal_thrust": 3403.3781291672294, "impact_speed": 69.77481328210604, "time": 63.21055426360998}, "-28": {"optimal_thrust": 3398.958954796388, "impact_speed": 70.0357704879005, "time": 63.51775861160437}, "-27": {"optimal_thrust": 3393.2938128978276, "impact_speed": 70.82952017737531, "time": 63.82959636639847}, "-26": {"optimal_thrust": 3389.099001282476, "impact_speed": 71.0411225203214, "time": 64.14601306428413}, "-25": {"optimal_thrust": 3385.0243036859624, "impact_speed": 71.19608133427688, "time": 64.46684761152892}, "-24": {"optimal_thrust": 3381.07630601975, "impact_speed": 71.28507395056208, "time": 64.79188995435116}, "-23": {"optimal_thrust": 3377.254048159364, "impact_speed": 71.30000726070926, "time": 65.12101413436837}, "-22": {"optimal_thrust": 3373.5538248595567, "impact_speed": 71.23263619527991, "time": 65.45426615477888}, "-21": {"optimal_thrust": 3369.9705147530813, "impact_speed": 71.07519674038603, "time": 65.79173826612801}, "-20": {"optimal_thrust": 3366.5016262749728, "impact_speed": 70.81857856229408, "time": 66.1334608492295}, "-19": {"optimal_thrust": 3363.147356411814, "impact_speed": 70.4527167504737, "time": 66.47940412330928}, "-18": {"optimal_thrust": 3359.9105312277634, "impact_speed": 69.96717490316186, "time": 66.82950734822727}, "-17": {"optimal_thrust": 3356.797923001698,