{"-90": {"optimal_thrust": 3643.190462671682, "impact_speed": 25.841609431489374, "time": 53.67487812612758}, "-89": {"optimal_thrust": 3614.70358669156, "impact_speed": 35.92460911843837, "time": 53.67721458443516}, "-88": {"optimal_thrust": 3611.799766228993, "impact_speed": 36.72021537296545, "time": 53.68067458436442}, "-87": {"optimal_thrust": 3630.011602663959, "impact_speed": 30.837231612959158, "time": 53.69704238889069}, "-86": {"optimal_thrust": 3646.302913225708, "impact_speed": 24.50873248398716, "time": 53.71556262030201}, "-85": {"optimal_thrust": 3669.0970869343887, "impact_speed": 10.822596313952864, "time": 53.737937981013395}, "-84": {"optimal_thrust": 3667.770987053027, "impact_speed": 12.08408114918932, "time": 53.76672455092935}, "-83": {"optimal_thrust": 3642.7507511504155, "impact_speed": 26.124176101044764, "time": 53.80192091379239}, "-82": {"optimal_thrust": 3600.9587618969836, "impact_speed": 39.73954284218897, "time": 53.83662354594376}, "-81": {"optimal_thrust": 3608.056493929899, "impact_speed": 37.77477917375614, "time": 53.87868142919474}, "-80": {"optimal_thrust": 3608.391890383901, "impact_speed": 37.678683477213774, "time": 53.92631691576195}, "-79": {"optimal_thrust": 3608.5347761808825, "impact_speed": 37.622203624106156, "time": 53.979198883564365}, "-78": {"optimal_thrust": 3606.3336575232565, "impact_speed": 38.21690078177845, "time": 54.03714872016472}, "-77": {"optimal_thrust": 3604.0852841813557, "impact_speed": 38.80484704134588, "time": 54.10012646750489}, "-76": {"optimal_thrust": 3602.104693213485, "impact_speed": 39.303294877006465, "time": 54.16832045205321}, "-75": {"optimal_thrust": 3600.5725801256685, "impact_speed": 39.67002698836426, "time": 54.24123300975116}, "-74": {"optimal_thrust": 3599.3315437544966, "impact_speed": 39.95379695225714, "time": 54.31935209917423}, "-73": {"optimal_thrust": 3598.11371957666, "impact_speed": 40.229470233752785, "time": 54.40315198879174}, "-72": {"optimal_thrust": 3596.717900035081, "impact_speed": 40.55095306862415, "time": 54.49053124546718}, "-71": {"optimal_thrust": 3586.6033927794706, "impact_speed": 43.06168752380785, "time": 54.58299946170237}, "-70": {"optimal_thrust": 3586.3661753362376, "impact_speed": 43.078231844131835, "time": 54.679094525075634}, "-69": {"optimal_thrust": 3585.794518629037, "impact_speed": 43.180013210988534, "time": 54.77626930348394}, "-68": {"optimal_thrust": 3584.897632720039, "impact_speed": 43.36310757516841, "time": 54.865247897209166}, "-67": {"optimal_thrust": 3583.6872308902507, "impact_speed": 43.6224876187319, "time": 54.99347223795715}, "-66": {"optimal_thrust": 3582.174881579711, "impact_speed": 43.952814507896974, "time": 55.119217999962395}, "-65": {"optimal_thrust": 3580.372286297927, "impact_speed": 44.348486674551964, "time": 55.2466736040173}, "-64": {"optimal_thrust": 3578.2904545058423, "impact_speed": 44.803942596932636, "time": 55.37749205760255}, "-63": {"optimal_thrust": 3575.9407011801013, "impact_speed": 45.313500997558144, "time": 55.51253331400268}, "-62": {"optimal_thrust": 3573.3328187388684, "impact_speed": 45.87187320573963, "time": 55.65226475838197}, "-61": {"optimal_thrust": 3570.4781800895953, "impact_speed": 46.47346939181877, "time": 55.79691607800804}, "-60": {"optimal_thrust": 3567.3854933352786, "impact_speed": 47.1134590929169, "time": 55.94658417769533}, "-59": {"optimal_thrust": 3564.0647298574618, "impact_speed": 47.78686000558352, "time": 56.10129871175902}, "-58": {"optimal_thrust": 3560.525808997648, "impact_speed": 48.48887710731573, "time": 56.261059537037475}, "-57": {"optimal_thrust": 3556.778061956287, "impact_speed": 49.2150388247175, "time": 56.42601349512848}, "-56": {"optimal_thrust": 3552.8300643486323, "impact_speed": 49.96123772807929, "time": 56.596294750454575}, "-55": {"optimal_thrust": 3548.692242648848, "impact_speed": 50.72312525955438, "time": 56.771797067302046}, "-54": {"optimal_thrust": 3544.3725216339567, "impact_speed": 51.49711647572036, "time": 56.95255070724038}, "-53": {"optimal_thrust": 3539.8813278396497, "impact_speed": 52.27921775491743, "time": 57.13891825688766}, "-52": {"optimal_thrust": 3535.2279987913184, "impact_speed": 53.06584438684887, "time": 57.329107844211414}, "-51": {"optimal_thrust": 3530.898623040293, "impact_speed": 53.73304288445715, "time": 57.52292038895969}, "-50": {"optimal_thrust": 3526.9432038856344, "impact_speed": 54.24057403833346, "time": 57.722926408913644}, "-49": {"optimal_thrust": 3522.5029219888347, "impact_speed": 54.788596634720825, "time": 57.92838054186071}, "-48": {"optimal_thrust": 3517.584744697598, "impact_speed": 55.36799797092448, "time": 58.139147268138835}, "-47": {"optimal_thrust": 3512.1959039009307, "impact_speed": 55.967521944387855, "time": 58.35507510647577}, "-46": {"optimal_thrust": 3506.3449003307883, "impact_speed": 56.60603227212387, "time": 58.576063662335486}, "-45": {"optimal_thrust": 3500.0396683342183, "impact_speed": 57.82434553403973, "time": 58.802131871555716}, "-44": {"optimal_thrust": 3493.288330142462, "impact_speed": 59.09755299359159, "time": 59.03326931950727}, "-43": {"optimal_thrust": 3486.100285086199, "impact_speed": 60.41828442442782, "time": 59.269464251292284}, "-42": {"optimal_thrust": 3478.484425991553, "impact_speed": 61.782457821491796, "time": 59.5107035449492}, "-41": {"optimal_thrust": 3470.451623832402, "impact_speed": 63.18563744839418, "time": 59.75697282516325}, "-40": {"optimal_thrust": 3462.011217220118, "impact_speed": 64.62414007846287, "time": 60.00827872983859}, "-39": {"optimal_thrust": 3453.174400709848, "impact_speed": 66.09404652909208, "time": 60.26461892551602}, "-38": {"optimal_thrust": 3445.580412381173, "impact_speed": 67.25180042591458, "time": 60.52598372715593}, "-37": {"optimal_thrust": 3442.1659547772324, "impact_speed": 67.4853002283612, "time": 60.79237183121972}, "-36": {"optimal_thrust": 3438.6782629073173, "impact_speed": 67.67378230280548, "time": 61.06372783056117}, "-35": {"optimal_thrust": 3433.9061024067246, "impact_speed": 68.13435384900733, "time": 61.340017122971574}, "-34": {"optimal_thrust": 3427.978413791585, "impact_speed": 68.88223825163567, "time": 61.62121432249206}, "-33": {"optimal_thrust": 3423.660866971469, "impact_speed": 69.19191928258978, "time": 61.90731404769191}, "-32": {"optimal_thrust": 3418.9447971605814, "impact_speed": 69.58620034354843, "time": 62.198274678594856}, "-31": {"optimal_thrust": 3414.2752240273126, "impact_speed": 69.94835537019267, "time": 62.49407364962728}, "-30": {"optimal_thrust": 3409.6508080918015, "impact_speed": 70.27880071081569, "time": 62.79468553438021}, "-29": {"optimal_thrust": 3405.0746791899323, "impact_speed": 70.57682183798461, "time": 63.10008441778586}, "-28": {"optimal_thrust": 3400.5532344604967, "impact_speed": 70.84082217887793, "time": 63.410238591540164}, "-27": {"optimal_thrust": 3394.757491024768, "impact_speed": 71.64353429774344, "time": 63.72508257041538}, "-26": {"optimal_thrust": 3390.465400120475, "impact_speed": 71.85769030020265, "time": 64.04452452005147}, "-25": {"optimal_thrust": 3386.2968748272333, "impact_speed": 72.01423415402421, "time": 64.36835301960366}, "-24": {"optimal_thrust": 3382.2572237605486, "impact_speed": 72.10444157641093, "time": 64.69637869988219}, "-23": {"optimal_thrust": 3378.3465795575694, "impact_speed": 72.11955553358149, "time": 65.02858646548732}, "-22": {"optimal_thrust": 3374.5607148184536, "impact_speed": 72.05148550852996, "time": 65.36508034860442}, "-21": {"optimal_thrust": 3370.8946442530146, "impact_speed": 71.89216675573685, "time": 65.70592665069584}, "-20": {"optimal_thrust": 3367.3454868409594, "impact_speed": 71.63268597821755, "time": 66.05111840723396}, "-19": {"optimal_thrust": 3363.9132861854837, "impact_speed": 71.26326492374045, "time": 66.40060517353362}, "-18": {"optimal_thrust": 3360.6022296783335, "impact_speed": 70.77107391212228, "time": 66.75431793363997}, "-17": {"optimal_thrust": 3357.4177253682124,