{"-90": {"optimal_thrust": 3648.921735764338, "impact_speed": 26.71278898869626, "time": 53.488014152231074}, "-89": {"optimal_thrust": 3621.2112417484263, "impact_speed": 36.3327379442685, "time": 53.4903724648746}, "-88": {"optimal_thrust": 3618.240333409088, "impact_speed": 37.137594568787996, "time": 53.49302323001178}, "-87": {"optimal_thrust": 3636.8686696151594, "impact_speed": 31.187695733442872, "time": 53.51038579612628}, "-86": {"optimal_thrust": 3653.5321467117606, "impact_speed": 24.787376249263076, "time": 53.52887774593771}, "-85": {"optimal_thrust": 3676.847578546027, "impact_speed": 10.945627952688193, "time": 53.55151338945273}, "-84": {"optimal_thrust": 3675.491161216485, "impact_speed": 12.221449824859112, "time": 53.58056491905604}, "-83": {"optimal_thrust": 3649.899338759989, "impact_speed": 26.420948340091012, "time": 53.615814823847735}, "-82": {"optimal_thrust": 3607.1516845972146, "impact_speed": 40.19118743283836, "time": 53.65080934117885}, "-81": {"optimal_thrust": 3614.4116792784166, "impact_speed": 38.204090327405076, "time": 53.69319740807971}, "-80": {"optimal_thrust": 3614.7548157339493, "impact_speed": 38.10688191423059, "time": 53.74117185309917}, "-79": {"optimal_thrust": 3614.9012761150634, "impact_speed": 38.049673424071194, "time": 53.79442002205257}, "-78": {"optimal_thrust": 3612.649315272356, "impact_speed": 38.65127675461933, "time": 53.852766829894804}, "-77": {"optimal_thrust": 3610.349643309012, "impact_speed": 39.24587789168881, "time": 53.916177849646715}, "-76": {"optimal_thrust": 3608.3239022058, "impact_speed": 39.749957056695834, "time": 53.984874648744324}, "-75": {"optimal_thrust": 3606.7566795274884, "impact_speed": 40.12088035904672, "time": 54.05828324833846}, "-74": {"optimal_thrust": 3605.487626307262, "impact_speed": 40.40778275546886, "time": 54.13726051974471}, "-73": {"optimal_thrust": 3604.2417852259487, "impact_speed": 40.6866364592194, "time": 54.22094686712311}, "-72": {"optimal_thrust": 3602.8143739770967, "impact_speed": 41.01169141202184, "time": 54.30920293359189}, "-71": {"optimal_thrust": 3592.4683413940747, "impact_speed": 43.55104503432064, "time": 54.40218964154229}, "-70": {"optimal_thrust": 3592.2258757722675, "impact_speed": 43.56773487773851, "time": 54.498451812494785}, "-69": {"optimal_thrust": 3591.6411045011764, "impact_speed": 43.67068470389489, "time": 54.556737456145065}, "-68": {"optimal_thrust": 3590.7235669671004, "impact_speed": 43.85589688291198, "time": 54.6905932382775}, "-67": {"optimal_thrust": 3589.485661778519, "impact_speed": 44.11818479015685, "time": 54.81781893421748}, "-66": {"optimal_thrust": 3587.9385771749703, "impact_speed": 44.4523063873695, "time": 54.94349922475091}, "-65": {"optimal_thrust": 3586.0948626116087, "impact_speed": 44.852454948701364, "time": 55.0713964962685}, "-64": {"optimal_thrust": 3583.9656369096256, "impact_speed": 45.31304095441856, "time": 55.20290887314102}, "-63": {"optimal_thrust": 3581.5620363354947, "impact_speed": 45.828423548452996, "time": 55.33880812569533}, "-62": {"optimal_thrust": 3578.8949201727332, "impact_speed": 46.39305253495018, "time": 55.47950472732674}, "-61": {"optimal_thrust": 3575.9745366637826, "impact_speed": 47.001602842582045, "time": 55.62519427173628}, "-60": {"optimal_thrust": 3572.811174278865, "impact_speed": 47.64886214942531, "time": 55.77595516757893}, "-59": {"optimal_thrust": 3569.4146253780314, "impact_speed": 48.329888471189854, "time": 55.93180826387565}, "-58": {"optimal_thrust": 3565.7949883287047, "impact_speed": 49.039843690903126, "time": 56.092756219382316}, "-57": {"optimal_thrust": 3561.96147332868, "impact_speed": 49.77428220220791, "time": 56.25902410478033}, "-56": {"optimal_thrust": 3557.923549548472, "impact_speed": 50.528889396106266, "time": 56.43063645663117}, "-55": {"optimal_thrust": 3553.69062289229, "impact_speed": 51.299556139684434, "time": 56.607507764521955}, "-54": {"optimal_thrust": 3549.2727234153585, "impact_speed": 52.08221476110097, "time": 56.78974212290135}, "-53": {"optimal_thrust": 3544.678558346652, "impact_speed": 52.87327692566984, "time": 56.97770717347262}, "-52": {"optimal_thrust": 3539.9186126168092, "impact_speed": 53.668903425991225, "time": 57.168362139952414}, "-51": {"optimal_thrust": 3535.4902282092385, "impact_speed": 54.343698943703345, "time": 57.364091328384404}, "-50": {"optimal_thrust": 3531.44443811855, "impact_speed": 54.85699312919931, "time": 57.56583336376417}, "-49": {"optimal_thrust": 3526.902845817722, "impact_speed": 55.41119465129522, "time": 57.773016481540196}, "-48": {"optimal_thrust": 3521.87204225138, "impact_speed": 55.997270779045856, "time": 57.98549211375939}, "-47": {"optimal_thrust": 3516.3603979535947, "impact_speed": 56.60340123025025, "time": 58.203169982773346}, "-46": {"optimal_thrust": 3510.375660411868, "impact_speed": 57.24766620270775, "time": 58.42596247542691}, "-45": {"optimal_thrust": 3503.9258831949055, "impact_speed": 58.48165294762034, "time": 58.653889362100095}, "-44": {"optimal_thrust": 3497.020593837172, "impact_speed": 59.76908009182016, "time": 58.88694093401594}, "-43": {"optimal_thrust": 3489.6681798353725, "impact_speed": 61.1048546605239, "time": 59.12510613957076}, "-42": {"optimal_thrust": 3481.878288788601, "impact_speed": 62.48451877211177, "time": 59.36837257936676}, "-41": {"optimal_thrust": 3473.661866917078, "impact_speed": 63.9036498982204, "time": 59.61673117739112}, "-40": {"optimal_thrust": 3465.028562743609, "impact_speed": 65.35849507270335, "time": 59.870196263287205}, "-39": {"optimal_thrust": 3455.9896387247973, "impact_speed": 66.8451338776433, "time": 60.12875425932157}, "-38": {"optimal_thrust": 3448.222070650738, "impact_speed": 68.01604523162432, "time": 60.39239627505436}, "-37": {"optimal_thrust": 3444.72964596434, "impact_speed": 68.25218300708981, "time": 60.661122195737725}, "-36": {"optimal_thrust": 3441.1620684788254, "impact_speed": 68.4428495145279, "time": 60.93487703313487}, "-35": {"optimal_thrust": 3436.281244592264, "impact_speed": 68.90854928188011, "time": 61.21362717405927}, "-34": {"optimal_thrust": 3430.218092966599, "impact_speed": 69.66492492281616, "time": 61.497348586999486}, "-33": {"optimal_thrust": 3425.8014100012388, "impact_speed": 69.97825097112683, "time": 61.786037877336646}, "-32": {"optimal_thrust": 3420.9775741359313, "impact_speed": 70.37700877095989, "time": 62.07965505809859}, "-31": {"optimal_thrust": 3416.2015117105034, "impact_speed": 70.74320325551098, "time": 62.37817982206304}, "-30": {"optimal_thrust": 3411.471437008482, "impact_speed": 71.07738762220978, "time": 62.681588874333634}, "-29": {"optimal_thrust": 3406.79086361879, "impact_speed": 71.37873138356171, "time": 62.9898567780921}, "-28": {"optimal_thrust": 3402.165997123193, "impact_speed": 71.64575547105032, "time": 63.30294539939246}, "-27": {"optimal_thrust": 3396.237478127481, "impact_speed": 72.45772117340508, "time": 63.62076362030308}, "-26": {"optimal_thrust": 3391.8475948038163, "impact_speed": 72.6741765766288, "time": 63.94316843034957}, "-25": {"optimal_thrust": 3387.583517652686, "impact_speed": 72.83262925290259, "time": 64.26992413016222}, "-24": {"optimal_thrust": 3383.451448988882, "impact_speed": 72.92391901370218, "time": 64.6009276478541}, "-23": {"optimal_thrust": 3379.451709081842, "impact_speed": 72.93902758682678, "time": 64.93626257630035}, "-22": {"optimal_thrust": 3375.5790527050135, "impact_speed": 72.8703820944958, "time": 65.27603255077679}, "-21": {"optimal_thrust": 3371.8291976038076, "impact_speed": 72.70927344362195, "time": 65.62026307470133}, "-20": {"optimal_thrust": 3368.1990067913457, "impact_speed": 72.44677319156126, "time": 65.96891938254129}, "-19": {"optimal_thrust": 3364.6884657571745, "impact_speed": 72.07300406999764, "time": 66.32193904715545}, "-18": {"optimal_thrust": 3361.3015431399062, "impact_speed": 71.57559793105406, "time": 66.6792490209043}, "-17": {"optimal_thrust": 3358.0444686284113,