{"-90": {"optimal_thrust": 3654.668424267216, "impact_speed": 27.585067545612084, "time": 53.30200259106048}, "-89": {"optimal_thrust": 3627.7916902523634, "impact_speed": 36.741084011047214, "time": 53.304383369573294}, "-88": {"optimal_thrust": 3624.7541937869896, "impact_speed": 37.554826301003565, "time": 53.30608469301869}, "-87": {"optimal_thrust": 3643.8033079068086, "impact_speed": 31.538128952600903, "time": 53.32457561509188}, "-86": {"optimal_thrust": 3660.8437572706257, "impact_speed": 25.0657234053571, "time": 53.34306590211226}, "-85": {"optimal_thrust": 3684.685626088458, "impact_speed": 11.06867882975046, "time": 53.36593889504566}, "-84": {"optimal_thrust": 3683.2986993935738, "impact_speed": 12.358704468774107, "time": 53.395251317684306}, "-83": {"optimal_thrust": 3657.128572353269, "impact_speed": 26.71777347913319, "time": 53.43053751693073}, "-82": {"optimal_thrust": 3613.4147696713317, "impact_speed": 40.64278229602866, "time": 53.4658374489065}, "-81": {"optimal_thrust": 3620.838687936767, "impact_speed": 38.63339720904455, "time": 53.50854894494337}, "-80": {"optimal_thrust": 3621.1898170117297, "impact_speed": 38.53503039771651, "time": 53.556857404044905}, "-79": {"optimal_thrust": 3621.339669004887, "impact_speed": 38.47715632815964, "time": 53.610467136650755}, "-78": {"optimal_thrust": 3619.0368661328694, "impact_speed": 39.0855068192358, "time": 53.66920638852897}, "-77": {"optimal_thrust": 3616.6850648578206, "impact_speed": 39.68683307532431, "time": 53.733046854458536}, "-76": {"optimal_thrust": 3614.613660517672, "impact_speed": 40.196545791464324, "time": 53.80224020166587}, "-75": {"optimal_thrust": 3613.010998110298, "impact_speed": 40.57164332714195, "time": 53.87609839739772}, "-74": {"optimal_thrust": 3611.712971072456, "impact_speed": 40.86184651986743, "time": 53.956599607712114}, "-73": {"optimal_thrust": 3610.439056223811, "impact_speed": 41.143812455909114, "time": 54.03965934868696}, "-72": {"optimal_thrust": 3608.9792797035825, "impact_speed": 41.472547410491046, "time": 54.128647551132175}, "-71": {"optimal_thrust": 3598.39954793026, "impact_speed": 44.0404053836247, "time": 54.222104249671624}, "-70": {"optimal_thrust": 3598.151833958588, "impact_speed": 44.05722692037228, "time": 54.31843737414912}, "-69": {"optimal_thrust": 3597.5534471011024, "impact_speed": 44.161430510028, "time": 54.384160071970065}, "-68": {"optimal_thrust": 3596.6153724812843, "impact_speed": 44.34867585315504, "time": 54.5162075021238}, "-67": {"optimal_thrust": 3595.349323943119, "impact_speed": 44.6139515530591, "time": 54.64260350651125}, "-66": {"optimal_thrust": 3593.76764275066, "impact_speed": 44.95173941527307, "time": 54.76837537086095}, "-65": {"optimal_thrust": 3591.8817825341876, "impact_speed": 45.35649925963889, "time": 54.89676300596904}, "-64": {"optimal_thrust": 3589.704459102024, "impact_speed": 45.822255382307496, "time": 55.02899421913467}, "-63": {"optimal_thrust": 3587.2468727880246, "impact_speed": 46.343350060218434, "time": 55.16576040672824}, "-62": {"optimal_thrust": 3584.519260035227, "impact_speed": 46.914375826475, "time": 55.30742090463773}, "-61": {"optimal_thrust": 3581.533062498626, "impact_speed": 47.52972123590283, "time": 55.45414139433897}, "-60": {"optimal_thrust": 3578.2983208163223, "impact_speed": 48.18422838403714, "time": 55.60598451832702}, "-59": {"optimal_thrust": 3574.8250870386632, "impact_speed": 48.87289054156118, "time": 55.76296398240947}, "-58": {"optimal_thrust": 3571.123517082154, "impact_speed": 49.59085391087595, "time": 55.92510990655644}, "-57": {"optimal_thrust": 3567.203022570432, "impact_speed": 50.33362382283721, "time": 56.09267182805934}, "-56": {"optimal_thrust": 3563.0740248771954, "impact_speed": 51.09666979229709, "time": 56.26559596914469}, "-55": {"optimal_thrust": 3558.7455381758837, "impact_speed": 51.8759739134259, "time": 56.44382970520571}, "-54": {"optimal_thrust": 3554.2276136468004, "impact_speed": 52.667469645567095, "time": 56.62757350638384}, "-53": {"optimal_thrust": 3549.529963909645, "impact_speed": 53.46734348959273, "time": 56.816799546986665}, "-52": {"optimal_thrust": 3544.6623124679363, "impact_speed": 54.27194215355882, "time": 57.008290473240756}, "-51": {"optimal_thrust": 3540.1338339668296, "impact_speed": 54.954325506647, "time": 57.20587956367353}, "-50": {"optimal_thrust": 3535.9969013930954, "impact_speed": 55.47331258928483, "time": 57.409293816823855}, "-49": {"optimal_thrust": 3531.3523377512524, "impact_speed": 56.0338395625631, "time": 57.61817051246453}, "-48": {"optimal_thrust": 3526.208009145228, "impact_speed": 56.62644844658504, "time": 57.83235018618079}, "-47": {"optimal_thrust": 3520.5718409995093, "impact_speed": 57.2393630816639, "time": 58.051754381482105}, "-46": {"optimal_thrust": 3514.4516998753697, "impact_speed": 57.89217182809031, "time": 58.27633610204944}, "-45": {"optimal_thrust": 3507.8564191504024, "impact_speed": 59.13865167500844, "time": 58.506106850095144}, "-44": {"optimal_thrust": 3500.7946272624727, "impact_speed": 60.44078802769416, "time": 58.74105763180499}, "-43": {"optimal_thrust": 3493.2760475060663, "impact_speed": 61.79154225628963, "time": 58.98117813836287}, "-42": {"optimal_thrust": 3485.3107882045097, "impact_speed": 63.186496793860506, "time": 59.22645671326982}, "-41": {"optimal_thrust": 3476.908436891455, "impact_speed": 64.62164891797823, "time": 59.47689586503097}, "-40": {"optimal_thrust": 3468.08006096152, "impact_speed": 66.09283665248637, "time": 59.7325047405429}, "-39": {"optimal_thrust": 3458.8368552398965, "impact_speed": 67.59618502035245, "time": 59.99326509562648}, "-38": {"optimal_thrust": 3450.8939792546335, "impact_speed": 68.7802066675607, "time": 60.259168949823156}, "-37": {"optimal_thrust": 3447.3221821190305, "impact_speed": 69.01909325526745, "time": 60.53021747641053}, "-36": {"optimal_thrust": 3443.07735633296, "impact_speed": 69.35276668028955, "time": 60.80635180287591}, "-35": {"optimal_thrust": 3438.6830574281294, "impact_speed": 69.68278894692646, "time": 61.08755266377719}, "-34": {"optimal_thrust": 3433.6373504005883, "impact_speed": 70.14659144484021, "time": 61.37379299965416}, "-33": {"optimal_thrust": 3427.9666453816476, "impact_speed": 70.76443793926343, "time": 61.665049836562034}, "-32": {"optimal_thrust": 3423.0335659379452, "impact_speed": 71.16774138931294, "time": 61.961311176730355}, "-31": {"optimal_thrust": 3418.149224130391, "impact_speed": 71.53816450461967, "time": 62.262550385393276}, "-30": {"optimal_thrust": 3413.3121469359075, "impact_speed": 71.87615281108765, "time": 62.56874593880576}, "-29": {"optimal_thrust": 3408.526044118953, "impact_speed": 72.18080006841839, "time": 62.87987057680818}, "-28": {"optimal_thrust": 3403.7967997715928, "impact_speed": 72.45077099050539, "time": 63.19587193294362}, "-27": {"optimal_thrust": 3397.7344785245023, "impact_speed": 73.27178992143897, "time": 63.516617736791645}, "-26": {"optimal_thrust": 3393.2451417142283, "impact_speed": 73.49078277350573, "time": 63.84191436490948}, "-25": {"optimal_thrust": 3388.88467903221, "impact_speed": 73.65103373396605, "time": 64.17156019064629}, "-24": {"optimal_thrust": 3384.6595498541697, "impact_speed": 73.74317570823466, "time": 64.50557108062544}, "-23": {"optimal_thrust": 3380.569053306082, "impact_speed": 73.75868357002416, "time": 64.84407419226469}, "-22": {"optimal_thrust": 3376.609224414997, "impact_speed": 73.68901459933802, "time": 65.18713788908205}, "-21": {"optimal_thrust": 3372.7747518544616, "impact_speed": 73.52594492842564, "time": 65.53475154431142}, "-20": {"optimal_thrust": 3369.0621839679666, "impact_speed": 73.26084354435241, "time": 65.88686285629575}, "-19": {"optimal_thrust": 3365.4727984411597, "impact_speed": 72.8821153714054, "time": 66.24340312993755}, "-18": {"optimal_thrust": 3362.0089975080555, "impact_speed": 72.3796121854175, "time": 66.60429764448665}, "-17": {"optimal_thrust": 3358.677977056445,