{"-90": {"optimal_thrust": 3660.4290588225754, "impact_speed": 28.458859845884277, "time": 53.11684065018168}, "-89": {"optimal_thrust": 3634.4461924450225, "impact_speed": 37.14927589899028, "time": 53.11924392612597}, "-88": {"optimal_thrust": 3631.3407777329826, "impact_speed": 37.97207443647973, "time": 53.119848813477915}, "-87": {"optimal_thrust": 3650.815531690096, "impact_speed": 31.888527572673173, "time": 53.13960926013783}, "-86": {"optimal_thrust": 3668.23659722307, "impact_speed": 25.344268619734518, "time": 53.158111175256096}, "-85": {"optimal_thrust": 3692.611108397961, "impact_speed": 11.191865327055812, "time": 53.181211497389256}, "-84": {"optimal_thrust": 3691.193350882632, "impact_speed": 12.496064611058493, "time": 53.210780982653226}, "-83": {"optimal_thrust": 3664.4384516085743, "impact_speed": 27.014649902347116, "time": 53.24609148951776}, "-82": {"optimal_thrust": 3619.747947307205, "impact_speed": 41.09434730405268, "time": 53.281704823171836}, "-81": {"optimal_thrust": 3627.33751990495, "impact_speed": 39.06269995952591, "time": 53.324733245351965}, "-80": {"optimal_thrust": 3627.6965152903927, "impact_speed": 38.963234739204374, "time": 53.37337092549141}, "-79": {"optimal_thrust": 3627.849567993805, "impact_speed": 38.904758376155115, "time": 53.42733757487497}, "-78": {"optimal_thrust": 3625.495466278577, "impact_speed": 39.519824028309834, "time": 53.48646423506007}, "-77": {"optimal_thrust": 3623.0914792479684, "impact_speed": 40.12773358802946, "time": 53.55073171266948}, "-76": {"optimal_thrust": 3620.9736377774584, "impact_speed": 40.643150079765476, "time": 53.62041437556697}, "-75": {"optimal_thrust": 3619.3350354276336, "impact_speed": 41.022448651136955, "time": 53.694723752075575}, "-74": {"optimal_thrust": 3618.0080345533524, "impact_speed": 41.31586815680065, "time": 53.77795683250988}, "-73": {"optimal_thrust": 3616.705659126024, "impact_speed": 41.6009655222133, "time": 53.85929567979746}, "-72": {"optimal_thrust": 3615.2133908483634, "impact_speed": 41.933320566772075, "time": 53.948861857984355}, "-71": {"optimal_thrust": 3604.3973989192846, "impact_speed": 44.52967622146264, "time": 54.04272963672549}, "-70": {"optimal_thrust": 3604.143992742914, "impact_speed": 44.546722010661796, "time": 54.13903853953845}, "-69": {"optimal_thrust": 3603.5320475478884, "impact_speed": 44.652128158372875, "time": 54.21167424921434}, "-68": {"optimal_thrust": 3602.5733785711905, "impact_speed": 44.84136601991832, "time": 54.342144260347865}, "-67": {"optimal_thrust": 3601.27874294551, "impact_speed": 45.10966014727174, "time": 54.467880781944636}, "-66": {"optimal_thrust": 3599.6616918412137, "impact_speed": 45.45120743161997, "time": 54.59386312617098}, "-65": {"optimal_thrust": 3597.7340604317737, "impact_speed": 45.86037713849652, "time": 54.7227826275111}, "-64": {"optimal_thrust": 3595.508068762268, "impact_speed": 46.33131224541342, "time": 54.855752807740245}, "-63": {"optimal_thrust": 3592.9952222278903, "impact_speed": 46.85827767321913, "time": 54.9933918098299}, "-62": {"optimal_thrust": 3590.2067838963935, "impact_speed": 47.43561924821486, "time": 55.13601316578035}, "-61": {"optimal_thrust": 3587.1534980231518, "impact_speed": 48.05788475187657, "time": 55.28375638937097}, "-60": {"optimal_thrust": 3583.846806180261, "impact_speed": 48.71958794348807, "time": 55.436670782409244}, "-59": {"optimal_thrust": 3580.2959877785506, "impact_speed": 49.41589589220629, "time": 55.594764332320615}, "-58": {"optimal_thrust": 3576.511527410328, "impact_speed": 50.141876535377946, "time": 55.75811790008707}, "-57": {"optimal_thrust": 3572.503407935052, "impact_speed": 50.892903634227935, "time": 55.92695253833416}, "-56": {"optimal_thrust": 3568.2823099357606, "impact_speed": 51.66439088192713, "time": 56.101171625048345}, "-55": {"optimal_thrust": 3563.8569301914267, "impact_speed": 52.45239210921613, "time": 56.28076718494497}, "-54": {"optimal_thrust": 3559.2382085903914, "impact_speed": 53.2526464300475, "time": 56.466056427102444}, "-53": {"optimal_thrust": 3554.435413315918, "impact_speed": 54.061447154893166, "time": 56.65600117622969}, "-52": {"optimal_thrust": 3549.4594155554355, "impact_speed": 54.874887599016056, "time": 56.84890966975656}, "-51": {"optimal_thrust": 3544.829754066059, "impact_speed": 55.56484755608288, "time": 57.048262493904076}, "-50": {"optimal_thrust": 3540.5998318789475, "impact_speed": 56.08973878513299, "time": 57.25330852396387}, "-49": {"optimal_thrust": 3535.851397789425, "impact_speed": 56.65652981974737, "time": 57.46384472321381}, "-48": {"optimal_thrust": 3530.5922004181843, "impact_speed": 57.25571797488119, "time": 57.67971705624911}, "-47": {"optimal_thrust": 3524.8302240623675, "impact_speed": 57.875411515997484, "time": 57.900827343768306}, "-46": {"optimal_thrust": 3518.57334445464, "impact_speed": 58.535967158549354, "time": 58.127183634976014}, "-45": {"optimal_thrust": 3511.830703141996, "impact_speed": 59.79577631896865, "time": 58.3587834735827}, "-44": {"optimal_thrust": 3504.611065007783, "impact_speed": 61.11238964696777, "time": 58.5956186118014}, "-43": {"optimal_thrust": 3496.924658338143, "impact_speed": 62.47808217275802, "time": 58.837679500595314}, "-42": {"optimal_thrust": 3488.781018646643, "impact_speed": 63.88865304697826, "time": 59.08495658346737}, "-41": {"optimal_thrust": 3480.191016544792, "impact_speed": 65.33971491564965, "time": 59.337465841668646}, "-40": {"optimal_thrust": 3471.165266224385, "impact_speed": 66.82726736280804, "time": 59.595203132110655}, "-39": {"optimal_thrust": 3461.7156655762724, "impact_speed": 68.34728272394881, "time": 59.85815046144472}, "-38": {"optimal_thrust": 3453.5953076054743, "impact_speed": 69.54445778200386, "time": 60.12630086232501}, "-37": {"optimal_thrust": 3449.944009320898, "impact_speed": 69.78593160265827, "time": 60.39965690857852}, "-36": {"optimal_thrust": 3446.214365142258, "impact_speed": 69.98086357329433, "time": 60.6781647698541}, "-35": {"optimal_thrust": 3441.1116699056897, "impact_speed": 70.4570381138643, "time": 60.961793151907976}, "-34": {"optimal_thrust": 3434.7727304358878, "impact_speed": 71.23046983698389, "time": 61.250521183499764}, "-33": {"optimal_thrust": 3430.1557969042346, "impact_speed": 71.550703766667, "time": 61.54435000262502}, "-32": {"optimal_thrust": 3425.1122639449895, "impact_speed": 71.95855470028819, "time": 61.84324345973573}, "-31": {"optimal_thrust": 3420.1191917554693, "impact_speed": 72.33296303657794, "time": 62.147186040151986}, "-30": {"optimal_thrust": 3415.1738976118, "impact_speed": 72.67474657111327, "time": 62.45615700761784}, "-29": {"optimal_thrust": 3410.2808590252716, "impact_speed": 72.98277059703074, "time": 62.7701229638852}, "-28": {"optimal_thrust": 3405.4459559088577, "impact_speed": 73.25572837216806, "time": 63.08900533149933}, "-27": {"optimal_thrust": 3399.247787808986, "impact_speed": 74.08602646328293, "time": 63.41261730698447}, "-26": {"optimal_thrust": 3394.658484387521, "impact_speed": 74.3073084499386, "time": 63.740744552939375}, "-25": {"optimal_thrust": 3390.2006128857556, "impact_speed": 74.46932094565736, "time": 64.07328287760275}, "-24": {"optimal_thrust": 3385.8808919349362, "impact_speed": 74.56257995103502, "time": 64.41034321906551}, "-23": {"optimal_thrust": 3381.6991917693394, "impact_speed": 74.57813233043714, "time": 64.75204142773156}, "-22": {"optimal_thrust": 3377.650843991875, "impact_speed": 74.5076981510331, "time": 65.09840314577075}, "-21": {"optimal_thrust": 3373.7304764944092, "impact_speed": 74.3430031046544, "time": 65.44939230802618}, "-20": {"optimal_thrust": 3369.9354016499597, "impact_speed": 74.0744291905163, "time": 65.80494668069664}, "-19": {"optimal_thrust": 3366.26536602675, "impact_speed": 73.69206835270701, "time": 66.16499463886288}, "-18": {"optimal_thrust": 3362.724040320986, "impact_speed": 73.18429079332168, "time": 66.52946106221506}, "-17": {"optimal_thrust": 3359.319044036286,