{"-90": {"optimal_thrust": 3666.2038202778717, "impact_speed": 29.333930026985705, "time": 52.9325255302572}, "-89": {"optimal_thrust": 3641.1739316051994, "impact_speed": 37.557552133304526, "time": 52.93495132733056}, "-88": {"optimal_thrust": 3637.9996982465645, "impact_speed": 38.38944529280488, "time": 52.93430700084953}, "-87": {"optimal_thrust": 3657.9053412770477, "impact_speed": 32.2388926189286, "time": 52.9554840867435}, "-86": {"optimal_thrust": 3675.7107877328162, "impact_speed": 25.622954798794648, "time": 52.97400978797711}, "-85": {"optimal_thrust": 3700.6245348607167, "impact_speed": 11.314696418023846, "time": 52.997328183466394}, "-84": {"optimal_thrust": 3699.175241091746, "impact_speed": 12.633420049905762, "time": 53.02715113758356}, "-83": {"optimal_thrust": 3671.829434577013, "impact_speed": 27.31139579293693, "time": 53.062478092422296}, "-82": {"optimal_thrust": 3626.151230894201, "impact_speed": 41.54587997148926, "time": 53.098408438818495}, "-81": {"optimal_thrust": 3633.908758462888, "impact_speed": 39.491840320076726, "time": 53.14174758810702}, "-80": {"optimal_thrust": 3634.275232925906, "impact_speed": 39.391405466724756, "time": 53.190709760264156}, "-79": {"optimal_thrust": 3634.431803550312, "impact_speed": 39.332249603537534, "time": 53.24502868027625}, "-78": {"optimal_thrust": 3632.025959535698, "impact_speed": 39.95399977845376, "time": 53.30453775218993}, "-77": {"optimal_thrust": 3629.568373221699, "impact_speed": 40.56871620459698, "time": 53.36922961053744}, "-76": {"optimal_thrust": 3627.4037210247275, "impact_speed": 41.089798695131016, "time": 53.43939444109654}, "-75": {"optimal_thrust": 3625.7291089716387, "impact_speed": 41.473213511191446, "time": 53.51415173849014}, "-74": {"optimal_thrust": 3624.372817030064, "impact_speed": 41.76984896866869, "time": 53.59681981753305}, "-73": {"optimal_thrust": 3623.041467746549, "impact_speed": 42.058128339823604, "time": 53.67976563766196}, "-72": {"optimal_thrust": 3621.51632063974, "impact_speed": 42.39411081154734, "time": 53.76984041952541}, "-71": {"optimal_thrust": 3610.4609942182633, "impact_speed": 45.019072976139185, "time": 53.86405212898816}, "-70": {"optimal_thrust": 3610.2019655105983, "impact_speed": 45.0363115589102, "time": 53.96024436418926}, "-69": {"optimal_thrust": 3609.5767791897524, "impact_speed": 45.14280922351417, "time": 54.039350415583236}, "-68": {"optimal_thrust": 3608.596558986408, "impact_speed": 45.334213201289685, "time": 54.168450415094135}, "-67": {"optimal_thrust": 3607.27351964415, "impact_speed": 45.60540671987095, "time": 54.29371789658305}, "-66": {"optimal_thrust": 3605.6208456103523, "impact_speed": 45.95068079643436, "time": 54.41997657614344}, "-65": {"optimal_thrust": 3603.6503647275185, "impact_speed": 46.36440559109923, "time": 54.54946312823353}, "-64": {"optimal_thrust": 3601.3751917037252, "impact_speed": 46.8405129751318, "time": 54.68318822885548}, "-63": {"optimal_thrust": 3598.806767700135, "impact_speed": 47.37327953853345, "time": 54.82170331778065}, "-62": {"optimal_thrust": 3595.9569903202646, "impact_speed": 47.9569003232017, "time": 54.96528100847203}, "-61": {"optimal_thrust": 3592.8365468217085, "impact_speed": 48.585931901082425, "time": 55.1140380239983}, "-60": {"optimal_thrust": 3589.4563013680763, "impact_speed": 49.2550153195433, "time": 55.26801243590824}, "-59": {"optimal_thrust": 3585.826941077952, "impact_speed": 49.95899108978665, "time": 55.42720775651974}, "-58": {"optimal_thrust": 3581.9591463483666, "impact_speed": 50.692882831676926, "time": 55.59177595040579}, "-57": {"optimal_thrust": 3577.8626404738043, "impact_speed": 51.45212119710837, "time": 55.76186262603915}, "-56": {"optimal_thrust": 3573.5480983809657, "impact_speed": 52.232122547976296, "time": 55.937362732936904}, "-55": {"optimal_thrust": 3569.024926153598, "impact_speed": 53.02878245084321, "time": 56.11832694707345}, "-54": {"optimal_thrust": 3564.3040637551803, "impact_speed": 53.837846964292716, "time": 56.30517313288339}, "-53": {"optimal_thrust": 3559.395223557929, "impact_speed": 54.65551513842717, "time": 56.49552505045568}, "-52": {"optimal_thrust": 3554.3091602523277, "impact_speed": 55.47791769351082, "time": 56.69018979408993}, "-51": {"optimal_thrust": 3549.5769718381785, "impact_speed": 56.17551205714491, "time": 56.89121513027968}, "-50": {"optimal_thrust": 3545.25411888431, "impact_speed": 56.70603374895042, "time": 57.09788154165241}, "-49": {"optimal_thrust": 3540.400856400732, "impact_speed": 57.27900746745515, "time": 57.310041867817105}, "-48": {"optimal_thrust": 3535.025060772526, "impact_speed": 57.88489461513976, "time": 57.527575805004815}, "-47": {"optimal_thrust": 3529.1359417973495, "impact_speed": 58.511251495138275, "time": 57.750387906782244}, "-46": {"optimal_thrust": 3522.7405259598027, "impact_speed": 59.179801618743625, "time": 57.97850415946043}, "-45": {"optimal_thrust": 3515.8488631224955, "impact_speed": 60.4529290386364, "time": 58.21191837198811}, "-44": {"optimal_thrust": 3508.4700948540226, "impact_speed": 61.783806125518396, "time": 58.45062306746858}, "-43": {"optimal_thrust": 3500.6134992361935, "impact_speed": 63.164651312070774, "time": 58.69460946874287}, "-42": {"optimal_thrust": 3492.2901352015247, "impact_speed": 64.59065567893565, "time": 58.943875623584375}, "-41": {"optimal_thrust": 3483.509923087831, "impact_speed": 66.05776661091306, "time": 59.19844006631538}, "-40": {"optimal_thrust": 3474.2851982698626, "impact_speed": 67.5615532047585, "time": 59.45829043753013}, "-39": {"optimal_thrust": 3464.626521837755, "impact_speed": 69.09833064131867, "time": 59.7234094210248}, "-38": {"optimal_thrust": 3456.326311521849, "impact_speed": 70.30874376873854, "time": 59.99379117181013}, "-37": {"optimal_thrust": 3452.5944931484664, "impact_speed": 70.55283890975218, "time": 60.26943976770497}, "-36": {"optimal_thrust": 3448.7823431262955, "impact_speed": 70.74993643593935, "time": 60.5503021099865}, "-35": {"optimal_thrust": 3443.566953176869, "impact_speed": 71.23132934705154, "time": 60.836348261579744}, "-34": {"optimal_thrust": 3438.2946420692324, "impact_speed": 71.7054023839938, "time": 61.12756821197078}, "-33": {"optimal_thrust": 3432.3687434052795, "impact_speed": 72.33707966602117, "time": 61.42393854589244}, "-32": {"optimal_thrust": 3427.214305869325, "impact_speed": 72.74925508314466, "time": 61.725452406090156}, "-31": {"optimal_thrust": 3422.1107801642625, "impact_speed": 73.12780994740258, "time": 62.032087351755735}, "-30": {"optimal_thrust": 3417.0563093060855, "impact_speed": 73.4733090523783, "time": 62.34382142115172}, "-29": {"optimal_thrust": 3412.054924473544, "impact_speed": 73.78479609319764, "time": 62.66060772131881}, "-28": {"optimal_thrust": 3407.113148250867, "impact_speed": 74.06076731359174, "time": 62.98232613997223}, "-27": {"optimal_thrust": 3400.7781104770775, "impact_speed": 74.90014633124798, "time": 63.30873617035674}, "-26": {"optimal_thrust": 3396.087496582013, "impact_speed": 75.1238115482715, "time": 63.63966215588491}, "-25": {"optimal_thrust": 3391.531131681029, "impact_speed": 75.28758700660144, "time": 63.975123893724394}, "-24": {"optimal_thrust": 3387.115792441919, "impact_speed": 75.38194838512484, "time": 64.31526952763323}, "-23": {"optimal_thrust": 3382.8416084169926, "impact_speed": 75.39771980259242, "time": 64.66017489583585}, "-22": {"optimal_thrust": 3378.7037841958713, "impact_speed": 75.32653101767123, "time": 65.00983028261892}, "-21": {"optimal_thrust": 3374.6970083874157, "impact_speed": 75.15982282532931, "time": 65.36418387520126}, "-20": {"optimal_thrust": 3370.817959295939, "impact_speed": 74.8883927570196, "time": 65.7231683216439}, "-19": {"optimal_thrust": 3367.066694333585, "impact_speed": 74.50201489468247, "time": 66.08671094746026}, "-18": {"optimal_thrust": 3363.4471037816443, "impact_speed": 73.98871653588601, "time": 66.4547368476366}, "-17": {"optimal_thrust": 3359.96679441763,