{"-90": {"optimal_thrust": 3671.9920851149272, "impact_speed": 30.21035390509269, "time": 52.749054411908546}, "-89": {"optimal_thrust": 3647.975351059214, "impact_speed": 37.96578461065358, "time": 52.751502755465}, "-88": {"optimal_thrust": 3644.731785796229, "impact_speed": 38.80670808103718, "time": 52.749445000274875}, "-87": {"optimal_thrust": 3665.0724043696596, "impact_speed": 32.58933354614437, "time": 52.77219740345738}, "-86": {"optimal_thrust": 3683.267108858905, "impact_speed": 25.90145491229666, "time": 52.790759668787565}, "-85": {"optimal_thrust": 3708.7252540671016, "impact_speed": 11.43779915265984, "time": 52.81428592960584}, "-84": {"optimal_thrust": 3707.244441130825, "impact_speed": 12.770711051462381, "time": 52.84435898912648}, "-83": {"optimal_thrust": 3679.300691118959, "impact_speed": 27.60833833256908, "time": 52.879697612739335}, "-82": {"optimal_thrust": 3632.624289832211, "impact_speed": 41.99746582793809, "time": 52.915945285375265}, "-81": {"optimal_thrust": 3640.551045864849, "impact_speed": 39.92118826946855, "time": 52.95958922865443}, "-80": {"optimal_thrust": 3640.9262871290075, "impact_speed": 39.819458340436995, "time": 53.00887123368629}, "-79": {"optimal_thrust": 3641.085862416651, "impact_speed": 39.75977180745916, "time": 53.06353777833026}, "-78": {"optimal_thrust": 3638.6274456341575, "impact_speed": 40.38827690603699, "time": 53.123424300493845}, "-77": {"optimal_thrust": 3636.1159428260294, "impact_speed": 41.00972726855168, "time": 53.18853773261969}, "-76": {"optimal_thrust": 3633.904340051234, "impact_speed": 41.536379998461584, "time": 53.25917767545914}, "-75": {"optimal_thrust": 3632.1929578727827, "impact_speed": 41.924005407721644, "time": 53.3343736250371}, "-74": {"optimal_thrust": 3630.806791649675, "impact_speed": 42.223922984381396, "time": 53.416523544540134}, "-73": {"optimal_thrust": 3629.44653850545, "impact_speed": 42.51528646946133, "time": 53.500999644228315}, "-72": {"optimal_thrust": 3627.888139010579, "impact_speed": 42.85490020241121, "time": 53.591576008326996}, "-71": {"optimal_thrust": 3616.591177271823, "impact_speed": 45.50839460303479, "time": 53.686058489994565}, "-70": {"optimal_thrust": 3616.3263866831167, "impact_speed": 45.52584396852117, "time": 53.782045474535444}, "-69": {"optimal_thrust": 3615.687768321806, "impact_speed": 45.63344464240897, "time": 53.86725081549567}, "-68": {"optimal_thrust": 3614.685997086333, "impact_speed": 45.826958649211626, "time": 53.99516704457929}, "-67": {"optimal_thrust": 3613.33405353431, "impact_speed": 46.10109672632049, "time": 54.12013673193968}, "-66": {"optimal_thrust": 3611.645052586298, "impact_speed": 46.45017131376729, "time": 54.24672757271776}, "-65": {"optimal_thrust": 3609.6316525381276, "impact_speed": 46.868358210480274, "time": 54.37681081723267}, "-64": {"optimal_thrust": 3607.306841870076, "impact_speed": 47.34961968814135, "time": 54.511303148941}, "-63": {"optimal_thrust": 3604.6823272157094, "impact_speed": 47.888166407948475, "time": 54.65069536698407}, "-62": {"optimal_thrust": 3601.770196773452, "impact_speed": 48.47814586247207, "time": 54.79522363766081}, "-61": {"optimal_thrust": 3598.5815049746316, "impact_speed": 49.11402481005318, "time": 54.944984915273565}, "-60": {"optimal_thrust": 3595.127522040059, "impact_speed": 49.79034849778889, "time": 55.100007906257716}, "-59": {"optimal_thrust": 3591.41891594043, "impact_speed": 50.50195828204645, "time": 55.26029675901905}, "-58": {"optimal_thrust": 3587.4664432295867, "impact_speed": 51.243858031595394, "time": 55.42607985625383}, "-57": {"optimal_thrust": 3583.2804551069107, "impact_speed": 52.01133677061915, "time": 55.5973990671842}, "-56": {"optimal_thrust": 3578.871321241293, "impact_speed": 52.79987958317177, "time": 55.77416967542123}, "-55": {"optimal_thrust": 3574.249526062397, "impact_speed": 53.60514583678509, "time": 55.95651852318902}, "-54": {"optimal_thrust": 3569.425179141167, "impact_speed": 54.42307048215703, "time": 56.14480893423189}, "-53": {"optimal_thrust": 3564.409336348194, "impact_speed": 55.24956161031426, "time": 56.33564514743224}, "-52": {"optimal_thrust": 3559.2119222060614, "impact_speed": 56.08094437545458, "time": 56.53210104698817}, "-51": {"optimal_thrust": 3554.3762491204216, "impact_speed": 56.78613386817551, "time": 56.734726974709474}, "-50": {"optimal_thrust": 3549.9587356865677, "impact_speed": 57.32246952325619, "time": 56.94299988142746}, "-49": {"optimal_thrust": 3544.999369858926, "impact_speed": 57.9016898935539, "time": 57.15676228419357}, "-48": {"optimal_thrust": 3539.5065312057322, "impact_speed": 58.51400521877985, "time": 57.37593111306318}, "-47": {"optimal_thrust": 3533.488086037466, "impact_speed": 59.14755491567314, "time": 57.60043509300815}, "-46": {"optimal_thrust": 3526.9532443908583, "impact_speed": 59.82367090111268, "time": 57.830296756761456}, "-45": {"optimal_thrust": 3519.9112163026375, "impact_speed": 61.10987905105191, "time": 58.06551068275145}, "-44": {"optimal_thrust": 3512.3707667712456, "impact_speed": 62.45545533012996, "time": 58.30607018224936}, "-43": {"optimal_thrust": 3504.3427581590163, "impact_speed": 63.851186370286285, "time": 58.55196728846964}, "-42": {"optimal_thrust": 3495.8374356295744, "impact_speed": 65.292705731262, "time": 58.80321310651757}, "-41": {"optimal_thrust": 3486.8652847264316, "impact_speed": 66.77577284162463, "time": 59.05981750447955}, "-40": {"optimal_thrust": 3477.4388373602947, "impact_speed": 68.29592745918676, "time": 59.32176566411392}, "-39": {"optimal_thrust": 3467.5688433411583, "impact_speed": 69.8494508670369, "time": 59.589041063609535}, "-38": {"optimal_thrust": 3459.087633000913, "impact_speed": 71.07293470184278, "time": 59.861639080180176}, "-37": {"optimal_thrust": 3455.2742680232113, "impact_speed": 71.31967592545962, "time": 60.139565384966566}, "-36": {"optimal_thrust": 3450.741439806714, "impact_speed": 71.6645370557591, "time": 60.422763079465945}, "-35": {"optimal_thrust": 3446.0494821853795, "impact_speed": 72.00551617595983, "time": 60.71121768423773}, "-34": {"optimal_thrust": 3439.428745446766, "impact_speed": 72.79597171024855, "time": 61.00489819445408}, "-33": {"optimal_thrust": 3434.6061863722903, "impact_speed": 73.12336859359866, "time": 61.30381571934809}, "-32": {"optimal_thrust": 3429.3391831818217, "impact_speed": 73.53999684308143, "time": 61.60793851908414}, "-31": {"optimal_thrust": 3424.123793309752, "impact_speed": 73.92276658606261, "time": 61.91725455415173}, "-30": {"optimal_thrust": 3418.959315268574, "impact_speed": 74.27186466213766, "time": 62.2317368870337}, "-29": {"optimal_thrust": 3413.8482404637684, "impact_speed": 74.58687478295138, "time": 62.55131392171482}, "-28": {"optimal_thrust": 3408.798631252835, "impact_speed": 74.86577585785253, "time": 62.875810181777496}, "-27": {"optimal_thrust": 3402.3251257403062, "impact_speed": 75.71427896193757, "time": 63.20495978173033}, "-26": {"optimal_thrust": 3397.5319872443297, "impact_speed": 75.94037561580004, "time": 63.53868826659675}, "-25": {"optimal_thrust": 3392.875592560325, "impact_speed": 76.10614559091536, "time": 63.87711259436555}, "-24": {"optimal_thrust": 3388.364251375119, "impact_speed": 76.20128216561751, "time": 64.22036561307769}, "-23": {"optimal_thrust": 3383.996689572017, "impact_speed": 76.21719033014044, "time": 64.56847906640384}, "-22": {"optimal_thrust": 3379.768172204629, "impact_speed": 76.14540957464746, "time": 64.92141878036426}, "-21": {"optimal_thrust": 3375.6737106697146, "impact_speed": 75.97701774144372, "time": 65.27912405955698}, "-20": {"optimal_thrust": 3371.709980382309, "impact_speed": 75.70257441731144, "time": 65.64152527375803}, "-19": {"optimal_thrust": 3367.876785471768, "impact_speed": 75.31195194850518, "time": 66.0085496803122}, "-18": {"optimal_thrust": 3364.1783822630737, "impact_speed": 74.79249926713715, "time": 66.38012287998126}, "-17": {"optimal_thrust": 3360.6218579860756,