{"-90": {"optimal_thrust": 3677.7939632511507, "impact_speed": 31.08794755713768, "time": 52.56642446448595}, "-89": {"optimal_thrust": 3654.8503250928306, "impact_speed": 38.374009904059754, "time": 52.56889537284961}, "-88": {"optimal_thrust": 3651.5367231712366, "impact_speed": 39.22395196984899, "time": 52.56517664090409}, "-87": {"optimal_thrust": 3672.3169278107684, "impact_speed": 32.93978119294721, "time": 52.58974648703746}, "-86": {"optimal_thrust": 3690.9049059483286, "impact_speed": 26.180042658173264, "time": 52.608358207593405}, "-85": {"optimal_thrust": 3716.9136002160008, "impact_speed": 11.560852401168255, "time": 52.63208171460994}, "-84": {"optimal_thrust": 3715.400808901027, "impact_speed": 12.908058068667518, "time": 52.66240172386875}, "-83": {"optimal_thrust": 3686.8530356636093, "impact_speed": 27.90515775726678, "time": 52.697749458905534}, "-82": {"optimal_thrust": 3639.167123833202, "impact_speed": 42.44910324871058, "time": 52.73431236748548}, "-81": {"optimal_thrust": 3647.2655438095476, "impact_speed": 40.350428427451, "time": 52.778255421376656}, "-80": {"optimal_thrust": 3647.6487216101496, "impact_speed": 40.2476516103738, "time": 52.82785264737094}, "-79": {"optimal_thrust": 3647.8118148212043, "impact_speed": 40.187305287744266, "time": 52.882862187171845}, "-78": {"optimal_thrust": 3645.299924573956, "impact_speed": 40.82265217565996, "time": 52.94312123337152}, "-77": {"optimal_thrust": 3642.7345052716996, "impact_speed": 41.450684217474375, "time": 53.00865326034682}, "-76": {"optimal_thrust": 3640.4751913762675, "impact_speed": 41.98297313004599, "time": 53.07949520455296}, "-75": {"optimal_thrust": 3638.7264558900483, "impact_speed": 42.37485517048517, "time": 53.15535310044277}, "-74": {"optimal_thrust": 3637.310555337724, "impact_speed": 42.67793846600181, "time": 53.23749594138898}, "-73": {"optimal_thrust": 3635.920871117717, "impact_speed": 42.97244013133713, "time": 53.32300129870989}, "-72": {"optimal_thrust": 3634.3287061906744, "impact_speed": 43.3157231554581, "time": 53.414059999563214}, "-71": {"optimal_thrust": 3622.7876178930997, "impact_speed": 45.997719793176, "time": 53.50873626545212}, "-70": {"optimal_thrust": 3622.5171350967485, "impact_speed": 46.01534913171425, "time": 53.60442980135763}, "-69": {"optimal_thrust": 3621.8644450514657, "impact_speed": 46.1241680084514, "time": 53.69543043766439}, "-68": {"optimal_thrust": 3620.841249170593, "impact_speed": 46.31970840354584, "time": 53.82233010316302}, "-67": {"optimal_thrust": 3619.460331781701, "impact_speed": 46.59673493801063, "time": 53.94715484186984}, "-66": {"optimal_thrust": 3617.734490686223, "impact_speed": 46.94963747848566, "time": 54.07412604621129}, "-65": {"optimal_thrust": 3615.6776015213195, "impact_speed": 47.37231123765915, "time": 54.20483073242058}, "-64": {"optimal_thrust": 3613.302518575395, "impact_speed": 47.85874933492252, "time": 54.3400994346637}, "-63": {"optimal_thrust": 3610.6213999744, "impact_speed": 48.40305512918842, "time": 54.480367929281904}, "-62": {"optimal_thrust": 3607.6461430884387, "impact_speed": 48.99941535644818, "time": 54.62584001561122}, "-61": {"optimal_thrust": 3604.3881888824185, "impact_speed": 49.642202886661536, "time": 54.77659557386385}, "-60": {"optimal_thrust": 3600.8597522012783, "impact_speed": 50.32574868497564, "time": 54.93265557282406}, "-59": {"optimal_thrust": 3597.0708166235117, "impact_speed": 51.0450420368989, "time": 55.094045332316135}, "-58": {"optimal_thrust": 3593.0329622591835, "impact_speed": 51.79490260546175, "time": 55.26102561223925}, "-57": {"optimal_thrust": 3588.756603976085, "impact_speed": 52.57060430576401, "time": 55.43355946558002}, "-56": {"optimal_thrust": 3584.25185175536, "impact_speed": 53.36768869607922, "time": 55.611594057836065}, "-55": {"optimal_thrust": 3579.530216660068, "impact_speed": 54.18159472850635, "time": 55.795353480244735}, "-54": {"optimal_thrust": 3574.601998863609, "impact_speed": 55.0082191422233, "time": 55.984725850098386}, "-53": {"optimal_thrust": 3569.4773656325874, "impact_speed": 55.84367256929034, "time": 56.176449421473755}, "-52": {"optimal_thrust": 3564.1677701862172, "impact_speed": 56.68395229843768, "time": 56.37462116680197}, "-51": {"optimal_thrust": 3559.227781959806, "impact_speed": 57.3966683853812, "time": 56.57879874545716}, "-50": {"optimal_thrust": 3554.7146502376613, "impact_speed": 57.938791820349834, "time": 56.78864615697386}, "-49": {"optimal_thrust": 3549.6479646795174, "impact_speed": 58.524260281145764, "time": 57.00400362127606}, "-48": {"optimal_thrust": 3544.0362947064737, "impact_speed": 59.1431787015654, "time": 57.22478644081944}, "-47": {"optimal_thrust": 3537.8880784643043, "impact_speed": 59.78327686237787, "time": 57.45096793472336}, "-46": {"optimal_thrust": 3531.2116957948247, "impact_speed": 60.46574745637177, "time": 57.682560505260156}, "-45": {"optimal_thrust": 3524.017000606138, "impact_speed": 61.767179222034635, "time": 57.91955953297336}, "-44": {"optimal_thrust": 3516.3139027901434, "impact_speed": 63.126977221249675, "time": 58.16195914927125}, "-43": {"optimal_thrust": 3508.1119299370744, "impact_speed": 64.53785425808557, "time": 58.409754560293415}, "-42": {"optimal_thrust": 3499.4229199307924, "impact_speed": 65.99480169144671, "time": 58.662967979998655}, "-41": {"optimal_thrust": 3490.256912890036, "impact_speed": 67.49378107767002, "time": 58.92159713226321}, "-40": {"optimal_thrust": 3480.626696893772, "impact_speed": 69.0302734335868, "time": 59.18562785443584}, "-39": {"optimal_thrust": 3470.543656601994, "impact_speed": 70.60043036299126, "time": 59.45504452245822}, "-38": {"optimal_thrust": 3461.8787587849088, "impact_speed": 71.83713549208876, "time": 59.72984381986559}, "-37": {"optimal_thrust": 3457.98250347664, "impact_speed": 72.08662235505551, "time": 60.01003312553155}, "-36": {"optimal_thrust": 3454.002911933779, "impact_speed": 72.28798238500646, "time": 60.295561170646266}, "-35": {"optimal_thrust": 3448.558297578221, "impact_speed": 72.77984149386444, "time": 60.586401160658085}, "-34": {"optimal_thrust": 3441.794677513661, "impact_speed": 73.57873086327288, "time": 60.882538250730306}, "-33": {"optimal_thrust": 3436.8681877537724, "impact_speed": 73.90955642037817, "time": 61.18398182755131}, "-32": {"optimal_thrust": 3431.487146168002, "impact_speed": 74.33070529563891, "time": 61.490702234495444}, "-31": {"optimal_thrust": 3426.159128601174, "impact_speed": 74.71754454663389, "time": 61.80268722231403}, "-30": {"optimal_thrust": 3420.8824022415097, "impact_speed": 75.0705916306738, "time": 62.11989852508658}, "-29": {"optimal_thrust": 3415.661387038738, "impact_speed": 75.38878324797855, "time": 62.44222522373549}, "-28": {"optimal_thrust": 3410.5022171175237, "impact_speed": 75.6708348026906, "time": 62.7694343829691}, "-27": {"optimal_thrust": 3403.888833529835, "impact_speed": 76.52842397470643, "time": 63.10129139637869}, "-26": {"optimal_thrust": 3398.991763764558, "impact_speed": 76.7570813098003, "time": 63.43785113249005}, "-25": {"optimal_thrust": 3394.235402422945, "impact_speed": 76.9243096714315, "time": 63.779270264828405}, "-24": {"optimal_thrust": 3389.625951523797, "impact_speed": 77.02075714544476, "time": 64.12563955364023}, "-23": {"optimal_thrust": 3385.1641151759695, "impact_speed": 77.0367535302768, "time": 64.47695491338523}, "-22": {"optimal_thrust": 3380.8443941610785, "impact_speed": 76.96403557217744, "time": 64.83316698955129}, "-21": {"optimal_thrust": 3376.66141376634, "impact_speed": 76.79379416546007, "time": 65.19421053376743}, "-20": {"optimal_thrust": 3372.61178854392, "impact_speed": 76.51658428946219, "time": 65.56001522107358}, "-19": {"optimal_thrust": 3368.695769435942, "impact_speed": 76.1216812610775, "time": 65.9305087419304}, "-18": {"optimal_thrust": 3364.917387621155, "impact_speed": 75.59664929672621, "time": 66.3056173126736}, "-17": {"optimal_thrust": 3361.284103824879,