{"-90": {"optimal_thrust": 3683.6086399321302, "impact_speed": 31.96685648029876, "time": 52.38463283755176}, "-89": {"optimal_thrust": 3661.7985919798252, "impact_speed": 38.78230070394674, "time": 52.387126324881706}, "-88": {"optimal_thrust": 3658.413871452452, "impact_speed": 39.641348393267926, "time": 52.351003036822085}, "-87": {"optimal_thrust": 3679.638704330023, "impact_speed": 33.29030152055776, "time": 52.40812858516932}, "-86": {"optimal_thrust": 3698.624691918984, "impact_speed": 26.458507689454684, "time": 52.42680222675071}, "-85": {"optimal_thrust": 3725.1896983427105, "impact_speed": 11.683742056462183, "time": 52.45071251416157}, "-84": {"optimal_thrust": 3723.6444153925772, "impact_speed": 13.04540080629311, "time": 52.481276508480825}, "-83": {"optimal_thrust": 3694.48635912392, "impact_speed": 28.20189950205104, "time": 52.51663233084178}, "-82": {"optimal_thrust": 3645.779994163135, "impact_speed": 42.90072524336739, "time": 52.55350670167397}, "-81": {"optimal_thrust": 3654.0516181742737, "impact_speed": 40.7797309603207, "time": 52.59774339637621}, "-80": {"optimal_thrust": 3654.443105322955, "impact_speed": 40.67583102621335, "time": 52.64765129511798}, "-79": {"optimal_thrust": 3654.6096461258444, "impact_speed": 40.61485354740013, "time": 52.702998898759304}, "-78": {"optimal_thrust": 3652.044297114747, "impact_speed": 41.25688910424781, "time": 52.763625897097675}, "-77": {"optimal_thrust": 3649.4237433479693, "impact_speed": 41.89166955526143, "time": 52.82957336926246}, "-76": {"optimal_thrust": 3647.116079245191, "impact_speed": 42.429626856016476, "time": 52.900723438519144}, "-75": {"optimal_thrust": 3645.3301162812, "impact_speed": 42.82563347585907, "time": 52.977189684907806}, "-74": {"optimal_thrust": 3643.884024042633, "impact_speed": 43.131917988466476, "time": 53.05942159545007}, "-73": {"optimal_thrust": 3642.464479692368, "impact_speed": 43.42958600871861, "time": 53.14577188964382}, "-72": {"optimal_thrust": 3640.8380920183868, "impact_speed": 43.77656160876531, "time": 53.237282769650236}, "-71": {"optimal_thrust": 3629.050315806369, "impact_speed": 46.48704849707301, "time": 53.33207405931059}, "-70": {"optimal_thrust": 3628.774084650484, "impact_speed": 46.504856813770814, "time": 53.39136425748004}, "-69": {"optimal_thrust": 3628.107322911338, "impact_speed": 46.61485872887163, "time": 53.523937856514536}, "-68": {"optimal_thrust": 3627.0622453185692, "impact_speed": 46.81247835647502, "time": 53.64997106190422}, "-67": {"optimal_thrust": 3625.6515236452265, "impact_speed": 47.092512960891476, "time": 53.77478712205516}, "-66": {"optimal_thrust": 3623.8892295127193, "impact_speed": 47.44906420533256, "time": 53.90218026425666}, "-65": {"optimal_thrust": 3621.7881471475175, "impact_speed": 47.87627928232786, "time": 54.03352682892734}, "-64": {"optimal_thrust": 3619.3621522800668, "impact_speed": 48.367916851056556, "time": 54.16957828877189}, "-63": {"optimal_thrust": 3616.6236690297374, "impact_speed": 48.9180165175175, "time": 54.310720601243474}, "-62": {"optimal_thrust": 3613.584829003762, "impact_speed": 49.52070810672037, "time": 54.45712891447097}, "-61": {"optimal_thrust": 3610.2575429417147, "impact_speed": 50.170255437328755, "time": 54.608868432874225}, "-60": {"optimal_thrust": 3606.6533213562984, "impact_speed": 50.861141726721584, "time": 54.76595379325119}, "-59": {"optimal_thrust": 3602.7837392032156, "impact_speed": 51.588000649730986, "time": 54.928451633537875}, "-58": {"optimal_thrust": 3598.659020400201, "impact_speed": 52.34594591306096, "time": 55.09660952098707}, "-57": {"optimal_thrust": 3594.2910750709884, "impact_speed": 53.12992474536679, "time": 55.270342083485524}, "-56": {"optimal_thrust": 3589.6903874180516, "impact_speed": 53.935398418704175, "time": 55.44963894047673}, "-55": {"optimal_thrust": 3584.867828415106, "impact_speed": 54.757947752138385, "time": 55.634840095440794}, "-54": {"optimal_thrust": 3579.8339518251323, "impact_speed": 55.593418867138766, "time": 55.82482142510175}, "-53": {"optimal_thrust": 3574.5998246688655, "impact_speed": 56.43773375056416, "time": 56.017930702079774}, "-52": {"optimal_thrust": 3569.1761909350325, "impact_speed": 57.287056190430995, "time": 56.21773369032681}, "-51": {"optimal_thrust": 3564.1309300387525, "impact_speed": 58.00726691806886, "time": 56.42343007879503}, "-50": {"optimal_thrust": 3559.5209633618906, "impact_speed": 58.55523382585694, "time": 56.63482290684278}, "-49": {"optimal_thrust": 3554.346000399794, "impact_speed": 59.14691372019365, "time": 56.85176130668313}, "-48": {"optimal_thrust": 3548.6146584650774, "impact_speed": 59.77229148708857, "time": 57.074140754082244}, "-47": {"optimal_thrust": 3542.3344971366473, "impact_speed": 60.41945513247587, "time": 57.30198544037975}, "-46": {"optimal_thrust": 3535.5155566404264, "impact_speed": 61.1091046546628, "time": 57.53529447594484}, "-45": {"optimal_thrust": 3528.1671058256475, "impact_speed": 62.424187262687695, "time": 57.77406405772376}, "-44": {"optimal_thrust": 3520.299185524519, "impact_speed": 63.798510529686325, "time": 58.01828915152811}, "-43": {"optimal_thrust": 3511.9218452065898, "impact_speed": 65.22438099442859, "time": 58.26797322434583}, "-42": {"optimal_thrust": 3503.0465881051805, "impact_speed": 66.69694210887496, "time": 58.52313919435332}, "-41": {"optimal_thrust": 3493.684996149201, "impact_speed": 68.21174572086271, "time": 58.783777944592536}, "-40": {"optimal_thrust": 3483.84832421009, "impact_speed": 69.76469136370473, "time": 59.049876069872596}, "-39": {"optimal_thrust": 3473.5496178940116, "impact_speed": 71.35154651955784, "time": 59.32141894625021}, "-38": {"optimal_thrust": 3464.699688873837, "impact_speed": 72.6013458282467, "time": 59.59840466438242}, "-37": {"optimal_thrust": 3460.7202260242625, "impact_speed": 72.85345769755143, "time": 59.8808424105804}, "-36": {"optimal_thrust": 3455.990597857109, "impact_speed": 73.20567811149928, "time": 60.16867720630509}, "-35": {"optimal_thrust": 3451.0943585603254, "impact_speed": 73.554063924557, "time": 60.461898503527074}, "-34": {"optimal_thrust": 3444.1860037946703, "impact_speed": 74.36146717197175, "time": 60.76047941812117}, "-33": {"optimal_thrust": 3439.1539169805787, "impact_speed": 74.69587061232842, "time": 61.06443719175471}, "-32": {"optimal_thrust": 3433.6575604063914, "impact_speed": 75.12156549803022, "time": 61.37374376910776}, "-31": {"optimal_thrust": 3428.2160177660776, "impact_speed": 75.51239081011971, "time": 61.68838375884589}, "-30": {"optimal_thrust": 3422.826596740404, "impact_speed": 75.8691322750968, "time": 62.00829783412336}, "-29": {"optimal_thrust": 3417.493333374853, "impact_speed": 76.19091674777856, "time": 62.33332104724417}, "-28": {"optimal_thrust": 3412.2240937427064, "impact_speed": 76.47586352706597, "time": 62.66318490750239}, "-27": {"optimal_thrust": 3405.469170996044, "impact_speed": 77.34260508161472, "time": 62.99774933087891}, "-26": {"optimal_thrust": 3400.4677861635023, "impact_speed": 77.57351677166254, "time": 63.33717643158107}, "-25": {"optimal_thrust": 3395.6092839697462, "impact_speed": 77.7427004918728, "time": 63.681609891370236}, "-24": {"optimal_thrust": 3390.901527309431, "impact_speed": 77.84002305193361, "time": 64.03109464475949}, "-23": {"optimal_thrust": 3386.3442023876432, "impact_speed": 77.85620460226045, "time": 64.38560162938253}, "-22": {"optimal_thrust": 3381.9320638587874, "impact_speed": 77.7827107000029, "time": 64.74507284026227}, "-21": {"optimal_thrust": 3377.6596069922266, "impact_speed": 77.61064097194932, "time": 65.10944104941416}, "-20": {"optimal_thrust": 3373.523060199135, "impact_speed": 77.33080660795841, "time": 65.4786360835512}, "-19": {"optimal_thrust": 3369.523767389828, "impact_speed": 76.93102621650549, "time": 65.85258630063234}, "-18": {"optimal_thrust": 3365.664352228479, "impact_speed": 76.40068879071875, "time": 66.231218549973}, "-17": {"optimal_thrust": 3361.9527288402405,