{"-90": {"optimal_thrust": 3689.4358485238145, "impact_speed": 32.84703368475144, "time": 52.203676669198714}, "-89": {"optimal_thrust": 3668.820468621758, "impact_speed": 39.19056813733095, "time": 52.2061927444556}, "-88": {"optimal_thrust": 3665.364312534222, "impact_speed": 40.05860631604712, "time": 52.17466147464257}, "-87": {"optimal_thrust": 3687.038384077436, "impact_speed": 33.640686852000904, "time": 52.227340929111264}, "-86": {"optimal_thrust": 3706.4259704122665, "impact_speed": 26.737052626466234, "time": 52.24608939163267}, "-85": {"optimal_thrust": 3733.5530351894754, "impact_speed": 11.806943100802867, "time": 52.27017529921435}, "-84": {"optimal_thrust": 3731.9753851757655, "impact_speed": 13.182637768781609, "time": 52.30098048677973}, "-83": {"optimal_thrust": 3702.200010703051, "impact_speed": 28.49881127945714, "time": 52.33634438971765}, "-82": {"optimal_thrust": 3652.463026865913, "impact_speed": 43.35230108957367, "time": 52.3735253117997}, "-81": {"optimal_thrust": 3660.9099588873805, "impact_speed": 41.208914370730376, "time": 52.41805037696142}, "-80": {"optimal_thrust": 3661.309312346659, "impact_speed": 41.104029832942814, "time": 52.46826445149299}, "-79": {"optimal_thrust": 3661.479441399805, "impact_speed": 41.042393931022474, "time": 52.523945234021696}, "-78": {"optimal_thrust": 3658.859717961575, "impact_speed": 41.6912087466529, "time": 52.58493561675632}, "-77": {"optimal_thrust": 3656.1838485711205, "impact_speed": 42.33263412284618, "time": 52.65129523615808}, "-76": {"optimal_thrust": 3653.827185097851, "impact_speed": 42.87629421099003, "time": 52.72284708309501}, "-75": {"optimal_thrust": 3652.0035515449367, "impact_speed": 43.27643781180714, "time": 52.80010137395928}, "-74": {"optimal_thrust": 3650.5266986774986, "impact_speed": 43.58598446463468, "time": 52.88223915103797}, "-73": {"optimal_thrust": 3649.0773501203853, "impact_speed": 43.88672776666916, "time": 52.969310654217715}, "-72": {"optimal_thrust": 3647.4164223182165, "impact_speed": 44.237384765260856, "time": 53.06123407783588}, "-71": {"optimal_thrust": 3635.3790187239288, "impact_speed": 46.97643768432095, "time": 53.1560616970887}, "-70": {"optimal_thrust": 3635.097221553318, "impact_speed": 46.99437006422785, "time": 53.221870655925834}, "-69": {"optimal_thrust": 3634.4163881400896, "impact_speed": 47.10552094813904, "time": 53.35281596132621}, "-68": {"optimal_thrust": 3633.3489292312292, "impact_speed": 47.305280647920526, "time": 53.478117455928874}, "-67": {"optimal_thrust": 3631.9084732454526, "impact_speed": 47.58823540668811, "time": 53.60304622296577}, "-66": {"optimal_thrust": 3630.108881889237, "impact_speed": 47.94854000038135, "time": 53.73089705228416}, "-65": {"optimal_thrust": 3627.963480242522, "impact_speed": 48.38021908395685, "time": 53.86290213391905}, "-64": {"optimal_thrust": 3625.486256241847, "impact_speed": 48.8770066754807, "time": 53.999740356732026}, "-63": {"optimal_thrust": 3622.6894383421145, "impact_speed": 49.43298104021363, "time": 54.14175267358228}, "-62": {"optimal_thrust": 3619.586584845291, "impact_speed": 50.04195083710217, "time": 54.28908895530863}, "-61": {"optimal_thrust": 3616.1887493899258, "impact_speed": 50.69836462130398, "time": 54.44180185087164}, "-60": {"optimal_thrust": 3612.5081600581725, "impact_speed": 51.39654287105932, "time": 54.5999009033704}, "-59": {"optimal_thrust": 3608.5566445295253, "impact_speed": 52.13106134223817, "time": 54.76351189397995}, "-58": {"optimal_thrust": 3604.3447565669635, "impact_speed": 52.89695830736872, "time": 54.93282825562232}, "-57": {"optimal_thrust": 3599.884393659716, "impact_speed": 53.68918461558669, "time": 55.10774587569371}, "-56": {"optimal_thrust": 3595.1862307344827, "impact_speed": 54.50316011975831, "time": 55.28830911984575}, "-55": {"optimal_thrust": 3590.261530859016, "impact_speed": 55.334384716051396, "time": 55.47496361235454}, "-54": {"optimal_thrust": 3585.121165007034, "impact_speed": 56.17864087448728, "time": 55.665305154175535}, "-53": {"optimal_thrust": 3579.7765174100105, "impact_speed": 57.03178913053201, "time": 55.86006275360461}, "-52": {"optimal_thrust": 3574.2381418309237, "impact_speed": 57.89004237347062, "time": 56.06141923165371}, "-51": {"optimal_thrust": 3569.085878489713, "impact_speed": 58.617884962800254, "time": 56.26862357615322}, "-50": {"optimal_thrust": 3564.378574518617, "impact_speed": 59.17156451731428, "time": 56.48153144150304}, "-49": {"optimal_thrust": 3559.0939797983465, "impact_speed": 59.769498810188516, "time": 56.7000186357344}, "-48": {"optimal_thrust": 3553.241315291216, "impact_speed": 60.40146580078653, "time": 56.923993008483}, "-47": {"optimal_thrust": 3546.8282510003746, "impact_speed": 61.05543058531181, "time": 57.1534866288294}, "-46": {"optimal_thrust": 3539.8652093804367, "impact_speed": 61.749978733669636, "time": 57.388497740630854}, "-45": {"optimal_thrust": 3532.3610870347125, "impact_speed": 63.08122462875755, "time": 57.62902338011797}, "-44": {"optimal_thrust": 3524.326555541748, "impact_speed": 64.47007986321378, "time": 57.87505937127364}, "-43": {"optimal_thrust": 3515.7720503883183, "impact_speed": 65.91091677467283, "time": 58.126622219234285}, "-42": {"optimal_thrust": 3506.709142709704, "impact_speed": 67.39893555008993, "time": 58.38372571201178}, "-41": {"optimal_thrust": 3497.1490890873256, "impact_speed": 68.92977456961434, "time": 58.64635895044379}, "-40": {"optimal_thrust": 3487.1042324236496, "impact_speed": 70.49906756374989, "time": 58.91450940447265}, "-39": {"optimal_thrust": 3476.5875576857056, "impact_speed": 72.10262813298226, "time": 59.18816353028406}, "-38": {"optimal_thrust": 3467.550106056961, "impact_speed": 73.36562706396029, "time": 59.4673209206796}, "-37": {"optimal_thrust": 3463.486726361307, "impact_speed": 73.620333837011, "time": 59.75199268929523}, "-36": {"optimal_thrust": 3459.33579073486, "impact_speed": 73.82601910647125, "time": 60.04212989831228}, "-35": {"optimal_thrust": 3453.657090410083, "impact_speed": 74.32832720758338, "time": 60.337709568204495}, "-34": {"optimal_thrust": 3447.916607280698, "impact_speed": 74.82294440313508, "time": 60.63873148771178}, "-33": {"optimal_thrust": 3441.464142706902, "impact_speed": 75.48210182728096, "time": 60.945182115277184}, "-32": {"optimal_thrust": 3435.8515735762207, "impact_speed": 75.91224330763978, "time": 61.25706292653899}, "-31": {"optimal_thrust": 3430.2943316679953, "impact_speed": 76.3073433864947, "time": 61.57434074475696}, "-30": {"optimal_thrust": 3424.7909391701937, "impact_speed": 76.66781829347514, "time": 61.896921958562714}, "-29": {"optimal_thrust": 3419.3451102957115, "impact_speed": 76.99288242814204, "time": 62.22458072393286}, "-28": {"optimal_thrust": 3413.9644530202627, "impact_speed": 77.28078310745256, "time": 62.55706254101683}, "-27": {"optimal_thrust": 3407.0666514670174, "impact_speed": 78.15662633947078, "time": 62.89435825688154}, "-26": {"optimal_thrust": 3401.9590945074488, "impact_speed": 78.39009355210241, "time": 63.23668288479042}, "-25": {"optimal_thrust": 3396.997554411472, "impact_speed": 78.56116135071701, "time": 63.58413826378231}, "-24": {"optimal_thrust": 3392.1904107474475, "impact_speed": 78.65939279318799, "time": 63.936731447029295}, "-23": {"optimal_thrust": 3387.5365706319703, "impact_speed": 78.6757867683287, "time": 64.29441759230878}, "-22": {"optimal_thrust": 3383.0309880095683, "impact_speed": 78.6015789038052, "time": 64.65713420830247}, "-21": {"optimal_thrust": 3378.667904327599, "impact_speed": 78.42791178027497, "time": 65.02481354806955}, "-20": {"optimal_thrust": 3374.4441188758083, "impact_speed": 78.14485994384673, "time": 65.39738603074888}, "-19": {"optimal_thrust": 3370.3602110250613, "impact_speed": 77.74084892064744, "time": 65.77478075384764}, "-18": {"optimal_thrust": 3366.419249200939, "impact_speed": 77.2046745723961, "time": 66.1569252026246}, "-17": {"optimal_thrust": 3362.628768191247,