{"-90": {"optimal_thrust": 3695.2750255371034, "impact_speed": 33.72853213800576, "time": 52.02355308193927}, "-89": {"optimal_thrust": 3675.9159705915863, "impact_speed": 39.59880870420288, "time": 52.02609174791314}, "-88": {"optimal_thrust": 3672.3875328495174, "impact_speed": 40.47586451024672, "time": 51.99868483551904}, "-87": {"optimal_thrust": 3694.515332960789, "impact_speed": 33.991139629577944, "time": 52.04738072669953}, "-86": {"optimal_thrust": 3714.3088493613436, "impact_speed": 27.01563221750018, "time": 52.06621594343987}, "-85": {"optimal_thrust": 3742.0044412247885, "impact_speed": 11.929693476993416, "time": 52.09046704679958}, "-84": {"optimal_thrust": 3740.3938577974873, "impact_speed": 13.31965954901716, "time": 52.12151077759693}, "-83": {"optimal_thrust": 3709.9948205262604, "impact_speed": 28.795578182324295, "time": 52.15688340765241}, "-82": {"optimal_thrust": 3659.2160962920534, "impact_speed": 43.803863000710564, "time": 52.19436522642904}, "-81": {"optimal_thrust": 3667.839805700643, "impact_speed": 41.63817815152973, "time": 52.23917356542112}, "-80": {"optimal_thrust": 3668.247468196788, "impact_speed": 41.53221506158247, "time": 52.289689377630886}, "-79": {"optimal_thrust": 3668.421502913215, "impact_speed": 41.46984863652157, "time": 52.34569881551812}, "-78": {"optimal_thrust": 3665.746589646037, "impact_speed": 42.12550640054646, "time": 52.40704771267542}, "-77": {"optimal_thrust": 3663.0150724313926, "impact_speed": 42.77351582760855, "time": 52.47381603713154}, "-76": {"optimal_thrust": 3660.608840752157, "impact_speed": 43.32289319585885, "time": 52.54577474984505}, "-75": {"optimal_thrust": 3658.7470233260738, "impact_speed": 43.72720371923477, "time": 52.62432668784039}, "-74": {"optimal_thrust": 3657.2390224274536, "impact_speed": 44.04002817235961, "time": 52.70594499662795}, "-73": {"optimal_thrust": 3655.7595524537824, "impact_speed": 44.34384871830406, "time": 52.79361503197701}, "-72": {"optimal_thrust": 3654.0639586003253, "impact_speed": 44.69813074651017, "time": 52.885903424275426}, "-71": {"optimal_thrust": 3641.774562140359, "impact_speed": 47.46569840469452, "time": 52.98069029577187}, "-70": {"optimal_thrust": 3641.486559596255, "impact_speed": 47.48388561487007, "time": 53.05259742207324}, "-69": {"optimal_thrust": 3640.791654499055, "impact_speed": 47.59615245564121, "time": 53.182102613635344}, "-68": {"optimal_thrust": 3639.7019403850036, "impact_speed": 47.797970710825986, "time": 53.30681327814942}, "-67": {"optimal_thrust": 3638.23109684404, "impact_speed": 48.08392274841244, "time": 53.43194285621281}, "-66": {"optimal_thrust": 3636.393461666175, "impact_speed": 48.44806025621751, "time": 53.56028198959869}, "-65": {"optimal_thrust": 3634.2034096160733, "impact_speed": 48.884173947025744, "time": 53.692958876688934}, "-64": {"optimal_thrust": 3631.6743172029796, "impact_speed": 49.38613440952167, "time": 53.83058580743573}, "-63": {"optimal_thrust": 3628.819234419631, "impact_speed": 49.94783329295816, "time": 53.973463184419906}, "-62": {"optimal_thrust": 3625.651080287156, "impact_speed": 50.56321689604364, "time": 54.12171863372647}, "-61": {"optimal_thrust": 3622.181808490974, "impact_speed": 51.22652863012439, "time": 54.27539414261126}, "-60": {"optimal_thrust": 3618.424464353917, "impact_speed": 51.93190989022742, "time": 54.434495279392436}, "-59": {"optimal_thrust": 3614.390128227361, "impact_speed": 52.67409427842329, "time": 54.59922235977292}, "-58": {"optimal_thrust": 3610.090101343592, "impact_speed": 53.44795542604311, "time": 54.76967890116295}, "-57": {"optimal_thrust": 3605.5362943427967, "impact_speed": 54.24844170620333, "time": 54.94577053081499}, "-56": {"optimal_thrust": 3600.7400217237914, "impact_speed": 55.07083754870531, "time": 55.12761139359667}, "-55": {"optimal_thrust": 3595.7118372495547, "impact_speed": 55.910794874584255, "time": 55.31563896241249}, "-54": {"optimal_thrust": 3590.464151667071, "impact_speed": 56.76377571970411, "time": 55.50639251917331}, "-53": {"optimal_thrust": 3585.0071959421234, "impact_speed": 57.62589197958709, "time": 55.70282205288778}, "-52": {"optimal_thrust": 3579.3530517674594, "impact_speed": 58.493038868893095, "time": 55.90566981874353}, "-51": {"optimal_thrust": 3574.0925113151834, "impact_speed": 59.22854827230769, "time": 56.114368846896106}, "-50": {"optimal_thrust": 3569.286642313762, "impact_speed": 59.787997754188, "time": 56.328771316278655}, "-49": {"optimal_thrust": 3563.89198233799, "impact_speed": 60.39199438738524, "time": 56.54878522540341}, "-48": {"optimal_thrust": 3557.9160693437425, "impact_speed": 61.03077565946546, "time": 56.77434215461045}, "-47": {"optimal_thrust": 3551.3689441021543, "impact_speed": 61.691487509179304, "time": 57.00547050579916}, "-46": {"optimal_thrust": 3544.2602715620824, "impact_speed": 62.39214112272072, "time": 57.24216936239826}, "-45": {"optimal_thrust": 3536.5988756545044, "impact_speed": 63.738338076983005, "time": 57.484436622725845}, "-44": {"optimal_thrust": 3528.395944563877, "impact_speed": 65.14171248897816, "time": 57.73227130009844}, "-43": {"optimal_thrust": 3519.662228100196, "impact_speed": 66.59756227871775, "time": 57.985700474868835}, "-42": {"optimal_thrust": 3510.4094277056743, "impact_speed": 68.10109605006268, "time": 58.244726493528745}, "-41": {"optimal_thrust": 3500.6495089151526, "impact_speed": 69.64779061937273, "time": 58.50933918372259}, "-40": {"optimal_thrust": 3490.394550185268, "impact_speed": 71.23337567245461, "time": 58.77952697527271}, "-39": {"optimal_thrust": 3479.6574759770756, "impact_speed": 72.8536762717495, "time": 59.05527749398447}, "-38": {"optimal_thrust": 3470.4306447557556, "impact_speed": 74.1298549737775, "time": 59.33659193623057}, "-37": {"optimal_thrust": 3466.282268070654, "impact_speed": 74.38719492900685, "time": 59.62348345620417}, "-36": {"optimal_thrust": 3462.044539446044, "impact_speed": 74.59499014824321, "time": 59.915904500808914}, "-35": {"optimal_thrust": 3456.246939112275, "impact_speed": 75.10252215641066, "time": 60.21383426625957}, "-34": {"optimal_thrust": 3449.044505267917, "impact_speed": 75.92695667110216, "time": 60.517265600163356}, "-33": {"optimal_thrust": 3443.798480622421, "impact_speed": 76.26835426505262, "time": 60.82621677952861}, "-32": {"optimal_thrust": 3438.0684223263825, "impact_speed": 76.70296119866168, "time": 61.14065875431832}, "-31": {"optimal_thrust": 3432.3945835646923, "impact_speed": 77.10224107989322, "time": 61.4605521582678}, "-30": {"optimal_thrust": 3426.7759380743078, "impact_speed": 77.46647426995708, "time": 61.7857541583155}, "-29": {"optimal_thrust": 3421.2160085789296, "impact_speed": 77.79494819236248, "time": 62.115989736085794}, "-28": {"optimal_thrust": 3415.7227858475744, "impact_speed": 78.08580663130455, "time": 62.451081368869694}, "-27": {"optimal_thrust": 3408.680244501598, "impact_speed": 78.97087972848382, "time": 62.79114114227404}, "-26": {"optimal_thrust": 3403.4658811450404, "impact_speed": 79.20672733999434, "time": 63.13638218627605}, "-25": {"optimal_thrust": 3398.400856523884, "impact_speed": 79.37939004258673, "time": 63.48685819285373}, "-24": {"optimal_thrust": 3393.4927861940932, "impact_speed": 79.47876474009746, "time": 63.84254911595744}, "-23": {"optimal_thrust": 3388.74121996201, "impact_speed": 79.49549593530601, "time": 64.2034008986072}, "-22": {"optimal_thrust": 3384.14136270934, "impact_speed": 79.42048813890572, "time": 64.5693490813163}, "-21": {"optimal_thrust": 3379.6871388580666, "impact_speed": 79.24483350818204, "time": 64.94032619798442}, "-20": {"optimal_thrust": 3375.3752842177273, "impact_speed": 78.95838304023157, "time": 65.3162634570215}, "-19": {"optimal_thrust": 3371.2054152600645, "impact_speed": 78.55066839180945, "time": 65.69709071041741}, "-18": {"optimal_thrust": 3367.181563163829, "impact_speed": 78.00962120262626, "time": 66.08273605390661}, "-17": {"optimal_thrust": 3363.312504322117,