{"-90": {"optimal_thrust": 3701.126471432626, "impact_speed": 34.61113522486573, "time": 51.844259189153064}, "-89": {"optimal_thrust": 3683.084694354046, "impact_speed": 40.00713153245755, "time": 51.84682043514187}, "-88": {"optimal_thrust": 3679.4834774318665, "impact_speed": 40.89313721483082, "time": 51.823116674909066}, "-87": {"optimal_thrust": 3702.0698514745127, "impact_speed": 34.34156478918421, "time": 51.86824611227414}, "-86": {"optimal_thrust": 3722.273663223247, "impact_speed": 27.29411418974873, "time": 51.887168784857636}, "-85": {"optimal_thrust": 3750.543085980157, "impact_speed": 12.052751730116693, "time": 51.91158472433853}, "-84": {"optimal_thrust": 3748.8991804530838, "impact_speed": 13.456994457900791, "time": 51.94286446883771}, "-83": {"optimal_thrust": 3717.8702214733657, "impact_speed": 29.092414030921386, "time": 51.97824686165153}, "-82": {"optimal_thrust": 3666.038940583964, "impact_speed": 44.255474907967944, "time": 52.01602347774407}, "-81": {"optimal_thrust": 3674.841087984768, "impact_speed": 42.06753784793249, "time": 52.06111015507187}, "-80": {"optimal_thrust": 3675.2575177853328, "impact_speed": 41.96040118949586, "time": 52.11192331959055}, "-79": {"optimal_thrust": 3675.435070526781, "impact_speed": 41.89741455080843, "time": 52.168256915361106}, "-78": {"optimal_thrust": 3672.704897038404, "impact_speed": 42.559786539126065, "time": 52.22995949165431}, "-77": {"optimal_thrust": 3669.9163881093014, "impact_speed": 43.214570735601264, "time": 52.29713294082112}, "-76": {"optimal_thrust": 3667.460658779308, "impact_speed": 43.769520181228074, "time": 52.3694906858849}, "-75": {"optimal_thrust": 3665.560340269318, "impact_speed": 44.17797845318206, "time": 52.45053896848919}, "-74": {"optimal_thrust": 3664.0211913395156, "impact_speed": 44.4940029448708, "time": 52.530537327211455}, "-73": {"optimal_thrust": 3662.5105029883957, "impact_speed": 44.80108817486974, "time": 52.61868091506083}, "-72": {"optimal_thrust": 3660.7798002712734, "impact_speed": 45.159014451306284, "time": 52.71128036571966}, "-71": {"optimal_thrust": 3648.2361109385424, "impact_speed": 47.9550196778214, "time": 52.80595220832612}, "-70": {"optimal_thrust": 3647.942028833288, "impact_speed": 47.97341893752477, "time": 52.88359560153117}, "-69": {"optimal_thrust": 3647.2327348413774, "impact_speed": 48.08684029244768, "time": 53.011831223564826}, "-68": {"optimal_thrust": 3646.120569475118, "impact_speed": 48.29070959970173, "time": 53.136105135712725}, "-67": {"optimal_thrust": 3644.6190911607277, "impact_speed": 48.57964329042984, "time": 53.26148606225396}, "-66": {"optimal_thrust": 3642.7437153084293, "impact_speed": 48.94745878473673, "time": 53.39033957646285}, "-65": {"optimal_thrust": 3640.5080003444377, "impact_speed": 49.38812911541655, "time": 53.52369860763339}, "-64": {"optimal_thrust": 3637.926017952727, "impact_speed": 49.89536813927719, "time": 53.662114416408976}, "-63": {"optimal_thrust": 3635.012157028006, "impact_speed": 50.46277185569875, "time": 53.805850956097935}, "-62": {"optimal_thrust": 3631.778315059506, "impact_speed": 51.08450562750917, "time": 53.95501635087744}, "-61": {"optimal_thrust": 3628.237537215687, "impact_speed": 51.7545713554666, "time": 54.10964359091215}, "-60": {"optimal_thrust": 3624.4022342435333, "impact_speed": 52.46724382873169, "time": 54.269745602116956}, "-59": {"optimal_thrust": 3620.284107585256, "impact_speed": 53.21711771971986, "time": 54.43557938643821}, "-58": {"optimal_thrust": 3615.8950547300856, "impact_speed": 53.998937736687154, "time": 54.607158979800886}, "-57": {"optimal_thrust": 3611.24697316725, "impact_speed": 54.807655219035745, "time": 54.7844165584521}, "-56": {"optimal_thrust": 3606.350803483883, "impact_speed": 55.638632537936374, "time": 54.9675542831504}, "-55": {"optimal_thrust": 3601.218747586721, "impact_speed": 56.48717904833194, "time": 55.15668033937684}, "-54": {"optimal_thrust": 3595.862202500468, "impact_speed": 57.34897483372351, "time": 55.34815492542332}, "-53": {"optimal_thrust": 3590.292235007672, "impact_speed": 58.2199614121221, "time": 55.54619081890173}, "-52": {"optimal_thrust": 3584.5206037614967, "impact_speed": 59.096113692231796, "time": 55.750485463226006}, "-51": {"optimal_thrust": 3579.1514574749162, "impact_speed": 59.83911401028615, "time": 55.96065108706429}, "-50": {"optimal_thrust": 3574.2460081414038, "impact_speed": 60.40432212826171, "time": 56.176540252504005}, "-49": {"optimal_thrust": 3568.7390978042376, "impact_speed": 61.01466709113025, "time": 56.39806165134451}, "-48": {"optimal_thrust": 3562.639619289409, "impact_speed": 61.65994883121501, "time": 56.62518714326251}, "-47": {"optimal_thrust": 3555.9569726633235, "impact_speed": 62.32734808171518, "time": 56.857936077681586}, "-46": {"optimal_thrust": 3548.7005534588825, "impact_speed": 63.03771882322525, "time": 57.096308401948974}, "-45": {"optimal_thrust": 3540.880412732155, "impact_speed": 64.3955658057188, "time": 57.34030290507395}, "-44": {"optimal_thrust": 3532.5079343668103, "impact_speed": 65.8131670986009, "time": 57.58992625339631}, "-43": {"optimal_thrust": 3523.5931493606413, "impact_speed": 67.28407139086026, "time": 57.84520693062884}, "-42": {"optimal_thrust": 3514.1487951787994, "impact_speed": 68.80306021403659, "time": 58.10614052945232}, "-41": {"optimal_thrust": 3504.1862556326814, "impact_speed": 70.36579426192817, "time": 58.37271769637654}, "-40": {"optimal_thrust": 3493.7187636905705, "impact_speed": 71.96772708364412, "time": 58.644927919921784}, "-39": {"optimal_thrust": 3482.7594405483824, "impact_speed": 73.60467861380317, "time": 58.92276008576016}, "-38": {"optimal_thrust": 3473.3413726107883, "impact_speed": 74.89401831205717, "time": 59.206217086321196}, "-37": {"optimal_thrust": 3469.106716122469, "impact_speed": 75.15406911086956, "time": 59.495314239131865}, "-36": {"optimal_thrust": 3464.7812354781554, "impact_speed": 75.36398937991689, "time": 59.79000554000162}, "-35": {"optimal_thrust": 3458.863270245423, "impact_speed": 75.87680281927871, "time": 60.09027254264541}, "-34": {"optimal_thrust": 3451.511618829384, "impact_speed": 76.70972461326203, "time": 60.39611091606425}, "-33": {"optimal_thrust": 3446.156930727136, "impact_speed": 77.05462727620996, "time": 60.70754112939129}, "-32": {"optimal_thrust": 3440.308101351737, "impact_speed": 77.49371943661953, "time": 61.02452913118488}, "-31": {"optimal_thrust": 3434.516773456166, "impact_speed": 77.89708557159099, "time": 61.34700869141181}, "-30": {"optimal_thrust": 3428.781915377811, "impact_speed": 78.26499403167904, "time": 61.67477623363198}, "-29": {"optimal_thrust": 3423.1067329740276, "impact_speed": 78.59685258534309, "time": 62.00754486827404}, "-28": {"optimal_thrust": 3417.4995387483455, "impact_speed": 78.89074885775848, "time": 62.34526226911193}, "-27": {"optimal_thrust": 3410.3110472466196, "impact_speed": 79.78495025666821, "time": 62.68811535256494}, "-26": {"optimal_thrust": 3404.9882709383714, "impact_speed": 80.02336502523481, "time": 63.03628066202358}, "-25": {"optimal_thrust": 3399.8186140392127, "impact_speed": 80.19765992280452, "time": 63.38977017091808}, "-24": {"optimal_thrust": 3394.808336380679, "impact_speed": 80.29830646708128, "time": 63.74854615383522}, "-23": {"optimal_thrust": 3389.9586605253003, "impact_speed": 80.31501345080392, "time": 64.11254962875344}, "-22": {"optimal_thrust": 3385.263698310322, "impact_speed": 80.23906090038439, "time": 64.48171562304417}, "-21": {"optimal_thrust": 3380.716797371219, "impact_speed": 80.06188022322449, "time": 64.85597736686628}, "-20": {"optimal_thrust": 3376.3155297508, "impact_speed": 79.77255701818177, "time": 65.23526694372089}, "-19": {"optimal_thrust": 3372.0593823871527, "impact_speed": 79.36048136988362, "time": 65.61951495041114}, "-18": {"optimal_thrust": 3367.952192779987, "impact_speed": 78.81375115620598, "time": 66.00865004879235}, "-17": {"optimal_thrust": 3364.0032153640527,