{"-90": {"optimal_thrust": 3706.9892475511065, "impact_speed": 35.49502130587704, "time": 51.66579208454443}, "-89": {"optimal_thrust": 3690.327557125308, "impact_speed": 40.41529044296368, "time": 51.66837589918992}, "-88": {"optimal_thrust": 3686.6517585818046, "impact_speed": 41.31052346629567, "time": 51.647995778055346}, "-87": {"optimal_thrust": 3709.7019563349136, "impact_speed": 34.6919580464962, "time": 51.689944378711395}, "-86": {"optimal_thrust": 3730.320023689469, "impact_speed": 27.57265230124567, "time": 51.70894609077616}, "-85": {"optimal_thrust": 3759.168969455579, "impact_speed": 12.17610852542829, "time": 51.7335253027703}, "-84": {"optimal_thrust": 3757.4917418300283, "impact_speed": 13.59432550466458, "time": 51.7650386255263}, "-83": {"optimal_thrust": 3725.8266557670336, "impact_speed": 29.38915511251407, "time": 51.80043202902003}, "-82": {"optimal_thrust": 3672.931947249761, "impact_speed": 44.70704226873646, "time": 51.838497104136835}, "-81": {"optimal_thrust": 3681.9147773619266, "impact_speed": 42.496745359188054, "time": 51.88385733250708}, "-80": {"optimal_thrust": 3682.3399039414653, "impact_speed": 42.38847629515976, "time": 51.93496351254673}, "-79": {"optimal_thrust": 3682.5209747090075, "impact_speed": 42.32487820995996, "time": 51.9916168025621}, "-78": {"optimal_thrust": 3679.7346398290515, "impact_speed": 42.99404977013584, "time": 52.05366824953253}, "-77": {"optimal_thrust": 3676.88915495284, "impact_speed": 43.65546135528243, "time": 52.12124312790845}, "-76": {"optimal_thrust": 3674.3825137547756, "impact_speed": 44.216204531323996, "time": 52.19399122436282}, "-75": {"optimal_thrust": 3672.443180874358, "impact_speed": 44.62883838202208, "time": 52.275274714460835}, "-74": {"optimal_thrust": 3670.8728838900815, "impact_speed": 44.9479869529131, "time": 52.35592501466821}, "-73": {"optimal_thrust": 3669.331172984364, "impact_speed": 45.25821412770058, "time": 52.44450291700468}, "-72": {"optimal_thrust": 3667.5649738465722, "impact_speed": 45.6197918998696, "time": 52.53735481105954}, "-71": {"optimal_thrust": 3654.763529297751, "impact_speed": 48.44442946671199, "time": 52.63184089786829}, "-70": {"optimal_thrust": 3654.463699591464, "impact_speed": 48.46295402458148, "time": 52.71491069519948}, "-69": {"optimal_thrust": 3653.739946377796, "impact_speed": 48.577512916980545, "time": 52.842031267110976}, "-68": {"optimal_thrust": 3652.604569590305, "impact_speed": 48.78355014847857, "time": 52.96600734286174}, "-67": {"optimal_thrust": 3651.0728994607734, "impact_speed": 49.075298758214664, "time": 53.091683435806665}, "-66": {"optimal_thrust": 3649.158896725913, "impact_speed": 49.44690235482026, "time": 53.22107336524714}, "-65": {"optimal_thrust": 3646.8772573769274, "impact_speed": 49.892083503663926, "time": 53.355122295856795}, "-64": {"optimal_thrust": 3644.242576345762, "impact_speed": 50.404441482466915, "time": 53.49432563761141}, "-63": {"optimal_thrust": 3641.268593509309, "impact_speed": 50.97771099722156, "time": 53.63891464876508}, "-62": {"optimal_thrust": 3637.968550215382, "impact_speed": 51.605760746823954, "time": 53.78898043332304}, "-61": {"optimal_thrust": 3634.3549925750044, "impact_speed": 52.28269577482212, "time": 53.9445484411623}, "-60": {"optimal_thrust": 3630.440760422246, "impact_speed": 53.00269449608375, "time": 54.105656889878624}, "-59": {"optimal_thrust": 3626.23846961555, "impact_speed": 53.760155498911445, "time": 54.272579519459015}, "-58": {"optimal_thrust": 3621.7596167264446, "impact_speed": 54.54990568795373, "time": 54.44526646441606}, "-57": {"optimal_thrust": 3617.015986646925, "impact_speed": 55.36691802428082, "time": 54.62368540440485}, "-56": {"optimal_thrust": 3612.0193936900196, "impact_speed": 56.20637298292065, "time": 54.80814577728468}, "-55": {"optimal_thrust": 3606.7821354433117, "impact_speed": 57.063564126232954, "time": 54.9979527885316}, "-54": {"optimal_thrust": 3601.3155830929754, "impact_speed": 57.934181130260946, "time": 55.19058940021884}, "-53": {"optimal_thrust": 3595.631190568149, "impact_speed": 58.814091610809676, "time": 55.39015595455472}, "-52": {"optimal_thrust": 3589.741616459681, "impact_speed": 59.699089779247245, "time": 55.5958655603122}, "-51": {"optimal_thrust": 3584.2620190219654, "impact_speed": 60.449740513559945, "time": 55.807471778796724}, "-50": {"optimal_thrust": 3579.2561589644565, "impact_speed": 61.02066664667652, "time": 56.02483449618946}, "-49": {"optimal_thrust": 3573.6361675695143, "impact_speed": 61.63727007804506, "time": 56.24784680258473}, "-48": {"optimal_thrust": 3567.411779719218, "impact_speed": 62.28905988216932, "time": 56.47652691436896}, "-47": {"optimal_thrust": 3560.591940191744, "impact_speed": 62.96329098097992, "time": 56.7108823414665}, "-46": {"optimal_thrust": 3553.186441106437, "impact_speed": 63.68246360008094, "time": 56.95091392004197}, "-45": {"optimal_thrust": 3545.2063390564676, "impact_speed": 65.0524681559563, "time": 57.19662134804094}, "-44": {"optimal_thrust": 3536.661488927607, "impact_speed": 66.48487105209476, "time": 57.4480231353382}, "-43": {"optimal_thrust": 3527.5644286889974, "impact_speed": 67.97056838519289, "time": 57.705140523833414}, "-42": {"optimal_thrust": 3517.9258332673376, "impact_speed": 69.50520433373667, "time": 57.967966806218094}, "-41": {"optimal_thrust": 3507.75901202917, "impact_speed": 71.08385937668099, "time": 58.23649355845578}, "-40": {"optimal_thrust": 3497.0767525186648, "impact_speed": 72.70214584556669, "time": 58.51071140283801}, "-39": {"optimal_thrust": 3485.892485417082, "impact_speed": 74.35582483633108, "time": 58.79061057378229}, "-38": {"optimal_thrust": 3476.281648325898, "impact_speed": 75.65823989849731, "time": 59.07619577116623}, "-37": {"optimal_thrust": 3471.960070391073, "impact_speed": 75.9209560114558, "time": 59.36748460072878}, "-36": {"optimal_thrust": 3467.545629175059, "impact_speed": 76.133071742848, "time": 59.66443277189166}, "-35": {"optimal_thrust": 3461.506589649017, "impact_speed": 76.6510466640127, "time": 59.967024380865766}, "-34": {"optimal_thrust": 3454.004255660049, "impact_speed": 77.49243916419091, "time": 60.275257871383694}, "-33": {"optimal_thrust": 3448.539493021048, "impact_speed": 77.84092023730413, "time": 60.58915468639876}, "-32": {"optimal_thrust": 3442.5706159574243, "impact_speed": 78.28451532222121, "time": 60.90867022388848}, "-31": {"optimal_thrust": 3436.6608342459103, "impact_speed": 78.6918986986231, "time": 61.23369763690061}, "-30": {"optimal_thrust": 3430.8081697387793, "impact_speed": 79.06361266155031, "time": 61.56397292575169}, "-29": {"optimal_thrust": 3425.016328444538, "impact_speed": 79.39894711860936, "time": 61.899254744775156}, "-28": {"optimal_thrust": 3419.29419846482, "impact_speed": 79.69581940678869, "time": 62.239626032199105}, "-27": {"optimal_thrust": 3411.958475716759, "impact_speed": 80.59905837939321, "time": 62.58529219878268}, "-26": {"optimal_thrust": 3406.5265893996802, "impact_speed": 80.83987394309477, "time": 62.93638110429944}, "-25": {"optimal_thrust": 3401.2507604492516, "impact_speed": 81.01600016553073, "time": 63.29287346533771}, "-24": {"optimal_thrust": 3396.1380247074594, "impact_speed": 81.11750891895564, "time": 63.65472084063102}, "-23": {"optimal_thrust": 3391.1886993850408, "impact_speed": 81.13446296349719, "time": 64.02186196032581}, "-22": {"optimal_thrust": 3386.397288413278, "impact_speed": 81.05782291235407, "time": 64.39423217624592}, "-21": {"optimal_thrust": 3381.7570731609226, "impact_speed": 80.87887538141719, "time": 64.7717656207738}, "-20": {"optimal_thrust": 3377.2655622224925, "impact_speed": 80.58656819029511, "time": 65.15439525898454}, "-19": {"optimal_thrust": 3372.9220462932144, "impact_speed": 80.17038395304198, "time": 65.5420524011303}, "-18": {"optimal_thrust": 3368.730752598856, "impact_speed": 79.61783138256305, "time": 65.93466624453586}, "-17": {"optimal_thrust": 3364.7000672346117,